InvoiceNo,total,counts
536369,17.85,1
536371,204.0,1
536380,34.8,1
536400,17.4,1
536403,177.6,1
536405,326.4,1
536463,17.4,1
536521,4.95,1
536541,15.0,1
536564,11.6,1
536568,5.04,1
536574,17.85,1
536581,330.0,1
536583,198.0,1
536584,1132.8,1
536616,244.08,1
536626,12.6,1
536636,106.2,1
536641,4.25,1
536670,58.0,1
536735,211.2,1
536781,50.4,1
536788,75.0,1
536792,30.0,1
536803,22.5,1
536809,1003.2,1
536810,303.96,1
536811,527.85,1
536824,408.0,1
536834,35.4,1
536843,15.0,1
536954,425.0,1
536967,58.5,1
536969,528.0,1
536992,91.8,1
537035,11.6,1
537040,208.8,1
537090,15.0,1
537117,204.0,1
537194,271.2,1
537198,67.5,1
537228,25.2,1
537229,17.4,1
537249,33.0,1
537360,76.32,1
537367,25.2,1
537386,20.85,1
537410,151.2,1
537412,177.6,1
537448,39.6,1
537460,326.4,1
537461,510.0,1
537469,102.0,1
537471,17.85,1
537616,15.9,1
537631,17.4,1
537664,46.8,1
537667,326.4,1
537761,19.8,1
537810,23.85,1
537827,63.0,1
537833,590.0,1
537836,103.68,1
537841,320.0,1
537848,180.0,1
537849,75.0,1
537863,5.95,1
537899,3794.4,1
537967,17.7,1
538000,59.4,1
538050,15.9,1
538101,230.1,1
538179,17.7,1
538192,135.0,1
538193,67.5,1
538194,0.95,1
538288,1.9,1
538306,202.5,1
538342,39.95,1
538355,9.9,1
538420,293.76,1
538470,1.65,1
538501,11.9,1
538516,204.0,1
538534,40.8,1
538565,1.9,1
538644,3.95,1
538663,12.6,1
538667,1.9,1
538669,0.95,1
538716,17.4,1
538719,60.0,1
538721,11.8,1
538797,10.5,1
538829,326.4,1
538848,1188.0,1
538892,17.4,1
539001,102.0,1
539005,20.4,1
539017,15.8,1
539033,228.6,1
539048,80.64,1
539051,14.85,1
539052,17.7,1
539056,1.45,1
539096,313.2,1
539108,204.0,1
539113,4.95,1
539218,3.75,1
539288,5.5,1
539304,302.4,1
539310,15.0,1
539331,216.0,1
539332,144.0,1
539398,29.7,1
539406,214.2,1
539410,102.0,1
539460,33.0,1
539489,252.0,1
539567,101.76,1
539571,15.9,1
539591,237.6,1
539592,14.85,1
539604,102.0,1
539645,0.95,1
539646,28.5,1
539664,25.2,1
539721,324.0,1
539732,29.7,1
539762,500.0,1
539828,23.8,1
539864,134.55,1
539987,6.95,1
540004,76.32,1
540024,23.8,1
540029,90.0,1
540173,116.0,1
540174,102.0,1
540175,1910.4,1
540262,242.55,1
540264,432.0,1
540279,35.4,1
540370,76.32,1
540399,9.3,1
540401,272.0,1
540408,637.5,1
540452,325.44,1
540466,306.0,1
540557,81.6,1
540565,102.0,1
540636,212.0,1
540789,835.2,1
540819,23.85,1
540842,60.0,1
540908,162.72,1
540945,0.85,1
540970,12.75,1
541108,76.32,1
541125,29.5,1
541217,75.0,1
541236,3.35,1
541243,69.6,1
541246,22.2,1
541247,810.0,1
541255,4.25,1
541276,165.0,1
541391,7.8,1
541400,14.85,1
541407,152.64,1
541411,9.75,1
541420,5.9,1
541425,79.2,1
541431,77183.6,1
541513,15.0,1
541525,76.32,1
541708,19.5,1
541782,8.5,1
541836,13.75,1
541840,2.95,1
541865,165.0,1
541903,91.8,1
542154,102.0,1
542155,285.6,1
542220,102.0,1
542222,237.6,1
542267,9.9,1
542405,1.95,1
542549,19.8,1
542630,60.48,1
542690,378.0,1
542694,318.0,1
542736,0.55,1
542739,30.6,1
542746,1.9,1
542759,4.95,1
542892,155.52,1
542903,40.8,1
542909,734.4,1
542926,75.6,1
542992,30.0,1
543016,165.0,1
543019,8.85,1
543117,15.3,1
543163,118.8,1
543202,550.8,1
543253,15.0,1
543395,15.9,1
543456,79.2,1
543477,15.0,1
543479,90.0,1
543520,29.7,1
543601,11.6,1
543612,297.0,1
543622,10.5,1
543650,91.8,1
543669,2256.0,1
543672,306.0,1
543673,204.0,1
543675,382.5,1
543688,40.8,1
543691,223.2,1
543738,76.32,1
543842,1119.36,1
543986,3.75,1
543988,17.7,1
544036,13.5,1
544078,122.4,1
544079,165.0,1
544104,81.6,1
544143,19.8,1
544152,144.0,1
544154,390.0,1
544155,306.0,1
544170,76.32,1
544185,149.46,1
544192,17.7,1
544320,57.6,1
544334,118.8,1
544350,45.9,1
544423,6.3,1
544430,5.1,1
544441,15.3,1
544446,42.0,1
544475,45.0,1
544478,399.6,1
544605,79.2,1
544606,165.0,1
544612,3202.92,1
544636,35.4,1
544689,223.2,1
544698,259.2,1
544699,172.8,1
544793,218.88,1
544797,158.4,1
544807,229.5,1
544821,75.0,1
544923,79.2,1
544936,1295.4,1
544999,381.6,1
545012,20.4,1
545047,46.8,1
545055,6.6,1
545077,10.08,1
545103,11.9,1
545140,15.3,1
545185,79.2,1
545228,79.2,1
545287,117.0,1
545326,14.85,1
545331,2.5,1
545347,76.32,1
545433,207.5,1
545448,15.3,1
545466,1396.0,1
545517,20.4,1
545675,15.0,1
545694,120.0,1
545722,475.2,1
545870,15.3,1
546001,40.56,1
546029,17.7,1
546033,15.9,1
546102,17.7,1
546112,330.0,1
546154,500.0,1
546161,122.4,1
546279,4.25,1
546318,255.0,1
546319,345.6,1
546369,67.5,1
546390,14.4,1
546404,127.2,1
546462,208.8,1
546550,6.35,1
546560,62.5,1
546631,61.2,1
546632,76.32,1
546657,5.1,1
546736,414.72,1
546741,99.0,1
546750,15.0,1
546775,152.64,1
546827,622.5,1
546828,71.4,1
546853,73.5,1
546874,76.32,1
546878,80.0,1
546900,25.2,1
546902,33.2,1
546923,166.8,1
546994,152.64,1
547154,600.0,1
547165,15.6,1
547207,15.0,1
547391,70.8,1
547501,59.4,1
547516,35.4,1
547519,320.0,1
547707,585.0,1
547717,17.4,1
547718,57.6,1
547792,9.9,1
547804,6.8,1
547843,51.0,1
547844,91.8,1
547941,1117.5,1
547970,4.95,1
547991,30.0,1
548216,91.8,1
548217,81.6,1
548223,152.64,1
548245,459.0,1
548372,30.0,1
548489,10.08,1
548613,35.28,1
548619,9.96,1
548623,85.0,1
548629,355.2,1
548630,355.2,1
548633,915.84,1
548640,47.7,1
548641,577.2,1
548643,72.0,1
548649,210.0,1
548658,102.0,1
548668,11.9,1
548736,432.48,1
548746,50.0,1
548940,81.6,1
548985,105.0,1
549022,83.4,1
549107,7.02,1
549186,270.0,1
549284,15.0,1
549417,79.8,1
549441,9.9,1
549444,375.0,1
549445,270.0,1
549447,138.24,1
549539,30.0,1
549541,138.24,1
549585,158.4,1
549591,841.5,1
549593,162.5,1
549669,2.55,1
549841,3.3,1
549850,44.55,1
549924,15.8,1
549925,1119.36,1
549938,408.0,1
549941,81.6,1
549971,33.0,1
549979,31.0,1
549996,24.96,1
550002,50.0,1
550150,59.4,1
550198,30.6,1
550281,179.0,1
550308,358.0,1
550309,83.4,1
550337,2.1,1
550450,90.0,1
550491,19.8,1
550531,35.4,1
550608,970.2,1
550649,25.5,1
550660,67.5,1
550671,179.0,1
550754,71.4,1
550786,60.0,1
550801,75.0,1
550824,8.25,1
550919,19.5,1
550934,415.0,1
550937,100.8,1
550940,615.0,1
551021,326.4,1
551060,2.1,1
551135,7.25,1
551138,38.16,1
551141,22.5,1
551144,76.32,1
551146,59.0,1
551165,81.6,1
551166,918.0,1
551186,25.2,1
551191,816.0,1
551272,29.88,1
551279,172.8,1
551288,31.8,1
551290,207.5,1
551299,15.0,1
551416,23.8,1
551523,53.1,1
551530,2.1,1
551545,24.9,1
551562,159.36,1
551576,21.6,1
551595,204.0,1
551617,489.6,1
551651,8.5,1
551729,20.8,1
551736,534.24,1
551825,5.9,1
551832,9.36,1
551877,179.0,1
551879,163.2,1
551979,10.2,1
552026,108.0,1
552056,356.4,1
552060,76.32,1
552135,19.92,1
552172,640.0,1
552174,15.6,1
552189,10.08,1
552340,417.0,1
552342,475.2,1
552447,37.5,1
552492,81.36,1
552523,330.0,1
552561,44.55,1
552645,13.52,1
552647,16.5,1
552716,24.9,1
552717,8.5,1
552789,237.6,1
552833,931.5,1
552846,270.0,1
552868,5.04,1
552885,270.0,1
552904,1177.0,1
552970,381.6,1
553016,7.5,1
553043,750.0,1
553047,19.8,1
553049,16.5,1
553051,19.5,1
553059,101.76,1
553099,127.5,1
553153,17.4,1
553216,132.8,1
553319,33.0,1
553406,77.5,1
553422,130.0,1
553465,116.0,1
553466,259.2,1
553467,159.0,1
553474,276.48,1
553500,39.0,1
553501,9.9,1
553551,100.0,1
553579,19.8,1
553638,30.0,1
553666,76.32,1
553674,75.6,1
553690,108.0,1
553736,60.0,1
553755,367.2,1
553837,24.96,1
553847,16.6,1
553868,189.6,1
553871,7.5,1
553874,16.5,1
553883,100.8,1
553898,141.6,1
553926,17.0,1
553929,104.4,1
554007,8.25,1
554032,130.8,1
554041,15.0,1
554051,118.8,1
554052,3.8,1
554060,380.0,1
554061,17.0,1
554063,300.0,1
554078,40.56,1
554095,20.8,1
554119,19.8,1
554138,35.4,1
554159,15.3,1
554207,1.95,1
554262,326.4,1
554263,7.8,1
554277,127.2,1
554279,415.0,1
554284,12.64,1
554357,353.34,1
554369,9.96,1
554381,66.0,1
554485,7.5,1
554495,3.75,1
554524,17.4,1
554534,50.0,1
554631,9.9,1
554633,17.28,1
554639,163.2,1
554642,1392.0,1
554647,179.0,1
554649,79.2,1
554710,537.0,1
554776,5.8,1
554791,5.8,1
554792,20.4,1
554810,11.9,1
554868,3096.0,1
554921,61.2,1
554930,252.0,1
554951,207.5,1
554952,30.0,1
554953,17.4,1
554965,17.4,1
555008,207.5,1
555010,213.12,1
555075,382.5,1
555093,6.96,1
555097,177.6,1
555098,310.8,1
555156,22.5,1
555266,29.7,1
555270,415.0,1
555285,362.7,1
555385,7.5,1
555392,30.0,1
555422,25.0,1
555478,1139.04,1
555489,259.2,1
555504,15.0,1
555530,61.2,1
555534,31.2,1
555561,35.4,1
555580,10.5,1
555601,57.5,1
555620,13.0,1
555724,15.0,1
555759,166.8,1
555816,47.2,1
555817,14.85,1
555834,85.0,1
555840,70.2,1
555863,121.68,1
555917,8.25,1
555928,10.2,1
556049,207.5,1
556052,14.5,1
556068,5.76,1
556097,15.9,1
556099,3.75,1
556119,42.96,1
556249,24.9,1
556417,19.8,1
556442,297.0,1
556454,40.8,1
556456,3.75,1
556496,45.0,1
556506,50.88,1
556523,9.75,1
556684,83.4,1
556785,102.0,1
556789,14.85,1
556806,122.04,1
556817,151.2,1
556831,160.0,1
556842,40.0,1
556885,17.7,1
556918,650.88,1
556929,42.96,1
556931,171.84,1
557002,180.0,1
557018,5.9,1
557042,15.8,1
557056,49.8,1
557092,432.0,1
557133,305.28,1
557152,4.95,1
557212,610.56,1
557227,23.0,1
557228,17.7,1
557252,11.9,1
557255,163.2,1
557321,132.0,1
557332,22.5,1
557351,13.0,1
557416,90.0,1
557428,750.0,1
557429,181.44,1
557430,375.0,1
557464,37.2,1
557477,33.75,1
557483,232.5,1
557504,136.0,1
557509,500.0,1
557513,3.9,1
557517,179.0,1
557573,69.12,1
557583,13.2,1
557668,30.0,1
557681,178.5,1
557752,29.7,1
557767,17.4,1
557781,52.5,1
557800,7.95,1
557873,14.85,1
557880,1.45,1
557940,179.0,1
558065,25.0,1
558070,20.4,1
558078,35.4,1
558109,44.25,1
558127,406.8,1
558203,179.28,1
558261,10.08,1
558276,62.4,1
558325,51.0,1
558332,19.8,1
558333,500.0,1
558352,107.5,1
558353,108.0,1
558356,15.0,1
558365,250.0,1
558366,510.72,1
558387,101.76,1
558474,204.0,1
558482,13.2,1
558527,1.65,1
558528,812.0,1
558529,23.2,1
558554,2390.4,1
558560,5.95,1
558573,30.0,1
558653,17.4,1
558721,8.25,1
558734,9.75,1
558880,19.8,1
558912,31.25,1
558921,20.8,1
558925,17.4,1
559026,75.0,1
559110,594.0,1
559113,85.0,1
559126,14.5,1
559137,5.2,1
559172,65.4,1
559185,19.8,1
559187,46.75,1
559203,830.0,1
559319,10.08,1
559343,4.25,1
559456,17.4,1
559511,2.37,1
559516,162.72,1
559524,45.0,1
559541,52.2,1
559556,34.68,1
559658,30.0,1
559677,15.0,1
559688,5.8,1
559701,1305.6,1
559793,24.38,1
559828,7.9,1
559879,5.1,1
559890,30.6,1
559920,61.2,1
559932,17.7,1
559936,49.92,1
560032,2.5,1
560087,326.4,1
560199,358.56,1
560200,30.0,1
560205,16.5,1
560275,15.0,1
560302,47.7,1
560469,220.15,1
560548,121.38,1
560582,49.47,1
560586,667.2,1
560587,60.0,1
560599,191.16,1
560734,990.0,1
560843,99.0,1
560858,244.8,1
560871,20.8,1
560886,675.0,1
560913,4.25,1
560917,833.85,1
560919,430.0,1
561002,325.44,1
561003,23.8,1
561035,244.8,1
561055,201.6,1
561062,19.5,1
561082,5.04,1
561101,241.92,1
561228,118.8,1
561386,9.96,1
561508,99.0,1
561530,208.0,1
561599,47.7,1
561602,15.0,1
561629,1.68,1
561630,15.0,1
561637,428.4,1
561638,244.8,1
561657,27.8,1
561672,587.52,1
561683,1.95,1
561687,14.85,1
561707,15.0,1
561809,432.0,1
561811,76.5,1
561813,162.72,1
561872,24.9,1
561895,1.25,1
561928,29.7,1
562036,99.6,1
562050,19.92,1
562098,20.8,1
562103,24.6,1
562208,3.95,1
562255,14.04,1
562257,148.72,1
562261,119.52,1
562262,66.0,1
562344,151.2,1
562349,23.85,1
562428,6.6,1
562434,229.5,1
562436,2.25,1
562440,204.0,1
562443,622.5,1
562446,118.8,1
562458,480.0,1
562461,260.62,1
562532,17.85,1
562533,16.5,1
562552,9.9,1
562585,106.0,1
562606,19.92,1
562810,60.0,1
562812,52.02,1
562879,45.0,1
562883,6.3,1
562917,432.0,1
562919,15.0,1
562941,17.4,1
562948,101.76,1
563079,17.7,1
563092,15.0,1
563149,101.76,1
563173,528.0,1
563229,1.69,1
563233,2.95,1
563235,47.4,1
563236,11.9,1
563254,81.6,1
563411,201.6,1
563559,34.68,1
563573,2.95,1
563588,813.4,1
563597,4.25,1
563618,67.2,1
563660,237.6,1
563710,27.04,1
563727,367.2,1
563740,71.4,1
563851,15.0,1
563902,358.0,1
563904,162.72,1
563932,39.6,1
563934,52.0,1
563981,13.2,1
564040,17.4,1
564046,1020.0,1
564047,10.5,1
564048,40.8,1
564109,34.56,1
564160,244.8,1
564163,15.0,1
564164,75.0,1
564272,640.0,1
564338,15.3,1
564354,17.4,1
564361,22.5,1
564381,76.32,1
564382,306.0,1
564419,17.0,1
564431,15.8,1
564485,4.95,1
564529,153.0,1
564564,60.0,1
564574,15.0,1
564583,432.0,1
564636,15.9,1
564652,998.4,1
564669,76.32,1
564709,244.8,1
564714,35.4,1
564720,19.8,1
564728,85.92,1
564811,537.0,1
564814,214.8,1
564819,85.92,1
564836,171.84,1
564859,386.64,1
564871,340.0,1
564895,5.95,1
564898,138.24,1
564906,214.8,1
564910,204.0,1
564966,34.8,1
565086,52.5,1
565123,480.0,1
565127,118.8,1
565143,3.3,1
565146,208.8,1
565157,85.92,1
565158,25.0,1
565192,11.55,1
565217,207.36,1
565330,33.0,1
565367,7.44,1
565372,162.72,1
565380,45.0,1
565387,50.4,1
565433,49.5,1
565435,34.0,1
565480,102.0,1
565492,177.6,1
565577,7.5,1
565591,177.6,1
565678,17.4,1
565680,100.8,1
565729,25.2,1
565736,155.52,1
565760,16.5,1
565783,18.72,1
565793,177.6,1
565808,23.0,1
565858,534.24,1
565929,76.32,1
565975,2.08,1
566009,51.84,1
566028,320.0,1
566044,25.2,1
566045,105.0,1
566108,158.4,1
566117,15.5,1
566201,98.1,1
566218,35.7,1
566253,11.97,1
566302,8.25,1
566321,5.95,1
566429,25.2,1
566455,21.0,1
566492,76.32,1
566556,237.6,1
566610,1.65,1
566670,17.4,1
566727,228.96,1
566770,39.6,1
566823,15.12,1
566848,326.4,1
566918,33.0,1
566954,19.8,1
566964,7.5,1
567169,2.34,1
567188,196.35,1
567309,1519.8,1
567354,179.0,1
567377,957.9,1
567453,1468.8,1
567486,25.2,1
567487,49.92,1
567642,4.95,1
567644,37.95,1
567747,389.76,1
567869,0.4,1
567895,40.68,1
567897,64.8,1
567900,10.5,1
567951,17.34,1
568131,152.64,1
568190,20.8,1
568195,40.0,1
568214,535.5,1
568330,62.4,1
568375,0.0,1
568380,42.5,1
568415,29.7,1
568511,109.2,1
568540,12.48,1
568595,20.16,1
568666,115.2,1
568718,91.6,1
568789,70.8,1
568790,424.8,1
568804,61.2,1
568893,99.6,1
568905,70.8,1
568906,60.0,1
568913,30.0,1
568918,25.2,1
568966,45.0,1
568998,181.25,1
569033,6.0,1
569084,2496.0,1
569085,1272.0,1
569086,720.0,1
569099,3.25,1
569101,358.0,1
569111,25.2,1
569142,25.2,1
569235,5.76,1
569339,830.0,1
569340,642.0,1
569359,14.85,1
569366,647.52,1
569385,1416.0,1
569388,1416.0,1
569411,566.4,1
569420,432.0,1
569480,23.8,1
569489,196.35,1
569522,270.0,1
569539,557.76,1
569550,8.5,1
569557,33.0,1
569583,2.95,1
569647,828.0,1
569656,99.6,1
569658,228.96,1
569660,50.4,1
569674,30.6,1
569689,82.8,1
569696,15.8,1
569725,141.6,1
569742,33.0,1
569872,33.0,1
569873,33.0,1
569906,1.9,1
569915,5.9,1
570119,5.9,1
570124,99.0,1
570130,10.4,1
570144,16.5,1
570181,29.7,1
570201,2.08,1
570226,4.35,1
570248,283.2,1
570265,82.8,1
570338,358.0,1
570407,72.0,1
570441,102.0,1
570461,141.6,1
570481,16.5,1
570485,17.4,1
570489,23.4,1
570493,70.8,1
570510,33.0,1
570554,0.38,1
570662,75.6,1
570681,6.0,1
570702,88.8,1
570705,6.48,1
570716,24.9,1
570723,120.0,1
570725,4.5,1
570731,15.0,1
570798,76.32,1
570844,102.0,1
570848,102.0,1
571008,35.4,1
571043,10.2,1
571050,15.6,1
571057,27.0,1
571060,2.49,1
571102,31.8,1
571109,6.5,1
571181,70.8,1
571182,15.6,1
571199,108.0,1
571202,212.4,1
571232,20.8,1
571236,30.6,1
571237,25.2,1
571250,91.8,1
571259,306.0,1
571261,306.0,1
571432,417.6,1
571447,118.44,1
571553,534.24,1
571594,708.0,1
571610,500.0,1
571692,17.34,1
571739,3.0,1
571830,50.4,1
571842,290.0,1
571906,14.85,1
571916,15.6,1
571933,76.32,1
572052,1244.16,1
572071,56.16,1
572078,16.5,1
572080,25.2,1
572085,41.6,1
572100,41.7,1
572222,192.0,1
572325,1044.0,1
572332,72.0,1
572351,6.36,1
572518,237.6,1
572555,38.16,1
572656,432.0,1
572679,39.6,1
572745,29.75,1
572774,3.25,1
572792,8.67,1
572832,1.0,1
572845,864.0,1
572857,128.88,1
572869,1718.4,1
572875,20.04,1
572877,34.68,1
572879,118.44,1
572992,85.92,1
572998,53.64,1
573003,4992.0,1
573005,180.0,1
573111,128.88,1
573121,20.8,1
573129,118.8,1
573196,18.75,1
573200,44.7,1
573230,85.92,1
573231,60.0,1
573261,1434.24,1
573273,52.2,1
573309,40.8,1
573322,179.0,1
573327,12.48,1
573389,47.4,1
573409,33.0,1
573422,17.4,1
573532,118.8,1
573912,37.5,1
573982,306.0,1
573995,960.0,1
574014,624.24,1
574022,85.92,1
574041,19.92,1
574058,449.28,1
574241,10.08,1
574242,211.2,1
574246,45.0,1
574274,30.0,1
574277,208.0,1
574283,10.2,1
574320,7.8,1
574324,1494.0,1
574446,84.0,1
574467,41.6,1
574469,601.44,1
574549,1.45,1
574576,8.7,1
574585,399.6,1
574666,257.76,1
574668,29.7,1
574688,5.8,1
574689,3.9,1
574708,70.8,1
574724,99.0,1
574752,24.96,1
574829,403.2,1
574860,180.0,1
574884,204.0,1
574908,42.96,1
575038,171.84,1
575043,4.95,1
575196,83.2,1
575200,12.48,1
575203,42.96,1
575205,237.6,1
575208,15.6,1
575296,426.6,1
575332,85.92,1
575415,207.5,1
575433,20.8,1
575497,34.68,1
575498,15.0,1
575525,128.88,1
575579,72.0,1
575582,1790.0,1
575652,23.8,1
575658,24.96,1
575675,1.95,1
575709,132.8,1
575869,15.8,1
575882,152.64,1
575910,3.0,1
575916,158.4,1
575920,306.0,1
575946,61.2,1
575967,2.95,1
576084,15.0,1
576111,78.0,1
576221,179.0,1
576225,49.5,1
576238,6.24,1
576257,49.5,1
576358,17.34,1
576361,7.5,1
576385,34.65,1
576539,123.75,1
576562,143.04,1
576586,429.6,1
576612,5.9,1
576635,118.8,1
576666,4.2,1
576668,204.0,1
576669,59.76,1
576691,237.6,1
576827,612.0,1
576877,6.96,1
576902,99.0,1
576922,7.8,1
576958,13.05,1
577011,30.0,1
577041,152.64,1
577045,145.0,1
577068,9.0,1
577100,59.0,1
577129,46.8,1
577137,325.44,1
577138,17.7,1
577166,102.0,1
577177,4.16,1
577322,72.0,1
577326,136.0,1
577361,15.0,1
577387,4.25,1
577494,35.1,1
577510,19.8,1
577529,60.48,1
577546,10.5,1
577553,70.2,1
577596,390.0,1
577607,95.4,1
577718,172.8,1
577797,15.0,1
577802,29.5,1
577810,720.0,1
577843,237.6,1
577848,44.55,1
577852,2232.0,1
577897,322.08,1
577906,22.04,1
578010,204.0,1
578012,59.4,1
578014,149.4,1
578023,30.0,1
578064,104.0,1
578070,16.5,1
578112,30.0,1
578141,290.0,1
578150,16.5,1
578154,1.65,1
578196,83.4,1
578249,457.2,1
578256,69.6,1
578267,12.75,1
578268,5.45,1
578286,90.48,1
578300,270.0,1
578311,20.8,1
578372,17.34,1
578451,69.6,1
578622,49.8,1
578670,4.95,1
578671,66.0,1
578674,39.48,1
578708,41.6,1
578745,37.8,1
578782,2.1,1
578848,4.16,1
578938,25.2,1
579006,128.88,1
579009,39.0,1
579015,42.96,1
579107,16.5,1
579108,69.36,1
579139,286.08,1
579181,208.8,1
579185,99.6,1
579191,216.0,1
579253,230.4,1
579365,12.48,1
579409,6.95,1
579436,37.92,1
579437,14.85,1
579448,4.68,1
579450,967.5,1
579451,237.6,1
579452,225.0,1
579469,179.0,1
579494,30.0,1
579498,3651.6,1
579511,23.4,1
579534,38.16,1
579543,4.16,1
579725,2.88,1
579788,30.0,1
579917,99.6,1
579936,780.0,1
579947,16.5,1
580052,90.0,1
580068,41.25,1
580141,25.2,1
580149,5.45,1
580154,15.0,1
580169,81.36,1
580170,720.0,1
580172,129.36,1
580175,62.5,1
580177,24.96,1
580189,237.6,1
580235,360.0,1
580243,1187.2,1
580257,92.5,1
580264,232.0,1
580300,13.95,1
580302,16.5,1
580315,40.8,1
580331,204.0,1
580356,15.0,1
580361,15.0,1
580363,2685.0,1
580368,39.6,1
580371,104.0,1
580533,96.3,1
580601,5.0,1
580663,12.5,1
580666,81.6,1
580704,238.0,1
580718,30.0,1
580745,145.0,1
580765,61.2,1
580775,33.0,1
580885,356.4,1
580888,325.44,1
580975,61.2,1
580987,720.0,1
581008,208.8,1
581097,1170.0,1
581107,2046.0,1
581115,3861.0,1
581136,51.0,1
581195,12.48,1
581231,19.8,1
581279,35.4,1
581338,250.6,1
581394,11.8,1
581458,1080.0,1
581459,864.0,1
581479,29.5,1
581483,168469.6,1
581487,406.8,1
581491,19.8,1
581500,16.5,1
581566,469.44,1
536366,22.2,2
536372,22.2,2
536376,328.8,2
536377,22.2,2
536397,279.0,2
536399,22.2,2
536407,22.2,2
536466,42.9,2
536508,155.52,2
536579,315.96,2
536601,22.2,2
536603,22.2,2
536610,22.2,2
536614,22.2,2
536619,97.2,2
536629,22.2,2
536631,22.2,2
536688,22.2,2
536693,22.2,2
536748,25.2,2
536751,22.2,2
536753,22.2,2
536786,324.0,2
536789,22.2,2
536791,44.4,2
536830,2002.4,2
536968,534.0,2
536994,83.55,2
537048,5.9,2
537127,408.0,2
537139,20.4,2
537217,47.6,2
537243,50.4,2
537380,100.8,2
537456,1989.24,2
537509,532.8,2
537635,68.1,2
537636,112.2,2
537668,48.8,2
537751,38.8,2
537768,39.0,2
537801,162.6,2
537811,268.86,2
537816,117.0,2
537901,134.2,2
538005,220.8,2
538006,163.2,2
538048,181.0,2
538120,144.5,2
538125,30.0,2
538195,337.5,2
538310,25.8,2
538557,27.8,2
538594,218.1,2
538668,110.7,2
538846,11.0,2
538869,48.3,2
539083,32.25,2
539093,196.6,2
539109,1491.0,2
539144,330.12,2
539216,16.15,2
539268,29.7,2
539280,26.1,2
539312,137.1,2
539572,433.5,2
539597,61.2,2
539634,144.5,2
539675,114.6,2
540020,75.3,2
540130,393.9,2
540159,72.0,2
540181,199.44,2
540258,376.8,2
540280,143.0,2
540510,40.5,2
540534,25.2,2
540753,32.8,2
540777,47.2,2
540799,15.3,2
540818,7837.5,2
540822,24.95,2
540858,62.7,2
540939,2.46,2
540974,112.08,2
540985,29.04,2
541105,660.0,2
541106,259.2,2
541203,99.0,2
541228,45.0,2
541242,58.19,2
541517,45.0,2
541608,305.28,2
541611,528.48,2
541785,38.7,2
541799,6.6,2
541812,181.92,2
541815,8.25,2
542081,15.15,2
542134,124.8,2
542141,326.4,2
542212,244.8,2
542351,20.4,2
542533,100.8,2
542636,56.1,2
542725,14.75,2
542743,14.75,2
542800,3.67,2
542889,241.2,2
542900,30.0,2
542901,36.45,2
542907,132.25,2
542921,277.5,2
543012,7.2,2
543057,989.52,2
543128,30.0,2
543183,29.7,2
543186,196.2,2
543198,183.6,2
543240,15.8,2
543291,29.42,2
543372,67.95,2
543376,67.95,2
543378,4379.76,2
543455,326.4,2
543537,32.85,2
543589,191.0,2
543595,155.52,2
543623,160.4,2
543649,610.2,2
543670,468.0,2
543693,128.8,2
543788,2.42,2
544039,202.5,2
544061,66.0,2
544076,75.0,2
544150,34.65,2
544163,37.5,2
544168,314.4,2
544197,37.5,2
544296,55.44,2
544297,46.2,2
544312,8.25,2
544600,108.15,2
544603,167.4,2
544604,364.32,2
544794,288.86,2
544929,135.72,2
545029,69.0,2
545034,113.85,2
545158,28.35,2
545305,40.2,2
545306,13.2,2
545463,58.5,2
545467,32.55,2
545521,76.1,2
545535,73.92,2
545576,61.5,2
545593,82.5,2
545603,38.1,2
545645,7.6,2
545652,30.9,2
545738,75.6,2
545820,40.2,2
545911,181.44,2
545987,39.84,2
546011,367.2,2
546082,221.4,2
546132,89.4,2
546169,660.0,2
546331,27.6,2
546413,3.1,2
546521,329.1,2
546527,149.4,2
546532,140.0,2
546633,163.2,2
546637,53.5,2
546749,56.6,2
546847,437.4,2
546852,111.96,2
546872,16.0,2
546919,223.44,2
546921,33.0,2
546926,108.5,2
547032,238.12,2
547040,62.7,2
547045,585.12,2
547085,106.08,2
547222,11.2,2
547503,60.3,2
547512,584.5,2
547546,291.84,2
547579,120.0,2
547648,37.5,2
547671,28.38,2
547688,137.4,2
547726,330.0,2
547728,146.88,2
547944,90.0,2
547949,122.4,2
548016,35.04,2
548144,328.2,2
548177,106.56,2
548190,28.95,2
548410,234.0,2
548412,93.0,2
548506,3.9,2
548530,11.8,2
548549,110.95,2
548556,237.9,2
548635,538.72,2
548644,396.0,2
548645,313.38,2
548657,8.8,2
548669,136.8,2
548981,594.0,2
549016,35.4,2
549020,282.88,2
549105,117.6,2
549273,159.0,2
549280,254.7,2
549664,12.0,2
549689,22.65,2
549756,94.2,2
549828,25.08,2
549926,725.76,2
549928,324.0,2
549936,119.85,2
549942,136.2,2
549946,14.64,2
549994,41.6,2
550005,310.0,2
550030,42.9,2
550135,1220.4,2
550200,64.2,2
550476,122.04,2
550497,408.0,2
550634,27.3,2
550663,36.0,2
550674,244.8,2
550756,29.7,2
550772,74.7,2
550782,232.9,2
550907,306.5,2
551145,107.1,2
551184,305.28,2
551334,5.9,2
551338,5.11,2
551401,6.0,2
551415,44.7,2
551445,61.95,2
551550,27.6,2
551826,8.4,2
551851,997.5,2
551875,484.12,2
551878,119.7,2
551895,89.4,2
551902,99.6,2
551907,97.05,2
551946,171.0,2
551952,494.7,2
551955,321.48,2
552048,519.0,2
552167,30.0,2
552195,51.0,2
552233,61.05,2
552250,3.3,2
552289,5.55,2
552292,38.2,2
552454,652.8,2
552529,38.3,2
552566,716.0,2
552567,43.2,2
552576,41.6,2
552644,70.2,2
552693,21.6,2
552697,54.6,2
552728,371.2,2
552729,39.6,2
552840,36.24,2
552887,40.8,2
552891,31.5,2
552988,39.3,2
553102,263.52,2
553181,159.0,2
553215,103.68,2
553218,134.1,2
553497,24.8,2
553506,38.6,2
553573,2.9,2
553677,162.0,2
553701,115.92,2
553713,325.4,2
553735,36.0,2
553839,87.7,2
553900,29.3,2
553928,392.4,2
553934,38.2,2
554037,347.76,2
554064,183.6,2
554309,241.2,2
554324,103.8,2
554354,39.9,2
554358,2825.4,2
554364,264.0,2
554506,15.18,2
554508,94.8,2
554510,58.2,2
554641,123.3,2
554670,26.52,2
554703,48.1,2
554706,57.9,2
554834,327.6,2
554923,89.7,2
554924,12.85,2
554934,31.9,2
554944,178.08,2
554984,218.0,2
555007,208.8,2
555070,9.2,2
555213,152.64,2
555259,90.6,2
555281,35.25,2
555286,51.0,2
555381,32.4,2
555389,29.75,2
555412,61.3,2
555497,39.12,2
555512,325.68,2
555513,263.52,2
555527,219.4,2
555557,34.0,2
555576,140.4,2
555818,255.96,2
555839,25.5,2
555870,68.7,2
556018,26.4,2
556034,313.2,2
556053,112.7,2
556055,358.0,2
556185,30.6,2
556228,115.2,2
556305,408.0,2
556397,358.0,2
556505,462.96,2
556519,3.32,2
556534,40.4,2
556574,1321.2,2
556718,2145.0,2
556805,213.8,2
556971,39.6,2
557038,35.4,2
557058,69.3,2
557109,304.08,2
557237,35.0,2
557272,535.0,2
557290,6.95,2
557331,32.28,2
557333,662.1,2
557490,243.84,2
557498,107.04,2
557510,305.04,2
557601,30.0,2
557605,122.4,2
557618,88.3,2
557775,332.16,2
557796,202.4,2
557887,21.95,2
557966,301.2,2
558079,87.96,2
558192,348.0,2
558201,318.2,2
558234,65.4,2
558331,407.04,2
558363,530.4,2
558421,60.66,2
558431,91.2,2
558456,47.5,2
558470,32.0,2
558473,237.2,2
558561,29.7,2
558612,877.68,2
558629,32.4,2
558701,9.45,2
558891,70.8,2
558894,101.1,2
559002,72.0,2
559010,53.3,2
559020,18.74,2
559029,19.92,2
559044,426.2,2
559046,54.9,2
559111,61.8,2
559148,96.0,2
559201,27.75,2
559206,113.16,2
559237,372.0,2
559255,768.0,2
559312,33.75,2
559315,415.0,2
559324,158.4,2
559333,23.04,2
559339,90.6,2
559419,438.0,2
559472,9.2,2
559657,21.96,2
559682,32.95,2
559702,346.32,2
559790,326.4,2
559795,35.0,2
559823,52.8,2
559826,31.8,2
559886,35.4,2
559901,23.25,2
559910,35.6,2
559913,17.4,2
559926,39.6,2
559935,255.32,2
559941,734.4,2
560122,119.04,2
560236,35.4,2
560241,80.7,2
560416,21.72,2
560523,64.8,2
560546,232.05,2
560592,557.68,2
560597,326.4,2
560641,111.96,2
560721,29.76,2
560844,74.88,2
560897,139.2,2
560994,38.16,2
561053,324.0,2
561057,11.22,2
561063,174.0,2
561189,38.4,2
561207,7.04,2
561248,24.96,2
561397,2606.4,2
561696,75.9,2
561699,50.4,2
561864,396.96,2
561865,244.8,2
561904,304.56,2
561955,35.1,2
562040,1487.6,2
562047,8.2,2
562088,228.96,2
562094,69.6,2
562136,117.0,2
562270,594.0,2
562285,612.0,2
562343,376.32,2
562426,29.7,2
562529,29.58,2
562531,102.1,2
562545,137.76,2
562590,53.52,2
562591,46.56,2
562610,1282.0,2
562719,28.45,2
562842,160.8,2
562920,40.6,2
562925,115.8,2
563080,37.14,2
563164,505.8,2
563208,39.84,2
563243,57.0,2
563261,91.32,2
563357,50.0,2
563426,33.9,2
563468,65.2,2
563657,37.2,2
563684,928.08,2
563707,69.3,2
563736,161.04,2
563901,13.25,2
563921,15.9,2
564045,346.32,2
564067,39.9,2
564096,309.5,2
564169,424.8,2
564202,57.5,2
564225,452.16,2
564318,121.68,2
564325,189.6,2
564329,49.8,2
564364,32.82,2
564369,181.44,2
564383,188.8,2
564474,28.5,2
564477,89.72,2
564629,940.8,2
565080,40.0,2
565082,49.8,2
565090,43.8,2
565142,152.64,2
565205,99.4,2
565206,117.06,2
565216,114.6,2
565228,1250.4,2
565240,1047.12,2
565241,822.24,2
565293,561.6,2
565311,344.88,2
565449,34.8,2
565464,31.6,2
565569,48.3,2
565586,33.04,2
565589,691.2,2
565590,324.5,2
565592,480.0,2
565733,105.0,2
565753,99.0,2
565780,64.0,2
565791,189.6,2
565860,9.36,2
565914,89.64,2
565936,829.44,2
566020,43.2,2
566022,49.5,2
566037,291.84,2
566196,46.8,2
566208,7.65,2
566241,254.76,2
566250,344.88,2
566309,31.6,2
566439,42.9,2
566448,60.3,2
566465,3.35,2
566555,96.6,2
566628,167.0,2
566631,42.24,2
566668,53.55,2
566861,59.8,2
567194,45.0,2
567291,29.79,2
567299,75.0,2
567325,358.0,2
567480,3200.0,2
567511,228.96,2
567531,53.12,2
567632,75.6,2
567633,346.32,2
567638,73.6,2
567702,30.79,2
567711,48.48,2
567808,12.4,2
567888,118.8,2
567914,140.85,2
567937,96.6,2
567977,306.53,2
568150,94.44,2
568172,270.0,2
568182,112.9,2
568374,31.6,2
568391,1101.2,2
568414,67.38,2
568550,29.3,2
568555,134.16,2
568569,585.0,2
568687,75.0,2
568695,75.0,2
568704,308.32,2
568717,2748.0,2
568784,141.6,2
568819,100.8,2
569002,30.75,2
569013,64.2,2
569029,320.0,2
569108,669.6,2
569145,8.28,2
569203,262.6,2
569226,11.8,2
569323,32.85,2
569399,520.32,2
569413,27.0,2
569484,45.0,2
569529,15.7,2
569559,171.6,2
569569,209.6,2
569654,157.56,2
569706,356.6,2
569781,159.24,2
569822,79.8,2
569905,37.5,2
569907,59.4,2
570003,6.2,2
570253,1974.0,2
570270,35.4,2
570419,24.96,2
570457,3.6,2
570722,96.12,2
570769,298.8,2
570784,51.5,2
570849,204.0,2
570878,82.5,2
571122,38.4,2
571218,18.72,2
571234,47.04,2
571299,358.0,2
571302,482.4,2
571311,151.5,2
571405,45.0,2
571431,791.0,2
571547,130.56,2
571550,176.04,2
571663,298.0,2
571664,302.4,2
571702,47.1,2
571736,28.2,2
571738,311.76,2
571744,169.2,2
571749,65.8,2
571941,32.2,2
572034,23.5,2
572036,62.4,2
572070,111.96,2
572139,54.6,2
572197,89.28,2
572214,37.8,2
572234,28.25,2
572354,28.9,2
572654,45.48,2
572670,594.36,2
572768,152.64,2
572851,476.1,2
572895,19.89,2
572929,13.2,2
572999,32.73,2
573004,469.0,2
573103,108.45,2
573157,212.0,2
573162,244.5,2
573295,136.8,2
573352,132.72,2
573356,142.2,2
573357,178.44,2
573403,55.2,2
573424,76.96,2
573600,145.92,2
573757,78.75,2
573895,43.5,2
573896,107.1,2
573917,147.0,2
573922,102.72,2
574012,400.32,2
574044,843.6,2
574161,6.24,2
574175,41.6,2
574196,30.0,2
574226,379.92,2
574245,34.8,2
574272,55.32,2
574282,110.5,2
574333,156.75,2
574468,47.6,2
574482,16.54,2
574588,41.6,2
574727,9.14,2
574730,55.5,2
574731,35.4,2
574736,113.4,2
574751,44.85,2
574937,35.25,2
574938,183.0,2
575027,125.92,2
575061,111.9,2
575147,105.0,2
575163,9.9,2
575178,345.8,2
575182,33.0,2
575189,25.2,2
575291,103.68,2
575352,60.0,2
575356,49.5,2
575388,188.04,2
575418,83.2,2
575494,33.0,2
575764,32.5,2
575876,122.4,2
575878,5.43,2
575945,305.28,2
575987,29.82,2
576096,40.6,2
576237,65.4,2
576253,358.0,2
576347,8.2,2
576382,32.55,2
576386,224.66,2
576395,61.2,2
576572,355.23,2
576591,136.32,2
576636,139.92,2
576640,121.32,2
576656,30.0,2
576664,217.5,2
576791,256.32,2
576826,49.8,2
576892,30.16,2
577044,460.8,2
577047,53.1,2
577069,19.16,2
577088,129.6,2
577132,104.36,2
577134,340.8,2
577136,170.0,2
577179,92.4,2
577289,444.96,2
577301,30.45,2
577325,152.64,2
577328,188.7,2
577555,100.2,2
577771,41.6,2
577792,31.85,2
577823,392.4,2
577840,40.64,2
577858,396.65,2
578096,83.96,2
578126,8.95,2
578130,70.2,2
578230,354.0,2
578287,10.76,2
578291,54.9,2
578296,94.8,2
578330,277.98,2
578341,279.36,2
578351,163.2,2
578514,39.48,2
578684,35.4,2
578694,234.24,2
578695,19.8,2
578704,408.0,2
578821,242.0,2
578831,408.0,2
578857,38.2,2
579007,163.68,2
579109,34.8,2
579151,139.92,2
579164,242.04,2
579189,976.8,2
579249,1147.2,2
579252,1034.4,2
579262,93.84,2
579263,29.88,2
579265,58.56,2
579405,367.78,2
579435,43.5,2
579449,251.0,2
579466,306.0,2
579684,69.24,2
579687,273.0,2
580026,308.16,2
580031,151.02,2
580093,59.1,2
580159,77.5,2
580214,42.36,2
580310,35.4,2
580321,50.4,2
580436,84.96,2
580554,286.8,2
580556,121.8,2
580606,60.4,2
580614,52.74,2
580642,108.46,2
580645,1712.1,2
580646,1048.0,2
580755,82.8,2
580758,31.2,2
580763,791.04,2
580772,27.04,2
580820,3.2,2
580882,85.8,2
581007,187.92,2
581058,35.4,2
581143,40.4,2
581177,183.12,2
581227,47.04,2
581385,360.0,2
581428,34.68,2
581485,622.5,2
581488,249.2,2
581489,171.6,2
581572,182.52,2
581582,29.88,2
581583,124.6,2
581584,140.64,2
536386,508.2,3
536402,357.0,3
536536,165.05,3
536608,38.1,3
536823,50.55,3
536838,37.2,3
536844,189.3,3
536848,534.0,3
536849,397.5,3
536884,39.75,3
536890,322.2,3
537053,275.8,3
537245,58.2,3
537247,223.68,3
537248,43.5,3
537313,50.25,3
537424,92.55,3
537470,45.3,3
537476,957.5,3
537658,395.76,3
537686,225.0,3
537700,309.0,3
537760,110.72,3
538070,35.7,3
538117,60.0,3
538165,185.82,3
538216,118.5,3
538309,114.45,3
538352,173.7,3
538697,102.0,3
538753,36.45,3
538865,58.5,3
538907,60.6,3
539000,65.1,3
539064,26.05,3
539077,314.55,3
539085,164.64,3
539107,211.2,3
539143,46.45,3
539269,46.85,3
539272,57.44,3
539306,46.7,3
539316,46.3,3
539335,269.1,3
539400,53.4,3
539416,29.43,3
539633,73.8,3
539717,65.4,3
539720,97.84,3
539727,53.28,3
539858,610.8,3
539865,344.88,3
539954,121.62,3
540002,242.28,3
540160,2574.48,3
540166,660.0,3
540363,185.1,3
540406,495.0,3
540457,62.7,3
540465,83.7,3
540500,182.25,3
540688,144.0,3
540815,15160.9,3
540825,62.13,3
540972,94.2,3
541149,177.0,3
541181,100.2,3
541287,751.6,3
541610,429.15,3
541657,60.9,3
541673,120.6,3
541679,55.5,3
541690,42.2,3
541978,53.55,3
541992,431.76,3
542079,157.4,3
542207,396.72,3
542432,166.8,3
542722,261.6,3
542859,70.02,3
543032,97.5,3
543041,6.85,3
543043,44.35,3
543133,54.9,3
543169,376.32,3
543243,353.1,3
543283,50.7,3
543352,16.9,3
543396,313.66,3
543413,244.8,3
543480,52.35,3
543523,38.1,3
543591,118.3,3
543674,1252.2,3
543747,124.26,3
543839,103.7,3
543908,405.3,3
543976,592.0,3
543991,615.0,3
544125,285.24,3
544147,10.82,3
544183,786.84,3
544198,84.0,3
544329,53.4,3
544439,358.8,3
544440,119.96,3
544611,30.24,3
545151,50.76,3
545225,161.8,3
545229,54.3,3
545323,70.35,3
545413,255.0,3
545431,306.0,3
545570,126.04,3
545659,45.0,3
545670,83.55,3
545725,36.6,3
545752,431.28,3
545992,123.35,3
546067,1673.94,3
546083,38.98,3
546134,359.28,3
546166,270.4,3
546263,461.6,3
546377,121.17,3
546401,21.9,3
546405,198.6,3
546523,52.2,3
546677,363.4,3
546690,148.5,3
546691,306.64,3
546733,705.6,3
546734,705.6,3
546754,384.0,3
546766,52.8,3
546772,152.76,3
546848,18.15,3
546916,50.25,3
547001,357.12,3
547056,87.8,3
547080,68.1,3
547371,155.4,3
547541,495.0,3
547694,40.5,3
547706,2278.8,3
547817,17.55,3
547835,115.15,3
547845,83.7,3
547878,131.3,3
547907,62.7,3
547923,42.6,3
547942,106.5,3
547946,116.4,3
548159,35.4,3
548222,396.6,3
548256,56.4,3
548267,180.38,3
548332,331.8,3
548349,519.96,3
548359,493.92,3
548457,57.0,3
548501,106.81,3
548507,31.77,3
548509,211.2,3
548531,405.6,3
548559,70.8,3
548606,252.0,3
548687,737.6,3
548705,189.12,3
548856,25.09,3
548873,214.2,3
548910,259.2,3
548942,105.0,3
548979,382.82,3
549026,70.95,3
549131,75.9,3
549225,326.4,3
549248,54.52,3
549272,358.25,3
549312,63.0,3
549353,42.9,3
549433,110.1,3
549471,73.5,3
549523,32.65,3
549679,60.0,3
549748,300.72,3
549997,183.6,3
550003,114.32,3
550025,146.0,3
550154,103.25,3
550265,61.5,3
550276,277.56,3
550307,149.44,3
550330,63.36,3
550449,304.05,3
550453,130.8,3
550657,282.66,3
550658,426.24,3
550711,1196.96,3
550833,24.75,3
550920,110.1,3
550923,134.7,3
550924,602.0,3
550967,47.4,3
550991,153.84,3
551188,312.6,3
551234,476.4,3
551287,15.4,3
551393,69.6,3
551514,94.45,3
551555,108.87,3
551566,329.0,3
551618,626.1,3
551649,162.48,3
551661,46.91,3
551836,193.92,3
551854,282.98,3
551862,227.65,3
551894,64.95,3
551897,61.2,3
551951,633.0,3
551977,225.6,3
551980,69.3,3
551981,897.6,3
551989,265.2,3
552080,404.4,3
552182,93.5,3
552238,185.31,3
552248,7.15,3
552573,37.8,3
552577,62.4,3
552696,51.29,3
552818,102.3,3
552827,288.7,3
552848,61.95,3
552850,61.95,3
552861,14.56,3
552873,46.0,3
553000,62.12,3
553154,208.8,3
553169,103.5,3
553170,223.44,3
553177,205.74,3
553379,368.76,3
553416,422.28,3
553427,100.98,3
553473,254.88,3
553654,205.74,3
553708,112.2,3
553722,33.6,3
553882,249.3,3
554034,208.8,3
554035,30.0,3
554043,48.3,3
554057,565.8,3
554115,92.7,3
554120,57.3,3
554156,366.0,3
554370,62.1,3
554484,268.88,3
554515,46.68,3
554554,262.55,3
554632,66.0,3
554664,76.8,3
554709,1086.0,3
554713,48.1,3
554756,75.0,3
554821,67.88,3
554844,63.0,3
554919,537.0,3
554936,100.2,3
554947,100.48,3
555028,49.5,3
555099,844.0,3
555102,84.72,3
555232,165.1,3
555367,64.8,3
555395,60.68,3
555417,50.1,3
555528,324.72,3
555590,75.0,3
555702,46.84,3
555846,47.85,3
555871,263.16,3
555875,7.25,3
555884,71.12,3
555939,57.78,3
556036,52.8,3
556047,123.24,3
556066,388.36,3
556084,85.2,3
556110,124.6,3
556196,62.04,3
556236,45.2,3
556386,74.16,3
556439,123.85,3
556746,32.55,3
556786,109.2,3
556794,105.45,3
556830,44.95,3
556968,1077.12,3
557012,62.4,3
557017,181.56,3
557068,13.44,3
557100,108.7,3
557116,152.8,3
557127,117.73,3
557216,42.42,3
557220,58.08,3
557313,88.5,3
557526,91.8,3
557662,7.7,3
557766,183.76,3
557783,4.94,3
557788,11.26,3
557869,6.9,3
557970,41.9,3
558054,60.9,3
558111,18.1,3
558294,339.3,3
558310,1382.88,3
558314,361.8,3
558317,173.8,3
558350,82.66,3
558384,126.0,3
558523,2231.3,3
558611,57.9,3
558627,9.36,3
558706,348.96,3
558717,53.4,3
558719,351.48,3
558755,154.25,3
558870,1128.6,3
558923,77.1,3
559013,467.7,3
559096,647.92,3
559098,605.76,3
559108,223.68,3
559130,237.0,3
559131,202.1,3
559151,61.8,3
559361,253.7,3
559463,28.35,3
559636,47.55,3
559638,251.68,3
559885,69.72,3
559942,1037.1,3
559944,596.7,3
560096,95.4,3
560182,254.35,3
560183,105.6,3
560188,194.5,3
560204,154.2,3
560237,49.55,3
560446,532.32,3
560450,90.0,3
560607,217.52,3
560640,154.56,3
560887,1586.4,3
560980,318.8,3
561023,354.24,3
561049,147.12,3
561067,99.96,3
561088,62.4,3
561109,298.2,3
561259,79.2,3
561384,60.7,3
561462,313.5,3
561521,40.05,3
561522,15.45,3
561607,113.4,3
561662,162.34,3
561815,41.6,3
561816,116.93,3
561819,58.8,3
561861,220.14,3
561866,115.08,3
561913,8.29,3
561952,59.4,3
562015,57.3,3
562141,80.28,3
562155,162.0,3
562259,85.2,3
562373,148.5,3
562435,118.24,3
562441,110.4,3
562523,304.2,3
562527,271.8,3
562578,45.0,3
562778,111.6,3
562885,65.25,3
562940,337.5,3
562966,424.08,3
563060,148.24,3
563099,150.6,3
563147,81.0,3
563228,19.65,3
563250,68.1,3
563373,45.3,3
563501,20.3,3
563575,2209.04,3
563719,332.04,3
563729,487.8,3
563831,94.8,3
563841,121.2,3
563898,151.2,3
563938,357.8,3
563955,82.98,3
564149,300.9,3
564171,308.66,3
564222,239.9,3
564339,202.0,3
564370,74.6,3
564560,105.0,3
564641,162.48,3
564738,44.37,3
565087,43.23,3
565120,183.6,3
565154,49.5,3
565448,49.65,3
565468,51.55,3
565669,149.12,3
565679,225.6,3
565777,88.8,3
565861,20.8,3
566046,78.9,3
566050,131.8,3
566052,186.32,3
566056,4.11,3
566083,85.92,3
566206,34.65,3
566247,316.6,3
566361,71.7,3
566435,222.6,3
566453,84.5,3
566479,234.6,3
566481,1253.0,3
566598,279.6,3
566619,327.8,3
566675,28.68,3
566707,79.8,3
566738,382.74,3
566744,250.0,3
566755,117.24,3
566759,338.16,3
566926,115.2,3
566931,5725.0,3
566937,211.32,3
567158,13.3,3
567324,367.2,3
567455,552.6,3
567525,109.56,3
567687,25.95,3
567799,80.76,3
567855,41.8,3
567893,123.1,3
567908,75.6,3
567969,34.8,3
568315,57.48,3
568366,164.3,3
568398,36.65,3
568409,33.12,3
568460,90.0,3
568541,321.54,3
568656,121.72,3
568705,310.8,3
568707,50.4,3
568711,97.32,3
569009,243.2,3
569125,74.7,3
569130,66.3,3
569209,189.9,3
569342,1441.2,3
569398,359.04,3
569400,231.0,3
569492,3733.0,3
569648,374.5,3
569724,53.4,3
569730,332.22,3
569769,100.8,3
570018,537.0,3
570021,8.1,3
570028,528.6,3
570206,149.1,3
570220,69.65,3
570280,547.2,3
570281,676.32,3
570353,75.66,3
570601,47.44,3
570651,258.6,3
570659,219.6,3
570671,73.2,3
570678,300.95,3
570707,146.0,3
570832,90.15,3
570961,300.48,3
570973,60.45,3
571226,43.32,3
571228,106.2,3
571248,55.85,3
571313,512.64,3
571437,14.56,3
571742,47.62,3
571843,449.28,3
571853,240.38,3
572031,294.72,3
572189,240.55,3
572235,82.5,3
572328,180.0,3
572342,648.0,3
572443,891.0,3
572616,80.46,3
572696,3390.0,3
572765,2251.2,3
572852,65.52,3
572878,431.6,3
572888,605.52,3
572900,124.2,3
573082,171.6,3
573167,70.68,3
573279,496.8,3
573282,101.2,3
573294,134.28,3
573400,50.4,3
573410,118.8,3
573412,54.6,3
573577,495.0,3
573695,108.57,3
574021,310.8,3
574150,42.38,3
574286,92.46,3
574294,5727.0,3
574330,63.06,3
574332,706.0,3
574335,42.45,3
574665,156.54,3
574687,157.7,3
574841,67.83,3
574889,213.45,3
574913,97.7,3
575053,56.6,3
575072,60.6,3
575125,537.0,3
575134,97.7,3
575197,41.08,3
575198,71.25,3
575201,821.0,3
575213,1809.6,3
575301,48.79,3
575304,8.9,3
575322,213.18,3
575496,188.4,3
575711,65.28,3
575712,30.12,3
575727,129.6,3
575894,220.7,3
575948,41.05,3
576080,49.2,3
576220,1023.42,3
576377,56.5,3
576608,595.44,3
576613,230.44,3
576616,49.2,3
576634,94.56,3
576736,279.6,3
576772,434.5,3
576775,716.0,3
576849,23.55,3
576853,93.39,3
576854,42.36,3
576896,181.6,3
576913,55.08,3
576915,25.7,3
577000,306.0,3
577018,163.74,3
577021,2209.74,3
577064,295.14,3
577067,84.72,3
577072,79.8,3
577079,129.22,3
577084,116.85,3
577097,616.8,3
577125,77.4,3
577133,39.2,3
577139,42.9,3
577140,55.6,3
577146,65.5,3
577202,354.96,3
577209,563.28,3
577382,12.4,3
577440,345.4,3
577443,172.8,3
577496,107.6,3
577556,52.2,3
577604,43.2,3
577725,45.3,3
577738,216.9,3
577739,60.8,3
577808,75.0,3
578060,976.0,3
578091,72.96,3
578101,105.0,3
578253,73.2,3
578343,83.0,3
578345,264.6,3
578346,264.6,3
578356,197.28,3
578384,41.1,3
578441,285.35,3
578535,52.74,3
578630,170.52,3
578672,40.2,3
578689,336.96,3
578785,322.0,3
578813,100.9,3
579000,31.3,3
579005,391.32,3
579017,130.05,3
579123,119.7,3
579251,3821.36,3
579257,336.4,3
579264,44.2,3
579402,348.35,3
579410,64.56,3
579445,183.6,3
579513,123.15,3
579526,170.16,3
579528,104.0,3
579759,363.88,3
579786,271.8,3
579916,402.96,3
580067,385.8,3
580123,810.0,3
580138,188.76,3
580142,51.18,3
580261,78.45,3
580265,104.0,3
580285,85.1,3
580370,209.52,3
580398,75.84,3
580531,74.55,3
580542,52.02,3
580557,58.4,3
580681,77.36,3
580713,22.75,3
580890,348.72,3
580892,302.04,3
580894,285.6,3
580961,33.05,3
581119,44.5,3
581140,135.75,3
581184,51.0,3
581185,270.0,3
581222,105.6,3
581396,404.1,3
581397,75.0,3
581581,51.18,3
581586,124.4,3
536368,70.05,4
536416,146.1,4
536502,69.79,4
536514,244.5,4
536524,70.8,4
536533,94.3,4
536570,274.44,4
536573,143.12,4
536577,497.0,4
536598,160.6,4
536599,166.8,4
536672,127.2,4
536794,322.8,4
536831,569.4,4
537052,377.04,4
537206,85.55,4
537235,1241.64,4
537407,73.1,4
537433,417.62,4
537657,9043.92,4
537665,121.41,4
537682,99.6,4
537698,468.68,4
537766,651.6,4
537774,281.0,4
537809,65.4,4
537845,71.4,4
537882,141.95,4
537895,190.44,4
537981,1335.2,4
538010,95.4,4
538087,60.0,4
538151,237.6,4
538176,402.0,4
538204,428.76,4
538283,10.29,4
538526,1206.72,4
538671,263.55,4
538687,474.9,4
538817,301.2,4
538828,231.84,4
538831,337.6,4
538870,55.8,4
538899,83.3,4
538943,253.2,4
538996,156.9,4
539006,102.28,4
539011,67.24,4
539092,176.64,4
539219,114.0,4
539226,110.85,4
539286,192.5,4
539319,292.5,4
539327,180.3,4
539336,115.9,4
539401,311.79,4
539417,72.0,4
539420,158.16,4
539423,90.6,4
539435,162.0,4
539594,239.4,4
539660,9.2,4
539662,117.6,4
539666,479.4,4
539755,7.1,4
539829,110.4,4
539953,12.35,4
540059,385.8,4
540420,76.5,4
540542,61.2,4
540553,326.94,4
540689,12797.52,4
540785,3417.12,4
540802,243.28,4
540829,113.64,4
540844,71.5,4
540851,62.25,4
541137,332.64,4
541227,145.2,4
541275,121.2,4
541409,347.04,4
541432,158.95,4
541474,390.0,4
541490,129.95,4
541605,114.6,4
541606,114.68,4
541609,57.9,4
541732,94.36,4
541756,581.58,4
541860,58.88,4
541881,66.93,4
541960,282.6,4
542004,88.8,4
542142,174.6,4
542235,193.8,4
542320,126.75,4
542375,74.1,4
542707,185.4,4
542896,270.0,4
542919,762.0,4
542925,113.64,4
542944,162.1,4
543029,349.89,4
543038,80.6,4
543047,1866.3,4
543127,130.8,4
543130,78.0,4
543167,331.26,4
543247,585.0,4
543248,791.52,4
543379,6155.72,4
543730,112.5,4
543823,540.0,4
543901,61.2,4
543935,153.6,4
543994,1696.4,4
543998,264.6,4
544066,147.5,4
544166,337.5,4
544281,355.98,4
544308,347.1,4
544328,100.5,4
544351,825.0,4
544353,300.0,4
544680,9.6,4
544686,7.8,4
544818,95.76,4
544847,71.34,4
544925,234.0,4
545020,74.6,4
545026,247.8,4
545051,92.6,4
545159,13.05,4
545187,109.8,4
545319,412.32,4
545325,329.34,4
545348,134.97,4
545465,114.84,4
545505,470.06,4
545512,73.68,4
545557,231.84,4
545676,212.76,4
545704,61.65,4
545707,673.9,4
545856,89.7,4
545873,63.45,4
545890,72.9,4
546000,72.0,4
546006,60.2,4
546088,69.0,4
546101,13.44,4
546103,129.3,4
546123,123.72,4
546157,54.66,4
546310,243.0,4
546380,13.0,4
546412,60.34,4
546436,116.75,4
546464,734.44,4
546508,184.5,4
546724,6.7,4
546752,82.8,4
546785,127.32,4
546788,209.85,4
546829,62.85,4
546898,8.8,4
546918,309.4,4
546925,410.7,4
546985,73.7,4
547034,293.4,4
547037,1224.6,4
547047,506.4,4
547057,88.65,4
547077,93.4,4
547084,94.65,4
547101,585.0,4
547105,271.52,4
547196,4.63,4
547227,147.6,4
547373,450.5,4
547550,165.72,4
547576,61.76,4
547685,74.7,4
547724,45.0,4
547727,878.16,4
547812,5513.32,4
547821,888.0,4
547834,225.6,4
547863,65.7,4
547876,136.35,4
547893,89.25,4
547965,63.42,4
548013,65.16,4
548333,132.7,4
548336,435.0,4
548368,70.92,4
548447,205.75,4
548466,61.1,4
548494,1182.0,4
548547,226.85,4
548660,199.2,4
548697,299.8,4
548706,231.3,4
548955,327.0,4
549027,5424.0,4
549243,144.1,4
549282,167.0,4
549594,470.4,4
549747,614.0,4
549752,50.0,4
549834,302.4,4
549838,96.0,4
549839,62.0,4
549969,381.0,4
549974,74.8,4
550007,527.0,4
550031,642.0,4
550054,94.6,4
550122,1488.0,4
550156,501.12,4
550197,39.6,4
550338,84.65,4
550357,139.1,4
550448,20.85,4
550465,121.25,4
550483,42.4,4
550524,385.2,4
550797,54.72,4
550917,721.44,4
550949,8.97,4
550990,447.6,4
550998,202.8,4
551011,187.05,4
551143,67.5,4
551151,134.4,4
551181,338.1,4
551187,312.9,4
551189,870.0,4
551200,13.5,4
551202,122.4,4
551211,141.4,4
551280,35.4,4
551528,56.39,4
551535,133.85,4
551647,62.28,4
551720,76.65,4
551725,565.0,4
551815,77.1,4
551874,385.14,4
551976,546.6,4
551978,108.96,4
552028,64.06,4
552127,59.9,4
552171,1128.6,4
552283,92.85,4
552319,59.05,4
552441,128.0,4
552461,331.8,4
552661,200.6,4
552725,72.0,4
552855,514.08,4
552945,171.92,4
552947,97.1,4
552966,70.35,4
552974,77.24,4
553038,86.7,4
553062,821.0,4
553064,51.4,4
553131,212.4,4
553172,132.0,4
553201,25.75,4
553223,72.4,4
553227,90.7,4
553239,109.32,4
553344,298.8,4
553350,132.0,4
553412,61.5,4
553468,921.6,4
553469,702.0,4
553471,695.44,4
553484,298.6,4
553499,160.35,4
553614,427.8,4
553625,822.6,4
553682,672.4,4
553734,147.54,4
553867,451.7,4
553884,184.26,4
553885,82.65,4
553927,784.92,4
553936,71.4,4
553979,481.7,4
554003,328.8,4
554110,91.5,4
554135,73.02,4
554141,51.36,4
554164,279.05,4
554264,112.7,4
554269,62.4,4
554274,49.8,4
554322,109.8,4
554366,9468.48,4
554379,254.7,4
554547,79.56,4
554815,589.78,4
554820,73.5,4
554943,556.3,4
554966,146.4,4
554982,1155.6,4
555001,185.22,4
555011,75.0,4
555017,49.1,4
555161,69.92,4
555233,45.48,4
555241,226.65,4
555283,64.3,4
555356,352.8,4
555394,126.44,4
555403,81.55,4
555415,272.1,4
555479,229.26,4
555491,333.0,4
555578,114.06,4
555579,57.19,4
555585,612.0,4
555632,509.2,4
555695,118.0,4
555861,166.4,4
556016,277.2,4
556022,79.2,4
556035,54.48,4
556062,379.5,4
556190,72.52,4
556192,82.2,4
556203,115.08,4
556230,112.68,4
556235,69.0,4
556323,233.1,4
556466,108.3,4
556540,146.2,4
556572,149.2,4
556667,254.12,4
556720,372.6,4
556921,76.38,4
556928,606.72,4
556967,299.04,4
556972,149.52,4
556977,52.8,4
557010,129.3,4
557014,87.44,4
557089,343.44,4
557113,117.0,4
557134,511.8,4
557135,461.9,4
557218,64.26,4
557294,778.0,4
557320,321.3,4
557327,81.84,4
557523,100.92,4
557524,13.13,4
557617,111.3,4
557736,55.8,4
557860,86.4,4
557942,54.6,4
557969,169.5,4
558039,68.5,4
558044,78.6,4
558069,69.6,4
558093,46.7,4
558108,67.2,4
558181,248.7,4
558472,547.44,4
558574,97.2,4
558737,13.37,4
558779,100.8,4
558886,49.5,4
558918,65.0,4
558990,51.36,4
558994,315.54,4
559021,362.94,4
559048,768.0,4
559127,301.9,4
559154,57.4,4
559156,79.62,4
559205,246.36,4
559332,130.2,4
559519,870.0,4
559609,126.6,4
559685,60.6,4
559883,56.18,4
559916,110.14,4
560095,17.75,4
560109,28.92,4
560181,54.96,4
560184,52.98,4
560191,60.0,4
560201,329.3,4
560263,89.26,4
560267,82.6,4
560269,148.16,4
560355,67.7,4
560441,63.2,4
560452,81.6,4
560501,91.4,4
560544,60.65,4
560570,36.56,4
560595,780.48,4
560596,186.2,4
560604,404.92,4
560605,611.24,4
560725,59.7,4
560924,647.92,4
560988,339.0,4
561021,145.51,4
561044,268.8,4
561064,102.6,4
561065,65.6,4
561132,126.75,4
561170,135.9,4
561193,53.4,4
561196,110.14,4
561200,80.28,4
561472,104.25,4
561532,650.64,4
561570,109.26,4
561593,39.2,4
561634,65.4,4
561641,212.18,4
561643,178.8,4
561644,648.72,4
561646,477.6,4
561676,86.9,4
561692,64.8,4
561883,55.8,4
562092,457.86,4
562109,465.56,4
562123,870.0,4
562140,66.0,4
562224,611.24,4
562272,83.1,4
562277,190.35,4
562287,50.56,4
562332,579.0,4
562355,133.2,4
562442,98.16,4
562447,372.4,4
562550,90.0,4
562572,107.64,4
562729,84.98,4
562776,79.5,4
562924,35.88,4
562967,327.12,4
563028,83.25,4
563075,232.2,4
563163,1069.2,4
563192,311.2,4
563204,125.0,4
563251,182.65,4
563372,48.0,4
563465,134.4,4
563506,41.33,4
563544,287.04,4
563560,103.2,4
563576,30.6,4
563812,88.5,4
563846,398.7,4
563850,138.68,4
563852,70.5,4
563857,126.0,4
563900,1432.0,4
563910,377.25,4
563919,122.28,4
563945,66.24,4
564075,69.54,4
564089,291.4,4
564146,480.0,4
564148,98.88,4
564228,116.88,4
564311,1611.0,4
564326,112.1,4
564332,354.62,4
564333,116.16,4
564334,213.9,4
564398,86.1,4
564475,360.0,4
564563,301.92,4
564614,130.99,4
564723,169.38,4
564967,102.48,4
565126,154.6,4
565139,550.98,4
565212,77.31,4
565225,121.92,4
565285,1821.6,4
565328,105.0,4
565399,3.12,4
565418,303.83,4
565476,958.8,4
565668,378.75,4
565723,301.8,4
565740,430.32,4
565741,354.62,4
565754,64.8,4
565794,567.6,4
565877,272.34,4
566026,74.4,4
566082,58.1,4
566086,569.4,4
566170,140.5,4
566178,141.9,4
566192,165.2,4
566215,89.25,4
566237,57.9,4
566311,170.1,4
566318,217.3,4
566328,153.72,4
566447,637.92,4
566623,112.08,4
566633,299.04,4
566718,446.25,4
566863,72.3,4
566974,91.7,4
567171,716.0,4
567192,4.86,4
567489,123.65,4
567515,255.3,4
567634,699.72,4
567874,73.8,4
567913,176.2,4
567934,109.2,4
568383,152.2,4
568389,164.28,4
568509,504.96,4
568535,66.66,4
568648,415.5,4
568653,522.48,4
568803,365.52,4
568869,53.2,4
568881,128.1,4
569035,88.8,4
569077,38.08,4
569368,260.1,4
569373,128.64,4
569418,284.16,4
569531,146.1,4
569561,67.3,4
569581,80.3,4
569649,612.0,4
569678,9.01,4
569697,82.11,4
569889,323.04,4
570089,352.72,4
570094,4186.08,4
570100,110.4,4
570251,196.8,4
570266,292.2,4
570429,801.08,4
570495,102.96,4
570665,17.1,4
570794,158.4,4
570795,149.52,4
570865,46.8,4
570896,83.05,4
571048,43.8,4
571099,143.28,4
571100,106.92,4
571118,66.3,4
571301,303.3,4
571430,312.0,4
571462,75.36,4
571622,76.34,4
571642,17.65,4
571685,181.2,4
571729,599.04,4
571836,28.5,4
572032,55.42,4
572048,441.2,4
572053,83.2,4
572060,67.68,4
572089,84.36,4
572107,49.97,4
572184,391.7,4
572310,7.33,4
572338,229.5,4
572487,46.35,4
572504,83.9,4
572545,1896.72,4
572773,78.72,4
572835,570.5,4
572870,226.56,4
572928,81.3,4
573110,532.42,4
573124,99.6,4
573133,138.66,4
573134,74.65,4
573146,401.1,4
573168,320.42,4
573354,141.05,4
573372,78.9,4
573776,65.55,4
573877,109.8,4
573900,70.25,4
573902,227.98,4
574018,90.96,4
574138,375.24,4
574255,74.25,4
574325,387.24,4
574355,85.32,4
574383,80.6,4
574711,78.0,4
574723,82.94,4
574827,45.6,4
574935,301.04,4
575050,777.6,4
575088,64.7,4
575165,74.04,4
575170,108.85,4
575184,370.8,4
575191,162.0,4
575192,214.8,4
575204,99.18,4
575209,49.8,4
575317,312.9,4
575319,76.05,4
575581,73.68,4
575873,640.84,4
575874,61.36,4
575966,101.18,4
575978,221.4,4
576349,38.68,4
576373,113.73,4
576596,72.0,4
576610,46.62,4
576641,120.66,4
576671,55.16,4
576693,443.4,4
576789,42.12,4
576869,599.04,4
577032,91.8,4
577048,65.7,4
577054,103.2,4
577060,131.8,4
577103,53.7,4
577135,135.72,4
577162,137.3,4
577334,446.94,4
577356,114.6,4
577724,97.5,4
577727,347.76,4
577734,132.0,4
577830,174.6,4
578034,513.24,4
578111,79.28,4
578113,92.4,4
578119,72.0,4
578271,90.02,4
578304,335.8,4
578319,107.76,4
578321,2990.0,4
578512,197.08,4
578699,229.56,4
578792,231.04,4
578793,1684.62,4
578802,107.0,4
578816,382.35,4
578820,400.08,4
578835,135.72,4
579008,389.28,4
579010,103.6,4
579121,91.06,4
579126,348.32,4
579130,163.02,4
579160,58.4,4
579163,730.08,4
579180,621.6,4
579183,481.68,4
579276,75.0,4
579288,13.8,4
579406,177.5,4
579459,321.9,4
579542,107.6,4
579779,80.85,4
579920,352.56,4
579939,215.25,4
580045,235.98,4
580095,303.0,4
580110,72.24,4
580173,52.34,4
580281,158.76,4
580303,135.0,4
580387,86.54,4
580525,232.0,4
580558,164.4,4
580655,22.05,4
580668,5.48,4
580756,59.28,4
580774,90.6,4
580881,83.2,4
580906,339.48,4
580962,59.66,4
580967,100.5,4
580993,274.8,4
581138,360.0,4
581430,92.24,4
581432,341.76,4
581461,150.84,4
536385,93.9,5
536387,3193.92,5
536529,77.45,5
536534,115.65,5
536586,105.0,5
536593,81.75,5
536594,79.5,5
536671,136.2,5
536707,89.4,5
536736,824.88,5
536738,77.28,5
536777,138.1,5
536785,1154.16,5
536806,45.12,5
536858,223.4,5
536944,620.0,5
537384,122.7,5
537394,81.18,5
537592,327.4,5
537615,139.0,5
537673,345.7,5
537843,93.8,5
537846,201.6,5
537847,165.45,5
537854,154.8,5
537861,80.85,5
537883,63.0,5
537884,350.73,5
537891,88.8,5
538037,112.6,5
538049,18.4,5
538185,154.98,5
538252,168.1,5
538503,338.44,5
538519,11.35,5
538648,760.32,5
538654,91.9,5
538830,146.46,5
538856,293.4,5
538864,360.06,5
538909,97.5,5
539032,74.4,5
539076,391.0,5
539091,163.8,5
539102,1431.6,5
539275,228.6,5
539296,75.78,5
539407,152.28,5
539443,493.68,5
539445,148.18,5
539564,580.92,5
539716,148.0,5
539859,192.4,5
539867,94.2,5
539921,20.3,5
540162,82.9,5
540170,170.4,5
540184,79.5,5
540263,169.8,5
540274,211.8,5
540405,582.0,5
540544,73.5,5
540630,54.2,5
540983,1289.5,5
540996,87.0,5
541008,72.26,5
541093,137.85,5
541136,240.3,5
541226,214.2,5
541272,110.45,5
541278,167.4,5
541290,103.56,5
541316,98.6,5
541436,315.0,5
541439,69.6,5
541672,135.0,5
541677,303.04,5
541706,304.02,5
541791,101.25,5
541867,163.5,5
541876,83.4,5
541976,127.7,5
541988,585.0,5
541998,187.44,5
542126,564.39,5
542146,134.55,5
542230,110.7,5
542350,74.42,5
542355,337.5,5
542411,135.02,5
542587,304.74,5
542606,163.8,5
542632,460.5,5
542641,203.8,5
542712,327.98,5
542718,161.55,5
542865,70.95,5
542872,354.24,5
542897,303.0,5
542920,765.0,5
543025,68.1,5
543046,84.55,5
543168,693.48,5
543394,1495.2,5
543483,78.62,5
543485,80.7,5
543549,1045.44,5
543550,95.1,5
543588,1127.52,5
543797,101.4,5
543799,119.76,5
543813,31.35,5
543833,85.4,5
543912,379.74,5
544084,89.2,5
544196,202.9,5
544322,145.2,5
544340,152.4,5
544404,177.9,5
544473,266.91,5
544477,567.84,5
544633,131.8,5
544652,479.76,5
544769,417.96,5
544779,85.05,5
544915,179.04,5
544939,124.8,5
545002,278.28,5
545016,68.4,5
545030,532.72,5
545032,289.8,5
545083,103.65,5
545181,124.5,5
545310,17.67,5
545320,1317.15,5
545426,101.46,5
545644,1920.48,5
545647,131.4,5
545680,346.1,5
545888,416.22,5
545896,61.59,5
545912,149.9,5
546032,67.25,5
546087,84.36,5
546153,337.5,5
546171,130.56,5
546253,130.26,5
546301,93.18,5
546326,583.3,5
546402,156.6,5
546411,1919.04,5
546442,207.3,5
546526,285.0,5
546662,85.05,5
546688,78.9,5
546767,77.16,5
546768,409.56,5
546832,333.74,5
546863,676.2,5
546877,142.4,5
546929,351.3,5
546996,234.24,5
547022,22.24,5
547038,211.5,5
547041,300.0,5
547072,65.77,5
547201,313.92,5
547220,154.4,5
547244,131.26,5
547340,362.0,5
547406,170.94,5
547489,99.15,5
547539,119.8,5
547762,83.14,5
547787,409.5,5
547879,83.16,5
547972,817.5,5
548315,77.12,5
548318,345.65,5
548319,84.6,5
548320,207.5,5
548627,1445.6,5
548634,87.1,5
548652,135.0,5
548696,81.2,5
548892,73.25,5
549046,303.4,5
549206,104.4,5
549237,77.61,5
549297,196.8,5
549306,77.84,5
549310,190.82,5
549319,129.45,5
549412,718.6,5
549428,453.0,5
549432,115.7,5
549434,278.76,5
549665,134.8,5
549694,36.2,5
549937,257.3,5
549970,45.3,5
550032,56.86,5
550160,390.6,5
550187,222.75,5
550340,71.42,5
550343,174.6,5
550364,86.9,5
550461,21535.9,5
550755,103.3,5
550798,230.7,5
550811,119.1,5
550916,113.85,5
550944,34.05,5
551062,709.2,5
551133,708.6,5
551150,119.3,5
551164,20.4,5
551314,1292.96,5
551341,284.25,5
551383,100.0,5
551421,72.55,5
551469,6.32,5
551501,354.72,5
551559,392.16,5
551563,1102.86,5
551652,338.24,5
551660,86.76,5
551726,593.52,5
551814,75.9,5
551839,453.02,5
551881,295.08,5
551962,123.75,5
552032,67.95,5
552034,143.46,5
552191,39.0,5
552202,125.85,5
552240,150.1,5
552263,86.35,5
552284,321.9,5
552299,71.4,5
552451,301.6,5
552479,75.72,5
552521,71.82,5
552548,102.05,5
552806,85.0,5
552837,140.04,5
552842,31.65,5
552890,328.15,5
552955,330.4,5
552960,352.7,5
553040,231.4,5
553093,558.94,5
553095,417.4,5
553160,85.36,5
553196,28.75,5
553316,82.08,5
553317,343.44,5
553371,245.88,5
553475,866.4,5
553496,88.2,5
553571,30.7,5
553612,142.95,5
553689,97.86,5
553706,302.64,5
553726,259.32,5
553733,92.1,5
553749,253.8,5
553753,259.2,5
553835,79.4,5
553907,87.43,5
553917,108.6,5
553938,90.6,5
554018,79.3,5
554026,473.52,5
554053,143.6,5
554055,303.46,5
554068,86.5,5
554087,276.12,5
554107,205.7,5
554146,126.75,5
554307,457.68,5
554350,86.85,5
554496,452.0,5
554579,137.2,5
554645,52.9,5
554705,364.38,5
554819,10.5,5
554869,338.28,5
554915,325.6,5
555103,104.0,5
555113,87.5,5
555242,133.56,5
555287,214.94,5
555382,1437.12,5
555498,107.65,5
555521,389.61,5
555571,105.0,5
555584,155.8,5
555732,103.25,5
555733,402.08,5
555808,96.14,5
555832,129.9,5
555842,84.51,5
556010,598.0,5
556114,124.14,5
556118,297.0,5
556302,1035.76,5
556435,100.2,5
556464,46.92,5
556500,82.82,5
556508,83.1,5
556539,73.9,5
556795,113.18,5
556881,120.86,5
556922,14.25,5
556998,203.4,5
557041,88.55,5
557103,56.11,5
557114,107.4,5
557121,360.04,5
557124,183.92,5
557215,68.22,5
557256,274.56,5
557261,77.25,5
557470,589.44,5
557529,385.78,5
557623,47.0,5
557774,123.62,5
557848,88.62,5
557856,86.31,5
557859,74.75,5
557953,25.06,5
558182,434.04,5
558259,84.8,5
558264,98.3,5
558376,60.8,5
558458,38.1,5
558622,120.05,5
558626,77.28,5
558708,10.76,5
558747,143.71,5
558893,62.6,5
558910,1141.2,5
558920,104.34,5
559035,124.68,5
559091,224.84,5
559152,76.95,5
559323,203.6,5
559355,80.76,5
559532,13.01,5
559637,1236.48,5
559640,533.02,5
559661,213.7,5
559700,1752.06,5
559768,197.52,5
559815,757.6,5
559827,346.8,5
559872,47.24,5
559900,214.2,5
559940,791.7,5
559990,87.3,5
560180,134.07,5
560247,111.9,5
560266,262.2,5
560272,132.1,5
560545,87.6,5
560695,785.0,5
560805,120.0,5
560879,64.02,5
560908,86.24,5
560929,53.79,5
561031,307.8,5
561032,91.3,5
561048,761.76,5
561052,711.84,5
561111,734.0,5
561115,203.4,5
561118,102.45,5
561199,337.5,5
561224,895.0,5
561284,87.96,5
561353,208.2,5
561381,34.28,5
561533,585.0,5
561597,106.7,5
561624,81.6,5
561669,618.4,5
561697,94.2,5
561732,98.36,5
561743,221.8,5
561858,406.0,5
561880,173.88,5
562018,687.0,5
562039,85.8,5
562216,99.1,5
562290,98.05,5
562422,62.64,5
562462,520.1,5
562490,66.6,5
562520,162.3,5
562525,74.71,5
562555,281.46,5
562573,78.21,5
562589,107.64,5
562600,129.1,5
562614,24.88,5
562806,79.6,5
562854,185.96,5
562886,120.71,5
562891,81.6,5
562902,67.08,5
562942,176.85,5
562947,403.05,5
563014,383.96,5
563247,256.08,5
563260,50.28,5
563356,239.97,5
563451,104.7,5
563548,120.3,5
563616,1536.0,5
563836,69.28,5
563956,102.24,5
563982,174.96,5
564054,3875.88,5
564132,780.0,5
564159,96.3,5
564309,83.58,5
564373,174.3,5
564376,318.52,5
564428,51.56,5
564717,130.8,5
564741,642.42,5
564764,10.67,5
564839,146.16,5
565093,253.4,5
565222,821.0,5
565247,543.6,5
565251,11.31,5
565291,4913.52,5
565309,300.2,5
565322,65.1,5
565404,72.84,5
565423,73.86,5
565644,299.16,5
565676,238.68,5
565749,228.84,5
565757,183.36,5
566001,14.99,5
566015,45.78,5
566051,86.0,5
566058,183.92,5
566228,889.4,5
566229,174.84,5
566244,126.0,5
566322,145.72,5
566334,410.08,5
566487,358.2,5
566618,621.66,5
566627,310.0,5
566632,69.6,5
566719,70.3,5
566750,382.2,5
566846,275.16,5
566868,54.83,5
566935,6870.0,5
567097,120.3,5
567102,419.58,5
567134,264.9,5
567203,86.9,5
567287,92.35,5
567313,98.3,5
567343,75.75,5
567408,86.0,5
567506,299.7,5
567510,196.02,5
567537,353.58,5
567546,300.12,5
567611,97.83,5
567657,80.43,5
567710,82.5,5
567983,132.48,5
568148,324.0,5
568209,234.6,5
568332,461.4,5
568512,1032.4,5
568537,563.4,5
568552,313.6,5
568785,110.84,5
568870,296.46,5
568943,506.18,5
569080,199.8,5
569258,264.9,5
569419,520.54,5
569679,223.5,5
569684,90.6,5
569723,89.8,5
569727,101.75,5
569837,15.03,5
569840,258.0,5
569856,108.35,5
569857,1658.16,5
569858,887.52,5
569888,457.5,5
569921,107.6,5
569997,729.4,5
570502,83.75,5
570504,125.85,5
570506,68.16,5
570663,269.44,5
570673,103.4,5
570694,134.45,5
570840,62.78,5
570846,12.97,5
570851,296.2,5
571090,79.5,5
571108,126.2,5
571315,119.62,5
571407,330.63,5
571436,127.5,5
571510,91.38,5
571595,701.0,5
571793,131.82,5
571904,71.4,5
571911,103.8,5
571935,103.85,5
572057,44.68,5
572104,91.25,5
572122,139.2,5
572320,178.22,5
572340,967.68,5
572466,112.52,5
572733,480.8,5
572760,142.68,5
572892,326.04,5
572902,679.56,5
572906,142.3,5
572914,127.68,5
572931,109.25,5
573000,389.64,5
573128,290.1,5
573164,235.35,5
573285,118.9,5
573342,94.21,5
573378,92.52,5
573404,166.2,5
573408,125.23,5
573416,245.32,5
573483,305.36,5
573484,94.08,5
573507,79.2,5
573588,79.65,5
573629,85.32,5
573774,632.3,5
573840,772.44,5
574013,300.6,5
574045,409.08,5
574087,114.2,5
574234,78.84,5
574276,1415.92,5
574334,333.6,5
574485,570.92,5
574631,471.84,5
574735,59.36,5
574833,100.95,5
574878,119.29,5
574890,320.8,5
574917,386.74,5
574939,19.59,5
574942,394.56,5
575080,377.28,5
575133,146.88,5
575149,76.5,5
575255,1975.0,5
575302,307.96,5
575328,2640.0,5
575370,125.8,5
575387,76.8,5
575390,55.32,5
575619,495.6,5
575657,112.04,5
575702,108.86,5
575850,451.68,5
575853,81.43,5
575866,504.24,5
575968,341.8,5
575988,75.0,5
576184,93.5,5
576188,106.56,5
576352,95.1,5
576390,102.9,5
576510,152.66,5
576558,338.16,5
576577,180.7,5
576606,274.4,5
576631,226.4,5
576637,313.62,5
576660,201.8,5
576878,86.6,5
576914,73.54,5
577019,194.1,5
577027,209.2,5
577083,145.71,5
577098,472.0,5
577310,754.0,5
577313,157.78,5
577335,355.98,5
577487,333.36,5
577515,97.84,5
577534,23.79,5
577605,400.08,5
577726,147.12,5
577806,82.0,5
577837,213.72,5
577854,189.64,5
577905,291.6,5
578089,246.72,5
578127,370.6,5
578220,341.54,5
578252,530.16,5
578284,71.6,5
578294,91.45,5
578313,110.23,5
578375,240.39,5
578550,94.34,5
578668,195.0,5
578683,151.38,5
579128,161.4,5
579278,171.6,5
579280,90.9,5
579281,187.2,5
579285,76.95,5
579339,337.28,5
579364,194.55,5
579619,117.54,5
579789,75.35,5
579922,302.28,5
579937,98.1,5
580022,78.48,5
580023,300.6,5
580029,365.4,5
580060,93.35,5
580063,1562.4,5
580074,114.7,5
580076,180.84,5
580090,157.75,5
580100,113.88,5
580102,80.8,5
580104,441.84,5
580132,289.68,5
580139,157.54,5
580144,161.4,5
580166,312.64,5
580277,121.11,5
580292,264.99,5
580351,95.85,5
580431,163.62,5
580438,111.45,5
580530,118.5,5
580532,528.12,5
580535,100.87,5
580631,90.96,5
580638,94.26,5
580658,224.04,5
580722,147.56,5
580742,1225.0,5
580746,149.55,5
580830,88.34,5
580902,569.12,5
580977,124.2,5
580984,295.6,5
581005,83.62,5
581068,244.66,5
581221,260.4,5
581324,74.58,5
581333,103.95,5
581358,93.9,5
581448,129.65,5
581482,357.0,5
536437,842.12,6
536526,182.24,6
536566,116.25,6
536580,97.2,6
536663,299.4,6
536676,93.6,6
536740,82.8,6
536761,88.95,6
536797,130.8,6
536832,119.4,6
536852,71.14,6
536985,128.15,6
536990,103.8,6
537031,135.0,6
537038,360.55,6
537067,27.45,6
537213,8.65,6
537221,28.85,6
537246,101.4,6
537423,166.0,6
537472,111.54,6
537620,97.8,6
537625,87.5,6
537659,12776.64,6
537681,172.8,6
537780,127.05,6
537796,405.16,6
537890,100.2,6
538178,157.9,6
538181,126.0,6
538211,188.7,6
538240,171.06,6
538366,198.8,6
538512,91.45,6
538522,539.2,6
538528,103.5,6
538535,110.05,6
538640,145.0,6
538812,74.25,6
538845,92.82,6
538859,658.2,6
538871,476.7,6
538993,101.2,6
539080,109.82,6
539257,1722.9,6
539266,93.05,6
539282,131.4,6
539299,112.2,6
539330,89.2,6
539578,1440.0,6
539629,239.9,6
540182,229.56,6
540361,304.2,6
540383,406.77,6
540416,122.46,6
540507,1933.2,6
540548,111.3,6
540770,130.8,6
540800,302.36,6
540991,307.05,6
541087,87.1,6
541119,127.8,6
541172,102.65,6
541288,247.65,6
541294,157.2,6
541427,405.0,6
541483,90.45,6
541597,456.27,6
541797,17.2,6
541814,748.94,6
541873,105.2,6
541884,200.1,6
541916,151.06,6
542025,303.8,6
542026,118.65,6
542108,133.5,6
542129,111.0,6
542143,561.3,6
542223,100.85,6
542609,95.75,6
542782,167.45,6
543027,113.76,6
543031,75.68,6
543106,151.2,6
543177,268.75,6
543287,620.37,6
543294,47.45,6
543357,124.05,6
543446,121.3,6
543449,285.0,6
543478,713.04,6
543596,85.5,6
543825,246.2,6
544092,77.5,6
544095,169.5,6
544096,125.4,6
544129,434.6,6
544158,132.6,6
544164,601.94,6
544176,94.31,6
544178,388.05,6
544195,152.7,6
544199,244.68,6
544277,101.3,6
544317,131.4,6
544354,77.28,6
544585,99.9,6
544650,12.65,6
544693,94.0,6
544724,142.95,6
544816,485.04,6
544926,105.2,6
545049,109.85,6
545237,133.25,6
545279,114.0,6
545328,119.65,6
545630,223.05,6
545646,38.0,6
545648,96.8,6
545656,99.0,6
545684,211.8,6
545711,105.4,6
545904,106.75,6
545993,421.09,6
546090,592.34,6
546120,79.92,6
546316,157.2,6
546397,153.75,6
546432,116.4,6
546433,90.18,6
546761,381.2,6
546765,96.86,6
546770,85.39,6
546860,316.82,6
546981,114.3,6
546999,683.42,6
547003,118.75,6
547017,80.5,6
547029,54.6,6
547107,155.26,6
547171,71.55,6
547192,95.8,6
547204,90.8,6
547518,1320.0,6
547521,100.95,6
547558,147.0,6
547645,157.9,6
547820,141.72,6
547890,223.9,6
547935,85.4,6
548566,127.3,6
548656,16.7,6
548734,85.65,6
548871,91.48,6
548899,825.96,6
548970,1155.0,6
549048,113.1,6
549183,144.95,6
549190,174.0,6
549256,91.8,6
549287,40.41,6
549308,116.46,6
549436,113.89,6
549442,330.94,6
549443,87.9,6
549590,247.8,6
549597,403.34,6
549619,666.32,6
549678,435.0,6
549683,112.8,6
549934,110.1,6
549956,186.88,6
549959,110.4,6
550126,129.5,6
550182,331.28,6
550286,205.2,6
550292,48.9,6
550623,132.9,6
550625,389.68,6
550635,423.36,6
550667,2016.0,6
550936,207.0,6
551001,564.5,6
551162,339.24,6
551185,330.0,6
551343,149.2,6
551350,318.6,6
551384,245.7,6
551389,165.6,6
551413,314.22,6
551427,142.52,6
551543,93.9,6
551819,364.18,6
551834,75.66,6
551856,312.72,6
551882,96.2,6
551886,111.18,6
551890,134.7,6
551959,95.63,6
552011,93.45,6
552041,105.9,6
552236,359.7,6
552242,26.83,6
552253,187.98,6
552254,158.26,6
552287,90.0,6
552297,96.4,6
552314,90.6,6
552327,137.95,6
552491,300.3,6
552557,404.7,6
552845,446.4,6
552875,186.52,6
552971,140.82,6
552972,161.19,6
553003,7.8,6
553143,89.25,6
553144,619.5,6
553145,156.6,6
553209,266.7,6
553212,104.16,6
553213,636.64,6
553226,124.7,6
553403,159.49,6
553419,162.95,6
553421,139.8,6
553498,302.1,6
553650,123.36,6
553727,156.45,6
553730,521.46,6
553742,310.5,6
553781,139.15,6
553850,116.04,6
553855,310.5,6
553881,318.24,6
553892,140.7,6
553978,1692.0,6
554050,168.49,6
554071,261.05,6
554111,114.6,6
554122,143.1,6
554272,2843.6,6
554282,1742.8,6
554351,176.1,6
554502,124.68,6
554629,135.14,6
554655,367.28,6
554700,139.03,6
554707,1090.76,6
554789,426.96,6
554818,292.6,6
554850,388.18,6
554955,120.7,6
554988,119.71,6
555004,92.6,6
555157,219.5,6
555198,58.1,6
555251,142.08,6
555588,84.77,6
555646,320.2,6
555813,87.9,6
555843,91.26,6
555945,331.9,6
555948,136.86,6
555950,136.5,6
556064,300.63,6
556191,184.28,6
556253,100.8,6
556631,58.08,6
556714,976.25,6
556814,98.49,6
556892,103.04,6
556956,1084.24,6
556961,810.6,6
556965,252.0,6
557015,246.0,6
557033,102.3,6
557131,183.4,6
557286,178.52,6
557295,107.46,6
557303,101.88,6
557329,107.6,6
557485,2876.0,6
557667,309.81,6
557670,1607.04,6
557935,270.6,6
557968,343.7,6
558030,112.36,6
558062,603.96,6
558094,131.45,6
558193,768.0,6
558265,333.7,6
558351,222.9,6
558362,1353.2,6
558386,47.92,6
558443,403.44,6
558775,7786.0,6
558776,5496.0,6
559023,737.04,6
559097,109.0,6
559129,99.5,6
559164,587.46,6
559204,909.24,6
559325,219.78,6
559352,46.85,6
559462,280.85,6
559477,170.9,6
559605,213.06,6
559798,100.32,6
559810,243.65,6
559877,100.77,6
559986,98.45,6
560101,105.0,6
560210,47.65,6
560274,74.73,6
560280,705.3,6
560286,898.44,6
560581,611.76,6
560693,119.18,6
560715,120.2,6
560792,335.1,6
560931,175.05,6
560976,83.7,6
561001,223.47,6
561046,452.0,6
561089,106.45,6
561191,299.4,6
561244,100.82,6
561257,346.77,6
561636,344.4,6
561659,3453.72,6
561664,569.04,6
561675,119.64,6
561714,100.5,6
561802,161.68,6
561908,120.5,6
562107,500.24,6
562138,477.75,6
562148,203.27,6
562152,205.1,6
562372,754.8,6
562431,47.29,6
562459,757.2,6
562521,314.56,6
562541,985.92,6
562566,128.7,6
562568,107.4,6
562583,141.17,6
562586,316.38,6
562713,401.64,6
562777,356.0,6
562844,107.72,6
563038,923.64,6
563198,519.54,6
563203,348.0,6
563259,136.16,6
563346,141.72,6
563438,166.32,6
563482,29.85,6
563562,697.6,6
563622,98.55,6
563726,313.62,6
563747,481.6,6
563832,109.45,6
563840,90.22,6
563896,305.4,6
563923,157.8,6
563939,114.94,6
563941,327.15,6
563949,283.8,6
564143,177.9,6
564219,786.84,6
564231,108.62,6
564248,457.92,6
564312,3744.0,6
564357,137.96,6
564374,97.0,6
564538,581.98,6
564543,129.75,6
565084,576.74,6
565125,109.5,6
565181,1386.0,6
565199,219.24,6
565202,227.85,6
565220,114.5,6
565221,305.8,6
565244,125.45,6
565250,120.5,6
565321,91.38,6
565338,82.36,6
565412,629.04,6
565414,121.2,6
565459,859.68,6
565587,429.3,6
565724,159.5,6
565778,147.1,6
566232,175.04,6
566236,110.1,6
566256,94.38,6
566265,103.3,6
566398,139.05,6
566432,88.56,6
566586,181.8,6
566630,157.2,6
566649,378.0,6
566729,57.84,6
566928,144.48,6
567239,269.04,6
567252,314.88,6
567346,902.4,6
567376,902.4,6
567425,902.4,6
567456,703.0,6
567513,305.5,6
567640,75.68,6
567669,1862.0,6
567785,1074.0,6
567803,3877.56,6
567806,452.84,6
567856,56.3,6
567860,216.12,6
567894,233.34,6
567941,78.95,6
568001,249.48,6
568136,438.32,6
568178,105.06,6
568199,186.95,6
568342,149.34,6
568343,418.82,6
568368,93.69,6
568485,566.56,6
568530,226.8,6
568647,168.32,6
568700,122.13,6
568728,513.2,6
569018,111.68,6
569081,44.35,6
569087,74.4,6
569240,124.08,6
569337,2034.0,6
569515,254.48,6
569567,105.3,6
569575,108.38,6
569698,92.46,6
569719,668.16,6
569839,2327.0,6
569841,124.3,6
569912,95.54,6
569914,373.88,6
570014,104.6,6
570023,98.8,6
570092,1728.0,6
570123,69.95,6
570128,910.0,6
570195,151.24,6
570196,183.48,6
570227,259.02,6
570250,104.82,6
570411,115.68,6
570445,12.12,6
570511,186.8,6
570512,424.8,6
570825,289.74,6
570834,92.72,6
570847,87.39,6
570877,249.6,6
570984,101.93,6
571063,300.85,6
571169,119.9,6
571245,350.22,6
571298,2327.0,6
571352,93.35,6
571504,301.08,6
571662,125.79,6
571741,112.46,6
571852,109.92,6
571898,85.8,6
571917,318.8,6
571938,170.4,6
572188,463.8,6
572191,78.18,6
572210,124.8,6
572298,42.95,6
572392,278.3,6
572462,422.58,6
572682,134.28,6
572738,82.56,6
572812,101.75,6
572876,109.17,6
572904,227.86,6
573006,265.84,6
573113,99.44,6
573156,756.72,6
573179,644.28,6
573272,366.12,6
573281,105.0,6
573284,85.38,6
573351,181.32,6
573355,133.08,6
573365,187.35,6
573419,141.94,6
573423,283.77,6
573531,321.32,6
573599,447.3,6
573758,108.98,6
573887,94.75,6
573893,171.2,6
573994,99.42,6
574285,2907.2,6
574305,110.4,6
574442,267.48,6
574531,37.29,6
574586,247.9,6
574592,105.1,6
574697,104.28,6
574698,152.2,6
574715,346.35,6
574888,637.5,6
574899,101.4,6
574919,102.3,6
575045,101.64,6
575071,145.6,6
575135,81.42,6
575190,742.2,6
575217,117.65,6
575360,101.7,6
575391,87.78,6
575492,108.5,6
575595,125.4,6
575633,150.8,6
575674,105.48,6
575684,300.38,6
575691,108.15,6
575697,77.64,6
575708,75.98,6
575724,486.65,6
575737,197.64,6
575741,110.4,6
575949,357.96,6
575958,22.22,6
576186,157.3,6
576275,948.48,6
576346,91.66,6
576359,1152.6,6
576392,332.46,6
576403,108.43,6
576601,81.54,6
576786,238.99,6
576824,408.66,6
576891,120.9,6
576929,112.78,6
576995,194.66,6
577028,191.4,6
577091,98.05,6
577170,176.55,6
577352,126.0,6
577405,108.02,6
577491,125.99,6
577525,143.45,6
577538,101.2,6
577548,29.4,6
577617,95.52,6
577669,171.06,6
577757,13.77,6
577841,205.62,6
577857,221.64,6
577973,394.14,6
578035,284.04,6
578071,272.36,6
578105,89.08,6
578106,312.5,6
578116,297.81,6
578246,116.46,6
578288,39.05,6
578295,168.3,6
578314,262.65,6
578334,82.8,6
578352,129.5,6
578359,1074.0,6
578621,121.66,6
578663,93.78,6
578807,331.52,6
579122,309.82,6
579407,214.8,6
579419,94.02,6
579670,95.91,6
579677,158.86,6
579678,320.04,6
579962,107.42,6
580109,322.74,6
580112,300.84,6
580155,429.06,6
580176,388.36,6
580258,672.8,6
580314,20.11,6
580388,105.05,6
580394,207.76,6
580651,102.99,6
580717,507.55,6
580719,534.96,6
580738,319.08,6
580905,106.53,6
580915,99.0,6
580992,87.3,6
581011,221.44,6
581014,175.5,6
581172,321.72,6
581232,523.2,6
581356,101.1,6
581361,158.46,6
581375,3374.4,6
581411,238.3,6
581423,145.7,6
581434,115.46,6
536365,139.12,7
536556,90.6,7
536567,251.4,7
536739,107.15,7
536744,266.4,7
536771,118.38,7
536795,333.72,7
536802,163.3,7
536971,214.16,7
536983,123.53,7
536986,124.14,7
537215,358.56,7
537415,168.0,7
537447,151.3,7
537617,160.26,7
537619,230.4,7
537649,112.6,7
537655,93.25,7
537813,376.3,7
537817,168.6,7
537851,356.4,7
537862,111.53,7
538268,116.9,7
538279,686.16,7
538345,106.4,7
538527,418.92,7
538596,168.0,7
538656,84.88,7
538658,125.2,7
538688,148.36,7
538878,216.0,7
538910,116.1,7
539094,157.35,7
539105,127.33,7
539111,177.4,7
539248,133.56,7
539254,243.12,7
539298,102.3,7
539391,140.64,7
539403,123.5,7
539418,109.62,7
539474,12.8,7
539628,182.52,7
539636,336.36,7
539723,349.0,7
540028,126.0,7
540153,331.6,7
540245,379.44,7
540345,183.9,7
540518,97.5,7
540671,322.53,7
540782,124.4,7
540823,288.5,7
540840,108.67,7
540855,445.6,7
540857,314.0,7
540940,108.33,7
540951,156.0,7
541004,131.66,7
541135,179.1,7
541248,8.52,7
541250,35.28,7
541357,117.0,7
541428,118.45,7
541479,707.88,7
541521,169.74,7
541585,155.45,7
541664,260.0,7
541962,109.05,7
541963,52.35,7
541990,99.65,7
542059,106.83,7
542065,37.3,7
542098,120.6,7
542113,111.15,7
542123,144.5,7
542124,98.58,7
542133,153.78,7
542240,113.4,7
542242,112.2,7
542254,410.84,7
542430,273.9,7
542511,202.8,7
542614,197.25,7
542728,304.44,7
542927,283.66,7
542989,128.91,7
543048,373.94,7
543184,303.58,7
543192,1987.62,7
543284,117.75,7
543325,110.7,7
543380,143.1,7
543529,105.45,7
543593,597.3,7
543748,313.8,7
544093,363.36,7
544395,301.85,7
544482,659.28,7
544592,78.95,7
544697,145.2,7
544826,18.75,7
544898,112.2,7
544905,89.25,7
545011,43.65,7
545042,743.1,7
545069,240.6,7
545155,82.3,7
545170,170.05,7
545309,138.15,7
545412,597.81,7
545430,235.1,7
545550,148.49,7
545575,264.28,7
545597,30.25,7
545668,390.33,7
545686,116.4,7
545706,167.3,7
545708,116.78,7
545710,90.6,7
545883,122.45,7
545916,107.13,7
545918,320.62,7
546035,229.8,7
546037,145.4,7
546110,261.6,7
546164,547.35,7
546247,101.34,7
546254,116.03,7
546372,349.2,7
546391,103.65,7
546441,446.8,7
546443,349.8,7
546642,263.88,7
546757,282.3,7
546776,118.98,7
546869,120.33,7
546914,177.15,7
547033,168.7,7
547051,87.78,7
547059,45.4,7
547197,108.42,7
547324,241.3,7
547390,120.33,7
547486,330.24,7
547494,207.8,7
547570,103.35,7
547719,231.0,7
547825,125.7,7
547840,324.7,7
547861,285.3,7
547885,220.8,7
547922,128.55,7
548170,183.0,7
548196,103.6,7
548197,96.3,7
548335,106.59,7
548459,125.65,7
548493,437.98,7
548568,98.36,7
548651,444.75,7
548665,193.08,7
548700,17.59,7
548704,937.71,7
548730,475.5,7
548806,182.5,7
548872,108.0,7
548912,361.95,7
549292,42.24,7
549584,155.8,7
549595,728.67,7
549670,141.2,7
549736,133.06,7
549737,158.8,7
549842,162.7,7
549880,311.16,7
549904,49.01,7
549914,203.2,7
549991,314.4,7
549992,516.0,7
550173,152.6,7
550186,376.8,7
550194,283.25,7
550216,146.0,7
550218,354.84,7
550452,169.47,7
550481,147.75,7
550492,128.6,7
550539,134.4,7
550560,116.7,7
550619,150.3,7
550624,109.04,7
550628,91.24,7
550629,127.56,7
550643,35.96,7
550645,157.9,7
550965,48.9,7
551000,159.2,7
551183,169.5,7
551286,244.02,7
551467,268.88,7
551470,112.96,7
551515,320.88,7
551818,166.74,7
551883,306.72,7
551957,53.54,7
551992,333.51,7
552169,115.15,7
552184,128.96,7
552197,211.44,7
552272,1128.94,7
552305,119.75,7
552531,179.43,7
552657,256.16,7
552664,332.1,7
552786,1024.8,7
552870,123.5,7
552962,702.15,7
553039,600.63,7
553164,10.4,7
553168,225.1,7
553193,97.05,7
553342,108.6,7
553352,151.18,7
553577,254.4,7
553681,152.17,7
553683,285.1,7
553732,134.82,7
553853,112.95,7
553895,116.5,7
553902,88.44,7
554008,111.8,7
554014,94.4,7
554031,131.88,7
554073,100.71,7
554555,140.32,7
554635,117.75,7
554646,106.35,7
554656,159.65,7
554674,278.63,7
554701,124.85,7
554711,105.05,7
554718,112.27,7
554853,366.56,7
554865,108.54,7
555003,143.1,7
555194,588.36,7
555243,153.3,7
555351,397.8,7
555496,247.1,7
555538,94.16,7
555554,176.4,7
555555,110.55,7
555593,114.3,7
555918,136.92,7
555934,557.7,7
556019,221.4,7
556060,942.84,7
556070,266.76,7
556115,99.96,7
556128,196.66,7
556240,105.0,7
556271,155.1,7
556670,786.36,7
556681,121.52,7
556719,154.44,7
556723,3060.4,7
556878,69.6,7
557128,80.5,7
557130,118.8,7
557146,86.84,7
557149,13.05,7
557258,126.9,7
557259,191.94,7
557266,120.25,7
557277,118.6,7
557304,95.45,7
557306,234.6,7
557325,325.26,7
557499,151.78,7
557572,519.9,7
557760,542.7,7
557769,93.16,7
557974,301.9,7
558031,131.7,7
558074,937.0,7
558121,132.18,7
558126,628.56,7
558334,116.28,7
558385,478.08,7
558524,187.78,7
558537,294.64,7
558640,88.5,7
558740,111.7,7
558766,306.33,7
558924,234.28,7
558933,139.95,7
558970,108.84,7
558996,103.98,7
558999,221.52,7
559005,302.18,7
559045,178.74,7
559047,1278.1,7
559050,600.72,7
559070,110.55,7
559142,249.42,7
559165,10.74,7
559313,208.2,7
559322,2609.0,7
559328,275.76,7
559690,850.46,7
559703,857.7,7
559709,884.4,7
559818,515.3,7
559927,461.08,7
559982,127.55,7
560258,423.0,7
560279,135.85,7
560363,88.0,7
560443,201.96,7
560536,123.15,7
560553,126.35,7
560646,2365.91,7
560648,710.25,7
560781,268.02,7
560790,727.2,7
560873,563.07,7
560884,890.0,7
560992,137.29,7
561004,284.97,7
561070,136.65,7
561078,150.1,7
561280,130.8,7
561314,136.4,7
561389,411.08,7
561394,144.8,7
561467,151.95,7
561633,8201.55,7
561655,6591.6,7
561677,112.56,7
561688,199.42,7
561705,295.02,7
561796,102.6,7
561800,134.76,7
562029,2327.0,7
562207,1067.22,7
562366,117.48,7
562451,115.95,7
562538,502.02,7
562782,115.5,7
562851,90.4,7
562923,340.9,7
562929,126.3,7
563011,109.98,7
563165,825.6,7
563182,138.32,7
563196,136.85,7
563300,238.0,7
563366,149.6,7
563499,115.5,7
563623,933.72,7
563658,644.96,7
563685,131.85,7
563711,109.9,7
563818,382.3,7
563839,113.5,7
563897,110.55,7
563907,316.98,7
563916,393.14,7
563947,252.9,7
564023,125.7,7
564133,334.1,7
564203,241.44,7
564310,2597.0,7
564358,36.52,7
564561,957.24,7
564902,314.28,7
564959,116.56,7
565153,143.8,7
565454,117.15,7
565667,140.86,7
565792,180.12,7
565937,106.84,7
566089,998.88,7
566173,171.56,7
566188,160.2,7
566242,126.6,7
566259,2027.94,7
566284,160.2,7
566403,501.9,7
566588,191.78,7
566594,117.35,7
566648,153.95,7
566769,151.5,7
566829,586.95,7
566870,154.2,7
566936,4351.0,7
567144,248.64,7
567172,973.84,7
567308,575.46,7
567387,3189.94,7
567458,4563.84,7
567522,272.04,7
567529,132.55,7
567906,492.88,7
567924,205.26,7
567957,143.34,7
568175,102.42,7
568192,342.0,7
568219,116.12,7
568243,93.87,7
568313,180.3,7
568322,104.35,7
568340,145.67,7
568379,165.3,7
568382,150.06,7
568469,204.15,7
568518,131.4,7
568536,291.24,7
568549,114.5,7
568585,93.12,7
568787,165.6,7
569006,83.94,7
569126,291.36,7
569328,157.68,7
569537,97.7,7
569576,434.65,7
569666,120.6,7
569860,121.88,7
569864,303.5,7
569865,54.6,7
569892,145.35,7
569936,286.82,7
569977,100.37,7
570098,207.68,7
570114,413.0,7
570183,121.3,7
570213,152.94,7
570222,229.16,7
570233,82.5,7
570267,95.4,7
570415,120.3,7
570522,2076.0,7
570602,199.47,7
570642,73.66,7
570675,97.5,7
570793,185.51,7
570882,127.34,7
571225,179.86,7
571439,204.24,7
571457,105.22,7
571565,124.2,7
571638,125.1,7
571698,424.36,7
571730,111.09,7
572067,139.8,7
572077,251.8,7
572233,825.12,7
572297,151.86,7
572339,765.12,7
572344,1116.0,7
572348,360.0,7
572352,130.65,7
572560,316.68,7
572683,401.4,7
572756,360.0,7
572764,184.0,7
572838,72.13,7
572871,327.98,7
572881,907.0,7
572893,95.78,7
572924,403.5,7
573095,161.46,7
573132,393.6,7
573136,134.93,7
573262,128.37,7
573334,318.06,7
573349,29.97,7
573371,307.08,7
573442,214.06,7
573504,108.04,7
573775,949.5,7
573890,17.85,7
573932,504.0,7
574017,117.45,7
574315,393.98,7
574537,71.66,7
574717,306.9,7
574755,372.24,7
574842,114.75,7
574895,316.42,7
575131,166.7,7
575166,71.0,7
575187,93.0,7
575256,419.04,7
575389,97.63,7
575510,808.72,7
575604,256.2,7
575618,126.14,7
575676,289.62,7
575732,171.65,7
575743,305.3,7
575887,424.2,7
575890,125.04,7
575897,171.72,7
576097,139.56,7
576175,318.12,7
576224,161.64,7
576239,87.5,7
576354,938.4,7
576356,243.14,7
576519,141.66,7
576571,311.6,7
576595,326.58,7
576622,105.76,7
576623,1301.0,7
576625,121.6,7
576627,341.9,7
576663,247.98,7
576676,134.6,7
576769,107.45,7
576897,188.93,7
576912,411.96,7
576930,243.44,7
577043,174.9,7
577055,599.16,7
577063,447.93,7
577110,113.64,7
577169,110.46,7
577299,108.0,7
577344,104.1,7
577474,104.24,7
577579,111.18,7
577680,219.01,7
577784,102.66,7
577790,104.1,7
577805,1459.76,7
577820,604.0,7
577833,93.2,7
578107,127.68,7
578254,366.8,7
578279,446.58,7
578283,353.52,7
578353,184.2,7
578361,97.14,7
578623,158.42,7
578634,112.38,7
578685,440.64,7
578810,208.7,7
579016,387.78,7
579067,113.55,7
579148,108.6,7
579179,71.09,7
579190,291.62,7
579193,291.62,7
579260,242.4,7
579269,213.96,7
579282,127.76,7
579400,696.8,7
579439,298.48,7
579454,70.81,7
579457,316.7,7
579505,444.87,7
579517,34.12,7
579523,729.6,7
579551,382.5,7
579834,200.04,7
579921,487.92,7
580070,270.9,7
580088,224.68,7
580157,22.94,7
580213,154.97,7
580259,189.18,7
580355,411.32,7
580460,32.19,7
580534,190.24,7
580598,272.4,7
580602,116.84,7
580607,202.62,7
580662,479.58,7
580690,90.04,7
580700,89.94,7
580760,65.66,7
580778,82.04,7
580910,1363.2,7
580969,160.98,7
581004,335.2,7
581017,90.9,7
581018,275.76,7
581022,142.6,7
581105,8345.2,7
581135,561.84,7
581139,822.68,7
581163,438.5,7
581223,83.6,7
581291,105.9,7
581380,194.07,7
581442,256.35,7
536563,164.04,8
536575,1552.98,8
536578,279.6,8
536615,183.27,8
536673,339.84,8
536840,110.4,8
536860,237.4,8
536861,181.5,8
537086,438.0,8
537223,155.75,8
537312,294.24,8
537390,123.24,8
537523,139.65,8
537676,258.9,8
537678,345.96,8
537743,132.05,8
537755,360.44,8
537757,314.1,8
537866,479.0,8
537879,213.3,8
537892,124.38,8
537995,171.2,8
538080,200.0,8
538094,110.28,8
538126,133.4,8
538187,172.7,8
538203,186.6,8
538537,347.71,8
538785,206.0,8
538795,238.6,8
538850,121.85,8
538967,354.48,8
539008,307.8,8
539012,1305.6,8
539047,219.6,8
539142,164.6,8
539285,105.54,8
539303,436.86,8
539326,148.82,8
539328,300.04,8
539415,248.58,8
539483,82.5,8
539561,339.72,8
539641,134.14,8
539946,110.7,8
540001,414.96,8
540032,299.92,8
540115,112.65,8
540253,1263.72,8
540269,186.0,8
540454,368.52,8
540461,122.1,8
540475,73.48,8
540478,2970.0,8
540481,165.88,8
540498,128.55,8
540649,404.12,8
540682,64.14,8
540704,189.72,8
540750,153.9,8
540769,126.26,8
540997,130.85,8
541011,129.67,8
541224,139.95,8
541252,183.4,8
541434,364.64,8
541473,305.52,8
541568,186.6,8
541853,224.75,8
541966,304.1,8
541984,111.78,8
542153,164.7,8
542233,349.8,8
542386,268.8,8
542517,1521.1,8
542568,160.05,8
542583,483.9,8
542590,142.85,8
542720,119.48,8
542995,133.08,8
542996,210.71,8
543002,117.09,8
543003,126.82,8
543011,349.9,8
543023,281.8,8
543095,111.2,8
543214,320.2,8
543350,84.15,8
543392,534.72,8
543452,163.2,8
543457,593.49,8
543482,133.35,8
543540,141.36,8
543602,36.05,8
543618,160.15,8
543664,102.3,8
543746,239.25,8
543801,150.9,8
543914,99.55,8
543923,187.5,8
543934,102.9,8
543983,136.5,8
543987,208.4,8
544045,1023.84,8
544180,233.42,8
544189,133.0,8
544209,163.54,8
544390,95.7,8
544481,113.93,8
544582,250.24,8
544654,113.44,8
544799,111.82,8
544804,306.48,8
544892,69.45,8
544910,144.87,8
545070,240.0,8
545087,513.45,8
545161,144.0,8
545234,166.05,8
545276,110.75,8
545313,199.53,8
545343,128.3,8
545573,124.1,8
545578,137.49,8
545865,2597.4,8
545874,79.4,8
546030,118.5,8
546036,138.1,8
546104,60.3,8
546330,126.5,8
546382,207.88,8
546398,328.82,8
546540,512.28,8
546759,156.9,8
546831,606.84,8
546924,183.6,8
547023,833.1,8
547226,100.7,8
547233,315.9,8
547245,114.56,8
547366,189.55,8
547405,114.0,8
547508,378.0,8
547509,310.8,8
547573,157.16,8
547639,154.95,8
547828,303.66,8
547900,148.8,8
548186,539.3,8
548242,216.3,8
548326,189.84,8
548401,141.85,8
548449,118.4,8
548491,375.35,8
548542,198.2,8
548552,154.75,8
548560,297.12,8
549124,480.9,8
549285,102.12,8
549305,152.3,8
549311,168.05,8
549467,164.9,8
549538,32.32,8
549705,135.31,8
549719,183.85,8
549744,316.2,8
549830,58.03,8
549852,121.8,8
549907,313.8,8
549920,123.2,8
549932,124.8,8
549965,409.2,8
549972,408.9,8
549976,106.4,8
550004,207.18,8
550121,147.6,8
550162,132.54,8
550164,301.42,8
550242,65.28,8
550284,87.36,8
550287,128.84,8
550291,146.0,8
550528,156.22,8
550535,138.6,8
550606,255.04,8
550769,212.19,8
550776,123.9,8
550942,127.85,8
550960,123.85,8
550996,314.92,8
551013,127.7,8
551149,231.31,8
551182,107.28,8
551198,347.68,8
551262,92.16,8
551271,164.15,8
551294,154.66,8
551345,602.36,8
551347,91.6,8
551439,150.87,8
551662,311.13,8
551698,1132.95,8
551728,133.6,8
551730,306.36,8
551845,17.14,8
552033,214.56,8
552037,240.6,8
552196,138.19,8
552246,19.72,8
552251,22.14,8
552279,312.4,8
552294,193.35,8
552450,967.52,8
552463,109.13,8
552639,129.35,8
552649,213.8,8
552690,118.19,8
552699,302.28,8
552732,574.0,8
552735,360.04,8
552830,332.1,8
552860,85.02,8
552881,161.04,8
552954,281.66,8
552967,101.4,8
553001,266.6,8
553021,498.36,8
553130,129.32,8
553166,120.1,8
553186,388.2,8
553382,202.24,8
553410,125.28,8
553491,127.5,8
553525,127.29,8
553676,511.26,8
553878,347.26,8
553909,129.6,8
553932,124.8,8
554109,144.0,8
554121,117.15,8
554123,101.97,8
554315,254.71,8
554503,337.92,8
554505,159.56,8
554552,2044.84,8
554640,1126.6,8
554816,40.64,8
554838,107.85,8
554845,5518.68,8
554859,927.84,8
554922,316.1,8
554969,143.29,8
554975,818.16,8
555005,1093.44,8
555077,111.68,8
555159,80.8,8
555472,303.12,8
555536,171.46,8
555548,96.05,8
555575,138.75,8
555634,159.06,8
555745,142.02,8
555929,765.82,8
555932,124.66,8
556032,237.37,8
556065,146.3,8
556264,217.9,8
556285,72.0,8
556437,110.79,8
556443,555.4,8
556461,830.54,8
556492,587.52,8
556596,98.0,8
556889,111.37,8
556970,194.8,8
557065,161.46,8
557230,135.0,8
557285,602.8,8
557298,200.5,8
557307,139.77,8
557310,111.2,8
557527,545.3,8
557568,108.94,8
557634,80.03,8
557672,135.75,8
557792,100.3,8
557794,142.5,8
557857,110.7,8
557877,130.8,8
557972,149.64,8
558040,151.96,8
558199,76.1,8
558233,324.26,8
558263,756.8,8
558341,173.56,8
558447,856.32,8
558478,104.4,8
558480,125.85,8
558557,428.4,8
558572,228.1,8
558699,117.32,8
558711,18.83,8
558748,115.75,8
558909,789.66,8
558959,351.14,8
559006,307.6,8
559016,491.3,8
559139,477.9,8
559363,157.81,8
559420,148.82,8
559708,116.55,8
559905,152.81,8
559980,202.87,8
560048,106.66,8
560108,208.5,8
560230,309.23,8
560231,225.45,8
560252,105.92,8
560277,89.19,8
560357,121.1,8
560392,217.6,8
560549,573.9,8
560791,116.81,8
560826,512.94,8
560859,87.3,8
560906,141.15,8
560975,167.4,8
561039,452.42,8
561045,124.71,8
561054,332.52,8
561056,133.76,8
561119,148.51,8
561190,113.95,8
561378,134.38,8
561453,353.76,8
561455,267.32,8
561468,350.7,8
561535,311.32,8
561700,231.96,8
561708,130.2,8
561713,689.27,8
561878,127.23,8
561909,301.14,8
562125,62.95,8
562351,198.0,8
562416,114.93,8
562466,231.36,8
562563,302.28,8
562595,142.5,8
562769,190.8,8
562771,550.0,8
563175,339.3,8
563188,303.22,8
563255,57.44,8
563368,135.3,8
563374,354.36,8
563381,129.93,8
563443,128.9,8
563454,194.55,8
563552,179.45,8
563563,6578.08,8
563776,239.37,8
563819,1708.68,8
563835,166.4,8
563849,126.51,8
563893,27.36,8
563936,153.6,8
564380,120.0,8
564429,75.36,8
564440,121.25,8
564532,633.74,8
564540,22.46,8
564551,314.7,8
564666,108.39,8
564712,374.52,8
564721,253.28,8
564816,165.43,8
564852,109.7,8
564901,111.0,8
564961,163.14,8
565121,149.7,8
565128,319.95,8
565145,2732.92,8
565211,121.23,8
565213,2242.32,8
565242,76.56,8
565325,312.64,8
565466,147.7,8
565488,135.1,8
565643,356.75,8
565685,638.4,8
565750,116.84,8
565768,262.4,8
565805,297.0,8
565842,149.64,8
566027,121.81,8
566054,187.8,8
566062,482.07,8
566246,1028.04,8
566248,140.96,8
566257,505.2,8
566485,147.7,8
566575,1658.9,8
566634,690.6,8
566867,1642.18,8
566921,52.22,8
566934,13249.94,8
567139,216.65,8
567141,108.0,8
567159,349.3,8
567162,726.68,8
567311,313.28,8
567329,173.0,8
567344,92.28,8
567426,191.1,8
567623,138.44,8
567698,126.66,8
567707,344.04,8
567942,107.42,8
567960,307.3,8
568099,101.95,8
568216,163.02,8
568225,129.85,8
568235,183.62,8
568594,265.94,8
568652,307.32,8
568658,312.92,8
568783,542.16,8
568954,502.44,8
569004,115.72,8
569021,290.5,8
569078,234.73,8
569334,1909.36,8
569404,180.0,8
569494,449.12,8
569519,108.45,8
569661,139.3,8
569690,131.4,8
569780,370.9,8
569850,287.4,8
569923,172.99,8
569948,158.1,8
570097,7630.56,8
570240,45.4,8
570269,107.11,8
570282,151.48,8
570332,151.65,8
570356,320.4,8
570408,1334.16,8
570449,274.4,8
570557,7810.56,8
570648,221.69,8
570700,142.1,8
570823,285.1,8
570852,262.7,8
570859,110.38,8
570866,203.91,8
571260,127.2,8
571267,146.7,8
571278,114.88,8
571410,151.15,8
571506,126.25,8
571636,176.6,8
571666,722.76,8
571677,125.65,8
571706,206.6,8
571725,127.37,8
571839,241.29,8
571908,415.82,8
572093,120.92,8
572094,175.42,8
572101,302.58,8
572128,292.8,8
572134,433.7,8
572305,26.8,8
572322,143.8,8
572324,2549.28,8
572512,262.7,8
572519,216.29,8
572657,313.1,8
572833,30.82,8
573141,149.7,8
573158,193.04,8
573278,449.3,8
573288,212.63,8
573324,152.12,8
573383,169.05,8
573394,456.92,8
573452,2039.24,8
573749,154.32,8
573846,1374.26,8
573878,175.4,8
573910,422.1,8
573928,599.25,8
574024,109.68,8
574037,97.5,8
574066,443.14,8
574071,122.58,8
574233,105.78,8
574252,207.48,8
574307,116.56,8
574316,159.85,8
574319,1390.0,8
574513,461.16,8
574528,142.5,8
574535,133.91,8
574557,165.32,8
574685,174.9,8
574705,19.45,8
574746,676.8,8
574832,596.16,8
574944,180.48,8
574948,192.0,8
574966,132.64,8
575297,172.14,8
575480,182.55,8
575509,471.0,8
575515,245.55,8
575689,165.92,8
575750,325.58,8
575847,139.1,8
575924,149.23,8
575933,1285.44,8
575984,141.44,8
576086,135.45,8
576088,1314.94,8
576148,306.48,8
576180,1266.58,8
576327,170.03,8
576380,135.86,8
576384,162.82,8
576387,141.4,8
576396,242.22,8
576514,140.94,8
576557,127.54,8
576573,104.1,8
576633,356.39,8
576642,112.71,8
576832,238.0,8
576904,161.63,8
576907,208.2,8
576928,166.0,8
577030,412.56,8
577059,135.36,8
577065,146.35,8
577101,130.7,8
577143,117.38,8
577338,166.08,8
577347,102.12,8
577402,714.74,8
577408,91.05,8
577492,125.48,8
577518,126.7,8
577720,1809.7,8
577744,288.9,8
577793,115.53,8
577842,787.55,8
578021,21.85,8
578054,542.1,8
578058,95.34,8
578059,222.84,8
578115,115.9,8
578128,269.52,8
578312,229.26,8
578331,131.64,8
578339,150.48,8
578427,196.0,8
578459,286.4,8
578631,189.8,8
578804,102.3,8
578830,156.65,8
578933,105.1,8
578951,499.23,8
579013,317.1,8
579014,552.48,8
579129,44.35,8
579177,705.9,8
579279,300.52,8
579332,308.22,8
579453,91.74,8
579495,327.48,8
579509,136.28,8
579693,158.25,8
579768,432.96,8
579784,1371.6,8
579837,991.2,8
579865,109.68,8
580033,270.4,8
580057,460.3,8
580065,150.9,8
580069,16.61,8
580097,294.06,8
580108,464.25,8
580125,177.5,8
580130,122.46,8
580208,136.5,8
580280,318.06,8
580288,129.17,8
580297,3404.0,8
580372,64.08,8
580506,224.1,8
580538,316.78,8
580552,127.33,8
580656,235.57,8
580728,158.36,8
581130,125.75,8
581150,21.41,8
581176,575.88,8
581186,247.8,8
581215,445.84,8
581233,113.54,8
581236,104.64,8
581251,126.9,8
581252,152.58,8
581281,363.37,8
581398,595.35,8
581417,295.1,8
581454,167.58,8
581480,285.8,8
536382,303.0,9
536392,153.14,9
536423,303.9,9
536559,215.15,9
536604,184.5,9
536621,248.06,9
536627,181.35,9
536746,178.55,9
536808,198.2,9
536847,215.58,9
537134,163.49,9
537226,113.48,9
537233,353.0,9
537257,142.5,9
537298,153.5,9
537332,239.15,9
537538,195.35,9
537601,108.78,9
537669,164.25,9
537670,497.39,9
537771,450.92,9
537799,100.45,9
537806,197.77,9
537887,1310.52,9
538107,155.0,9
538180,301.1,9
538182,89.58,9
538190,102.4,9
538409,126.28,9
538631,689.04,9
538665,137.55,9
538815,142.97,9
538875,307.8,9
538944,184.2,9
538994,422.7,9
539004,336.98,9
539078,379.68,9
539079,251.1,9
539267,253.5,9
539292,304.9,9
539295,297.8,9
539315,183.3,9
539334,17.45,9
539452,741.22,9
539454,196.78,9
539487,193.11,9
539581,129.1,9
540022,213.52,9
540060,163.3,9
540114,243.4,9
540167,125.86,9
540358,369.14,9
540371,184.45,9
540396,794.04,9
540513,422.4,9
540521,114.0,9
540662,449.48,9
540701,602.44,9
540732,144.12,9
540794,153.6,9
540795,287.8,9
540862,202.35,9
540906,366.12,9
540998,289.5,9
541218,142.82,9
541251,158.65,9
541480,114.52,9
541659,161.95,9
541686,227.0,9
541800,135.75,9
541801,91.8,9
541835,161.8,9
541874,795.4,9
541981,190.2,9
542106,551.7,9
542130,126.2,9
542213,113.7,9
542349,143.84,9
542372,408.78,9
542377,157.4,9
542382,170.77,9
542388,159.6,9
542425,162.55,9
542596,182.8,9
542930,530.1,9
542990,141.3,9
543030,132.5,9
543045,156.22,9
543125,68.75,9
543126,96.7,9
543199,195.06,9
543249,182.15,9
543255,156.93,9
543280,131.9,9
543630,92.88,9
543657,316.2,9
543852,1165.96,9
544091,150.0,9
544408,61.0,9
544483,284.04,9
544648,260.4,9
544825,305.7,9
544835,146.0,9
544838,145.92,9
544912,303.22,9
544917,296.25,9
544922,180.68,9
545015,161.1,9
545017,174.9,9
545028,186.75,9
545064,119.05,9
545076,147.9,9
545184,151.72,9
545214,138.78,9
545222,200.1,9
545311,155.0,9
545345,135.4,9
545470,137.1,9
545601,152.0,9
545638,235.91,9
545712,160.7,9
546009,226.37,9
546031,201.5,9
546156,153.0,9
546190,199.2,9
546381,19.74,9
546386,147.7,9
546399,231.3,9
546510,175.72,9
546524,90.24,9
546553,158.23,9
546659,242.4,9
546668,218.1,9
546762,28.18,9
546789,10065.0,9
547078,350.8,9
547086,289.2,9
547221,132.29,9
547334,238.8,9
547378,752.1,9
547414,175.05,9
547416,295.0,9
547491,133.49,9
547492,160.5,9
547517,281.5,9
547562,851.4,9
547577,513.84,9
547668,131.41,9
547816,25.25,9
547818,42.2,9
547894,277.8,9
547911,137.6,9
547926,169.68,9
548202,346.6,9
548314,127.79,9
548323,193.5,9
548363,158.4,9
548371,353.7,9
548458,300.6,9
548546,111.6,9
548553,138.75,9
548557,114.64,9
548608,151.5,9
548654,222.68,9
548673,195.04,9
548911,155.19,9
548969,1129.2,9
549056,60.55,9
549242,151.68,9
549255,286.05,9
549324,162.8,9
549581,151.65,9
549628,274.08,9
549715,155.76,9
549755,394.56,9
549885,384.6,9
549967,490.05,9
549990,117.45,9
550120,224.8,9
550184,116.01,9
550190,139.05,9
550192,186.2,9
550255,190.98,9
550282,141.68,9
550336,246.74,9
550655,113.5,9
550670,112.98,9
550673,379.0,9
550701,308.55,9
550710,3108.64,9
550830,163.75,9
550832,361.4,9
551159,147.6,9
551247,277.05,9
551292,431.74,9
551387,208.95,9
551392,139.05,9
551395,92.42,9
551560,686.94,9
551822,159.2,9
551844,87.14,9
551872,166.8,9
551896,170.96,9
551967,208.36,9
551985,122.22,9
551991,80.45,9
552004,121.94,9
552018,183.8,9
552181,1484.4,9
552211,246.08,9
552217,225.01,9
552256,135.65,9
552274,236.1,9
552276,282.48,9
552312,214.5,9
552464,205.4,9
552555,314.26,9
552646,111.29,9
552770,217.81,9
552779,194.63,9
552838,156.02,9
552968,148.22,9
553012,185.35,9
553055,341.52,9
553173,161.45,9
553195,133.4,9
553200,137.7,9
553214,324.3,9
553712,407.16,9
553720,218.1,9
553740,127.75,9
553765,171.45,9
553846,299.45,9
553887,192.3,9
553918,273.44,9
554027,194.4,9
554077,145.9,9
554081,257.7,9
554086,134.5,9
554091,152.34,9
554306,493.65,9
554329,311.4,9
554380,305.46,9
554421,164.02,9
554549,246.9,9
554561,187.4,9
554597,326.52,9
554643,604.92,9
554798,610.6,9
554809,148.28,9
554954,179.67,9
554980,55.2,9
554990,308.04,9
555016,792.5,9
555101,228.8,9
555111,169.32,9
555511,156.48,9
555526,645.3,9
555742,138.0,9
555849,315.86,9
555940,357.6,9
555944,153.29,9
556024,151.95,9
556044,165.55,9
556059,320.92,9
556218,167.96,9
556219,176.51,9
556239,158.85,9
556254,111.3,9
556298,105.84,9
556447,314.16,9
556468,111.03,9
556497,129.69,9
556632,74.25,9
556726,8915.52,9
556783,451.26,9
556788,381.7,9
556804,529.12,9
556811,155.28,9
556822,143.3,9
556891,139.64,9
557023,183.95,9
557126,95.25,9
557235,203.55,9
557248,141.48,9
557257,535.86,9
557317,74.65,9
557407,61.1,9
557488,18.88,9
557602,379.72,9
557612,246.54,9
557735,313.08,9
557739,116.28,9
557948,158.85,9
557961,189.4,9
558101,137.69,9
558124,183.24,9
558125,1112.32,9
558241,310.12,9
558248,576.08,9
558452,124.52,9
558479,52.05,9
558483,199.93,9
558526,13355.4,9
558552,1948.92,9
558562,309.9,9
558623,148.9,9
558671,345.3,9
558718,117.68,9
558872,289.96,9
558922,157.4,9
558964,449.81,9
559001,275.8,9
559060,302.2,9
559306,171.45,9
559466,82.04,9
559699,124.8,9
559784,834.52,9
559819,238.7,9
559889,770.46,9
559895,317.4,9
559899,193.76,9
559911,270.9,9
559925,316.85,9
560190,151.2,9
560235,189.58,9
560268,171.89,9
560295,456.84,9
560417,147.18,9
560562,172.8,9
560642,329.65,9
560710,11.02,9
560834,384.8,9
560881,56.3,9
560911,41.1,9
560916,275.64,9
560925,876.8,9
561038,48.7,9
561047,194.48,9
561120,187.2,9
561202,135.0,9
561360,375.0,9
561466,104.05,9
561585,141.15,9
561635,250.82,9
561890,263.41,9
561995,293.52,9
562093,326.22,9
562112,165.24,9
562133,89.64,9
562368,299.52,9
562421,74.4,9
562467,192.6,9
562516,390.0,9
562603,57.16,9
562701,404.1,9
562721,208.84,9
562963,104.2,9
562973,1234.0,9
563103,159.2,9
563181,161.4,9
563431,110.38,9
563507,125.04,9
563561,761.28,9
563694,196.1,9
563743,111.2,9
563830,117.91,9
563847,166.57,9
563892,21.6,9
563942,137.22,9
563951,452.2,9
564017,305.02,9
564019,463.82,9
564038,151.98,9
564053,293.1,9
564055,307.8,9
564158,250.86,9
564226,148.26,9
564313,136.44,9
564327,1177.7,9
564367,224.15,9
564544,138.14,9
564557,80.18,9
564653,191.1,9
564668,329.67,9
564737,186.9,9
564744,178.7,9
564957,175.25,9
565452,316.84,9
565731,125.0,9
565901,1094.9,9
566047,117.36,9
566207,1210.32,9
566260,1070.48,9
566452,81.88,9
566596,654.72,9
566746,259.04,9
566818,202.56,9
566968,171.8,9
567154,403.51,9
567157,663.6,9
567166,702.45,9
567173,269.16,9
567336,590.9,9
567512,138.48,9
567514,222.88,9
567517,209.16,9
567616,166.22,9
567658,136.85,9
567756,344.24,9
567768,255.84,9
567852,2465.24,9
567910,204.6,9
567922,137.75,9
567966,142.05,9
567971,417.5,9
568086,449.5,9
568171,130.05,9
568312,184.78,9
568317,271.61,9
568331,95.84,9
568492,173.9,9
568538,1668.84,9
568588,144.2,9
568663,308.22,9
568672,158.04,9
568916,166.08,9
569024,257.98,9
569030,2800.0,9
569214,326.8,9
569252,188.2,9
569333,355.72,9
569386,243.6,9
569396,147.75,9
569402,176.2,9
569664,123.05,9
569717,312.98,9
569845,136.35,9
569917,342.0,9
570026,237.48,9
570090,218.13,9
570117,225.9,9
570184,302.46,9
570289,131.4,9
570421,135.34,9
570632,160.4,9
570661,193.14,9
570696,96.82,9
570697,140.37,9
570698,237.0,9
570717,357.0,9
570726,132.75,9
570821,324.96,9
571314,894.64,9
571412,122.92,9
571428,223.36,9
571546,175.38,9
571628,131.4,9
571675,305.76,9
571734,124.88,9
571903,155.15,9
572054,238.96,9
572124,773.94,9
572126,150.62,9
572132,114.86,9
572193,3138.6,9
572230,154.88,9
572241,232.4,9
572277,153.35,9
572453,180.33,9
572666,166.92,9
572674,63.17,9
572874,397.02,9
573036,207.56,9
573108,168.6,9
573119,377.76,9
573125,151.2,9
573185,377.56,9
573337,440.1,9
573363,463.32,9
573386,449.0,9
573425,160.55,9
573545,156.45,9
573583,152.84,9
573930,120.66,9
573945,211.47,9
574039,127.3,9
574042,176.68,9
574050,131.52,9
574098,133.15,9
574102,278.52,9
574169,360.83,9
574289,141.12,9
574293,6162.62,9
574303,684.12,9
574523,390.6,9
574754,153.16,9
574881,115.23,9
574885,250.08,9
574943,170.64,9
574961,94.74,9
575069,174.11,9
575077,218.62,9
575140,303.08,9
575168,435.28,9
575185,649.2,9
575299,345.26,9
575335,4961.2,9
575476,453.23,9
575586,185.04,9
575660,149.8,9
575685,600.18,9
575915,1405.2,9
575951,316.44,9
575971,308.1,9
576058,595.02,9
576090,3174.4,9
576182,114.14,9
576196,260.82,9
576198,98.42,9
576202,915.4,9
576317,134.16,9
576398,205.25,9
576598,318.7,9
576758,273.04,9
576770,166.0,9
576845,200.2,9
576900,343.38,9
577085,227.3,9
577104,264.98,9
577105,186.18,9
577148,1253.66,9
577165,112.32,9
577295,320.68,9
577477,155.71,9
577499,24.11,9
577512,184.62,9
577528,177.31,9
577552,150.3,9
577618,192.33,9
577719,1100.22,9
577801,82.5,9
577814,120.06,9
577825,131.97,9
577985,150.0,9
578038,346.14,9
578103,254.12,9
578129,102.84,9
578297,446.28,9
578318,164.7,9
578322,184.44,9
578348,86.7,9
578433,474.16,9
578690,138.55,9
578855,148.85,9
578948,209.5,9
579027,295.43,9
579039,154.4,9
579159,152.43,9
579176,235.71,9
579182,178.4,9
579287,152.32,9
579358,154.95,9
579403,436.1,9
579489,112.2,9
579671,147.68,9
579901,154.19,9
580046,264.61,9
580053,616.32,9
580061,759.3,9
580098,201.53,9
580120,259.02,9
580286,142.88,9
580375,507.12,9
580386,169.0,9
580401,164.1,9
580524,134.98,9
580559,202.95,9
580608,207.3,9
580622,232.06,9
580634,297.48,9
580670,210.9,9
580684,213.16,9
580889,29.42,9
580916,6.31,9
580978,839.08,9
580988,153.2,9
581108,204.38,9
581120,121.56,9
581170,885.98,9
581183,79.38,9
581424,154.05,9
581429,113.67,9
581567,338.21,9
536389,256.25,10
536537,344.0,10
536590,154.31,10
536745,341.9,10
536972,128.25,10
537026,290.2,10
537058,317.43,10
537158,184.8,10
537236,375.69,10
537239,153.39,10
537258,142.25,10
537359,184.1,10
537397,244.2,10
537404,39.9,10
537612,322.3,10
537693,155.55,10
537758,105.72,10
537800,69.79,10
537886,209.3,10
538032,174.4,10
538073,16.21,10
538417,106.75,10
538515,781.56,10
538532,238.1,10
538591,310.8,10
538800,193.9,10
538854,323.1,10
538857,143.9,10
538860,86.95,10
538872,285.0,10
538901,221.7,10
538908,275.7,10
539297,147.9,10
539351,168.0,10
539411,247.75,10
539419,415.7,10
539465,1778.04,10
539639,37.67,10
539730,173.25,10
539764,433.5,10
540126,1209.1,10
540257,140.6,10
540410,173.7,10
540411,271.27,10
540459,479.1,10
540479,135.9,10
540528,100.6,10
540702,140.49,10
540768,670.8,10
540835,136.9,10
540900,214.65,10
540993,148.74,10
541013,397.79,10
541015,155.52,10
541113,89.5,10
541121,225.9,10
541675,195.6,10
541837,153.0,10
541857,346.8,10
541980,129.45,10
542131,244.11,10
542149,108.55,10
542152,152.6,10
542208,944.34,10
542214,157.02,10
542371,146.34,10
542384,153.65,10
542659,305.07,10
542691,631.36,10
542715,177.5,10
542894,174.5,10
542902,231.0,10
542905,201.28,10
542933,823.8,10
543005,144.2,10
543007,160.85,10
543009,128.68,10
543098,255.76,10
543129,183.15,10
543170,296.52,10
543178,137.15,10
543189,128.44,10
543276,736.62,10
543332,154.1,10
543359,105.3,10
543373,181.44,10
543393,163.7,10
543398,199.8,10
543454,86.65,10
543464,364.32,10
543539,139.9,10
543646,91.3,10
543735,514.56,10
543831,3257.4,10
543982,202.4,10
544069,219.6,10
544073,1784.71,10
544083,303.57,10
544101,142.85,10
544102,195.96,10
544109,112.45,10
544169,297.57,10
544302,148.6,10
544602,262.7,10
544658,289.92,10
544822,291.0,10
544919,147.3,10
544996,205.68,10
545046,145.05,10
545065,412.55,10
545233,72.12,10
545342,194.55,10
545425,87.68,10
545669,186.9,10
545705,146.3,10
545871,134.9,10
545898,88.05,10
545899,51.25,10
546038,443.72,10
546127,411.18,10
546135,210.9,10
546324,222.34,10
546434,172.52,10
546533,140.54,10
546556,275.02,10
546634,44.04,10
547046,146.87,10
547048,147.8,10
547064,155.82,10
547067,501.24,10
547071,203.85,10
547096,173.3,10
547099,158.95,10
547246,596.4,10
547365,203.76,10
547535,163.3,10
547695,176.38,10
547714,427.0,10
547720,211.65,10
547846,184.1,10
547912,125.2,10
547986,169.05,10
548293,1012.6,10
548324,1554.48,10
548406,609.76,10
548455,152.16,10
548550,186.64,10
548726,296.84,10
548917,180.45,10
548988,275.7,10
549021,135.44,10
549054,244.19,10
549102,264.0,10
549119,319.42,10
549182,137.49,10
549246,1072.2,10
549259,228.84,10
549307,162.8,10
549360,174.02,10
549440,173.25,10
549589,239.04,10
549691,183.5,10
549721,164.32,10
549750,40.55,10
549957,151.55,10
549978,226.69,10
550131,91.04,10
550250,193.24,10
550335,73.45,10
550440,199.86,10
550764,81.9,10
550765,204.46,10
550831,171.2,10
550925,211.75,10
551055,480.36,10
551124,291.9,10
551197,166.4,10
551556,150.32,10
551623,188.65,10
551823,253.45,10
551887,200.0,10
552062,95.56,10
552179,116.49,10
552260,250.96,10
552266,231.85,10
552859,123.52,10
552871,153.07,10
552946,179.03,10
552952,157.54,10
553053,237.95,10
553188,209.18,10
553205,518.31,10
553219,301.11,10
553225,249.32,10
553408,357.98,10
553578,356.16,10
553653,306.5,10
553655,79.85,10
553684,550.52,10
553829,188.1,10
553830,155.9,10
553886,275.2,10
553916,127.59,10
553922,191.83,10
554042,134.83,10
554367,237.15,10
554424,85.02,10
554492,113.53,10
554543,157.25,10
554570,152.35,10
554826,179.55,10
554918,28.59,10
554927,191.4,10
555119,155.0,10
555247,325.8,10
555280,221.42,10
555359,109.82,10
555493,340.44,10
555519,457.5,10
555535,166.3,10
555581,159.22,10
555627,130.44,10
555654,181.3,10
555720,129.49,10
555738,301.7,10
555852,172.28,10
556129,438.0,10
556186,213.7,10
556194,283.95,10
556234,26.36,10
556329,85.36,10
556419,156.4,10
556432,299.67,10
556521,57.06,10
556533,249.94,10
556541,271.6,10
556577,151.66,10
556580,188.55,10
556722,236.28,10
556808,222.61,10
556827,171.63,10
556908,302.46,10
557032,141.3,10
557055,597.55,10
557223,379.22,10
557225,411.48,10
557273,137.9,10
557291,388.98,10
557314,195.74,10
557614,313.8,10
557620,113.63,10
557631,410.34,10
557633,302.39,10
557755,441.48,10
557785,317.8,10
557795,1064.22,10
557797,206.2,10
557894,226.08,10
557951,181.45,10
557964,272.26,10
558038,166.47,10
558056,229.26,10
558083,108.53,10
558418,259.98,10
558419,335.33,10
558430,202.2,10
558686,166.3,10
558710,22.61,10
558765,145.8,10
558773,86.02,10
558916,623.38,10
559024,130.2,10
559025,199.85,10
559135,106.5,10
559150,163.14,10
559199,382.36,10
559336,113.96,10
559537,95.55,10
559656,178.38,10
559687,160.45,10
559707,384.96,10
559710,173.6,10
559931,172.05,10
560080,3279.36,10
560088,135.62,10
560202,679.05,10
560282,179.97,10
560362,150.78,10
560598,193.95,10
560820,133.91,10
560839,94.64,10
560888,244.66,10
561058,333.3,10
561226,185.93,10
561241,210.0,10
561355,392.5,10
561385,135.36,10
561387,196.86,10
561393,165.0,10
561520,20.47,10
561618,229.32,10
561671,1746.72,10
561706,177.6,10
561803,185.56,10
561817,361.46,10
561899,337.38,10
561905,178.5,10
561925,246.4,10
562271,180.42,10
562570,333.25,10
562584,170.15,10
562599,194.51,10
562718,169.4,10
562722,1109.34,10
562788,368.5,10
562790,157.5,10
562882,163.04,10
562908,377.65,10
562914,183.69,10
563030,185.61,10
563176,96.86,10
563179,608.76,10
563199,151.0,10
563212,152.8,10
563215,193.75,10
563345,342.12,10
563367,168.88,10
563371,300.1,10
563382,140.1,10
563503,95.56,10
563510,538.2,10
563518,175.76,10
563659,1459.12,10
563696,145.04,10
563895,495.4,10
564044,99.21,10
564439,106.84,10
564471,225.1,10
564542,184.0,10
564555,51.3,10
564710,287.85,10
564897,1330.44,10
564953,502.16,10
565155,608.1,10
565245,306.96,10
565333,190.3,10
565406,171.3,10
565462,304.95,10
565631,1226.16,10
565673,340.56,10
565677,168.5,10
565747,315.65,10
565763,939.96,10
565993,263.5,10
566038,191.73,10
566063,170.88,10
566169,185.84,10
566175,158.96,10
566226,184.65,10
566254,384.9,10
566308,187.92,10
566425,175.9,10
566537,295.2,10
566708,717.9,10
566723,188.49,10
566987,347.6,10
567160,69.65,10
567176,96.58,10
567481,39.15,10
567508,241.2,10
567523,223.08,10
567614,256.74,10
567617,283.14,10
567630,143.78,10
567868,144.72,10
567907,336.16,10
567970,134.17,10
568205,318.0,10
568206,184.44,10
568229,164.58,10
568324,135.76,10
568390,124.18,10
568471,512.31,10
568494,80.87,10
568515,205.2,10
568533,1031.28,10
568673,1743.8,10
568688,157.66,10
568713,248.61,10
568786,303.2,10
568876,325.5,10
568915,195.04,10
569003,134.96,10
569082,237.0,10
569144,139.45,10
569204,213.5,10
569566,609.78,10
569572,1800.0,10
569631,140.34,10
569836,566.4,10
569871,253.65,10
569918,289.56,10
569999,129.87,10
570020,229.76,10
570095,174.01,10
570189,118.82,10
570191,156.93,10
570216,141.75,10
570254,177.58,10
570257,342.06,10
570427,165.53,10
570790,147.41,10
570906,355.56,10
571007,166.6,10
571107,199.17,10
571121,359.51,10
571277,140.95,10
571464,114.8,10
571474,288.36,10
571555,183.9,10
571655,283.33,10
571691,164.74,10
571849,191.12,10
571851,219.32,10
572091,650.67,10
572108,405.18,10
572125,284.98,10
572133,215.01,10
572272,47.64,10
572454,156.1,10
572521,108.84,10
572612,205.9,10
572672,597.68,10
572718,157.02,10
572960,207.74,10
573069,158.15,10
573175,206.89,10
573331,102.01,10
573746,560.8,10
573762,292.92,10
573770,141.2,10
573906,195.02,10
573908,354.49,10
573911,173.3,10
574011,133.08,10
574055,625.34,10
574194,223.28,10
574346,426.84,10
574348,610.76,10
574713,219.57,10
574868,269.1,10
574874,232.36,10
574916,177.3,10
574940,172.88,10
574947,750.24,10
574952,172.33,10
574964,484.8,10
575090,67.65,10
575145,154.0,10
575215,148.05,10
575300,284.12,10
575305,336.4,10
575485,163.17,10
575591,106.1,10
575639,241.8,10
575659,543.36,10
575745,203.6,10
575979,135.36,10
576094,309.48,10
576322,298.95,10
576511,175.53,10
576630,181.98,10
576781,152.84,10
576874,171.19,10
576875,370.4,10
576888,210.9,10
576901,207.99,10
576984,280.97,10
577035,341.16,10
577062,150.2,10
577178,137.31,10
577218,143.14,10
577321,266.91,10
577407,509.96,10
577478,190.72,10
577514,172.29,10
577523,165.21,10
577721,111.76,10
577796,165.9,10
577818,256.45,10
577822,2000.0,10
577827,256.95,10
577853,117.08,10
577950,245.05,10
578004,98.45,10
578015,291.36,10
578078,186.54,10
578081,958.2,10
578104,214.96,10
578133,243.8,10
578174,185.33,10
578261,792.94,10
578299,426.09,10
578358,1341.24,10
578461,176.8,10
578509,165.5,10
578530,301.14,10
578627,312.0,10
578665,387.28,10
578679,348.1,10
578787,182.15,10
578819,780.11,10
578825,165.7,10
578853,91.28,10
579003,231.95,10
579011,307.56,10
579095,41.01,10
579136,213.38,10
579150,605.4,10
579184,199.2,10
579271,2586.69,10
579328,164.57,10
579404,245.9,10
579462,310.78,10
579464,179.7,10
579548,181.45,10
579634,151.1,10
579674,155.7,10
579747,266.6,10
579840,109.6,10
579848,220.58,10
579870,206.76,10
579990,272.52,10
580091,194.13,10
580117,362.91,10
580143,323.52,10
580282,139.31,10
580490,635.68,10
580555,392.1,10
580716,150.9,10
581016,226.35,10
581096,186.4,10
581169,612.4,10
581214,482.28,10
581224,111.83,10
581336,167.46,10
581379,163.66,10
581416,202.49,10
581455,542.78,10
581457,9049.82,10
581477,291.78,10
581574,190.58,10
536367,258.83,11
536384,376.5,11
536394,1024.68,11
536560,679.8,11
536588,277.05,11
536595,349.15,11
536600,180.12,11
536617,1095.12,11
536793,170.7,11
536842,263.62,11
536980,416.27,11
537037,256.9,11
537205,165.86,11
537244,300.66,11
537256,2263.8,11
537350,379.26,11
537403,30.45,11
537459,178.4,11
537594,293.7,11
537605,115.74,11
537831,106.77,11
537840,201.25,11
537881,854.5,11
537897,178.88,11
537915,206.13,11
538007,174.4,11
538057,316.82,11
538172,370.8,11
538186,201.75,11
538206,156.07,11
538280,612.1,11
538576,119.32,11
538593,476.76,11
538661,309.05,11
538679,150.68,11
538706,282.5,11
538710,159.15,11
538809,306.52,11
538858,951.24,11
538935,178.14,11
538942,91.28,11
539042,209.08,11
539082,185.85,11
539084,190.35,11
539101,6930.0,11
539160,311.64,11
539264,242.48,11
539313,312.98,11
539379,164.4,11
539422,190.55,11
539630,575.8,11
539752,190.8,11
540016,168.3,11
540025,323.04,11
540180,99.39,11
540407,427.47,11
540456,188.0,11
540463,207.33,11
540517,131.59,11
540690,201.46,11
540824,203.79,11
540866,575.18,11
540947,747.06,11
541010,195.13,11
541208,272.64,11
541273,189.5,11
541283,170.46,11
541435,138.93,11
541522,215.35,11
541700,135.75,11
541703,285.0,11
541841,161.03,11
541979,165.89,11
542005,337.3,11
542093,415.2,11
542125,216.08,11
542148,252.1,11
542151,170.9,11
542530,191.61,11
542631,123.95,11
542673,63.55,11
542708,662.38,11
542778,171.32,11
542911,469.5,11
543008,442.88,11
543015,364.0,11
543024,332.27,11
543122,307.0,11
543131,164.1,11
543197,154.53,11
543232,423.95,11
543252,341.8,11
543256,123.21,11
543278,203.82,11
543288,182.85,11
543351,165.0,11
543462,224.4,11
543487,197.0,11
543527,314.1,11
543553,162.6,11
543554,476.5,11
543824,292.5,11
543919,197.82,11
543995,674.1,11
544055,301.6,11
544081,480.1,11
544090,210.2,11
544103,20.38,11
544194,563.58,11
544305,149.35,11
544332,282.0,11
544335,67.25,11
544352,226.98,11
544394,211.7,11
544405,179.6,11
544421,187.06,11
544457,308.1,11
544472,270.45,11
544675,116.09,11
544798,187.65,11
544886,165.16,11
544921,400.8,11
544932,307.2,11
544941,169.94,11
545058,279.62,11
545157,179.88,11
545164,173.7,11
545180,182.72,11
545213,190.7,11
545224,182.7,11
545318,556.32,11
545321,270.98,11
545435,183.0,11
545477,51.6,11
545524,172.05,11
545558,485.78,11
545577,76.25,11
545662,208.2,11
545815,328.8,11
545855,246.3,11
546019,39.49,11
546729,193.95,11
546738,853.08,11
546787,345.28,11
546873,326.04,11
546908,265.85,11
547018,154.7,11
547036,380.4,11
547053,499.84,11
547065,185.85,11
547074,176.34,11
547090,185.5,11
547200,188.73,11
547493,1062.48,11
547564,441.81,11
547674,187.2,11
547713,157.7,11
547936,46.1,11
548189,141.41,11
548468,95.55,11
548618,191.25,11
548747,198.85,11
548869,80.55,11
549018,336.32,11
549117,136.92,11
549125,183.51,11
549169,55.95,11
549239,245.46,11
549260,107.07,11
549372,86.2,11
549429,257.75,11
549547,153.5,11
549552,98.22,11
549716,314.63,11
549917,135.92,11
549993,349.44,11
549998,498.16,11
550136,262.0,11
550185,233.4,11
550264,339.2,11
550362,363.0,11
550487,200.32,11
550504,217.65,11
550675,247.8,11
550820,196.88,11
550828,99.75,11
550912,250.35,11
550946,184.5,11
550971,184.64,11
550974,173.46,11
550999,205.7,11
551273,665.52,11
551278,283.0,11
551332,399.45,11
551428,285.66,11
551437,152.8,11
551438,453.2,11
551653,293.7,11
551889,306.72,11
551988,154.8,11
552044,449.42,11
552059,140.58,11
552168,226.9,11
552247,21.39,11
552249,35.97,11
552270,80.05,11
552293,173.12,11
552328,362.9,11
552449,414.0,11
552537,111.03,11
552551,160.66,11
552559,194.98,11
552575,165.44,11
552641,653.98,11
552712,202.2,11
552884,146.92,11
553036,340.88,11
553037,352.2,11
553042,304.58,11
553045,1181.4,11
553142,52.59,11
553381,142.86,11
553392,608.16,11
553420,288.95,11
553470,5410.06,11
553660,177.43,11
553662,179.57,11
553711,365.18,11
553752,211.55,11
553754,153.67,11
553848,284.76,11
553870,267.55,11
553873,296.86,11
553893,278.55,11
553908,311.3,11
553930,392.4,11
553997,922.5,11
554036,288.98,11
554074,84.6,11
554085,182.6,11
554101,223.7,11
554142,437.6,11
554289,294.46,11
554337,210.15,11
554368,219.59,11
554698,301.35,11
554788,211.85,11
554817,214.0,11
554822,193.8,11
554916,82.79,11
554998,168.9,11
555352,2105.98,11
555353,146.25,11
555494,187.85,11
555592,176.16,11
555640,196.22,11
555741,137.78,11
555798,1121.13,11
555820,304.72,11
555858,179.31,11
555920,10076.0,11
556109,174.67,11
556116,136.7,11
556130,316.02,11
556139,227.86,11
556181,195.97,11
556205,171.33,11
556208,331.48,11
556238,251.1,11
556526,218.26,11
556816,316.24,11
556819,348.94,11
557039,284.4,11
557125,5405.48,11
557144,492.68,11
557150,75.87,11
557265,295.35,11
557270,94.68,11
557287,259.83,11
557302,236.44,11
557318,213.5,11
557603,237.66,11
557627,239.3,11
557743,152.63,11
557751,230.19,11
557753,158.01,11
557757,75.77,11
557772,222.0,11
557804,311.52,11
557893,348.6,11
558103,260.6,11
558114,183.15,11
558159,94.64,11
558608,271.1,11
558616,184.4,11
558772,146.96,11
558867,88.33,11
558885,210.05,11
558900,95.2,11
559015,396.9,11
559092,197.22,11
559112,195.35,11
559341,443.2,11
559358,137.94,11
559371,205.77,11
559504,35.33,11
559505,266.3,11
559512,329.46,11
559745,113.07,11
559861,179.17,11
559888,311.92,11
559906,185.85,11
559938,80.16,11
559985,219.06,11
560038,490.88,11
560042,170.45,11
560103,80.51,11
560185,542.4,11
560229,155.3,11
560284,204.54,11
560557,50.53,11
560731,163.68,11
560914,185.28,11
560922,210.9,11
561027,1360.96,11
561075,185.0,11
561076,322.48,11
561116,656.0,11
561334,69.36,11
561356,231.35,11
561470,175.8,11
561531,558.25,11
561670,142.05,11
561701,234.12,11
561801,187.18,11
561814,277.5,11
561910,373.08,11
562002,528.36,11
562017,508.76,11
562021,249.0,11
562025,187.2,11
562044,114.78,11
562049,267.72,11
562053,376.02,11
562105,174.11,11
562211,148.78,11
562419,223.63,11
562452,233.22,11
562453,234.54,11
562468,125.0,11
562575,174.81,11
563029,899.36,11
563150,306.33,11
563162,339.26,11
563166,946.54,11
563172,194.62,11
563180,212.64,11
563231,55.34,11
563242,373.08,11
563843,100.44,11
564058,230.98,11
564062,488.4,11
564095,165.58,11
564161,228.59,11
564182,425.6,11
564323,2275.0,11
564377,139.51,11
564430,466.74,11
564626,373.08,11
564637,214.1,11
564736,505.8,11
564842,308.47,11
564848,252.5,11
564853,153.98,11
565083,334.46,11
565208,305.96,11
565405,186.04,11
565417,261.14,11
565580,1278.28,11
565583,179.6,11
565674,179.38,11
565802,174.71,11
565924,360.48,11
566074,222.3,11
566172,322.4,11
566225,78.1,11
566245,451.97,11
566278,187.55,11
566306,285.74,11
566395,508.6,11
566724,219.45,11
566774,204.1,11
566833,203.08,11
566862,248.07,11
567199,288.78,11
567205,218.72,11
567379,761.44,11
567460,91.81,11
567478,194.85,11
567528,176.8,11
567621,108.92,11
567654,181.1,11
567851,281.22,11
567886,194.24,11
567909,193.53,11
568132,61.58,11
568149,777.78,11
568159,241.31,11
568194,191.56,11
568222,185.85,11
568344,179.4,11
568458,261.55,11
568480,227.9,11
568493,196.5,11
568529,305.54,11
568586,309.48,11
568685,308.76,11
568699,186.45,11
568921,146.22,11
569060,176.56,11
569103,282.7,11
569106,97.35,11
569338,339.26,11
569409,304.62,11
569471,164.46,11
569579,383.58,11
569633,202.9,11
569738,204.31,11
569859,116.32,11
569890,326.81,11
569932,171.8,11
569962,460.4,11
570337,183.75,11
570405,152.97,11
570430,171.14,11
570666,153.66,11
570724,129.22,11
570799,214.6,11
570879,295.72,11
571041,81.08,11
571055,279.94,11
571246,142.04,11
571558,346.08,11
571673,199.96,11
571694,284.68,11
571892,298.8,11
571920,127.85,11
572026,259.85,11
572062,210.75,11
572075,214.32,11
572130,107.46,11
572195,173.98,11
572243,211.53,11
572315,130.55,11
572337,1434.0,11
572678,121.18,11
572737,242.86,11
572766,1603.06,11
572769,959.7,11
572926,306.45,11
572930,361.92,11
573022,245.3,11
573085,462.99,11
573292,361.0,11
573368,166.99,11
573421,1122.06,11
573508,214.97,11
573512,599.04,11
573875,147.22,11
573899,173.74,11
574075,258.76,11
574086,304.78,11
574099,192.35,11
574143,120.0,11
574275,177.83,11
574279,123.08,11
574341,4557.6,11
574533,592.56,11
574695,67.69,11
574756,306.2,11
574867,207.99,11
574910,206.72,11
574933,153.3,11
575154,194.72,11
575371,305.6,11
575483,415.18,11
575593,303.12,11
575611,113.5,11
575673,266.76,11
575688,343.8,11
575695,226.6,11
575703,1735.3,11
575734,188.68,11
575736,183.68,11
575744,264.52,11
575961,99.98,11
576063,330.45,11
576074,306.48,11
576083,1238.48,11
576085,218.72,11
576376,383.48,11
576383,181.02,11
576516,230.68,11
576734,184.4,11
576768,1145.32,11
576792,295.17,11
576836,377.28,11
576847,456.6,11
576863,203.22,11
576893,168.8,11
576916,343.2,11
577036,34.67,11
577175,223.06,11
577396,478.12,11
577406,201.0,11
577488,575.76,11
577537,170.32,11
577603,130.09,11
577646,133.68,11
577694,112.45,11
577697,135.06,11
577735,388.8,11
577755,195.36,11
577770,188.44,11
577809,264.9,11
577824,301.29,11
577835,216.02,11
577851,330.48,11
577860,269.64,11
577880,186.38,11
578005,522.98,11
578082,166.56,11
578102,389.1,11
578143,1835.96,11
578272,164.66,11
578306,236.34,11
578333,296.96,11
578365,1026.4,11
578469,343.12,11
578789,227.8,11
579096,350.92,11
579097,512.81,11
579165,182.91,11
579194,206.33,11
579416,514.86,11
579506,138.21,11
579675,312.51,11
579676,275.0,11
579807,288.21,11
579899,231.69,11
580021,351.15,11
580028,154.45,11
580147,679.88,11
580151,108.68,11
580156,332.86,11
580158,269.96,11
580301,192.08,11
580309,246.12,11
580322,418.0,11
580405,194.83,11
580688,104.1,11
580693,128.76,11
580777,153.45,11
580852,179.5,11
580878,471.9,11
580955,144.06,11
581099,217.37,11
581168,322.76,11
581180,224.82,11
581187,598.6,11
536523,203.3,12
536525,110.74,12
536535,194.85,12
536602,163.76,12
536681,75.67,12
536747,100.2,12
536763,452.52,12
536851,949.3,12
536956,232.5,12
537049,240.75,12
537197,185.8,12
537366,308.05,12
537385,74.1,12
537462,172.65,12
537609,617.12,12
537627,713.88,12
537672,201.96,12
537759,203.64,12
537963,238.38,12
538014,503.7,12
538068,300.92,12
538076,176.26,12
538106,64.32,12
538157,119.65,12
538311,239.0,12
538541,489.95,12
538816,204.15,12
538902,306.18,12
539040,135.6,12
539086,397.96,12
539087,1168.2,12
539089,186.0,12
539106,920.52,12
539308,233.46,12
539497,227.25,12
539635,651.54,12
540003,167.4,12
540040,347.56,12
540265,176.35,12
540412,188.8,12
540460,87.76,12
540547,208.0,12
540990,207.66,12
541281,25.04,12
541408,316.5,12
541484,193.09,12
541520,200.25,12
541649,167.39,12
541832,101.85,12
541880,382.8,12
541991,212.69,12
542083,130.81,12
542389,182.45,12
542390,151.4,12
542535,164.95,12
542597,144.48,12
542723,127.9,12
542795,297.06,12
542835,184.5,12
542899,95.9,12
542931,184.95,12
543053,150.0,12
543056,378.3,12
543492,150.9,12
543586,181.8,12
543625,285.56,12
543658,425.05,12
543739,137.9,12
543759,377.48,12
543807,121.25,12
543822,362.16,12
544107,173.05,12
544349,257.97,12
544399,228.0,12
544400,1092.43,12
544452,152.18,12
544556,185.4,12
544638,325.42,12
544642,80.0,12
544668,220.28,12
544690,1177.2,12
544702,284.97,12
544811,283.3,12
544819,69.59,12
544911,205.62,12
545000,234.15,12
545018,302.86,12
545057,248.14,12
545074,306.7,12
545086,335.43,12
545152,247.44,12
545156,209.32,12
545183,198.35,12
545190,194.75,12
545231,307.62,12
545526,191.65,12
545692,454.35,12
545693,796.86,12
545845,16.05,12
545869,179.45,12
546163,146.23,12
546689,629.4,12
546782,232.4,12
546786,239.0,12
547205,221.5,12
547496,204.88,12
547553,36.4,12
547565,333.0,12
547583,562.32,12
547644,262.08,12
547655,262.08,12
547691,364.84,12
547708,9266.4,12
547796,1272.86,12
547815,450.78,12
547819,81.44,12
547842,343.03,12
547914,279.5,12
548010,1900.04,12
548012,164.56,12
548033,336.94,12
548311,183.0,12
548338,174.31,12
548448,225.49,12
548498,301.6,12
548541,58.49,12
548555,248.9,12
548631,107.45,12
548709,280.56,12
548741,144.77,12
548900,94.86,12
549104,703.54,12
549189,209.4,12
549192,272.35,12
549263,202.0,12
549303,239.0,12
549449,289.38,12
549557,108.42,12
549579,212.86,12
549633,375.96,12
549740,520.8,12
549902,341.7,12
549909,245.76,12
549916,225.79,12
549923,193.62,12
549980,317.26,12
550008,208.29,12
550155,183.3,12
550202,422.6,12
550490,197.4,12
550495,170.98,12
550766,190.85,12
550938,207.18,12
550958,191.88,12
550973,694.84,12
550992,81.47,12
551148,1265.4,12
551170,225.3,12
551172,111.76,12
551344,433.7,12
551396,360.23,12
551397,209.95,12
551687,258.35,12
551702,221.55,12
551791,214.04,12
551852,218.7,12
551993,99.21,12
552040,294.3,12
552053,186.9,12
552057,217.85,12
552235,287.8,12
552245,48.97,12
552252,217.85,12
552280,120.61,12
552298,155.76,12
552320,215.9,12
552323,213.9,12
552324,553.8,12
552357,202.12,12
552533,380.05,12
552545,188.8,12
552723,358.2,12
552847,148.45,12
552888,1299.36,12
552959,474.6,12
552973,269.88,12
553165,91.23,12
553203,349.18,12
553339,1238.44,12
553490,145.98,12
553891,682.4,12
553920,361.55,12
553923,279.02,12
554038,264.72,12
554090,105.98,12
554118,207.03,12
554162,397.78,12
554355,195.65,12
554356,357.34,12
554375,141.12,12
554490,190.09,12
554513,342.46,12
554637,206.46,12
554668,300.6,12
554835,177.02,12
554840,362.0,12
554987,47.4,12
555160,1782.6,12
555164,3443.8,12
555200,252.66,12
555470,236.4,12
555501,183.33,12
555517,185.6,12
555525,332.9,12
555543,573.34,12
555626,250.9,12
555734,333.8,12
555916,80.03,12
556039,501.5,12
556051,84.79,12
556187,216.58,12
556247,221.95,12
556255,16488.0,12
556284,270.15,12
556469,529.2,12
556471,198.77,12
556488,99.5,12
556509,193.92,12
556571,178.94,12
556683,212.04,12
556767,439.68,12
556903,108.81,12
556913,392.0,12
556959,290.15,12
557005,302.14,12
557006,214.2,12
557027,181.7,12
557141,387.66,12
557284,133.07,12
557297,170.6,12
557632,215.76,12
557803,289.56,12
557864,173.85,12
557881,302.16,12
557955,229.46,12
558027,291.9,12
558092,30.94,12
558336,298.6,12
558338,197.4,12
558389,182.59,12
558390,576.4,12
558455,311.65,12
558467,144.92,12
558756,294.3,12
558758,99.14,12
559124,275.8,12
559300,208.62,12
559302,48.95,12
559326,191.94,12
559329,205.1,12
559441,276.24,12
559469,235.37,12
559508,74.02,12
559711,204.35,12
559821,97.55,12
559929,183.9,12
559951,284.4,12
560026,119.05,12
560053,356.36,12
560089,52.58,12
560093,324.44,12
560094,283.52,12
560262,287.43,12
560356,293.31,12
560381,345.31,12
560383,297.15,12
560535,225.01,12
560554,358.57,12
560634,421.44,12
560697,227.92,12
560713,160.8,12
560827,209.95,12
560972,376.8,12
560998,182.77,12
561008,185.7,12
561095,159.78,12
561221,202.07,12
561352,382.9,12
561603,306.35,12
561689,300.54,12
561719,331.9,12
562023,216.25,12
562120,321.5,12
562130,217.98,12
562284,324.52,12
562286,584.8,12
562379,203.78,12
562429,423.84,12
562524,301.41,12
562580,249.7,12
562581,113.79,12
562730,451.96,12
562767,252.53,12
562912,205.32,12
562930,320.68,12
562951,205.92,12
563013,197.1,12
563168,193.05,12
563170,203.41,12
563238,448.82,12
563268,172.44,12
563504,454.72,12
563508,293.13,12
563620,223.75,12
563732,1000.88,12
563822,315.98,12
563905,257.2,12
564051,214.33,12
564092,360.38,12
564337,215.21,12
564351,1187.74,12
564473,295.3,12
564507,222.96,12
564866,107.95,12
565144,457.6,12
565186,111.03,12
565214,1485.24,12
565424,226.24,12
565463,310.3,12
565479,239.03,12
565598,213.04,12
565614,82.75,12
565684,189.6,12
565756,503.08,12
565839,313.6,12
565856,140.85,12
566021,210.45,12
566204,340.38,12
566402,278.4,12
566422,183.08,12
566484,223.84,12
566620,185.22,12
566722,466.52,12
566733,206.68,12
566980,551.88,12
567178,137.54,12
567193,570.0,12
567195,214.97,12
567202,675.3,12
567295,313.1,12
567327,247.74,12
567370,301.56,12
567381,22104.8,12
567382,219.9,12
567383,262.9,12
567423,31698.16,12
567542,281.1,12
567958,437.12,12
567959,656.86,12
568139,158.44,12
568155,260.86,12
568176,191.85,12
568215,424.68,12
568241,746.56,12
568333,192.89,12
568505,626.52,12
568706,217.6,12
568727,294.99,12
568797,2377.0,12
568872,353.12,12
568873,334.5,12
568874,106.11,12
568953,201.02,12
568993,173.82,12
568999,237.04,12
569012,194.18,12
569079,185.77,12
569122,185.42,12
569127,1568.4,12
569407,991.86,12
569462,137.05,12
569580,146.17,12
569867,284.4,12
569887,192.76,12
570076,306.52,12
570101,264.62,12
570243,480.78,12
570271,292.99,12
570494,757.8,12
570496,459.06,12
570503,48.46,12
570600,304.26,12
570634,148.45,12
570670,210.25,12
570676,247.92,12
570699,211.0,12
570824,307.06,12
570864,294.22,12
570881,211.25,12
570919,267.16,12
571044,357.93,12
571080,215.64,12
571125,313.48,12
571200,294.78,12
571238,250.52,12
571263,174.61,12
571295,283.53,12
571300,214.45,12
571377,234.55,12
571434,110.53,12
571443,123.44,12
571557,352.7,12
571683,301.4,12
571708,269.76,12
571732,219.34,12
572211,196.68,12
572221,229.41,12
572232,303.58,12
572327,255.9,12
572350,38.9,12
572483,86.67,12
572671,909.26,12
572752,189.62,12
572868,124.34,12
572925,186.22,12
573007,224.16,12
573008,1146.96,12
573028,193.44,12
573106,198.96,12
573140,303.96,12
573171,169.48,12
573178,217.28,12
573395,316.88,12
573587,242.38,12
573747,151.3,12
573894,26.52,12
573907,266.7,12
574047,268.96,12
574060,199.31,12
574281,228.21,12
574300,309.66,12
574327,265.29,12
574466,335.72,12
574664,349.7,12
574674,109.85,12
574703,23.39,12
574844,194.26,12
574870,152.67,12
575066,140.97,12
575218,268.85,12
575342,229.57,12
575495,754.66,12
575501,449.2,12
575584,227.4,12
575624,303.85,12
575642,271.65,12
575693,302.64,12
575733,178.26,12
575738,138.92,12
575891,191.04,12
576056,295.59,12
576082,294.34,12
576215,269.12,12
576412,213.3,12
576567,114.0,12
576602,749.38,12
576605,205.89,12
576638,206.6,12
576692,201.44,12
576862,290.81,12
576872,232.98,12
577026,243.6,12
577089,153.4,12
577332,297.65,12
577357,692.44,12
577530,243.5,12
577551,205.98,12
577572,108.75,12
577599,316.9,12
577732,569.92,12
577826,145.02,12
577856,285.88,12
578056,334.9,12
578085,294.88,12
578114,194.41,12
578301,355.69,12
578303,541.71,12
578364,220.2,12
578480,317.5,12
578795,275.56,12
578997,109.25,12
579153,227.1,12
579156,270.94,12
579259,187.6,12
579514,283.64,12
579531,588.42,12
579549,163.22,12
579572,284.0,12
579669,302.33,12
579910,254.5,12
580051,264.65,12
580071,202.66,12
580111,1171.4,12
580163,256.83,12
580362,234.35,12
580441,212.16,12
580630,520.1,12
580648,197.25,12
580733,205.94,12
580973,210.35,12
581095,138.67,12
581285,302.1,12
581327,329.92,12
581335,128.76,12
581415,333.68,12
581421,385.89,12
581427,207.7,12
581438,346.92,12
581570,206.95,12
536477,2299.54,13
536787,192.46,13
536938,1418.08,13
536957,791.7,13
536977,88.88,13
537030,246.3,13
537046,251.95,13
537179,806.28,13
537214,1668.2,13
537250,178.44,13
537368,307.6,13
537387,209.43,13
537435,181.7,13
537458,293.45,13
537593,571.0,13
537650,289.35,13
537680,253.24,13
537690,295.36,13
537694,141.25,13
537707,286.86,13
537789,589.42,13
537804,130.64,13
537885,190.75,13
537894,428.61,13
537896,246.2,13
538002,235.83,13
538013,114.79,13
538166,76.95,13
538169,93.45,13
538200,76.8,13
538521,260.1,13
538646,282.39,13
538888,91.56,13
538999,286.7,13
539201,322.01,13
539212,235.85,13
539213,130.16,13
539214,141.3,13
539283,250.65,13
539442,268.65,13
539461,249.6,13
539978,354.64,13
539985,903.07,13
540017,215.41,13
540261,730.88,13
540374,303.36,13
540387,175.15,13
540493,255.34,13
540537,110.18,13
540645,402.66,13
540664,237.5,13
540946,221.0,13
540955,137.95,13
541003,210.46,13
541204,223.08,13
541270,73.0,13
541481,239.73,13
541488,780.5,13
541587,162.98,13
541671,330.6,13
541858,185.31,13
541946,216.63,13
541947,256.13,13
542429,335.82,13
542470,242.25,13
542603,314.74,13
542623,342.7,13
542692,106.8,13
542724,265.05,13
542776,301.95,13
542785,1025.34,13
542887,324.6,13
542994,457.35,13
543274,145.5,13
543387,1156.28,13
543459,165.86,13
543534,309.06,13
543733,216.51,13
544044,156.3,13
544060,81.8,13
544156,228.4,13
544182,288.6,13
544210,231.12,13
544280,198.52,13
544306,278.1,13
544456,531.2,13
544596,211.0,13
544774,220.53,13
544800,221.9,13
544810,428.51,13
544813,104.95,13
545041,471.6,13
545149,251.9,13
545163,216.05,13
545191,212.25,13
545220,201.35,13
545295,711.5,13
545303,145.0,13
545441,99.82,13
545459,108.42,13
545534,222.3,13
545536,221.35,13
545602,109.16,13
545663,162.08,13
545665,164.4,13
546159,223.95,13
546189,249.54,13
546218,134.95,13
546248,214.5,13
546531,391.8,13
546562,219.26,13
546640,238.2,13
546685,222.5,13
546790,118.67,13
546830,370.27,13
546883,151.6,13
546928,306.6,13
546979,752.43,13
547021,177.82,13
547428,327.25,13
547572,228.51,13
547715,143.24,13
547716,344.41,13
547833,136.39,13
547837,230.75,13
547875,612.38,13
547898,357.7,13
547990,214.68,13
548153,304.4,13
548172,328.15,13
548354,600.0,13
548565,413.88,13
548642,125.34,13
548744,263.54,13
548858,201.55,13
548896,280.28,13
548918,336.96,13
549055,203.4,13
549127,688.7,13
549318,222.45,13
549564,99.8,13
549682,194.05,13
549735,591.3,13
549918,267.96,13
550124,243.1,13
550161,275.04,13
550179,195.68,13
550275,238.42,13
550296,102.37,13
550346,288.3,13
550351,164.58,13
550514,320.58,13
550616,354.78,13
550665,381.6,13
550799,214.97,13
550818,141.49,13
550826,254.91,13
550918,212.5,13
551352,194.82,13
551390,239.55,13
551688,299.81,13
551733,261.07,13
551813,224.78,13
551842,223.22,13
551850,216.22,13
551859,190.23,13
552007,219.98,13
552064,108.35,13
552170,216.3,13
552192,212.66,13
552255,161.66,13
552311,318.16,13
552326,227.59,13
552371,101.18,13
552376,109.05,13
552404,305.02,13
552472,204.4,13
552656,400.55,13
552708,215.65,13
552853,56.19,13
552882,1465.32,13
552969,243.1,13
553176,112.8,13
553208,281.64,13
553343,248.23,13
553383,403.26,13
553472,552.17,13
553566,265.11,13
553664,79.05,13
553668,291.0,13
553709,352.34,13
553844,437.94,13
553861,215.63,13
553925,237.42,13
554000,180.56,13
554116,147.86,13
554362,82.05,13
554363,237.35,13
554504,206.65,13
554507,317.16,13
554545,219.78,13
554666,351.4,13
554794,154.52,13
554855,179.8,13
554858,222.18,13
555388,203.85,13
555522,243.28,13
555546,228.3,13
555587,251.5,13
555651,182.27,13
555743,228.16,13
555859,198.57,13
555938,299.25,13
556043,243.93,13
556079,351.2,13
556197,202.38,13
556248,264.64,13
556282,178.22,13
556325,114.04,13
556463,324.18,13
556472,220.95,13
556476,302.62,13
556480,131.11,13
556641,189.47,13
556751,1393.48,13
556779,143.4,13
557120,218.94,13
557264,177.34,13
557474,454.6,13
557571,2221.84,13
557616,208.81,13
557673,1581.85,13
557734,426.38,13
557748,73.9,13
557749,173.26,13
557861,220.83,13
557871,300.78,13
557933,251.55,13
558098,205.32,13
558107,107.76,13
558247,133.15,13
558375,376.92,13
558383,244.48,13
558555,127.1,13
558639,360.8,13
558714,128.27,13
558762,122.28,13
558873,346.8,13
558911,199.56,13
559064,250.66,13
559158,345.65,13
559293,28.88,13
559327,203.46,13
559359,109.9,13
559368,225.95,13
559471,238.9,13
559527,120.62,13
559639,329.76,13
559715,304.5,13
559751,207.41,13
560442,104.28,13
560447,525.03,13
560449,318.1,13
560454,207.35,13
560714,26.25,13
560736,345.14,13
560742,242.95,13
560754,310.82,13
560883,452.71,13
560885,189.26,13
561010,149.48,13
561074,275.9,13
561096,273.8,13
561097,397.2,13
561288,136.29,13
561390,239.0,13
561395,307.7,13
561511,208.63,13
561529,257.7,13
562011,422.07,13
562033,281.04,13
562038,201.2,13
562137,221.04,13
562162,148.48,13
562342,199.74,13
562433,999.04,13
562448,1194.4,13
562518,272.56,13
562565,111.16,13
562567,100.4,13
563033,140.84,13
563217,188.4,13
563227,640.14,13
563264,247.35,13
563358,183.45,13
563364,234.75,13
563498,174.98,13
563574,209.95,13
563621,270.84,13
563690,273.31,13
563708,260.7,13
563721,301.7,13
563754,220.18,13
563890,168.72,13
564059,229.4,13
564077,63.57,13
564136,238.34,13
564137,618.35,13
564192,238.72,13
564195,306.96,13
564268,216.41,13
564304,110.13,13
564314,244.65,13
564495,303.78,13
564722,106.26,13
564746,315.72,13
564821,221.46,13
564943,258.75,13
565197,199.76,13
565223,310.24,13
565287,291.45,13
565409,316.62,13
565429,156.62,13
565444,95.95,13
565513,313.08,13
565565,77.74,13
565838,373.5,13
565862,258.55,13
565923,590.4,13
565926,310.2,13
566014,355.08,13
566043,391.48,13
566077,296.64,13
566081,236.99,13
566189,151.3,13
566273,245.33,13
566300,299.34,13
566426,663.24,13
566486,293.14,13
566866,1596.24,13
566951,250.34,13
566969,176.94,13
567298,953.1,13
567302,197.55,13
567310,52.83,13
567369,161.7,13
567619,189.4,13
567683,218.16,13
567801,310.24,13
567826,101.14,13
567936,531.72,13
567943,138.79,13
568179,251.34,13
568200,319.28,13
568201,305.75,13
568239,203.06,13
568323,304.36,13
568393,211.62,13
568402,161.05,13
568577,233.3,13
568669,305.66,13
568680,242.61,13
568801,283.78,13
568805,234.0,13
568997,210.18,13
569011,400.61,13
569120,291.23,13
569221,385.51,13
569239,283.16,13
569244,230.48,13
569263,4849.1,13
569343,7298.76,13
569362,1023.96,13
569365,1094.71,13
569483,322.26,13
569571,2487.4,13
569577,245.8,13
569716,223.22,13
569731,308.44,13
569825,199.35,13
570247,367.37,13
570695,168.08,13
570833,326.94,13
571017,411.78,13
571255,2760.44,13
571258,112.35,13
571309,5.93,13
571426,188.55,13
571427,384.08,13
571511,223.68,13
571657,175.72,13
571672,302.2,13
571735,697.47,13
571831,343.94,13
571864,1435.74,13
571895,298.4,13
572081,203.96,13
572131,206.66,13
572236,81.02,13
572459,481.27,13
572613,230.39,13
572661,760.74,13
572664,306.3,13
572834,64.32,13
572912,77.66,13
573104,353.39,13
573142,439.06,13
573163,377.65,13
573165,205.46,13
573280,158.76,13
573392,211.69,13
573402,176.84,13
573417,169.76,13
573418,427.93,13
573464,301.32,13
573578,247.0,13
574107,219.12,13
574154,216.99,13
574280,660.7,13
574363,5028.76,13
574653,446.16,13
574679,410.32,13
574694,245.56,13
574702,258.13,13
574911,151.04,13
575085,275.49,13
575188,257.1,13
575207,268.02,13
575312,222.0,13
575519,266.23,13
575620,198.39,13
575629,157.54,13
575654,299.21,13
575686,347.68,13
575845,318.8,13
575849,216.74,13
575877,416.56,13
576089,303.63,13
576137,1617.56,13
576553,175.35,13
576555,247.15,13
576774,301.1,13
576926,417.14,13
577080,357.6,13
577161,245.4,13
577235,277.35,13
577610,213.78,13
577616,273.24,13
577811,201.96,13
578055,320.46,13
578087,150.55,13
578108,385.06,13
578234,208.99,13
578281,167.8,13
578470,237.74,13
578526,215.76,13
578661,392.76,13
578680,239.66,13
578822,459.82,13
578854,388.42,13
578939,151.34,13
578952,130.55,13
579158,309.12,13
579250,279.05,13
579255,186.32,13
579300,374.9,13
579391,490.68,13
579467,253.51,13
579492,642.12,13
579679,80.05,13
579712,122.32,13
579949,271.06,13
580118,368.92,13
580515,113.32,13
580529,79.71,13
580540,249.68,13
580545,224.25,13
580712,225.63,13
580873,2137.26,13
580891,155.4,13
580963,390.09,13
580985,3245.18,13
581002,305.79,13
581013,630.6,13
581019,204.86,13
581059,258.7,13
581118,212.4,13
581357,156.72,13
581418,294.18,13
581445,112.6,13
581495,1016.7,13
536388,226.14,14
536395,507.88,14
536420,233.45,14
536460,295.54,14
536527,243.48,14
536611,259.65,14
536634,193.78,14
536667,291.6,14
536733,329.65,14
536778,193.23,14
536960,225.65,14
537142,32.95,14
537301,85.66,14
537371,185.97,14
537377,270.52,14
537419,510.95,14
537440,175.87,14
537598,319.0,14
537628,342.3,14
537671,251.95,14
537770,278.66,14
537830,185.05,14
537837,313.72,14
537864,336.94,14
537867,287.35,14
538097,275.2,14
538263,228.12,14
538473,177.66,14
538998,1729.88,14
539016,321.48,14
539046,286.7,14
539095,280.56,14
539408,129.74,14
539462,298.56,14
539551,268.6,14
539570,327.6,14
539588,82.75,14
539754,43.79,14
539837,222.6,14
539984,239.85,14
540043,150.69,14
540505,273.35,14
540562,245.14,14
540817,295.3,14
540986,261.29,14
541002,188.69,14
541091,316.65,14
541239,487.9,14
541500,145.23,14
541565,122.5,14
541681,229.47,14
541792,302.0,14
541973,187.02,14
542110,223.74,14
542246,284.33,14
542521,129.63,14
542528,190.02,14
542543,266.55,14
542648,250.58,14
542729,241.62,14
543118,182.41,14
543132,172.3,14
543174,267.6,14
543391,248.85,14
543476,228.14,14
543542,231.91,14
543565,351.36,14
543592,263.8,14
543731,595.3,14
543798,157.5,14
544042,78.45,14
544058,190.35,14
544151,196.87,14
544190,180.26,14
544200,192.1,14
544271,304.66,14
544314,277.81,14
544315,23.95,14
544474,177.31,14
544610,313.2,14
544663,358.6,14
544688,235.8,14
544789,260.7,14
544802,280.34,14
544836,293.71,14
544885,252.6,14
544895,214.71,14
544899,190.93,14
544906,460.32,14
545044,333.92,14
545182,154.99,14
545218,463.41,14
545322,565.62,14
545519,348.2,14
545588,213.04,14
545589,299.3,14
545664,332.83,14
545698,30.14,14
545748,1588.68,14
545764,285.67,14
545905,197.0,14
545913,431.58,14
545915,287.68,14
546158,247.5,14
546216,853.48,14
546396,85.51,14
546525,585.6,14
546554,231.66,14
546665,215.49,14
546667,236.1,14
546780,2698.59,14
547004,272.8,14
547061,211.3,14
547081,222.9,14
547087,298.02,14
547092,226.21,14
547134,133.78,14
547419,1123.98,14
547515,330.52,14
547647,232.9,14
547795,76.85,14
547866,197.89,14
547945,206.13,14
548003,212.85,14
548157,1518.0,14
548171,963.01,14
548234,315.0,14
548255,332.07,14
548329,611.94,14
548486,248.8,14
548534,252.62,14
548544,333.55,14
548545,376.7,14
548718,2183.82,14
548768,187.74,14
548861,214.25,14
548865,224.65,14
548974,250.07,14
549233,482.79,14
549275,147.37,14
549304,301.53,14
549320,118.75,14
549322,230.98,14
549562,117.43,14
549592,213.01,14
549596,309.52,14
549718,235.53,14
549722,96.95,14
549832,206.09,14
549843,300.12,14
549975,252.96,14
550148,205.8,14
550159,1420.98,14
550314,158.64,14
550319,133.61,14
550325,228.9,14
550344,2949.12,14
550457,1231.6,14
550822,988.0,14
551315,289.21,14
551420,314.6,14
551534,810.56,14
551546,301.17,14
551714,130.13,14
551843,221.25,14
551858,109.56,14
551860,75.19,14
551870,194.3,14
552134,482.12,14
552244,29.89,14
552288,302.44,14
552322,272.0,14
552452,135.33,14
552893,387.18,14
552948,311.86,14
552958,433.3,14
552964,265.41,14
552965,292.38,14
552977,221.72,14
553052,1189.9,14
553221,327.0,14
553346,280.95,14
553404,355.08,14
553526,105.5,14
553670,525.9,14
553675,205.84,14
553737,424.9,14
553738,305.36,14
553834,266.1,14
553897,197.56,14
554067,227.58,14
554271,1733.85,14
554286,284.76,14
554353,1359.86,14
554667,374.82,14
554762,239.65,14
554824,302.17,14
554968,94.41,14
555000,240.43,14
555114,107.84,14
555133,289.64,14
555234,340.25,14
555264,88.74,14
555289,345.7,14
555348,129.23,14
555405,296.7,14
555407,404.8,14
555410,296.9,14
555495,278.75,14
555551,264.79,14
555586,310.79,14
555602,250.88,14
555628,356.98,14
555701,147.02,14
555829,392.4,14
555862,243.2,14
556048,268.78,14
556100,300.14,14
556125,286.67,14
556184,337.55,14
556216,300.55,14
556465,62.48,14
556477,182.78,14
556490,268.24,14
556512,143.54,14
556630,281.05,14
556680,306.46,14
556724,246.49,14
556790,234.32,14
556958,237.2,14
557008,112.88,14
557560,250.95,14
557674,1754.97,14
557765,86.16,14
557849,288.45,14
557884,124.2,14
557950,83.61,14
557952,213.45,14
557967,476.0,14
558122,348.12,14
558204,208.91,14
558260,310.0,14
558271,362.56,14
558460,406.46,14
558619,316.7,14
558633,294.65,14
558635,91.22,14
558685,276.8,14
558729,440.64,14
559295,217.11,14
559340,308.58,14
559346,182.26,14
559553,258.4,14
559684,373.4,14
559811,271.1,14
559834,214.3,14
559896,128.1,14
559987,598.0,14
559988,185.78,14
560034,300.99,14
560119,342.6,14
560207,229.25,14
560246,1313.3,14
560415,234.17,14
560437,201.62,14
560483,335.64,14
560577,471.27,14
560934,374.28,14
560977,422.4,14
561087,261.42,14
561201,111.25,14
561205,166.47,14
561223,152.66,14
561329,111.76,14
561463,97.86,14
561537,418.31,14
561678,102.66,14
561914,182.66,14
562019,457.6,14
562095,168.05,14
562108,116.01,14
562127,189.02,14
562150,301.92,14
562202,449.72,14
562205,274.53,14
562209,327.7,14
562389,199.7,14
562430,245.02,14
562535,319.32,14
562543,463.9,14
562720,36.89,14
562780,159.64,14
562809,109.63,14
562853,178.2,14
562894,248.35,14
563018,250.36,14
563024,202.76,14
563089,264.5,14
563097,316.99,14
563155,138.68,14
563171,268.51,14
563333,111.56,14
563347,234.17,14
563437,257.6,14
563509,224.13,14
563564,324.59,14
563589,2240.0,14
563695,221.84,14
563718,506.9,14
563738,75.18,14
563741,234.75,14
563821,301.48,14
563908,296.19,14
563913,389.0,14
564016,307.66,14
564043,190.06,14
564188,114.06,14
564321,136.4,14
564433,278.69,14
564476,236.4,14
564556,41.42,14
564634,245.24,14
564749,260.78,14
564815,74.1,14
564872,979.64,14
564963,237.9,14
564975,88.65,14
565014,1699.3,14
565133,322.98,14
565149,174.06,14
565317,598.38,14
565332,381.54,14
565458,477.7,14
565461,214.85,14
565470,228.8,14
565515,457.8,14
565732,257.8,14
565782,294.97,14
565853,413.99,14
566075,205.67,14
566268,238.24,14
566288,217.48,14
566289,231.56,14
566299,329.44,14
566303,248.22,14
566421,265.68,14
566433,567.54,14
566442,223.54,14
566480,266.97,14
566488,227.97,14
566567,303.65,14
566616,230.05,14
566705,396.84,14
566740,422.04,14
566747,221.17,14
566783,257.89,14
566819,147.0,14
566850,229.02,14
567163,305.07,14
567181,129.63,14
567236,348.5,14
567305,366.7,14
567312,292.82,14
567356,228.06,14
567483,324.14,14
567488,99.22,14
567516,198.44,14
567524,283.55,14
567626,597.45,14
567659,194.37,14
567938,165.55,14
568083,310.32,14
568151,302.2,14
568196,322.94,14
568236,217.77,14
568692,195.02,14
568875,105.55,14
568897,218.56,14
568945,338.5,14
568989,311.3,14
568996,225.9,14
569141,401.81,14
569213,99.71,14
569227,973.95,14
569324,363.08,14
569397,645.53,14
569405,259.92,14
569408,1897.16,14
569479,971.46,14
569513,466.3,14
569532,363.02,14
569641,162.75,14
569734,227.85,14
569828,122.06,14
569862,148.92,14
569899,225.24,14
569920,233.76,14
570010,230.46,14
570024,245.39,14
570409,252.18,14
570452,246.58,14
570505,362.79,14
570590,283.02,14
570591,302.65,14
570667,325.8,14
570754,197.23,14
570857,66.92,14
570863,416.6,14
570910,323.64,14
571178,161.0,14
571193,394.16,14
571269,110.05,14
571306,669.56,14
571496,271.36,14
571552,281.42,14
571560,276.12,14
571641,205.06,14
571733,312.89,14
571844,654.2,14
571943,401.6,14
572079,321.92,14
572106,200.83,14
572313,116.5,14
572568,708.44,14
572663,60.44,14
572720,158.99,14
572775,243.82,14
572848,211.88,14
572854,367.74,14
572899,558.6,14
572908,233.73,14
572990,335.86,14
572994,217.51,14
573027,533.18,14
573131,356.95,14
573135,251.22,14
573144,51.78,14
573184,520.44,14
573319,300.41,14
573366,173.06,14
573370,344.4,14
573374,421.31,14
573382,287.87,14
573632,219.2,14
573778,1350.9,14
573863,392.58,14
573871,600.22,14
573914,270.28,14
573921,204.92,14
573996,345.91,14
574165,226.92,14
574260,253.85,14
574284,312.75,14
574338,352.46,14
574352,5292.72,14
574656,196.9,14
574669,223.08,14
574744,266.36,14
574745,170.64,14
574861,166.92,14
574869,242.87,14
574871,118.92,14
574880,257.75,14
574887,187.48,14
575132,303.6,14
575143,260.04,14
575151,248.08,14
575220,2506.0,14
575383,168.12,14
575493,287.37,14
575520,266.92,14
575563,225.46,14
575710,49.73,14
575713,218.28,14
575723,296.98,14
575754,80.74,14
575828,231.9,14
575893,194.38,14
575922,479.8,14
575986,230.1,14
576060,179.67,14
576067,293.56,14
576068,296.75,14
576214,41.19,14
576521,1070.4,14
576564,263.57,14
576568,213.78,14
576574,815.01,14
576639,269.7,14
576648,639.16,14
576661,106.95,14
576809,305.22,14
576842,295.8,14
576867,247.05,14
576881,389.13,14
576894,204.86,14
576971,261.02,14
577086,165.3,14
577099,312.68,14
577176,316.45,14
577180,712.69,14
577256,333.62,14
577336,228.99,14
577600,290.76,14
577716,297.0,14
577730,128.91,14
577747,5490.24,14
577807,216.9,14
577812,225.04,14
577838,289.52,14
577919,121.05,14
578063,235.96,14
578117,223.5,14
578308,34.29,14
578309,256.8,14
578350,306.35,14
578544,269.73,14
578681,302.34,14
578736,562.5,14
578791,106.34,14
578849,120.0,14
579173,107.96,14
579174,269.56,14
579270,246.3,14
579307,447.74,14
579350,731.18,14
579442,232.9,14
579443,69.65,14
579522,248.58,14
579524,217.86,14
579538,1239.38,14
579539,239.42,14
579623,324.98,14
579986,2251.51,14
580049,204.22,14
580055,637.6,14
580114,289.52,14
580319,310.18,14
580384,314.28,14
580400,229.16,14
580518,442.3,14
580596,287.46,14
580679,318.45,14
580874,523.44,14
580883,231.74,14
580901,189.06,14
581057,197.43,14
581064,193.08,14
581112,323.94,14
581113,120.87,14
581132,293.18,14
581167,357.2,14
581377,344.17,14
581399,200.5,14
581413,384.24,14
581443,200.52,14
581449,48.47,14
581472,354.15,14
581516,348.01,14
536425,322.65,15
536500,223.9,15
536540,319.28,15
536561,322.4,15
536562,246.25,15
536582,264.24,15
536605,272.65,15
536607,254.32,15
536612,206.76,15
536741,202.12,15
536819,274.28,15
536857,98.13,15
536974,300.24,15
537055,273.29,15
537210,201.34,15
537211,338.75,15
537238,164.2,15
537241,364.92,15
537409,355.16,15
537420,284.3,15
537603,373.49,15
537607,139.19,15
537618,1146.16,15
537629,282.22,15
537795,312.9,15
537815,300.7,15
538191,2396.88,15
538196,927.9,15
538202,188.88,15
538511,172.24,15
538592,230.1,15
538657,181.45,15
538689,275.42,15
538895,247.38,15
538900,298.77,15
538905,303.15,15
539015,380.5,15
539222,265.9,15
539247,208.6,15
539249,314.1,15
539311,357.94,15
539314,329.05,15
539405,618.84,15
539459,334.84,15
539490,306.15,15
539491,55.96,15
539496,229.55,15
539590,650.48,15
539676,192.93,15
539831,95.88,15
540094,230.7,15
540096,436.68,15
540161,142.5,15
540169,74.95,15
540172,90.78,15
540249,305.74,15
540404,171.66,15
540472,242.3,15
540499,193.65,15
540529,479.0,15
540532,128.35,15
540554,240.45,15
540641,279.3,15
540648,969.87,15
540703,511.46,15
540809,364.8,15
541107,328.92,15
541122,210.37,15
541486,99.76,15
541594,295.05,15
541788,307.6,15
541798,285.87,15
541968,387.27,15
541986,290.03,15
542128,251.93,15
542174,273.95,15
542224,92.7,15
542247,305.55,15
542369,351.3,15
542374,244.36,15
542412,88.0,15
542434,282.06,15
542616,249.67,15
542788,450.06,15
542868,220.01,15
543246,94.3,15
543377,220.98,15
543400,213.15,15
543668,73.2,15
543829,3376.08,15
543836,321.05,15
543921,223.74,15
544064,87.8,15
544108,603.9,15
544187,257.85,15
544338,264.15,15
544411,321.8,15
544607,253.75,15
544643,395.1,15
544644,394.06,15
544701,522.19,15
544815,199.41,15
544817,274.0,15
544914,314.36,15
545052,307.98,15
545072,549.26,15
545148,308.44,15
545235,296.3,15
545471,306.94,15
545583,281.25,15
545596,265.0,15
545819,102.0,15
546122,91.54,15
546165,251.1,15
546255,235.57,15
546376,233.72,15
546415,460.21,15
546545,76.9,15
546644,339.34,15
546764,258.48,15
546992,4491.24,15
547026,251.2,15
547097,246.6,15
547203,228.73,15
547252,344.83,15
547444,227.7,15
547511,265.68,15
547538,244.9,15
547549,223.23,15
547702,365.45,15
547877,45.08,15
547902,81.9,15
547934,213.7,15
547963,250.42,15
548038,226.5,15
548325,313.5,15
548408,346.65,15
548452,307.53,15
548470,359.52,15
548512,136.6,15
548616,307.6,15
548707,92.39,15
548716,253.24,15
549015,297.94,15
549258,278.1,15
549283,261.95,15
549286,49.36,15
549451,258.57,15
549550,47.65,15
549554,480.34,15
549728,92.96,15
549741,253.3,15
549851,111.42,15
550001,367.39,15
550169,238.1,15
550180,342.97,15
550299,1520.4,15
550303,232.48,15
550498,99.45,15
550523,267.91,15
550781,308.18,15
550802,239.46,15
550817,62.23,15
550901,208.24,15
551147,285.56,15
551391,385.2,15
551418,92.35,15
551542,269.6,15
551549,248.25,15
551599,267.09,15
551876,293.5,15
551880,286.82,15
551884,296.88,15
551893,430.3,15
551944,72.13,15
551954,416.9,15
552055,327.96,15
552058,605.25,15
552078,300.4,15
552121,248.86,15
552243,42.64,15
552261,280.6,15
552271,141.85,15
552303,247.77,15
552307,83.1,15
552308,302.4,15
552329,315.3,15
552445,554.01,15
552562,323.7,15
552642,375.6,15
552804,310.22,15
552872,766.9,15
552957,2540.88,15
553007,635.66,15
553174,118.95,15
553191,185.22,15
553207,283.15,15
553363,330.9,15
553415,228.73,15
553520,68.38,15
553574,1373.46,15
553680,224.62,15
553889,292.3,15
554040,325.54,15
554092,306.13,15
554708,254.1,15
554787,107.67,15
554825,269.46,15
554854,354.45,15
554946,351.12,15
554949,327.66,15
554963,229.2,15
554995,127.71,15
554996,158.6,15
555112,299.52,15
555594,280.29,15
555633,105.17,15
555635,272.0,15
555645,115.71,15
555731,247.85,15
555737,268.29,15
555847,177.27,15
555876,161.02,15
555943,492.68,15
556009,302.54,15
556105,262.5,15
556179,308.2,15
556204,256.78,15
556256,196.68,15
556440,428.44,15
556467,127.15,15
556792,150.37,15
557020,212.47,15
557040,263.09,15
557132,368.38,15
557226,235.63,15
557251,147.95,15
557280,373.5,15
557409,510.04,15
557410,109.58,15
557503,488.54,15
557850,240.93,15
557959,218.75,15
557973,293.96,15
557975,438.8,15
558035,253.6,15
558053,231.95,15
558335,254.18,15
558339,174.05,15
558481,392.21,15
558567,318.9,15
558632,303.54,15
558634,247.8,15
558643,410.9,15
558687,280.64,15
558713,69.02,15
558768,77.25,15
558813,420.36,15
558871,4146.34,15
558908,356.07,15
558963,1000.9,15
559014,305.5,15
559160,235.82,15
559167,532.21,15
559254,264.58,15
559299,229.14,15
559316,258.6,15
559350,295.38,15
559369,314.02,15
559370,185.51,15
559422,248.75,15
559460,266.86,15
559546,818.0,15
559791,413.7,15
559991,74.6,15
560102,246.22,15
560186,84.21,15
560432,484.1,15
560500,131.66,15
560686,385.57,15
560829,283.12,15
560854,297.9,15
560920,287.47,15
561009,489.6,15
561105,394.35,15
561128,274.94,15
561246,208.96,15
561399,1049.38,15
561528,378.44,15
561583,280.14,15
561695,288.6,15
561799,186.27,15
561875,765.32,15
562096,189.94,15
562156,310.02,15
562222,832.5,15
562233,69.37,15
562369,683.75,15
562380,357.01,15
562564,204.5,15
562571,96.23,15
562592,263.19,15
562612,190.98,15
562768,257.48,15
562926,350.58,15
563062,120.42,15
563206,155.93,15
563362,191.14,15
563384,145.45,15
563425,516.76,15
563441,124.65,15
563476,409.22,15
563534,259.84,15
563556,301.5,15
563689,103.0,15
563722,245.72,15
563728,152.84,15
563744,333.93,15
563833,315.5,15
563837,306.1,15
563927,199.22,15
564022,315.68,15
564088,563.64,15
564223,255.15,15
564306,957.68,15
564307,83.35,15
564350,290.0,15
564434,628.38,15
564656,272.41,15
564718,127.24,15
564800,274.33,15
564868,329.24,15
565124,429.01,15
565200,117.05,15
565238,301.85,15
565246,562.38,15
565384,276.82,15
565438,161.05,15
565441,110.04,15
565467,315.78,15
565563,134.88,15
565584,315.17,15
565611,401.94,15
565613,229.2,15
565758,199.3,15
565769,280.8,15
565784,222.2,15
565849,323.68,15
565921,416.9,15
566061,282.6,15
566199,441.91,15
566227,1736.86,15
566286,331.56,15
566444,286.19,15
566491,294.24,15
566617,1128.84,15
566624,302.25,15
566667,148.29,15
566728,303.48,15
566739,240.85,15
566778,74.56,15
566817,801.94,15
566873,240.28,15
566875,761.5,15
566971,253.91,15
566973,329.02,15
567140,361.43,15
567175,115.46,15
567296,276.11,15
567326,234.54,15
567505,243.75,15
567545,293.4,15
567622,134.11,15
567660,225.42,15
567676,197.29,15
567678,305.17,15
567679,44.79,15
567692,117.12,15
567701,317.76,15
567887,205.22,15
567976,259.17,15
568144,255.62,15
568203,834.7,15
568223,306.14,15
568319,2972.76,15
568378,588.88,15
568423,468.5,15
568551,184.21,15
568556,225.18,15
568660,282.69,15
568781,2155.44,15
568800,337.7,15
568904,423.59,15
569015,216.86,15
569022,314.06,15
569104,340.98,15
569322,464.64,15
569361,338.71,15
569384,156.6,15
569459,584.14,15
569487,323.94,15
569496,240.18,15
569705,268.44,15
569720,23.39,15
569721,298.64,15
569740,2924.0,15
569861,277.74,15
569965,226.73,15
570115,1482.2,15
570178,228.46,15
570188,1714.96,15
570413,329.55,15
571067,226.84,15
571120,400.15,15
571230,242.14,15
571293,121.55,15
571446,1410.84,15
571551,223.36,15
571728,287.88,15
571740,337.04,15
571939,810.45,15
572021,311.43,15
572033,247.94,15
572220,155.11,15
572244,503.62,15
572303,181.95,15
572333,219.33,15
572353,318.6,15
572474,248.99,15
572509,369.04,15
572511,336.15,15
572734,1632.63,15
572742,245.56,15
572763,229.64,15
572771,262.57,15
572836,160.31,15
572856,106.14,15
572884,267.45,15
572907,217.75,15
573033,179.77,15
573109,678.46,15
573126,335.55,15
573332,103.46,15
573333,374.2,15
573350,262.02,15
573509,317.34,15
573769,296.97,15
573918,115.58,15
573927,282.2,15
574085,175.89,15
574088,229.7,15
574251,254.7,15
574278,422.24,15
574299,292.01,15
574329,417.94,15
574331,262.26,15
574342,203.81,15
574349,659.8,15
574387,292.56,15
574534,1329.72,15
574692,144.3,15
574706,294.24,15
574718,885.8,15
574831,138.94,15
574873,215.09,15
574903,305.62,15
574945,303.3,15
574949,194.3,15
574953,316.36,15
575037,340.85,15
575062,303.28,15
575068,249.7,15
575083,323.48,15
575127,296.78,15
575181,312.0,15
575194,359.46,15
575195,271.36,15
575210,294.24,15
575320,270.9,15
575326,313.83,15
575392,209.48,15
575410,379.6,15
575605,350.02,15
575643,349.08,15
575655,93.28,15
575682,279.5,15
575683,2723.52,15
575765,325.01,15
575899,334.9,15
575911,270.82,15
575935,415.6,15
576091,299.4,15
576172,1355.56,15
576318,249.15,15
576370,558.6,15
576371,325.22,15
576378,303.93,15
576543,305.62,15
576624,396.0,15
576629,505.28,15
576859,495.78,15
576917,289.1,15
577020,288.79,15
577031,301.64,15
577090,209.49,15
577308,240.53,15
577365,324.57,15
577409,814.86,15
577687,343.72,15
578025,309.36,15
578080,243.55,15
578086,336.12,15
578093,242.29,15
578260,339.1,15
578463,284.7,15
578547,270.74,15
578626,460.7,15
578914,170.06,15
579037,688.62,15
579138,313.14,15
579143,265.24,15
579157,213.3,15
579256,197.32,15
579507,244.68,15
579518,78.22,15
579533,274.95,15
579544,314.73,15
579685,311.97,15
580005,63.41,15
580096,545.78,15
580105,520.66,15
580106,339.02,15
580134,308.06,15
580135,113.34,15
580221,312.1,15
580299,310.93,15
580308,240.22,15
580373,310.99,15
580389,229.83,15
580432,486.22,15
580517,557.2,15
580680,591.01,15
580959,366.77,15
580965,219.88,15
581000,241.47,15
581010,218.53,15
581137,321.34,15
581144,230.7,15
581253,72.5,15
581436,442.9,15
581587,249.45,15
536373,259.86,16
536375,259.86,16
536398,375.56,16
536406,281.64,16
536542,787.4,16
536576,2558.42,16
536609,244.46,16
536613,199.02,16
536628,230.56,16
536630,244.46,16
536639,288.5,16
536685,308.96,16
536690,259.76,16
536698,326.0,16
536759,296.3,16
536790,424.76,16
536839,623.73,16
537044,332.15,16
537129,291.17,16
537156,168.85,16
537218,320.08,16
537376,480.68,16
537738,261.58,16
537819,377.7,16
537842,159.51,16
537880,365.8,16
538113,289.85,16
538260,300.65,16
538308,363.24,16
538343,385.58,16
538525,474.21,16
538645,310.74,16
538715,275.42,16
538841,170.55,16
538844,1106.92,16
538851,310.85,16
538862,136.75,16
538896,262.98,16
539007,89.93,16
539018,283.53,16
539036,262.62,16
539290,133.22,16
539318,652.8,16
539447,228.82,16
539473,335.6,16
539478,176.69,16
539580,289.74,16
539609,119.4,16
539658,302.95,16
540005,190.56,16
540351,226.02,16
540354,623.68,16
540409,329.05,16
540462,434.95,16
540496,201.04,16
540508,146.55,16
540519,357.68,16
540522,301.28,16
540525,275.48,16
540915,311.67,16
541021,719.1,16
541207,361.5,16
541574,212.72,16
541680,1652.27,16
541682,253.1,16
541699,301.96,16
541996,316.08,16
542111,224.48,16
542114,311.48,16
542226,151.96,16
542243,171.7,16
542406,116.45,16
542409,305.25,16
542542,265.68,16
542585,243.36,16
542620,292.55,16
542869,226.86,16
542904,427.1,16
543021,295.06,16
543037,294.4,16
543054,313.76,16
543180,337.83,16
543272,136.65,16
543547,109.2,16
543587,238.85,16
543641,197.94,16
544065,249.69,16
544159,472.64,16
544165,308.78,16
544307,161.28,16
544412,233.16,16
544471,504.72,16
544565,255.0,16
544647,402.66,16
544749,151.55,16
544806,317.73,16
544846,129.63,16
544888,256.4,16
545416,254.67,16
545518,309.38,16
545585,284.4,16
545635,240.68,16
545700,166.45,16
545826,318.24,16
545859,593.92,16
545907,300.36,16
545928,310.53,16
546239,185.15,16
546243,248.07,16
546251,550.6,16
546275,209.94,16
546373,446.6,16
546431,376.05,16
546544,454.08,16
546686,300.19,16
546748,370.48,16
546837,316.62,16
546857,217.43,16
546920,350.92,16
546963,302.6,16
546980,302.55,16
547020,368.36,16
547103,527.85,16
547122,298.11,16
547513,313.45,16
547537,249.5,16
547561,358.9,16
547563,227.32,16
547659,286.25,16
547793,286.35,16
547800,57.51,16
547883,282.26,16
548211,1807.04,16
548218,301.48,16
548334,249.5,16
548337,284.67,16
548499,133.47,16
548563,115.68,16
548611,386.22,16
548622,249.6,16
548743,456.4,16
548975,354.29,16
548990,316.02,16
549059,147.91,16
549247,277.6,16
549309,215.34,16
549574,329.05,16
549687,299.1,16
549751,482.42,16
549790,199.38,16
549836,180.85,16
549881,269.34,16
549944,240.0,16
550289,251.83,16
550301,297.6,16
550312,325.62,16
550339,298.25,16
550478,269.15,16
550503,273.17,16
550620,503.5,16
550779,1466.14,16
550806,251.68,16
550837,199.75,16
550885,294.75,16
550913,226.35,16
550964,504.9,16
551028,239.83,16
551125,328.43,16
551281,126.74,16
551519,367.5,16
551715,286.38,16
551840,1030.7,16
551857,294.25,16
551891,169.86,16
551961,324.1,16
551963,305.9,16
552193,243.52,16
552273,348.3,16
552306,261.29,16
552325,295.5,16
552336,322.65,16
552410,80.24,16
552448,91.25,16
552550,1492.34,16
552692,311.3,16
552721,364.6,16
552764,208.56,16
552844,339.0,16
553015,39.25,16
553046,314.0,16
553058,149.34,16
553183,305.45,16
553192,1028.56,16
553341,246.38,16
553368,7539.66,16
553537,285.27,16
553576,664.0,16
553921,334.05,16
554126,454.19,16
554129,306.34,16
554181,353.0,16
554560,310.5,16
554665,349.94,16
554832,257.36,16
554843,330.42,16
554941,127.19,16
555092,95.7,16
555312,258.2,16
555414,266.1,16
555507,300.14,16
555531,1681.72,16
555542,315.15,16
555544,300.76,16
555550,486.24,16
555574,279.44,16
555582,260.57,16
555866,306.68,16
555941,338.04,16
555942,284.3,16
556050,279.04,16
556054,222.07,16
556279,171.99,16
556304,572.8,16
556318,399.18,16
556682,201.84,16
556887,119.29,16
557011,359.08,16
557143,553.42,16
557301,311.55,16
557349,263.54,16
557476,342.11,16
557518,113.12,16
557770,335.87,16
557786,128.39,16
557976,119.19,16
558042,241.47,16
558382,297.03,16
558432,342.21,16
558454,305.0,16
558636,120.65,16
558868,375.22,16
558995,311.82,16
559121,308.18,16
559360,94.64,16
559367,283.24,16
559459,445.78,16
559555,232.6,16
559696,156.85,16
559746,346.83,16
559783,302.04,16
559934,304.92,16
560051,324.72,16
560052,413.64,16
560107,356.1,16
560287,89.99,16
560422,280.28,16
560503,312.02,16
560698,664.83,16
560915,308.6,16
561092,211.2,16
561102,358.24,16
561203,311.76,16
561321,158.01,16
561807,301.55,16
561860,124.33,16
562145,298.68,16
562220,255.87,16
562260,452.8,16
562274,280.81,16
562354,193.36,16
562562,299.42,16
562892,282.35,16
562907,282.47,16
563178,208.39,16
563191,326.75,16
563252,300.63,16
563348,409.24,16
563361,233.54,16
563435,562.98,16
563615,302.74,16
563692,235.15,16
563703,138.98,16
563731,85.95,16
563943,540.92,16
564083,304.2,16
564170,275.82,16
564246,338.2,16
564371,268.4,16
564480,318.92,16
564482,249.72,16
564803,812.16,16
564855,307.42,16
564904,383.4,16
565056,242.83,16
565091,299.25,16
565147,459.92,16
565315,403.49,16
565316,311.85,16
565450,255.21,16
565457,454.8,16
565491,1795.94,16
565759,242.89,16
565790,591.14,16
565796,266.48,16
565863,402.79,16
565922,308.9,16
566230,295.64,16
566267,238.31,16
566282,1391.04,16
566293,408.38,16
566320,348.48,16
566329,148.17,16
566443,254.0,16
566583,250.7,16
566585,332.56,16
566595,4314.72,16
566597,396.91,16
566822,320.68,16
566915,285.48,16
566933,1465.6,16
566938,788.38,16
567111,271.28,16
567124,337.17,16
567292,47.38,16
567368,321.69,16
567372,267.03,16
567384,4418.0,16
567699,261.21,16
567849,202.35,16
567889,327.99,16
567904,290.12,16
567911,418.25,16
568140,283.86,16
568153,487.2,16
568234,223.92,16
568320,250.38,16
568397,265.1,16
568417,736.5,16
568495,304.3,16
568542,83.12,16
568674,277.22,16
568880,75.4,16
568902,192.95,16
568950,374.48,16
568951,325.2,16
569017,245.94,16
569019,402.24,16
569249,351.17,16
569325,119.32,16
569326,328.21,16
569364,196.37,16
569560,318.44,16
569574,406.53,16
569686,230.6,16
569688,59.52,16
569768,659.08,16
570001,321.74,16
570007,252.84,16
570121,221.06,16
570292,370.68,16
570422,395.64,16
570446,302.68,16
570507,264.96,16
570513,861.24,16
570668,153.2,16
570682,303.37,16
570713,256.25,16
571106,209.4,16
571235,423.42,16
571360,971.94,16
571549,369.74,16
571668,325.78,16
571693,330.24,16
571848,234.49,16
571914,330.24,16
571945,1393.06,16
572024,376.9,16
572123,2314.48,16
572196,7398.54,16
572217,97.25,16
572399,321.5,16
572541,138.01,16
572772,1820.89,16
572863,219.66,16
572922,98.0,16
573019,251.54,16
573112,344.83,16
573376,178.48,16
573486,273.95,16
573745,301.41,16
573931,296.76,16
574033,277.0,16
574049,1493.37,16
574070,339.0,16
574072,385.3,16
574082,111.08,16
574089,232.1,16
574227,331.46,16
574302,321.07,16
574314,292.4,16
574345,340.48,16
574354,464.05,16
574591,289.63,16
574719,345.26,16
574777,477.88,16
574824,344.24,16
574846,156.96,16
574994,143.11,16
575186,216.95,16
575212,270.03,16
575621,95.09,16
575700,329.68,16
575735,320.8,16
575742,328.96,16
575885,282.72,16
575976,183.14,16
576092,401.76,16
576219,3134.96,16
576254,933.14,16
576259,357.42,16
576328,493.8,16
576503,276.1,16
576649,148.07,16
576694,309.37,16
576833,209.17,16
576880,276.72,16
577172,115.05,16
577329,169.06,16
577498,129.88,16
577597,281.9,16
577602,329.04,16
577606,251.13,16
577743,135.16,16
578031,330.8,16
578069,351.95,16
578171,392.4,16
578231,184.95,16
578263,280.4,16
578298,344.7,16
578523,150.76,16
578532,266.92,16
578705,95.27,16
578815,266.29,16
579062,291.95,16
579087,292.88,16
579133,69.99,16
579166,264.53,16
579274,247.6,16
579432,262.28,16
579434,308.55,16
579493,307.72,16
579527,406.14,16
579667,90.47,16
579854,271.75,16
579954,498.44,16
580089,430.11,16
580178,1852.68,16
580284,144.61,16
580307,42.88,16
580316,320.59,16
580364,234.88,16
580374,423.15,16
580643,315.1,16
580682,186.12,16
580685,347.6,16
580909,330.28,16
581174,317.92,16
581182,288.58,16
581345,190.18,16
581437,302.86,16
581452,694.92,16
581481,242.3,16
581486,407.68,16
581493,193.64,16
536396,304.86,17
536633,161.15,17
536813,189.8,17
537216,552.5,17
537378,530.15,17
537689,301.52,17
537808,251.09,17
537829,405.5,17
538079,394.18,17
538108,249.86,17
538146,320.72,17
538296,289.5,17
538364,92.4,17
538567,302.1,17
538653,1160.04,17
538708,327.02,17
538796,304.5,17
538801,337.98,17
538843,128.55,17
539043,392.34,17
539098,335.46,17
539103,899.32,17
539255,206.22,17
539263,276.63,17
539463,191.46,17
539472,31.62,17
539498,260.61,17
539993,307.3,17
540093,112.3,17
540113,313.92,17
540121,366.06,17
540273,563.15,17
540395,186.75,17
540477,304.24,17
540640,116.45,17
540779,252.42,17
540984,138.4,17
541362,311.48,17
541370,287.1,17
541591,309.94,17
541796,281.6,17
541846,323.09,17
541851,105.34,17
541864,1780.92,17
541877,407.61,17
541948,206.98,17
541949,271.99,17
541977,354.2,17
542217,153.55,17
542397,1308.48,17
542422,110.6,17
542431,350.9,17
542527,369.08,17
542649,145.25,17
542678,205.6,17
542735,363.54,17
542779,333.0,17
542790,260.15,17
542922,416.64,17
542993,264.04,17
543044,308.55,17
543282,82.62,17
543374,319.35,17
543389,60.41,17
543645,89.2,17
543647,106.8,17
543648,259.05,17
543809,218.06,17
543913,126.18,17
544041,375.56,17
544059,103.21,17
544167,317.82,17
544179,321.25,17
544283,1131.46,17
544313,200.59,17
544319,110.98,17
544341,347.42,17
544356,201.12,17
544447,111.67,17
544448,99.13,17
544453,114.1,17
544572,355.64,17
544801,284.58,17
544900,278.15,17
544904,281.4,17
544907,338.15,17
544908,293.7,17
544924,246.32,17
544934,299.7,17
544944,292.4,17
545013,467.52,17
545035,404.76,17
545290,176.3,17
545339,270.85,17
545344,278.18,17
545423,223.15,17
545469,330.9,17
545522,303.03,17
545574,113.75,17
545634,224.28,17
545654,345.68,17
545702,104.12,17
545709,264.66,17
545718,265.85,17
545853,162.7,17
545994,269.1,17
546387,572.8,17
546403,572.8,17
546418,109.58,17
546428,307.29,17
546552,271.5,17
546882,321.91,17
546911,322.76,17
546988,265.12,17
547035,272.33,17
547050,163.25,17
547052,131.95,17
547076,446.15,17
547088,279.4,17
547109,283.45,17
547507,249.89,17
547657,401.3,17
547665,346.5,17
547697,389.67,17
547803,227.7,17
547811,194.92,17
547839,481.78,17
548007,300.75,17
548151,277.07,17
548152,255.83,17
548214,266.2,17
548407,306.6,17
548551,325.0,17
548655,262.93,17
548710,282.6,17
548757,339.6,17
549249,225.36,17
549276,267.1,17
549293,71.15,17
549296,329.14,17
549299,310.45,17
549313,421.6,17
549572,183.36,17
549681,309.88,17
549693,284.35,17
549835,1189.66,17
549947,416.13,17
550188,390.75,17
550285,302.25,17
550304,311.38,17
550315,314.84,17
550324,290.42,17
550341,325.56,17
550347,282.94,17
550462,198.0,17
550661,469.2,17
550767,301.68,17
550804,292.34,17
550978,267.18,17
550995,451.6,17
551194,106.34,17
551274,414.24,17
551337,120.96,17
551532,270.66,17
551561,306.82,17
551846,325.5,17
551984,281.66,17
551996,352.26,17
552065,131.04,17
552198,90.12,17
552267,85.68,17
552268,426.84,17
552526,147.15,17
552528,130.3,17
552536,297.6,17
552714,286.24,17
552715,305.26,17
552828,279.74,17
552831,338.2,17
553004,219.47,17
553050,298.75,17
553340,1096.7,17
553418,357.4,17
553464,925.16,17
553477,319.21,17
553575,364.72,17
553663,159.65,17
553843,304.35,17
553896,309.75,17
554075,277.15,17
554137,323.2,17
554281,281.65,17
554349,278.78,17
554359,276.05,17
554372,271.39,17
554392,106.6,17
554671,297.7,17
554765,260.3,17
554795,316.8,17
555002,350.12,17
555096,404.84,17
555106,215.32,17
555125,313.71,17
555476,139.3,17
555485,317.5,17
555569,652.08,17
555583,304.28,17
555603,262.11,17
555921,301.78,17
555933,286.34,17
555936,286.34,17
556201,362.62,17
556207,111.76,17
556258,309.0,17
556283,314.11,17
556462,213.8,17
556470,284.42,17
556479,192.23,17
556485,210.95,17
556520,89.68,17
556782,106.15,17
556797,230.58,17
556820,364.15,17
556883,290.93,17
556906,276.2,17
557115,331.91,17
557219,323.28,17
557250,43.44,17
557414,241.74,17
557747,333.57,17
557761,183.56,17
557872,308.35,17
557963,293.6,17
558041,297.36,17
558076,552.16,17
558085,344.97,17
558100,227.83,17
558183,119.08,17
558293,197.05,17
558348,307.99,17
558358,90.41,17
558749,155.34,17
558927,324.17,17
559004,404.44,17
559018,141.97,17
559153,304.14,17
559169,311.46,17
559366,379.96,17
559509,31.74,17
559662,299.7,17
559782,243.52,17
560257,810.09,17
560728,274.04,17
560894,523.85,17
560896,261.23,17
561060,229.14,17
561071,440.26,17
561617,300.68,17
561656,330.6,17
561693,263.12,17
561702,420.15,17
561806,302.5,17
561818,106.47,17
561863,411.74,17
561876,149.02,17
561901,10590.56,17
561903,298.38,17
561907,211.14,17
562014,308.54,17
562100,311.52,17
562214,301.17,17
562217,298.34,17
562256,331.6,17
562418,318.62,17
562445,236.71,17
562455,320.3,17
562526,129.46,17
562598,309.06,17
562710,598.88,17
562725,313.09,17
562839,113.26,17
562850,2388.2,17
562950,268.68,17
562968,292.67,17
563032,239.88,17
563034,314.86,17
563091,267.37,17
563095,305.34,17
563450,741.4,17
563656,283.4,17
563723,346.2,17
563750,300.42,17
563834,326.44,17
563858,290.0,17
563911,295.33,17
563914,288.83,17
563946,290.61,17
564201,453.34,17
564302,302.58,17
564330,203.6,17
564366,351.93,17
564503,331.26,17
564531,292.44,17
564657,748.86,17
565226,267.2,17
565383,75.97,17
565436,241.96,17
565728,549.7,17
565795,230.78,17
565845,588.3,17
565934,377.05,17
566049,291.89,17
566235,418.06,17
566255,1608.04,17
566312,283.03,17
566393,362.18,17
566394,317.96,17
566396,477.24,17
566428,289.8,17
566438,142.87,17
566441,289.44,17
566483,414.82,17
566494,4114.08,17
566559,318.57,17
566572,367.45,17
566576,1710.3,17
566590,267.3,17
566592,303.28,17
566621,530.74,17
566694,318.24,17
566732,361.5,17
566923,116.6,17
566984,346.7,17
567333,301.3,17
567374,2020.52,17
567526,3850.9,17
567637,498.62,17
567664,286.0,17
567720,359.1,17
567797,306.26,17
567846,302.8,17
567883,357.08,17
567892,417.7,17
567962,3187.12,17
568098,230.41,17
568143,305.77,17
568160,272.22,17
568167,307.96,17
568187,954.24,17
568208,283.02,17
568213,288.12,17
568242,261.65,17
568364,245.83,17
568539,318.26,17
568697,2062.06,17
568726,165.08,17
568793,271.88,17
568802,376.5,17
568988,182.35,17
568992,278.65,17
568994,325.76,17
569206,139.49,17
569247,1574.52,17
569482,295.09,17
569520,279.0,17
569558,571.84,17
569564,354.46,17
569632,579.4,17
569668,391.97,17
569732,282.45,17
569842,655.86,17
569853,319.2,17
569998,279.5,17
570212,121.02,17
570245,281.11,17
570414,185.1,17
570649,308.86,17
570720,609.0,17
570792,533.12,17
570843,236.31,17
570884,210.03,17
571129,317.04,17
571192,291.6,17
571215,446.8,17
571242,1835.6,17
571268,269.96,17
571497,540.4,17
571696,216.39,17
571923,231.32,17
571926,450.37,17
572086,311.16,17
572237,270.42,17
572278,211.1,17
572660,187.31,17
572667,260.14,17
573001,102.72,17
573032,130.67,17
573160,272.64,17
573265,304.49,17
573411,333.12,17
573572,165.57,17
573656,311.55,17
573865,270.99,17
573866,293.19,17
573872,321.97,17
573879,95.32,17
573886,312.82,17
573924,299.38,17
573934,256.14,17
574016,103.53,17
574035,113.01,17
574052,82.95,17
574084,347.22,17
574103,207.87,17
574182,308.76,17
574247,303.13,17
574265,303.45,17
574295,5483.02,17
574393,324.3,17
574835,407.96,17
574877,291.54,17
574915,743.58,17
574934,303.16,17
574958,260.38,17
574963,316.22,17
575003,333.69,17
575078,320.34,17
575129,231.78,17
575139,338.55,17
575258,195.86,17
575321,266.46,17
575330,309.08,17
575499,525.92,17
575870,371.0,17
575889,184.26,17
575970,195.48,17
576061,228.91,17
576064,123.08,17
576251,310.38,17
576256,238.62,17
576357,314.27,17
576400,452.14,17
576554,249.34,17
576556,284.65,17
576575,291.34,17
576861,220.94,17
576905,285.88,17
576941,428.2,17
577074,243.96,17
577093,336.36,17
577109,253.62,17
577127,445.08,17
577155,349.4,17
577182,304.7,17
577298,505.65,17
577333,370.14,17
577429,255.4,17
577501,317.56,17
578028,55.81,17
578100,332.19,17
578247,138.6,17
578315,273.93,17
578316,285.44,17
578326,152.21,17
578794,208.04,17
578826,279.75,17
578829,54.81,17
578923,171.83,17
579273,306.36,17
579535,338.4,17
579545,871.66,17
579552,788.46,17
579600,365.32,17
579846,409.74,17
579872,278.82,17
579900,278.15,17
580030,295.34,17
580066,351.62,17
580075,231.27,17
580101,457.9,17
580116,1172.69,17
580167,989.08,17
580395,324.45,17
580419,240.67,17
580661,108.69,17
580687,401.64,17
580689,276.4,17
580744,1761.16,17
580964,445.27,17
581074,335.77,17
581194,261.22,17
581225,623.12,17
581494,303.14,17
536531,771.39,18
536571,294.62,18
536750,363.3,18
536752,319.16,18
536799,183.3,18
537130,104.7,18
537227,888.4,18
537231,308.8,18
537388,391.5,18
537467,118.25,18
537634,231.9,18
537688,526.9,18
537691,273.67,18
537898,259.5,18
538003,1017.9,18
538116,685.0,18
538145,292.97,18
538504,168.15,18
538722,236.64,18
539030,755.3,18
539112,308.87,18
539246,91.73,18
539305,286.15,18
539320,707.06,18
539439,267.92,18
540073,571.88,18
540541,257.82,18
540999,1431.28,18
541006,323.15,18
541086,307.95,18
541249,112.23,18
541259,244.35,18
541302,291.27,18
541405,379.34,18
541595,93.36,18
541669,314.81,18
541793,332.49,18
541875,281.38,18
541950,446.84,18
542002,621.6,18
542277,529.01,18
542278,474.25,18
542381,321.1,18
542433,365.58,18
542506,445.5,18
542584,122.7,18
542598,89.35,18
542599,102.64,18
542626,243.3,18
542709,338.52,18
542731,174.67,18
542858,123.43,18
542863,316.26,18
542923,258.55,18
543010,294.02,18
543036,108.45,18
543115,112.25,18
543121,300.7,18
543187,334.05,18
543275,75.75,18
543286,972.72,18
543598,464.82,18
543604,264.03,18
543626,318.42,18
543754,289.05,18
543805,122.9,18
543907,82.87,18
543993,305.46,18
544035,449.8,18
544056,269.84,18
544100,241.69,18
544211,331.2,18
544282,480.08,18
544391,294.78,18
544454,129.96,18
544637,447.95,18
544687,185.57,18
544695,296.35,18
544700,271.68,18
544791,296.74,18
544969,299.8,18
545043,171.9,18
545084,361.92,18
545300,310.41,18
545346,312.38,18
545411,327.35,18
545592,369.95,18
545851,65.03,18
545988,283.4,18
546250,282.93,18
546314,128.25,18
546425,263.59,18
546683,248.27,18
546684,1335.14,18
546732,99.4,18
546915,321.48,18
546927,886.44,18
547049,280.75,18
547361,365.36,18
547500,524.82,18
547520,352.05,18
547555,307.92,18
547571,382.3,18
547686,310.4,18
547721,246.83,18
547829,368.03,18
547874,205.75,18
548154,363.7,18
548208,314.1,18
548215,316.87,18
548276,481.2,18
548317,270.26,18
548361,271.07,18
548617,337.51,18
548807,2298.0,18
548973,316.87,18
549044,294.5,18
549052,345.89,18
549053,264.88,18
549154,294.6,18
549551,432.09,18
549680,267.18,18
549940,1357.63,18
550129,636.45,18
550199,397.5,18
550251,274.32,18
550316,294.55,18
550659,327.27,18
550723,115.43,18
550796,108.51,18
550836,286.85,18
550900,682.38,18
550955,284.78,18
551054,339.48,18
551161,319.27,18
551462,245.28,18
551713,250.43,18
551812,292.79,18
552038,2798.18,18
552321,368.26,18
552418,331.7,18
552542,319.12,18
552731,479.7,18
552813,264.52,18
552990,301.2,18
553149,726.1,18
553152,350.45,18
553315,1203.32,18
553515,105.64,18
553570,334.41,18
553714,157.25,18
553725,297.54,18
553845,608.0,18
554066,627.25,18
554084,258.42,18
554088,513.93,18
554163,105.16,18
554465,300.8,18
554542,479.18,18
554603,74.57,18
554636,310.85,18
554704,323.8,18
554813,52.21,18
554823,365.08,18
554939,373.04,18
554977,111.05,18
554989,102.34,18
554997,321.96,18
555073,110.87,18
555195,392.58,18
555343,192.23,18
555347,298.64,18
555637,371.45,18
555726,242.54,18
555735,450.4,18
555744,247.44,18
555848,369.44,18
556023,122.38,18
556202,70.85,18
556288,273.66,18
556455,734.44,18
556475,354.08,18
556528,295.44,18
556768,373.05,18
556886,263.94,18
556964,331.44,18
557066,301.88,18
557122,288.23,18
557247,915.28,18
557312,354.65,18
557316,151.63,18
557326,408.55,18
557406,230.15,18
557426,140.29,18
557471,257.44,18
557514,173.42,18
557611,353.6,18
557742,476.16,18
557750,300.06,18
557782,335.4,18
557939,310.5,18
558075,277.9,18
558198,77.36,18
558295,333.65,18
558435,474.18,18
558563,315.07,18
558625,301.06,18
558642,310.69,18
558703,217.5,18
558746,215.75,18
558878,126.62,18
558879,369.56,18
558892,298.74,18
559144,312.75,18
559146,615.3,18
559157,290.03,18
559320,134.86,18
559349,262.17,18
559539,310.63,18
559554,1574.5,18
559669,290.07,18
559697,59.63,18
559831,416.9,18
560222,231.39,18
560238,307.5,18
560261,170.31,18
560264,322.93,18
560387,179.41,18
560538,306.4,18
560602,281.01,18
560870,375.26,18
560893,310.34,18
560979,310.36,18
561383,360.85,18
561584,307.35,18
561632,209.82,18
561654,321.44,18
561694,290.0,18
561698,467.28,18
561715,308.02,18
561750,308.71,18
562200,509.63,18
562346,422.82,18
562365,77.6,18
562376,300.36,18
562604,283.7,18
562605,380.65,18
562732,287.66,18
562783,251.96,18
562913,241.92,18
562918,475.74,18
563104,328.11,18
563161,211.88,18
563370,323.44,18
563440,127.0,18
563590,13031.5,18
563674,338.12,18
563686,637.6,18
563698,216.2,18
563705,202.09,18
563746,279.76,18
563915,153.67,18
563929,101.01,18
563950,455.52,18
564078,409.76,18
564328,347.92,18
564363,247.5,18
564558,320.6,18
564860,278.84,18
564912,370.06,18
565092,307.62,18
565156,305.28,18
565292,553.08,18
565320,461.77,18
565327,267.8,18
565350,180.47,18
565381,314.38,18
565398,855.28,18
565440,676.68,18
565446,400.24,18
565585,306.82,18
565610,357.34,18
565612,342.1,18
565738,557.3,18
565844,301.39,18
565918,115.23,18
566023,496.44,18
566040,340.39,18
566162,282.31,18
566231,303.94,18
566262,192.55,18
566277,305.62,18
566431,303.36,18
566731,61.45,18
566773,414.54,18
566776,318.37,18
566860,452.41,18
566901,345.96,18
566981,328.5,18
567373,327.67,18
567979,245.64,18
568147,272.25,18
568189,395.5,18
568326,246.89,18
568350,668.04,18
568387,303.32,18
568554,262.5,18
568576,815.04,18
568592,441.8,18
568655,255.57,18
568661,157.92,18
568729,379.14,18
568877,2163.95,18
568944,244.56,18
569028,222.16,18
569139,312.95,18
569207,166.33,18
569255,5164.66,18
569330,557.58,18
569538,284.87,18
569662,299.63,18
569685,307.04,18
569847,310.45,18
569904,291.5,18
570256,306.09,18
570669,454.33,18
570679,344.05,18
570733,249.74,18
570836,348.6,18
570880,308.6,18
570885,355.78,18
571064,44.6,18
571323,383.55,18
571748,212.72,18
571942,288.48,18
571987,280.49,18
572049,365.96,18
572326,2199.12,18
572452,335.08,18
572460,430.8,18
572658,290.24,18
572901,114.77,18
573270,296.07,18
573398,213.4,18
573399,392.08,18
573430,333.64,18
573822,532.7,18
574020,304.68,18
574023,554.46,18
574036,293.3,18
574048,301.97,18
574064,313.74,18
574228,301.2,18
574239,467.86,18
574301,316.7,18
574725,121.06,18
574951,313.58,18
575179,317.65,18
575634,301.06,18
575871,391.42,18
575903,343.38,18
575937,281.58,18
575939,303.79,18
575956,112.29,18
576179,3419.64,18
576190,129.08,18
576222,375.72,18
576379,346.12,18
576447,304.84,18
576513,197.78,18
576652,128.96,18
576834,389.41,18
576838,308.58,18
577142,344.51,18
577158,300.68,18
577404,441.62,18
577598,275.14,18
577691,96.96,18
577733,132.47,18
577745,461.4,18
577756,238.81,18
578092,314.77,18
578151,298.71,18
578265,344.13,18
578357,188.49,18
578366,278.95,18
578468,220.62,18
578924,254.21,18
578994,509.22,18
579254,276.32,18
579433,302.87,18
579530,271.36,18
579708,434.96,18
580073,148.54,18
580127,259.2,18
580404,285.44,18
580503,108.1,18
580509,267.95,18
580512,353.62,18
580653,622.84,18
580676,63.18,18
580694,240.32,18
581001,640.77,18
581171,361.35,18
581181,301.56,18
581196,331.3,18
581241,343.5,18
581325,218.62,18
581382,274.55,18
581383,266.64,18
581395,88.17,18
581478,391.02,18
581571,397.05,18
536370,801.86,19
536378,444.98,19
536530,150.6,19
536632,291.9,19
536800,236.97,19
536841,319.62,19
536976,149.8,19
537389,149.0,19
537457,1644.94,19
537468,361.46,19
537674,319.18,19
537683,335.55,19
537685,204.87,19
537792,129.78,19
538356,915.62,19
538363,156.65,19
538836,205.46,19
538879,338.98,19
539034,167.05,19
539252,377.52,19
539259,301.44,19
539309,279.85,19
539322,126.9,19
539587,578.96,19
539637,112.68,19
539835,318.75,19
540183,866.1,19
540259,357.6,19
540413,318.8,19
540467,300.54,19
540540,126.85,19
540567,332.41,19
540635,281.77,19
540700,462.5,19
541088,692.82,19
541126,242.08,19
541225,234.62,19
541263,759.06,19
541271,431.3,19
541292,315.45,19
541429,302.22,19
541511,120.32,19
541615,149.42,19
541883,884.76,19
541995,256.41,19
542227,291.95,19
542228,372.29,19
542258,149.65,19
542274,309.85,19
542284,386.06,19
542354,363.15,19
542407,283.74,19
542423,927.0,19
542716,212.24,19
542780,647.6,19
542796,178.22,19
542888,312.45,19
542893,406.33,19
543028,304.9,19
543123,333.3,19
543245,78.88,19
543411,266.85,19
543466,408.36,19
543481,103.1,19
543548,290.89,19
543590,216.58,19
543594,852.92,19
543610,268.7,19
543639,101.34,19
543642,85.86,19
543651,335.3,19
544157,363.22,19
544573,756.2,19
544662,48.09,19
544808,104.3,19
544823,513.72,19
544916,132.17,19
545021,371.39,19
545031,315.37,19
545050,321.02,19
545075,294.4,19
545428,311.6,19
545461,344.1,19
545555,112.12,19
545696,201.15,19
545835,80.65,19
545910,237.36,19
546034,275.64,19
546062,140.13,19
546119,308.98,19
546366,106.11,19
546385,1242.96,19
546414,121.65,19
546522,373.84,19
546639,309.34,19
546681,284.9,19
546682,302.95,19
546687,367.08,19
546890,288.97,19
547002,315.18,19
547028,402.1,19
547251,381.22,19
547349,313.77,19
547360,329.6,19
547412,273.05,19
547569,517.14,19
547654,46.82,19
547662,150.34,19
547687,356.3,19
547891,302.22,19
547938,384.15,19
547985,413.7,19
548150,142.28,19
548199,272.09,19
548331,407.25,19
548520,320.17,19
548554,888.2,19
548558,257.23,19
548632,324.45,19
548801,375.45,19
549101,134.17,19
549121,439.82,19
549123,301.48,19
549188,295.37,19
549298,314.6,19
549435,386.66,19
549563,79.72,19
549566,99.8,19
549825,314.57,19
549826,345.1,19
549829,315.5,19
549837,1294.0,19
549910,91.5,19
549954,172.09,19
550132,204.83,19
550134,644.83,19
550157,128.25,19
550167,302.66,19
550191,194.29,19
550277,341.2,19
550283,639.48,19
550290,295.5,19
550326,123.6,19
550329,286.49,19
550361,820.34,19
550446,420.09,19
550526,283.74,19
550579,319.48,19
550617,300.5,19
550714,478.2,19
550750,351.45,19
550939,385.69,19
550988,309.0,19
551033,341.51,19
551085,423.42,19
551342,318.3,19
551525,421.95,19
551544,603.84,19
551655,107.45,19
551820,393.6,19
551986,226.77,19
552139,162.24,19
552188,331.18,19
552372,301.15,19
552467,485.76,19
552571,323.05,19
552854,300.71,19
552877,310.56,19
553057,372.4,19
553140,115.54,19
553161,301.88,19
553179,108.8,19
553180,212.4,19
553187,128.8,19
553553,396.71,19
553836,566.18,19
553842,364.88,19
553872,326.08,19
553876,319.37,19
553888,300.79,19
553996,328.5,19
554019,404.82,19
554062,344.7,19
554134,385.96,19
554147,271.42,19
554325,423.2,19
554648,373.96,19
554651,479.81,19
554684,163.39,19
554940,356.14,19
555025,342.87,19
555401,1605.43,19
555514,198.49,19
555703,309.38,19
556020,94.81,19
556072,850.65,19
556120,290.2,19
556182,93.03,19
556189,373.75,19
556229,278.98,19
556252,480.96,19
556537,280.58,19
556727,436.8,19
556791,176.6,19
557070,359.77,19
557211,748.14,19
557279,233.89,19
557309,399.54,19
557489,430.06,19
557492,170.88,19
557669,354.06,19
557789,414.84,19
557853,659.2,19
557897,382.25,19
559028,330.6,19
559056,300.04,19
559301,321.85,19
559331,349.92,19
559421,255.3,19
559457,688.92,19
559523,85.21,19
559652,311.25,19
559668,301.26,19
559806,410.36,19
559897,660.01,19
560010,285.0,19
560041,434.97,19
560098,119.38,19
560118,379.16,19
560254,236.94,19
560288,512.42,19
560361,272.81,19
560603,300.65,19
560606,293.07,19
560872,338.03,19
560882,312.59,19
560891,254.38,19
560927,513.43,19
561204,324.53,19
561518,254.82,19
561542,532.98,19
561685,367.4,19
561709,148.21,19
561808,362.0,19
561862,340.06,19
562037,291.4,19
562163,308.43,19
562201,126.27,19
562388,168.31,19
562392,292.65,19
562534,633.91,19
562596,325.51,19
562615,254.8,19
562791,367.46,19
562838,382.85,19
562841,392.06,19
562935,977.85,19
563036,329.7,19
563071,314.99,19
563090,389.36,19
563111,384.6,19
563112,284.73,19
563137,98.6,19
563234,213.85,19
563429,334.34,19
563712,275.78,19
563953,303.8,19
564034,316.02,19
564037,163.72,19
564066,261.82,19
564174,379.27,19
564198,150.44,19
564227,365.82,19
564317,310.76,19
564352,292.5,19
564484,132.86,19
564496,306.31,19
564534,93.28,19
564537,128.74,19
564541,332.57,19
564638,260.74,19
564713,90.49,19
564731,365.78,19
564750,301.2,19
564851,194.96,19
564863,375.98,19
565210,191.74,19
565312,128.07,19
565776,724.01,19
565807,298.2,19
566006,286.86,19
566039,299.09,19
566276,305.82,19
566298,126.66,19
566305,489.25,19
566310,1468.58,19
566489,522.7,19
566563,303.48,19
566673,320.03,19
566772,472.2,19
566904,372.16,19
567196,362.4,19
567328,320.03,19
567386,342.02,19
567579,400.49,19
567625,274.78,19
567628,738.58,19
567663,273.44,19
567939,301.72,19
567973,338.37,19
568064,315.42,19
568137,383.89,19
568218,309.51,19
568226,165.47,19
568578,423.79,19
568583,138.03,19
568665,282.09,19
568883,376.64,19
568947,285.87,19
569014,283.02,19
569016,301.22,19
569036,317.9,19
569242,430.85,19
569257,2350.98,19
569416,263.0,19
569590,302.91,19
569659,363.18,19
569677,269.63,19
569729,369.82,19
569737,298.0,19
569826,347.18,19
569838,260.48,19
570412,238.54,19
570637,404.63,19
570638,171.5,19
570657,467.9,19
570807,346.29,19
571069,178.99,19
571213,306.03,19
571322,451.6,19
571413,334.13,19
571709,308.74,19
572279,176.7,19
572286,196.93,19
572563,334.0,19
572673,293.77,19
572811,299.29,19
573145,363.52,19
573159,290.66,19
573275,284.09,19
573341,272.73,19
573384,548.94,19
573391,434.66,19
573777,786.98,19
573898,151.18,19
574040,94.49,19
574068,534.54,19
574445,688.26,19
574480,296.19,19
574490,269.1,19
574491,328.15,19
574560,307.78,19
574589,115.63,19
574643,320.94,19
574681,270.0,19
574728,305.79,19
574739,348.38,19
574750,361.38,19
574921,686.85,19
575046,236.26,19
575167,279.9,19
575169,547.46,19
575183,321.09,19
575475,485.6,19
575627,199.39,19
575671,611.46,19
575690,314.66,19
575747,329.28,19
575892,202.31,19
575914,414.26,19
576187,229.04,19
576301,260.7,19
576351,208.16,19
576374,6260.9,19
576388,282.98,19
576604,835.97,19
576628,291.88,19
576655,335.53,19
576780,370.36,19
576873,109.84,19
577023,412.8,19
577160,334.56,19
577550,290.61,19
577699,400.7,19
577831,266.7,19
578009,114.14,19
578053,315.6,19
578310,283.77,19
578369,106.8,19
578420,277.85,19
578682,875.58,19
578686,350.2,19
578929,237.31,19
578945,125.83,19
578992,93.29,19
579261,313.8,19
579268,300.16,19
579427,201.68,19
579455,318.8,19
579515,370.13,19
580044,304.94,19
580113,384.72,19
580262,370.94,19
580603,380.6,19
580671,378.36,19
580696,180.8,19
580986,242.44,19
581101,114.14,19
581116,213.48,19
581123,340.39,19
581141,291.23,19
581426,161.95,19
581453,312.74,19
581475,280.24,19
536635,572.38,20
536674,117.13,20
536762,307.68,20
536805,406.56,20
536836,152.6,20
536989,96.8,20
537207,85.07,20
537255,303.5,20
537365,411.7,20
537754,129.2,20
537859,141.9,20
538015,215.57,20
538056,120.35,20
538365,338.6,20
538633,129.57,20
538639,243.0,20
538655,101.21,20
538683,462.3,20
538945,1518.06,20
538968,303.57,20
539038,308.37,20
539293,441.99,20
539333,311.19,20
539725,182.19,20
539981,285.47,20
539982,256.61,20
540027,321.86,20
540120,901.36,20
540365,348.55,20
540502,625.04,20
540552,354.0,20
540698,2315.04,20
540981,260.51,20
541111,323.75,20
541112,386.05,20
541202,422.0,20
541267,444.37,20
541510,155.15,20
541670,2669.24,20
541813,373.32,20
542090,231.94,20
542269,357.33,20
542428,2819.16,20
542812,317.25,20
542864,969.74,20
542870,211.94,20
542908,271.55,20
543001,314.63,20
543120,231.4,20
543190,380.74,20
543519,691.36,20
543774,1078.9,20
543910,260.22,20
543924,61.5,20
544067,269.59,20
544111,772.35,20
544161,319.19,20
544330,130.2,20
544485,146.8,20
544574,307.94,20
544920,532.35,20
544937,351.56,20
545039,343.8,20
545153,193.4,20
545162,427.0,20
545165,109.95,20
545514,222.65,20
545533,379.74,20
545544,294.33,20
545580,378.21,20
545595,167.91,20
545636,368.24,20
545637,292.03,20
545908,461.25,20
546092,320.0,20
546100,332.63,20
546113,112.18,20
546235,115.57,20
546304,117.11,20
546321,310.0,20
546420,119.51,20
546479,425.4,20
546555,662.85,20
546660,774.8,20
546771,110.9,20
546909,212.1,20
547044,225.4,20
547068,393.0,20
547418,204.59,20
547799,657.66,20
547805,448.55,20
547864,115.26,20
547870,173.77,20
547873,179.89,20
547886,329.44,20
547924,339.26,20
548156,108.2,20
548260,125.21,20
548353,760.18,20
548461,102.81,20
548490,298.25,20
548898,135.07,20
549007,304.13,20
549017,309.93,20
549274,258.4,20
549317,327.15,20
549448,280.68,20
549576,354.47,20
549588,253.72,20
549711,356.76,20
549745,356.75,20
549927,3037.36,20
549977,171.06,20
550071,412.06,20
550149,287.84,20
550189,135.62,20
550333,392.45,20
550348,386.58,20
550437,158.33,20
550521,362.24,20
550612,146.8,20
550613,741.5,20
550618,317.62,20
550666,418.19,20
550773,395.79,20
550778,335.48,20
551035,319.44,20
551218,167.92,20
551289,720.92,20
551412,207.05,20
551539,528.88,20
551833,500.09,20
552330,357.3,20
552465,173.04,20
552530,305.06,20
552711,361.32,20
553185,495.89,20
553377,369.2,20
553402,99.84,20
553476,368.63,20
553747,282.23,20
553750,345.47,20
553751,371.36,20
553899,430.26,20
553931,276.52,20
553937,154.29,20
553941,360.5,20
554033,477.86,20
554082,219.96,20
554483,580.5,20
554672,387.1,20
554712,495.88,20
555127,317.1,20
555408,356.09,20
555486,374.72,20
555509,392.72,20
555533,325.8,20
555541,138.75,20
555559,300.2,20
555691,348.05,20
555705,198.81,20
555836,531.36,20
555872,275.82,20
556121,132.18,20
556183,343.04,20
556214,301.32,20
556303,313.45,20
556416,128.15,20
556478,226.49,20
556501,394.42,20
556538,375.18,20
556642,133.91,20
557119,903.74,20
557214,947.77,20
557790,386.86,20
557852,318.94,20
557855,127.19,20
557875,371.89,20
557896,114.88,20
557900,498.1,20
557958,305.7,20
558077,708.06,20
558197,666.68,20
558311,2739.92,20
558568,329.88,20
558992,326.19,20
559062,553.92,20
559123,202.26,20
559132,255.95,20
559145,2825.1,20
559173,288.27,20
559298,456.44,20
559308,306.42,20
559550,110.95,20
559671,106.45,20
559706,334.54,20
559733,309.07,20
559797,267.04,20
559862,403.72,20
559903,353.09,20
560078,380.05,20
560086,299.18,20
560097,339.38,20
560253,429.24,20
560273,301.4,20
560426,370.1,20
560845,284.26,20
560928,406.06,20
561022,282.66,20
561040,505.46,20
561114,294.9,20
561206,255.11,20
561471,660.26,20
561615,341.64,20
561711,532.8,20
561859,208.65,20
561871,377.29,20
562132,583.24,20
562345,1505.64,20
562454,292.24,20
562456,402.02,20
562569,104.51,20
562621,342.36,20
562652,697.33,20
562774,326.4,20
562775,494.6,20
562847,279.77,20
562849,307.22,20
562890,355.45,20
563194,204.25,20
563211,312.38,20
563237,273.72,20
563239,68.08,20
563369,306.86,20
563619,330.44,20
563737,163.42,20
563748,252.94,20
563844,310.82,20
563926,340.32,20
564539,273.86,20
564639,143.74,20
564965,1523.32,20
565115,189.11,20
565295,317.0,20
565781,701.38,20
566005,141.79,20
566048,266.02,20
566202,317.84,20
566261,305.94,20
566292,452.9,20
566326,329.22,20
566440,311.02,20
566587,347.74,20
566606,305.37,20
566736,321.32,20
566967,329.27,20
567093,544.09,20
567190,484.52,20
567191,334.64,20
567323,288.36,20
567334,536.98,20
567639,956.78,20
567795,814.62,20
567816,230.8,20
567864,432.2,20
568063,391.68,20
568169,306.78,20
568221,355.72,20
568231,360.67,20
568376,1592.12,20
568519,314.36,20
568547,228.31,20
568564,184.15,20
568795,159.79,20
568829,355.89,20
568882,278.66,20
568995,880.6,20
569001,265.55,20
569133,230.72,20
569147,808.26,20
569210,327.62,20
569536,476.52,20
569715,503.64,20
569718,332.63,20
569766,393.57,20
569827,340.9,20
570086,386.97,20
570238,129.93,20
570285,332.38,20
570443,1263.97,20
570516,233.1,20
570714,596.37,20
570861,310.44,20
570876,110.38,20
571047,388.72,20
571049,316.78,20
571058,795.34,20
571103,319.51,20
571142,729.6,20
571201,649.92,20
571445,310.24,20
571509,158.4,20
571561,917.34,20
571563,359.3,20
571658,401.35,20
571681,344.35,20
571809,118.9,20
571829,1058.64,20
572051,4311.48,20
572068,293.75,20
572129,386.39,20
572285,119.73,20
572288,161.57,20
572300,89.02,20
572335,399.5,20
572565,493.55,20
572762,324.02,20
572767,517.71,20
572860,308.6,20
572886,300.45,20
573023,380.7,20
573102,382.34,20
573276,544.1,20
573360,139.36,20
573428,271.26,20
573891,735.81,20
574051,349.3,20
574090,326.87,20
574092,5261.58,20
574313,367.69,20
574506,71.62,20
574514,627.0,20
574655,191.51,20
574661,396.65,20
574830,342.91,20
574920,418.26,20
575036,407.55,20
575136,366.78,20
575333,498.05,20
575384,470.53,20
575707,324.15,20
575838,288.63,20
575929,314.38,20
576055,326.82,20
576112,332.66,20
576269,405.59,20
576353,458.91,20
576372,696.24,20
576540,75.3,20
576667,425.81,20
576672,1228.42,20
576704,99.51,20
576920,481.76,20
577025,323.37,20
577173,579.86,20
577393,1803.69,20
577543,285.56,20
577689,278.45,20
577736,52.47,20
577798,289.84,20
578006,338.68,20
578011,292.59,20
578030,662.66,20
578033,354.95,20
578084,271.25,20
578099,333.57,20
578109,301.71,20
578121,349.4,20
578229,256.35,20
578662,114.38,20
578805,396.14,20
578806,503.64,20
578812,338.4,20
579149,361.62,20
579258,301.29,20
579284,2461.44,20
579444,395.97,20
579832,371.56,20
580077,304.7,20
580107,311.0,20
580126,515.37,20
580320,462.5,20
580393,149.81,20
580657,300.54,20
580692,187.71,20
580725,300.22,20
581034,396.0,20
581104,333.02,20
581403,316.86,20
581502,133.35,20
536572,442.35,21
536587,294.81,21
536618,780.12,21
536624,566.84,21
537111,160.54,21
537159,160.0,21
537163,384.72,21
537176,131.5,21
537429,82.12,21
537489,511.8,21
537826,272.34,21
538078,271.95,21
538197,124.1,21
538327,392.97,21
539088,1436.31,21
539325,317.21,21
539353,379.5,21
539374,330.01,21
539395,684.45,21
539836,135.34,21
540275,1520.11,21
540276,1520.11,21
540414,515.09,21
540455,676.16,21
540639,566.84,21
540697,369.0,21
540954,73.7,21
542084,1081.3,21
542229,332.4,21
542519,564.5,21
542786,362.4,21
543285,339.78,21
543832,365.11,21
543915,298.05,21
544075,3098.24,21
544298,790.86,21
544465,175.05,21
544694,331.17,21
544968,676.92,21
545037,386.9,21
545759,306.05,21
546079,105.65,21
546115,371.84,21
546223,462.28,21
546230,384.8,21
546315,352.43,21
546384,816.12,21
546419,147.61,21
546424,92.77,21
546435,356.19,21
546646,138.28,21
546781,414.12,21
546899,946.2,21
546995,141.41,21
546998,118.14,21
547000,323.3,21
547060,135.44,21
547093,300.52,21
547108,227.92,21
547417,329.56,21
547722,286.01,21
547826,197.94,21
547862,190.5,21
548006,408.15,21
548017,357.25,21
548500,186.88,21
548636,266.85,21
548983,101.89,21
548991,77.64,21
549148,158.0,21
549196,336.33,21
549234,281.92,21
549278,168.46,21
549321,336.82,21
549446,277.17,21
549614,293.24,21
549749,387.7,21
549939,334.2,21
549995,911.86,21
550017,547.3,21
550158,849.27,21
550518,360.65,21
550644,307.45,21
550777,262.26,21
550784,370.68,21
550803,225.05,21
550827,579.05,21
550972,89.68,21
551088,352.5,21
551520,153.86,21
551665,342.1,21
551686,478.51,21
551693,283.71,21
551817,172.77,21
551835,359.99,21
551950,291.36,21
552023,322.15,21
552054,353.06,21
552186,483.02,21
552309,328.45,21
552316,334.71,21
552466,443.66,21
552543,450.9,21
552572,2944.7,21
552658,167.25,21
552819,1236.96,21
552851,1225.9,21
553011,309.05,21
553504,330.77,21
553673,549.39,21
553911,114.97,21
553912,521.07,21
553913,325.97,21
554028,688.02,21
554114,130.14,21
554125,330.25,21
554441,320.48,21
554699,447.83,21
554837,173.62,21
555363,109.98,21
555492,319.02,21
555499,180.16,21
555704,473.7,21
555740,387.42,21
556040,320.58,21
556045,335.79,21
556104,358.7,21
556112,340.78,21
556126,288.0,21
556199,319.29,21
556206,491.37,21
556290,357.78,21
556426,249.49,21
556672,265.55,21
556809,223.48,21
557013,386.84,21
557034,388.43,21
557063,165.45,21
557208,326.47,21
557292,300.1,21
557635,177.89,21
557763,453.72,21
557805,327.1,21
557870,314.7,21
558104,140.97,21
558191,154.15,21
558462,326.34,21
558484,463.98,21
558750,450.81,21
558863,230.82,21
559063,153.96,21
559143,55.04,21
559321,322.12,21
559455,251.9,21
559654,865.62,21
559912,332.28,21
559979,304.1,21
560397,364.14,21
560978,480.62,21
561005,134.44,21
561030,237.02,21
561084,265.27,21
561231,237.55,21
561324,295.64,21
561366,310.72,21
561517,533.08,21
561544,305.0,21
561601,340.8,21
561605,316.32,21
561610,325.47,21
561611,249.38,21
561783,168.06,21
561857,308.44,21
561887,309.14,21
561888,360.54,21
561922,131.24,21
562032,546.66,21
562273,337.07,21
562313,439.44,21
562840,112.34,21
562888,286.95,21
562944,371.3,21
563201,70.71,21
563578,425.75,21
563808,409.36,21
563855,546.9,21
564145,361.1,21
564162,367.34,21
564181,327.93,21
564197,389.16,21
564375,665.9,21
564535,349.55,21
564632,353.23,21
564732,233.67,21
565119,422.08,21
565236,399.34,21
565239,500.38,21
565249,115.31,21
565419,388.26,21
565670,520.56,21
565990,371.7,21
566115,407.2,21
566600,377.28,21
566871,338.72,21
566917,891.9,21
567294,330.05,21
567375,519.53,21
567552,486.8,21
567615,683.58,21
567793,401.74,21
567802,361.95,21
567823,563.28,21
568161,108.06,21
568238,348.99,21
568399,341.62,21
568413,218.42,21
568574,308.4,21
568591,318.62,21
568907,389.49,21
568987,688.83,21
569100,381.87,21
569211,197.9,21
569357,426.63,21
569358,449.53,21
569518,127.85,21
569630,498.36,21
569739,322.4,21
569741,478.66,21
569815,10992.96,21
569832,336.96,21
569903,341.21,21
570125,313.56,21
570219,149.68,21
570255,544.31,21
570268,1978.22,21
570425,300.76,21
570498,365.14,21
570660,3930.94,21
570829,336.4,21
570841,393.75,21
570842,309.24,21
571104,313.86,21
571184,637.53,21
571406,307.68,21
571444,369.48,21
571463,474.28,21
571640,1283.27,21
571690,329.97,21
571840,552.4,21
571890,328.95,21
571944,297.85,21
572025,320.26,21
572212,994.74,21
572289,111.5,21
572304,373.67,21
572308,54.51,21
572464,86.9,21
572905,154.99,21
572932,389.45,21
572986,396.39,21
573068,89.18,21
573100,324.26,21
573263,2953.63,21
573277,99.72,21
573401,269.06,21
573542,271.83,21
573744,353.46,21
573773,889.02,21
573780,303.53,21
573888,370.12,21
574080,117.49,21
574100,147.35,21
574323,95.01,21
574699,303.25,21
574716,72.32,21
574747,357.81,21
575041,338.88,21
575054,337.89,21
575148,377.05,21
575164,377.35,21
575339,159.02,21
575486,826.04,21
575502,369.12,21
575507,525.01,21
575609,431.85,21
575884,359.12,21
575908,345.82,21
575977,148.36,21
575982,718.71,21
576025,121.4,21
576073,105.44,21
576141,283.26,21
576245,447.12,21
576406,616.74,21
576563,210.55,21
576587,265.96,21
576783,475.13,21
576844,942.92,21
576931,305.38,21
577056,583.95,21
577311,110.22,21
577527,154.83,21
577541,381.7,21
577769,427.58,21
577859,238.41,21
577861,351.64,21
577980,194.45,21
578094,157.45,21
578120,381.2,21
578273,109.01,21
578323,185.9,21
578354,372.12,21
578362,1067.14,21
578373,339.73,21
578517,738.54,21
578533,271.2,21
578786,196.85,21
578851,332.17,21
579106,940.78,21
579144,485.96,21
579401,404.93,21
579927,362.78,21
579940,325.63,21
579942,367.39,21
580043,195.56,21
580193,271.78,21
580283,309.84,21
580294,271.99,21
580553,615.28,21
580599,310.74,21
580659,147.6,21
580734,606.43,21
580887,122.9,21
580911,337.75,21
580939,476.36,21
580974,307.15,21
581585,329.05,21
536390,1740.74,22
536782,369.2,22
536821,133.5,22
537059,93.98,22
537128,201.79,22
537335,90.2,22
537372,198.35,22
537381,466.76,22
537428,450.92,22
537465,454.6,22
537484,1421.72,22
537595,101.32,22
537648,402.61,22
537865,237.95,22
538403,324.22,22
538509,112.75,22
538529,737.61,22
538651,261.04,22
538903,411.31,22
539002,145.82,22
539049,1008.84,22
539118,270.19,22
539466,376.57,22
540095,176.44,22
540148,364.8,22
540692,332.61,22
541139,313.2,22
541264,139.35,22
541576,102.97,22
541678,115.8,22
541862,248.85,22
541919,352.42,22
542087,421.59,22
542265,132.76,22
542605,182.6,22
542710,558.36,22
542741,176.66,22
542745,329.34,22
543165,125.6,22
543173,436.15,22
543367,438.82,22
543740,332.92,22
543770,308.0,22
543810,125.4,22
543814,533.9,22
543816,104.33,22
543990,357.24,22
544162,178.66,22
544301,129.88,22
544392,2807.31,22
544466,91.15,22
545001,317.38,22
545056,486.65,22
545314,376.72,22
545324,170.0,22
545579,387.31,22
545591,356.9,22
545894,202.86,22
546111,84.29,22
546430,142.0,22
546437,371.23,22
546563,343.62,22
546625,141.55,22
546849,75.85,22
546871,300.0,22
546991,167.43,22
547019,115.78,22
547030,324.95,22
547114,164.34,22
547273,301.6,22
547377,401.35,22
547420,326.02,22
547556,142.7,22
547653,515.9,22
547689,125.6,22
547832,3962.06,22
547895,83.29,22
547940,445.28,22
547947,2188.5,22
548005,305.54,22
548185,371.83,22
548330,136.99,22
548340,306.39,22
548367,1319.88,22
548567,230.4,22
548650,449.0,22
548909,612.14,22
549289,188.13,22
549323,294.78,22
549754,314.52,22
549787,161.98,22
549903,252.82,22
549911,446.7,22
549933,370.2,22
549951,395.5,22
550125,419.13,22
550152,126.28,22
550178,388.92,22
550302,351.34,22
550520,309.56,22
550607,202.37,22
550627,377.82,22
550631,392.4,22
550783,434.34,22
550805,548.43,22
550823,2000.1,22
550834,127.37,22
551398,352.3,22
551507,340.72,22
551958,263.24,22
552036,211.15,22
552045,318.43,22
552558,357.15,22
552867,929.2,22
552879,738.6,22
552953,561.81,22
552961,335.51,22
553008,171.54,22
553063,311.3,22
553146,379.93,22
553159,370.56,22
553235,345.42,22
553347,431.07,22
553369,372.65,22
553503,102.19,22
553672,353.91,22
553724,406.74,22
554076,315.26,22
554108,308.56,22
554113,372.58,22
554347,640.7,22
554658,286.98,22
554974,755.35,22
554976,320.35,22
555009,607.74,22
555107,560.6,22
555399,105.85,22
555420,583.71,22
555516,240.72,22
555591,430.98,22
555647,419.27,22
555819,430.98,22
555949,413.73,22
556021,477.68,22
556038,173.66,22
556073,462.15,22
556111,313.0,22
556296,309.34,22
556483,93.78,22
556829,359.91,22
557232,301.84,22
557260,345.5,22
557262,164.58,22
557431,414.63,22
557569,357.76,22
557615,606.1,22
557676,271.98,22
557802,330.11,22
557949,403.75,22
558570,142.52,22
558638,397.28,22
558679,124.9,22
558770,65.95,22
558814,209.98,22
558926,400.91,22
559017,367.37,22
559027,642.02,22
559171,360.61,22
559354,332.4,22
559606,97.16,22
559865,1016.88,22
559919,2735.16,22
559989,453.69,22
560232,238.4,22
560265,413.38,22
560868,70.97,22
560921,322.67,22
561024,587.17,22
561042,361.22,22
561098,379.84,22
561332,593.74,22
561474,2688.27,22
561488,355.23,22
561968,191.2,22
562042,919.61,22
562153,1004.88,22
562387,312.95,22
562439,18841.48,22
562465,579.75,22
562852,358.17,22
562922,721.95,22
563019,552.32,22
563020,445.34,22
563073,289.44,22
563074,9349.72,22
563078,480.65,22
563096,324.72,22
563174,317.1,22
563210,245.67,22
563257,327.26,22
563442,306.3,22
563680,372.25,22
563842,379.35,22
563845,303.56,22
564039,475.96,22
564042,230.14,22
564057,379.6,22
564144,205.71,22
564190,375.19,22
564216,313.5,22
564224,330.74,22
564322,2736.99,22
564360,476.22,22
564379,678.88,22
564479,434.4,22
564950,217.82,22
565289,507.83,22
565413,431.73,22
565542,429.86,22
565593,344.07,22
565616,347.64,22
565788,353.48,22
565931,368.31,22
566073,277.18,22
566186,284.12,22
566198,303.05,22
566239,510.62,22
566240,114.86,22
566251,220.07,22
566287,112.12,22
566364,385.1,22
566405,1065.24,22
566520,151.24,22
566721,405.05,22
566975,428.34,22
567138,448.75,22
567161,1549.44,22
567168,110.69,22
567189,505.98,22
567338,310.95,22
567385,5639.52,22
567580,569.34,22
567636,672.4,22
567718,491.56,22
567817,152.39,22
567819,566.23,22
568145,825.92,22
568154,180.19,22
568224,126.47,22
568230,355.81,22
568329,316.68,22
568472,381.2,22
568955,515.01,22
569025,280.25,22
569124,351.26,22
569652,416.46,22
569667,318.29,22
569694,542.57,22
569726,465.55,22
569736,458.08,22
570002,971.54,22
570008,389.56,22
570118,435.65,22
570190,420.86,22
570348,384.06,22
570517,371.66,22
570656,996.84,22
570886,3953.35,22
571187,396.86,22
571203,1106.18,22
571290,672.77,22
571303,344.99,22
571857,426.81,22
571934,307.39,22
572090,237.63,22
572215,653.64,22
572238,319.98,22
572274,485.3,22
572329,584.43,22
572336,549.0,22
572465,387.86,22
572559,423.88,22
572566,306.17,22
572695,392.64,22
572753,292.25,22
572873,343.76,22
573166,634.76,22
573266,1194.16,22
573336,124.94,22
573556,679.32,22
573830,148.96,22
573901,294.58,22
574091,302.22,22
574306,388.0,22
574471,402.12,22
574511,324.57,22
574590,335.86,22
574662,424.07,22
574862,679.5,22
574883,162.34,22
575067,704.45,22
575144,472.76,22
575202,338.9,22
575329,112.4,22
575334,451.72,22
575369,613.68,22
575484,357.15,22
575514,336.04,22
575623,256.06,22
575705,673.7,22
575755,272.58,22
575757,147.1,22
575981,312.24,22
576095,396.96,22
576191,213.61,22
576362,577.89,22
576879,444.68,22
576890,292.65,22
576948,513.74,22
577324,303.01,22
577484,484.44,22
577594,277.24,22
577741,467.11,22
577772,689.52,22
577845,734.82,22
578029,786.9,22
578043,380.17,22
578633,290.32,22
578687,318.17,22
578697,337.4,22
578836,143.59,22
578937,440.98,22
579101,285.69,22
579134,499.56,22
579345,571.0,22
579412,316.92,22
579540,434.8,22
579666,428.73,22
579868,328.32,22
579943,373.74,22
580287,124.83,22
580306,435.0,22
580539,310.73,22
580595,484.1,22
580721,332.58,22
580736,322.59,22
580808,309.22,22
580998,231.93,22
581021,296.57,22
581027,450.8,22
581114,183.34,22
581131,306.7,22
581451,341.93,22
536620,485.25,23
536981,91.19,23
537022,371.8,23
537622,165.94,23
538065,428.6,23
538523,373.6,23
538714,230.6,23
538894,176.95,23
539217,521.96,23
539456,123.0,23
540122,1179.6,23
540453,302.45,23
540561,326.78,23
540849,373.45,23
541014,162.72,23
541277,220.9,23
541571,159.73,23
541655,118.8,23
541989,417.69,23
542001,647.1,23
542058,461.64,23
542122,386.94,23
542238,339.0,23
542538,367.29,23
542711,93.6,23
542733,85.12,23
543242,381.32,23
543538,370.25,23
543734,494.51,23
543977,528.71,23
544444,391.95,23
544449,116.93,23
544651,1972.7,23
544666,154.48,23
544670,98.83,23
544777,711.88,23
544903,405.03,23
545080,282.01,23
545400,501.99,23
545417,423.3,23
545419,261.39,23
545429,125.33,23
545543,385.45,23
545582,3547.34,23
545590,316.11,23
545691,223.24,23
545699,193.82,23
545945,114.11,23
546118,795.45,23
546182,336.78,23
546237,333.08,23
546541,439.6,23
546624,422.54,23
546669,906.8,23
546843,437.38,23
546944,223.99,23
547098,392.1,23
547247,400.49,23
547372,113.7,23
547514,376.97,23
547690,335.32,23
547712,193.22,23
547897,329.59,23
547962,319.56,23
548192,247.45,23
548529,451.19,23
548859,211.3,23
549193,379.7,23
549222,598.0,23
549277,97.7,23
549302,432.64,23
549560,91.74,23
549742,720.22,23
549929,350.75,23
549988,391.85,23
550057,129.09,23
550274,344.4,23
550439,361.65,23
550615,293.92,23
550656,409.94,23
550821,73.5,23
550914,1328.75,23
551003,339.93,23
551059,334.53,23
551305,337.36,23
551998,258.6,23
552259,183.12,23
552264,243.72,23
552291,406.1,23
552444,138.18,23
552532,436.49,23
552811,1798.33,23
552835,326.19,23
552956,475.16,23
553044,459.98,23
553197,63.44,23
553198,232.04,23
553679,660.14,23
553721,569.09,23
553741,343.9,23
553864,136.78,23
554323,288.1,23
554770,398.44,23
555094,413.39,23
555416,376.15,23
555500,114.68,23
555630,302.72,23
555857,133.62,23
556434,525.48,23
556529,441.26,23
556573,420.03,23
556721,690.34,23
556780,224.04,23
556815,519.21,23
556935,343.9,23
557016,144.16,23
557289,108.78,23
557315,99.51,23
557389,310.58,23
557473,437.3,23
557598,202.62,23
558437,114.19,23
558442,93.97,23
558536,1466.32,23
558705,37.78,23
558763,209.52,23
558875,135.23,23
558919,455.45,23
559170,169.4,23
559305,110.9,23
559436,93.54,23
559528,340.15,23
559551,96.28,23
559680,321.24,23
559774,119.19,23
559930,404.02,23
559993,188.56,23
560448,576.0,23
560473,483.02,23
560547,439.7,23
560551,109.01,23
560688,153.34,23
560727,126.58,23
560864,415.56,23
561028,295.95,23
561029,376.93,23
561219,301.2,23
561430,360.54,23
561514,366.66,23
561614,433.12,23
561631,455.22,23
561690,356.92,23
561798,626.94,23
561804,417.94,23
561891,137.13,23
561902,3603.58,23
561912,181.16,23
562043,391.14,23
562432,614.0,23
562579,566.61,23
562781,335.28,23
563021,255.74,23
563035,177.37,23
563167,287.15,23
563183,860.98,23
563184,144.69,23
563189,356.98,23
563567,328.07,23
563662,377.21,23
563903,206.69,23
563906,458.79,23
564020,353.76,23
564308,442.89,23
564316,391.68,23
564324,1129.24,23
564438,496.3,23
564554,157.18,23
564562,333.44,23
564627,352.36,23
564631,346.01,23
564896,292.68,23
564976,202.14,23
565114,345.1,23
565318,560.54,23
565415,197.22,23
565447,577.7,23
565594,312.49,23
565727,332.89,23
566191,417.16,23
566220,2097.0,23
566477,399.74,23
566622,393.13,23
566629,568.87,23
566709,821.6,23
566713,401.86,23
566891,655.75,23
566988,812.68,23
567066,324.0,23
567096,410.48,23
567380,367.71,23
567618,324.9,23
567631,406.02,23
567807,222.01,23
567898,302.74,23
568158,1112.9,23
568166,107.06,23
568181,329.34,23
568327,346.94,23
568513,865.53,23
568675,741.9,23
568791,501.42,23
568828,224.14,23
568990,316.46,23
569217,132.0,23
569412,397.62,23
569423,370.02,23
569643,343.66,23
569722,467.06,23
569767,391.78,23
569799,428.89,23
569803,343.77,23
569835,309.19,23
569849,393.74,23
570082,929.44,23
570252,525.62,23
570284,126.39,23
570293,319.46,23
570418,377.94,23
570426,347.98,23
570509,416.69,23
570718,328.06,23
571006,387.7,23
571158,95.37,23
571231,941.0,23
571411,365.6,23
571559,716.7,23
571562,704.02,23
571601,256.08,23
572045,138.1,23
572203,307.32,23
572218,401.55,23
572442,345.3,23
572744,260.79,23
572751,332.1,23
573078,387.8,23
573152,187.28,23
573326,360.02,23
573375,649.52,23
573829,325.91,23
573841,103.97,23
573867,532.6,23
574038,386.9,23
574475,308.16,23
574521,379.7,23
574834,718.9,23
574891,93.69,23
575075,260.4,23
575216,722.2,23
575942,312.91,23
575950,406.19,23
575955,95.76,23
576079,124.82,23
576405,419.64,23
576570,145.88,23
576658,296.76,23
576684,608.86,23
576924,477.67,23
577053,612.39,23
577092,446.9,23
577152,463.4,23
577502,482.59,23
577533,135.11,23
578075,106.04,23
578079,466.18,23
578520,203.58,23
578653,438.1,23
579411,160.93,23
579440,471.98,23
579473,352.11,23
579525,1220.64,23
579556,126.66,23
579561,129.11,23
579991,282.56,23
580032,149.4,23
580047,67.93,23
580058,633.53,23
580064,255.34,23
580293,79.56,23
580434,81.94,23
580543,578.72,23
580544,356.61,23
580937,475.58,23
581126,367.88,23
581378,112.47,23
581381,318.6,23
581474,51.6,23
581580,74.21,23
536539,426.3,24
536804,1539.05,24
536859,294.25,24
537023,105.2,24
537160,251.2,24
537392,166.15,24
537396,134.49,24
537802,470.74,24
537871,158.59,24
537900,382.66,24
538064,111.75,24
538067,128.75,24
538167,286.2,24
538361,129.6,24
538437,110.1,24
538513,157.2,24
538807,202.87,24
538814,314.77,24
538832,396.79,24
539610,91.98,24
539722,651.95,24
540146,248.75,24
540149,481.7,24
540316,357.18,24
540504,208.56,24
540536,125.6,24
540975,289.7,24
541291,271.81,24
541569,565.12,24
541859,209.08,24
541932,1856.3,24
541974,141.14,24
542003,1358.43,24
542096,199.33,24
542347,329.38,24
542419,101.05,24
542602,178.7,24
542634,405.04,24
542934,812.58,24
543113,419.1,24
543161,383.22,24
543166,461.15,24
543264,255.03,24
543349,192.04,24
543484,352.82,24
543507,362.65,24
543804,367.0,24
544105,424.85,24
544110,134.53,24
544309,537.93,24
544398,518.2,24
544646,266.34,24
544942,365.1,24
545036,107.5,24
545048,180.65,24
545515,388.56,24
545842,433.75,24
545868,105.75,24
546121,146.5,24
546249,99.95,24
546383,312.93,24
546580,870.59,24
546638,370.9,24
546643,424.07,24
546751,291.76,24
546755,394.2,24
546861,331.78,24
547095,332.6,24
547381,201.39,24
547709,219.78,24
547920,116.41,24
548257,1796.22,24
548258,444.3,24
548351,850.82,24
548686,785.5,24
548698,186.35,24
549012,306.89,24
549439,603.27,24
549542,862.82,24
549559,411.59,24
550305,400.98,24
550317,326.5,24
550342,366.17,24
550352,169.02,24
550517,459.72,24
550768,699.89,24
550838,121.11,24
551002,413.46,24
551199,373.44,24
551385,365.35,24
551524,477.09,24
551584,330.27,24
551603,467.7,24
551657,410.66,24
551821,223.17,24
552046,370.77,24
552166,371.96,24
552176,114.63,24
552185,444.11,24
552332,335.11,24
552453,723.9,24
552456,335.64,24
552544,319.81,24
552726,405.53,24
552802,156.99,24
552823,127.66,24
553178,120.27,24
553384,157.1,24
553386,570.24,24
553585,289.91,24
553678,380.91,24
553762,394.87,24
553831,511.84,24
553869,585.93,24
553933,573.66,24
554009,374.9,24
554072,542.23,24
554270,408.07,24
554498,327.97,24
554509,92.48,24
554695,202.46,24
554702,368.86,24
554866,493.27,24
554948,336.03,24
555076,342.92,24
555207,421.73,24
555523,453.05,24
555556,474.77,24
555566,196.73,24
555589,397.58,24
555604,428.85,24
555746,83.9,24
555930,341.07,24
555946,184.59,24
556193,306.86,24
556413,102.04,24
556460,379.2,24
556629,573.82,24
556731,103.72,24
556734,417.22,24
556914,268.29,24
556960,600.8,24
557118,364.16,24
557274,469.54,24
557293,224.45,24
557885,391.04,24
557898,517.05,24
558539,366.12,24
558542,271.9,24
558565,102.01,24
558630,500.87,24
558647,371.74,24
558704,539.85,24
558760,247.25,24
558902,719.07,24
559000,227.13,24
559034,369.85,24
559057,501.64,24
559125,437.38,24
559465,3609.8,24
560049,419.67,24
560234,1885.1,24
560256,132.26,24
560534,340.98,24
560782,301.03,24
561068,371.39,24
561073,1104.31,24
561081,139.01,24
561220,427.23,24
561679,778.12,24
561881,446.75,24
561896,408.33,24
562143,2353.0,24
562437,403.03,24
562616,347.64,24
563110,489.18,24
563430,819.23,24
564147,765.9,24
564189,277.76,24
564355,343.09,24
564572,577.94,24
564739,120.93,24
564743,77.02,24
565088,318.01,24
565473,388.6,24
565481,105.22,24
565596,286.37,24
565618,327.98,24
565801,469.74,24
565855,324.96,24
565994,94.79,24
566238,137.47,24
566264,84.98,24
566301,114.84,24
566304,343.8,24
566760,270.56,24
566790,1378.8,24
566922,596.58,24
567074,287.4,24
567094,271.11,24
567104,371.01,24
567307,573.2,24
567472,255.29,24
567822,507.04,24
567972,371.36,24
568047,665.08,24
568082,1308.82,24
568177,430.17,24
568211,330.6,24
568392,293.37,24
568589,429.8,24
568590,288.66,24
568614,367.16,24
568878,335.3,24
569417,583.84,24
569570,12446.02,24
569680,332.3,24
569789,252.54,24
570000,474.14,24
570272,477.5,24
570500,277.72,24
570593,326.66,24
570862,385.71,24
571081,173.03,24
571101,649.93,24
571435,546.23,24
571477,523.51,24
571564,417.29,24
571918,156.24,24
571936,599.42,24
572050,141.07,24
572316,110.21,24
572321,388.58,24
572447,402.75,24
572457,722.4,24
572490,156.82,24
572688,355.94,24
572935,433.5,24
572997,359.55,24
573173,405.16,24
573182,474.74,24
573367,453.27,24
573666,287.68,24
573772,147.15,24
573868,397.55,24
574032,621.71,24
574104,602.95,24
574237,326.61,24
574368,335.28,24
574479,207.66,24
574529,165.88,24
574680,553.1,24
574907,362.51,24
574960,684.96,24
575089,422.04,24
575146,2328.84,24
575323,535.81,24
575603,197.85,24
575622,352.23,24
575628,151.08,24
575729,363.06,24
575936,330.68,24
575941,160.61,24
576081,310.08,24
576651,521.17,24
576657,355.02,24
576841,69.18,24
577318,1072.73,24
577320,379.65,24
577521,83.15,24
577522,117.38,24
577539,507.68,24
577540,103.09,24
577701,183.32,24
577795,96.81,24
578026,429.98,24
578349,448.35,24
578511,204.17,24
578701,425.28,24
579012,114.18,24
579668,362.07,24
579941,414.48,24
580050,123.02,24
580059,861.85,24
580164,686.4,24
580385,283.54,24
580514,288.95,24
580776,244.22,24
580822,114.61,24
580980,662.7,24
580996,168.63,24
581216,822.62,24
581501,485.0,24
581514,200.99,24
536732,329.04,25
536784,2170.9,25
537041,147.14,25
537077,154.14,25
537081,1145.06,25
537222,120.73,25
537825,181.7,25
537850,318.84,25
538104,164.85,25
538170,317.59,25
538810,140.4,25
539014,343.26,25
539243,112.7,25
539262,351.3,25
539338,2646.3,25
539468,638.3,25
540185,282.41,25
540530,434.56,25
540533,141.05,25
540539,518.82,25
540827,256.04,25
540980,240.3,25
541134,643.6,25
541240,161.3,25
541523,102.1,25
541590,386.48,25
541709,388.6,25
541972,401.78,25
542006,522.16,25
542370,298.7,25
542601,162.63,25
542612,165.9,25
542621,357.63,25
543055,364.1,25
543124,561.96,25
543250,335.53,25
543292,284.8,25
543342,339.21,25
543397,148.21,25
543486,443.32,25
543984,458.24,25
544051,413.1,25
544299,414.0,25
544337,361.77,25
544659,169.7,25
544792,1014.56,25
544943,801.52,25
545105,612.86,25
545308,92.96,25
546317,314.96,25
546636,112.4,25
546760,371.25,25
547401,168.17,25
547705,195.49,25
548370,219.38,25
548702,224.6,25
548745,530.49,25
548971,184.84,25
549301,442.11,25
549989,223.75,25
549999,533.05,25
550052,422.55,25
550334,439.28,25
550480,173.81,25
551349,371.4,25
551885,378.24,25
551960,446.81,25
552442,308.78,25
552457,376.3,25
552643,101.2,25
552869,325.3,25
553129,141.3,25
553204,60.8,25
553388,112.32,25
553405,581.6,25
553538,140.31,25
553565,467.09,25
553607,5176.12,25
553915,557.36,25
553940,419.8,25
554013,731.75,25
554059,433.44,25
555012,394.93,25
555263,422.99,25
555539,188.7,25
556195,535.01,25
556341,480.69,25
556517,800.51,25
557281,201.57,25
557744,406.33,25
557771,374.81,25
558089,457.78,25
558417,2822.74,25
558621,300.04,25
558631,161.89,25
558757,135.97,25
558759,247.52,25
558887,415.4,25
559155,221.0,25
559401,151.81,25
559814,370.16,25
559864,372.23,25
559881,142.73,25
559909,313.92,25
559922,574.7,25
559937,452.85,25
560079,425.3,25
560203,472.81,25
560240,216.37,25
560539,513.48,25
560584,83.89,25
560856,391.3,25
560901,465.17,25
560930,299.94,25
560974,474.25,25
561033,347.17,25
561072,384.29,25
561106,486.23,25
561147,317.82,25
561197,240.95,25
561473,544.2,25
561650,425.0,25
561710,77.37,25
561797,795.8,25
562128,444.22,25
562157,524.12,25
562712,378.6,25
562960,363.4,25
563026,288.92,25
563245,411.7,25
563253,589.7,25
563434,520.93,25
563617,523.84,25
564200,61.99,25
564303,435.33,25
564319,78.02,25
564336,101.66,25
564640,388.12,25
564654,497.34,25
565204,310.7,25
565230,1404.62,25
565261,429.68,25
565859,426.07,25
566017,401.76,25
566035,413.58,25
566041,944.58,25
566124,262.74,25
566315,326.48,25
566424,381.5,25
566788,1527.74,25
566821,617.26,25
566972,353.98,25
567635,618.58,25
567697,390.64,25
567944,312.05,25
568174,144.05,25
568204,349.7,25
568210,398.22,25
568698,430.77,25
568708,521.5,25
568900,435.14,25
569097,1013.1,25
569143,332.21,25
569565,314.5,25
569671,493.8,25
569683,251.69,25
570011,495.2,25
570640,398.56,25
570646,397.12,25
570664,139.63,25
571056,369.11,25
571062,161.64,25
571224,459.53,25
571240,443.7,25
571273,461.96,25
571310,371.73,25
571697,340.57,25
571710,450.63,25
571912,581.41,25
572472,391.92,25
572561,456.84,25
572655,602.83,25
572810,410.18,25
572830,148.77,25
572887,565.25,25
572909,252.93,25
572946,455.31,25
573002,4534.22,25
573116,396.94,25
573329,198.6,25
573552,396.38,25
573763,619.7,25
573923,198.57,25
574096,530.42,25
574326,310.28,25
574470,71.7,25
574691,124.51,25
575017,114.23,25
575214,1764.72,25
575318,413.06,25
575698,383.96,25
575701,877.82,25
575898,285.53,25
576069,129.44,25
576093,303.06,25
576121,354.19,25
576589,417.89,25
576653,3779.16,25
577141,485.14,25
577403,435.49,25
577542,130.04,25
577746,383.99,25
578040,199.48,25
578277,329.12,25
578677,187.14,25
578996,167.96,25
579100,345.44,25
579175,303.29,25
579550,392.34,25
580024,361.1,25
580317,584.52,25
580357,901.33,25
580360,457.85,25
580536,408.3,25
580650,353.78,25
580664,248.08,25
581410,1681.54,25
536643,203.8,26
536837,291.68,26
536845,99.15,26
536946,667.04,26
536984,297.69,26
537762,552.4,26
537889,660.53,26
538012,194.63,26
538184,458.92,26
538208,111.8,26
538453,318.17,26
538597,171.04,26
538886,371.6,26
539041,243.22,26
539446,599.6,26
539450,162.3,26
539586,803.04,26
539761,662.9,26
540019,373.88,26
540348,187.21,26
540402,557.56,26
540516,198.4,26
540687,217.24,26
540801,596.98,26
541413,172.76,26
541712,87.43,26
541794,138.55,26
541866,417.31,26
541886,447.41,26
542085,244.62,26
542121,143.43,26
542239,97.85,26
542647,386.63,26
542727,119.24,26
543108,224.32,26
543164,168.45,26
543468,211.85,26
543619,409.87,26
543981,367.76,26
543996,458.53,26
544062,719.04,26
544094,377.32,26
544203,434.1,26
544656,384.03,26
544661,459.72,26
544754,312.41,26
544940,404.28,26
545014,464.6,26
545082,421.6,26
545154,412.75,26
545304,443.4,26
545474,729.73,26
545979,111.0,26
546027,414.8,26
546155,394.63,26
546212,3296.5,26
546486,348.18,26
546622,108.1,26
547055,119.08,26
547100,536.78,26
547567,442.47,26
547669,136.01,26
547801,506.78,26
547888,504.1,26
547925,496.96,26
548158,252.68,26
548178,484.71,26
548450,516.29,26
548484,125.32,26
548511,234.44,26
548737,513.55,26
548740,561.59,26
548742,375.16,26
548868,434.92,26
548916,422.34,26
548992,586.28,26
549281,551.4,26
549561,219.59,26
549746,2547.12,26
549984,484.9,26
550310,882.58,26
550313,509.57,26
550467,190.24,26
550525,440.47,26
550785,254.28,26
551058,64.22,26
551268,201.19,26
551809,3328.14,26
552286,205.37,26
552302,97.09,26
552730,435.0,26
552734,1160.67,26
553060,658.7,26
553125,507.14,26
553211,419.85,26
553462,421.81,26
553828,616.04,26
553832,372.08,26
553901,665.84,26
554069,442.81,26
554202,162.66,26
554491,79.93,26
555199,74.52,26
555201,387.41,26
555279,100.72,26
555508,232.98,26
555520,88.24,26
555540,267.36,26
555642,396.66,26
555719,422.8,26
556244,272.32,26
556257,199.01,26
556504,376.58,26
556879,76.67,26
556927,3607.76,26
557021,395.3,26
557136,476.18,26
557145,743.98,26
557619,133.5,26
557622,73.78,26
557759,423.14,26
557962,603.98,26
558058,365.11,26
558073,359.01,26
558641,594.44,26
558767,322.4,26
559095,391.62,26
559106,129.05,26
559168,145.96,26
559310,944.16,26
559543,38.98,26
559607,442.48,26
559678,181.85,26
559933,204.8,26
559948,1080.35,26
560211,473.16,26
560276,95.69,26
560576,176.57,26
560701,282.28,26
560718,1682.59,26
560824,126.07,26
561006,469.9,26
561099,194.9,26
561242,1135.8,26
561322,301.98,26
561331,127.61,26
561391,410.63,26
561595,753.3,26
561686,442.85,26
562099,423.3,26
562340,407.38,26
562727,449.31,26
562792,105.99,26
562881,409.61,26
562999,353.38,26
563352,407.0,26
563448,328.29,26
563706,395.43,26
563734,255.52,26
563755,306.81,26
564091,365.93,26
564186,476.65,26
564846,309.38,26
564850,390.78,26
565465,581.39,26
565665,488.21,26
565916,384.7,26
566013,1006.4,26
566024,436.4,26
566091,136.8,26
566092,650.42,26
566560,356.6,26
566730,64.26,26
567200,258.84,26
567300,488.81,26
567470,354.29,26
567794,820.78,26
567798,800.08,26
567858,112.25,26
567915,360.92,26
567967,145.4,26
568051,423.14,26
568146,587.46,26
568316,256.64,26
568318,300.88,26
568381,329.94,26
569250,463.2,26
569329,426.82,26
569640,1269.38,26
569691,480.43,26
569692,732.32,26
569824,233.96,26
569833,467.53,26
569834,641.72,26
569919,454.44,26
570030,410.6,26
570217,158.82,26
570224,175.25,26
570555,453.35,26
570883,464.07,26
571053,412.5,26
571188,407.26,26
571266,368.51,26
571404,455.21,26
571486,355.56,26
571566,396.97,26
571726,893.4,26
572095,109.3,26
572213,402.58,26
572311,262.59,26
572458,498.74,26
572837,409.78,26
572846,340.79,26
572853,403.21,26
572933,495.86,26
573143,951.48,26
573510,500.29,26
574340,157.7,26
574343,379.28,26
575137,968.04,26
575366,431.74,26
576098,513.2,26
576099,354.32,26
576394,4925.8,26
576518,134.54,26
576581,541.13,26
576603,433.38,26
576846,485.22,26
577009,433.79,26
577314,436.59,26
577475,363.55,26
577476,804.27,26
577813,580.38,26
577834,441.89,26
578044,672.34,26
578057,130.33,26
578098,79.48,26
578285,62.61,26
578324,166.2,26
578325,158.57,26
578335,417.56,26
578667,137.97,26
579099,138.7,26
579510,697.2,26
579529,477.21,26
579843,1246.58,26
580152,295.32,26
580737,394.06,26
580757,497.11,26
580972,706.64,26
581401,332.76,26
581419,657.25,26
581471,190.79,26
536597,92.84,27
537212,367.39,27
537822,505.25,27
538009,563.05,27
538868,824.02,27
539009,354.91,27
539404,108.92,27
539477,365.73,27
539766,321.18,27
540240,378.01,27
540242,450.0,27
540359,377.7,27
540515,157.33,27
540838,425.1,27
541005,177.55,27
541214,440.85,27
541216,416.54,27
541268,195.94,27
541504,235.6,27
541783,475.76,27
541795,259.6,27
541842,168.6,27
541997,315.13,27
542147,522.18,27
542266,210.48,27
542928,505.98,27
543251,449.65,27
543600,194.35,27
543736,522.15,27
543806,188.56,27
544070,553.02,27
544071,479.96,27
544181,519.08,27
544913,117.91,27
545238,378.33,27
545821,591.02,27
545933,446.0,27
545991,868.86,27
546017,288.36,27
546172,501.32,27
546242,360.78,27
546246,659.3,27
546367,1364.4,27
546530,4400.28,27
546678,471.74,27
546737,371.13,27
546990,530.4,27
547073,291.92,27
547079,169.68,27
547379,379.37,27
547578,398.19,27
547580,523.1,27
547794,207.21,27
547887,395.83,27
549387,483.0,27
549553,147.06,27
549570,147.27,27
549587,434.48,27
549915,403.75,27
549982,505.57,27
550163,407.88,27
550323,777.78,27
550468,405.16,27
550662,544.26,27
551016,736.0,27
551163,150.59,27
551275,455.53,27
551518,414.1,27
551548,421.12,27
551774,79.53,27
552257,386.72,27
552304,166.35,27
552353,335.39,27
552963,270.69,27
553489,434.78,27
553507,170.25,27
553509,194.38,27
553524,165.04,27
553852,419.08,27
553894,580.3,27
553919,1005.7,27
554015,400.0,27
554039,738.1,27
554131,521.37,27
554268,638.24,27
554556,829.63,27
554654,418.86,27
554836,451.77,27
554929,366.87,27
554935,473.62,27
554937,421.09,27
555413,194.73,27
555518,449.38,27
555937,581.36,27
556067,227.3,27
556425,178.92,27
556481,147.76,27
556489,83.17,27
556527,112.35,27
557009,265.26,27
557069,456.27,27
557147,543.24,27
557308,91.51,27
557528,444.8,27
557625,469.72,27
557889,478.5,27
558028,374.4,27
558043,773.08,27
558328,482.54,27
558533,409.32,27
558613,661.56,27
558812,528.0,27
559138,215.74,27
559330,365.25,27
559548,287.7,27
559660,1063.65,27
559824,211.53,27
559836,445.67,27
559918,448.6,27
560270,121.78,27
560285,641.7,27
560410,409.32,27
560412,207.94,27
560689,261.9,27
560691,446.24,27
560776,390.35,27
560783,604.3,27
561051,6787.72,27
561112,82.04,27
561125,451.26,27
561194,476.04,27
561208,2007.4,27
561295,1636.23,27
561330,411.75,27
561704,94.22,27
561794,462.91,27
562035,402.16,27
562087,92.91,27
562146,614.78,27
562199,174.0,27
562393,1019.44,27
562450,545.0,27
563023,487.69,27
563070,349.02,27
563505,492.06,27
563522,544.81,27
563550,466.12,27
563551,146.55,27
563699,595.24,27
563771,149.06,27
564090,406.59,27
564315,115.24,27
565116,2297.52,27
565410,779.73,27
565730,347.3,27
566087,493.4,27
566234,252.73,27
566283,500.0,27
566314,385.96,27
566399,527.9,27
566582,998.58,27
566816,1754.2,27
567142,524.3,27
567145,549.46,27
567429,520.74,27
567484,773.73,27
567530,431.14,27
567700,478.88,27
567854,473.96,27
567879,466.48,27
567928,572.01,27
567975,567.32,27
568075,94.28,27
568311,152.39,27
569008,376.02,27
569010,5867.08,27
569638,584.04,27
570022,150.03,27
570444,158.44,27
571217,470.55,27
571847,450.01,27
571905,699.48,27
572562,443.23,27
572889,139.5,27
573314,358.95,27
573388,866.98,27
573546,547.14,27
574081,362.43,27
574262,503.34,27
574273,193.18,27
574317,370.4,27
574502,111.98,27
574671,100.28,27
574737,558.59,27
574743,220.37,27
574837,633.29,27
574901,555.67,27
574936,139.31,27
575076,554.56,27
575504,591.22,27
575517,306.92,27
575589,514.16,27
575718,210.92,27
575842,269.29,27
575944,491.6,27
576077,155.24,27
576855,230.42,27
576865,69.79,27
577094,125.84,27
577217,172.36,27
577309,379.19,27
578834,384.29,27
579131,566.76,27
579750,438.5,27
579881,905.52,27
579980,136.85,27
580511,625.7,27
580600,137.06,27
580753,557.38,27
580904,282.06,27
581165,284.94,27
581220,302.4,27
536404,471.3,28
536833,421.1,28
536943,187.51,28
536973,638.13,28
537446,569.03,28
537464,618.07,28
537567,160.67,28
538053,1476.52,28
538183,561.03,28
538855,459.24,28
538992,420.32,28
539099,392.66,28
539256,468.07,28
539281,434.95,28
539455,121.02,28
540015,510.89,28
540277,2723.62,28
540511,216.26,28
540512,132.29,28
540971,557.16,28
541491,597.05,28
541567,647.75,28
542237,437.14,28
542578,420.8,28
542914,262.45,28
543193,484.25,28
544112,354.08,28
544292,304.65,28
544591,391.72,28
544645,1240.4,28
544803,82.87,28
545019,679.48,28
545067,109.15,28
545079,84.45,28
545289,436.88,28
545312,160.83,28
545697,111.78,28
546215,116.0,28
546220,541.1,28
546509,437.15,28
546910,145.55,28
547094,818.65,28
547202,208.25,28
547672,264.24,28
547919,135.09,28
548259,244.13,28
548610,149.85,28
548659,345.24,28
548920,443.05,28
549325,452.79,28
549520,817.44,28
549646,390.54,28
549743,392.41,28
549813,97.39,28
549847,342.36,28
550138,162.35,28
550327,539.81,28
550774,561.4,28
550890,310.0,28
550993,409.0,28
551293,428.64,28
551301,888.4,28
551346,450.24,28
551399,311.89,28
551426,440.0,28
551731,424.42,28
551994,412.02,28
552313,730.62,28
552468,360.18,28
552560,494.33,28
552638,522.96,28
552817,529.06,28
552886,466.12,28
552950,462.88,28
553120,830.82,28
553210,860.18,28
553228,415.69,28
553572,551.85,28
553661,1251.85,28
554065,731.28,28
554070,930.72,28
554099,780.65,28
554280,479.55,28
554326,291.4,28
554365,688.06,28
554371,595.29,28
554415,537.54,28
554638,196.9,28
554697,200.48,28
554860,548.39,28
554920,474.22,28
554978,310.26,28
554985,493.78,28
554991,99.85,28
555418,1004.94,28
555471,195.31,28
555547,568.36,28
555577,535.95,28
556017,478.7,28
556103,237.57,28
556536,170.19,28
556953,754.76,28
557296,104.55,28
557330,361.98,28
557427,963.4,28
557469,203.54,28
557762,490.12,28
557801,522.54,28
558420,178.63,28
558738,405.38,28
559342,573.72,28
560212,177.97,28
560250,259.79,28
560566,378.66,28
560694,835.65,28
561007,629.56,28
561320,191.89,28
561616,332.2,28
561648,196.88,28
561774,325.63,28
561967,174.88,28
561969,166.99,28
562045,431.16,28
562378,907.12,28
562381,621.02,28
563248,143.7,28
563540,399.06,28
563626,702.88,28
563661,418.13,28
563735,366.74,28
563749,386.9,28
563764,100.3,28
563954,1146.57,28
564715,125.79,28
565198,346.98,28
565224,179.88,28
565416,322.66,28
565427,211.84,28
565439,528.71,28
565737,286.98,28
565751,258.64,28
565765,484.3,28
565835,100.47,28
566057,174.07,28
566266,309.86,28
566669,466.09,28
566781,494.25,28
566930,508.8,28
567076,639.24,28
567457,1273.77,28
567476,523.76,28
567881,524.26,28
567882,1546.86,28
568044,420.69,28
568100,406.31,28
568142,130.37,28
568186,135.84,28
568568,462.45,28
568645,590.75,28
568794,372.48,28
568798,522.65,28
568910,451.44,28
569218,201.05,28
569673,354.15,28
569675,510.73,28
569901,157.07,28
570096,291.26,28
570102,517.8,28
570208,251.51,28
570235,100.93,28
570239,285.12,28
570492,500.6,28
570653,155.91,28
570719,193.55,28
571038,123.25,28
571117,394.57,28
571304,447.28,28
571307,428.68,28
572088,148.55,28
572231,413.59,28
572281,369.33,28
572323,544.5,28
572675,93.87,28
572721,428.28,28
572847,98.15,28
572910,370.84,28
573074,527.18,28
573149,148.72,28
573183,307.71,28
573328,177.05,28
573358,482.71,28
573390,482.71,28
573903,662.89,28
574097,635.72,28
574297,511.13,28
574353,312.55,28
574629,199.08,28
574676,133.25,28
574693,156.32,28
574738,241.14,28
574956,603.75,28
575074,150.04,28
575500,415.55,28
575576,439.66,28
575678,549.3,28
575787,415.96,28
575938,265.01,28
575965,342.95,28
575969,228.97,28
576201,101.15,28
576355,1290.94,28
576399,423.99,28
576899,604.33,28
577082,444.82,28
577121,639.71,28
577816,1090.92,28
578843,102.87,28
578943,348.84,28
579125,445.81,28
579152,426.35,28
579155,113.42,28
579393,512.98,28
579501,1992.69,28
579558,696.0,28
579605,295.91,28
579629,248.17,28
579672,1670.84,28
580298,389.46,28
580526,449.25,28
580665,5226.78,28
581192,227.22,28
536769,603.1,29
537036,116.88,29
537200,112.9,29
537242,412.22,29
537793,2746.75,29
537828,468.94,29
537855,225.45,29
538051,205.35,29
538199,182.25,29
538421,110.91,29
538488,212.08,29
538852,198.07,29
538995,1126.16,29
540595,326.82,29
540604,311.71,29
540826,413.28,29
541274,459.45,29
541286,475.2,29
541985,135.88,29
542600,252.46,29
542797,278.22,29
542881,111.95,29
542886,283.61,29
543033,187.23,29
543094,331.24,29
543369,219.36,29
543597,593.2,29
543808,132.25,29
543900,588.29,29
544098,920.15,29
544191,701.2,29
545022,471.75,29
545221,453.3,29
545408,637.65,29
545462,535.38,29
545468,436.68,29
545503,183.65,29
546015,534.42,29
546427,103.89,29
546440,460.32,29
546537,111.09,29
546855,198.93,29
547066,541.33,29
547195,712.41,29
547206,117.45,29
547370,200.52,29
547652,226.12,29
547684,586.19,29
547987,444.52,29
548169,2106.46,29
548780,433.9,29
548919,598.32,29
549047,103.91,29
549424,651.6,29
549983,144.54,29
550145,602.45,29
550272,1612.83,29
550311,102.44,29
550318,143.69,29
550328,175.27,29
550519,496.38,29
550639,314.51,29
550915,123.64,29
550989,255.69,29
551192,388.62,29
551417,547.27,29
551658,481.64,29
551696,797.26,29
552005,609.97,29
552180,430.46,29
552631,453.1,29
552727,492.74,29
552880,340.34,29
553034,547.14,29
553054,146.17,29
553206,1215.8,29
553220,643.67,29
554487,146.5,29
554644,714.77,29
554650,514.74,29
555091,170.02,29
555116,317.3,29
555344,1533.48,29
555549,262.25,29
555552,124.65,29
555736,546.21,29
555854,123.06,29
556058,524.5,29
556071,481.36,29
556246,145.43,29
556482,709.44,29
556890,1063.35,29
557117,600.68,29
557210,208.3,29
557275,318.02,29
557299,492.0,29
557577,97.14,29
557628,1966.66,29
558532,319.91,29
558556,131.06,29
558564,482.6,29
558993,442.58,29
559513,149.57,29
559629,216.71,29
559704,382.48,29
559863,340.19,29
559904,486.26,29
560299,678.08,29
560499,345.39,29
560568,537.84,29
560690,454.76,29
560724,534.34,29
560807,480.18,29
560875,606.46,29
561050,386.1,29
561100,322.53,29
561398,618.5,29
561645,3944.7,29
561647,3301.38,29
561882,547.45,29
561889,480.79,29
562034,522.1,29
562131,490.87,29
562173,385.28,29
562203,689.96,29
562374,3944.7,29
562576,220.08,29
562619,159.92,29
562880,4105.94,29
562964,629.86,29
563037,424.25,29
563502,580.08,29
563571,85.13,29
563572,201.61,29
563733,528.91,29
564165,492.63,29
564635,551.03,29
564726,301.93,29
564958,682.19,29
565219,387.52,29
565235,402.0,29
565420,313.05,29
565437,551.25,29
565453,582.9,29
565806,503.31,29
566019,387.74,29
566294,370.01,29
566589,543.25,29
566737,336.31,29
567164,207.05,29
567206,589.6,29
567454,491.18,29
567509,752.42,29
567709,444.79,29
567954,327.46,29
568013,511.82,29
568103,414.1,29
568220,393.92,29
568245,441.24,29
568702,147.58,29
569225,195.31,29
569232,287.48,29
569327,446.71,29
569369,501.23,29
569562,431.78,29
569635,287.94,29
569637,453.06,29
570126,72.07,29
570129,485.57,29
570244,555.64,29
570275,2482.44,29
570501,608.1,29
570776,626.92,29
570797,1229.42,29
571185,510.78,29
571271,129.02,29
571296,151.7,29
571548,880.58,29
571556,455.67,29
572314,240.11,29
572380,416.7,29
572520,666.84,29
572617,604.25,29
572918,237.12,29
573195,927.06,29
573579,163.96,29
573582,640.91,29
573913,473.42,29
573955,441.9,29
574069,545.71,29
574484,443.19,29
574619,225.17,29
575487,404.84,29
575574,111.39,29
575740,419.36,29
575766,254.17,29
576520,162.7,29
576609,251.37,29
576654,144.06,29
576677,319.86,29
576923,4431.98,29
577008,133.02,29
577505,353.31,29
578020,374.63,29
578118,842.02,29
578518,110.57,29
578809,452.36,29
578818,116.14,29
579154,172.21,29
579447,636.46,29
579499,574.98,29
579553,705.81,29
580094,144.73,29
580295,113.79,29
580667,122.93,29
580979,475.04,29
581246,126.78,29
581579,869.62,29
536538,238.0,30
536743,191.11,30
536798,666.16,30
537195,486.54,30
537351,96.63,30
537614,322.8,30
538168,318.7,30
538210,486.96,30
538783,976.7,30
539211,430.28,30
539261,411.74,30
539469,237.72,30
539470,203.38,30
539501,287.45,30
539826,598.6,30
539920,340.05,30
540013,258.45,30
540031,431.88,30
540482,244.13,30
540538,269.07,30
540979,475.15,30
541110,255.81,30
541260,135.05,30
541371,251.88,30
541566,833.44,30
541602,149.68,30
541676,444.48,30
542275,581.4,30
542534,521.56,30
543281,94.27,30
543911,889.24,30
544068,74.34,30
544336,132.83,30
544470,433.42,30
544717,589.32,30
544833,568.54,30
544839,551.39,30
544935,467.53,30
544998,244.89,30
545038,67.23,30
546013,212.51,30
546856,372.64,30
547327,469.98,30
547357,429.26,30
547413,549.6,30
547666,850.31,30
547667,483.3,30
547703,625.66,30
547790,494.5,30
548733,496.42,30
549720,112.99,30
549966,375.74,30
550488,263.76,30
551282,193.48,30
551811,646.23,30
551816,231.03,30
551824,441.2,30
552364,404.2,30
552614,486.04,30
552669,212.66,30
552724,700.52,30
552829,417.21,30
553151,663.06,30
553374,463.38,30
553417,598.84,30
553552,439.8,30
553707,1026.27,30
554058,136.57,30
554093,492.26,30
554102,243.22,30
554557,467.21,30
554842,475.66,30
554917,458.3,30
555240,179.86,30
555245,198.46,30
555349,286.19,30
555396,455.25,30
555553,457.68,30
556576,125.98,30
557026,460.11,30
557671,478.08,30
558045,580.74,30
558113,554.87,30
558123,510.45,30
559058,587.26,30
559174,503.8,30
559318,177.21,30
559424,649.85,30
559507,89.11,30
559544,37.88,30
559545,288.42,30
559794,446.08,30
559981,490.99,30
560115,172.3,30
560145,590.74,30
560223,153.39,30
560249,201.25,30
560364,1499.24,30
560527,470.95,30
561382,155.34,30
562353,2271.6,30
563262,626.06,30
563288,911.97,30
563355,417.42,30
563714,632.77,30
563756,495.68,30
564140,379.17,30
564559,453.46,30
564752,1692.7,30
565209,112.75,30
565595,447.62,30
565672,556.26,30
565851,510.79,30
566016,591.9,30
566270,798.1,30
566518,146.52,30
566558,679.69,30
566932,234.75,30
567148,1052.48,30
567666,516.41,30
567792,817.1,30
567865,777.54,30
568197,503.6,30
568659,461.91,30
569148,618.59,30
569238,149.55,30
569457,117.94,30
569687,529.42,30
569848,513.4,30
569868,412.17,30
570036,459.79,30
570228,193.43,30
570424,156.61,30
570721,498.94,30
570875,426.13,30
571031,140.98,30
571180,953.89,30
571197,247.25,30
571227,1203.78,30
571244,221.22,30
571272,1059.78,30
571318,5296.96,30
571743,110.8,30
571899,118.6,30
572063,90.79,30
572282,132.91,30
572290,266.86,30
572292,172.03,30
573075,64.39,30
573291,487.19,30
573305,374.83,30
574046,129.06,30
574056,3949.66,30
574253,440.23,30
574312,132.28,30
574654,187.93,30
575324,615.69,30
575610,568.21,30
575640,221.71,30
575730,141.61,30
575855,160.89,30
576200,226.86,30
576345,563.53,30
576381,490.52,30
577286,90.89,30
577526,554.34,30
577615,551.3,30
578290,528.92,30
578370,128.5,30
578445,188.76,30
578676,154.48,30
578922,192.95,30
579162,300.02,30
579468,202.01,30
579497,125.0,30
579503,158.24,30
579571,229.27,30
580403,430.57,30
580528,773.54,30
580550,369.44,30
580705,644.48,30
580981,509.4,30
581450,100.66,30
581473,70.99,30
536446,420.99,31
537606,631.65,31
537626,711.79,31
538011,246.27,31
538250,105.75,31
538347,287.65,31
538636,518.19,31
538659,535.88,31
538664,1513.52,31
539181,135.44,31
539464,218.05,31
539593,700.45,31
540176,3482.74,31
540178,446.82,31
540362,162.7,31
540943,141.58,31
541123,434.87,31
541285,805.45,31
541430,1524.74,31
541588,487.45,31
541683,330.48,31
542105,314.75,31
542520,197.87,31
542667,368.7,31
542929,259.55,31
543006,326.36,31
543107,486.62,31
543114,606.26,31
544339,828.35,31
544409,638.28,31
544893,541.44,31
545415,453.79,31
546465,314.49,31
546731,961.56,31
546862,605.88,31
547075,986.75,31
547623,543.22,31
547881,166.84,31
548213,438.84,31
548409,1696.16,31
548561,485.08,31
548749,451.78,31
548874,644.36,31
548993,3169.78,31
549120,143.95,31
549238,388.77,31
549240,118.89,31
549571,497.37,31
549575,135.6,31
549578,817.68,31
549732,659.42,31
549845,504.27,31
550201,968.4,31
550322,127.27,31
550469,178.41,31
550473,179.93,31
550626,175.13,31
550921,497.07,31
550997,475.26,31
551136,475.72,31
551529,930.43,31
551869,418.2,31
551983,499.89,31
552025,378.95,31
552554,292.56,31
553158,618.97,31
553345,465.7,31
553375,759.72,31
553423,161.47,31
553703,427.42,31
553838,521.86,31
554097,453.51,31
554938,619.03,31
555649,394.14,31
556259,446.79,31
556267,3027.31,31
556280,279.21,31
556531,604.23,31
556778,326.03,31
556954,455.3,31
557630,591.73,31
558571,810.26,31
558769,138.85,31
558778,471.22,31
559036,572.5,31
559529,413.1,31
559536,198.56,31
560366,406.02,31
560696,101.09,31
560700,147.76,31
561094,453.74,31
561359,551.84,31
561906,600.75,31
562275,435.23,31
562282,1783.4,31
562339,167.26,31
562449,237.57,31
562607,497.15,31
562804,572.7,31
562893,521.44,31
562931,201.48,31
563256,511.03,31
563546,378.37,31
563584,615.27,31
563739,240.66,31
564166,406.77,31
564378,442.54,31
564432,490.42,31
564661,517.8,31
565248,104.36,31
565326,87.37,31
565408,115.51,31
565451,677.77,31
565519,546.45,31
566042,182.9,31
566123,257.17,31
566297,92.38,31
566397,147.02,31
566674,614.88,31
566962,93.93,31
567156,155.3,31
567578,424.63,31
567875,265.45,31
568566,203.4,31
568667,100.01,31
569134,569.25,31
569248,518.9,31
569530,111.68,31
570200,206.24,31
570380,111.55,31
570491,300.59,31
570594,483.59,31
570983,314.15,31
571032,102.79,31
571040,305.23,31
571239,934.26,31
571279,339.52,31
571425,515.04,31
571505,954.9,31
572098,499.7,31
572182,425.38,31
572242,597.43,31
572451,792.76,31
572461,135.57,31
572569,200.55,31
572681,514.39,31
572843,885.53,31
572858,136.63,31
572862,114.74,31
572885,411.06,31
572964,529.24,31
573874,494.79,31
573905,124.46,31
574250,133.66,31
575040,623.08,31
575128,484.64,31
575199,725.22,31
575206,1296.56,31
575222,310.31,31
575725,1895.88,31
575923,501.56,31
575931,423.73,31
576045,288.3,31
576909,928.12,31
577108,274.75,31
577128,113.96,31
577156,525.13,31
577400,571.24,31
577410,219.0,31
578013,103.41,31
578187,500.52,31
578850,223.79,31
579089,100.71,31
579170,179.59,31
579465,185.4,31
580619,219.19,31
580735,570.85,31
580877,142.47,31
580879,137.09,31
581122,752.39,31
581469,104.3,31
537204,198.43,32
537393,2373.84,32
537422,207.6,32
538093,649.05,32
538811,710.0,32
539196,685.29,32
539444,1119.33,32
540397,177.87,32
540506,248.25,32
540531,109.54,32
540856,564.9,32
541238,305.25,32
541279,635.8,32
541570,7518.04,32
541648,337.7,32
541839,357.86,32
542586,486.9,32
542610,351.56,32
542806,658.09,32
543020,180.88,32
543463,684.32,32
544393,214.05,32
544459,667.14,32
544464,141.69,32
544601,528.27,32
545071,207.34,32
545288,1381.56,32
545294,305.08,32
545349,152.7,32
545854,510.89,32
546089,208.41,32
546160,3277.24,32
546534,554.06,32
546658,491.3,32
546851,581.27,32
546922,904.26,32
547375,452.28,32
547880,233.11,32
547882,393.3,32
548732,444.54,32
548735,422.81,32
549522,528.93,32
549526,431.78,32
549730,178.89,32
550000,507.47,32
550408,481.94,32
551258,715.4,32
551400,593.16,32
551527,370.31,32
551564,517.65,32
551721,288.75,32
551734,456.04,32
552333,489.6,32
552337,613.11,32
552547,941.4,32
552878,823.2,32
552905,585.4,32
553485,309.48,32
553488,118.4,32
555565,521.76,32
555810,565.94,32
555856,298.89,32
555979,829.02,32
556486,375.04,32
556502,491.71,32
556828,184.19,32
557350,545.74,32
557793,202.43,32
559418,468.46,32
559884,535.52,32
560398,1734.58,32
560569,441.28,32
560942,164.92,32
561884,139.98,32
562210,537.95,32
562965,649.8,32
563017,489.86,32
563349,198.1,32
563428,419.31,32
563691,431.11,32
563730,588.0,32
563854,557.02,32
564553,163.8,32
564642,336.34,32
564647,121.53,32
565472,339.64,32
565920,574.02,32
565932,212.05,32
566217,94.0,32
566307,589.23,32
567204,690.25,32
567303,789.84,32
567459,439.48,32
567980,157.14,32
568183,213.94,32
568310,628.02,32
568917,477.14,32
568919,398.21,32
569123,1124.05,32
569527,122.33,32
569535,396.96,32
569699,195.21,32
569852,850.4,32
570108,467.2,32
570113,2098.13,32
570211,121.26,32
570242,1780.59,32
571190,130.01,32
571288,322.26,32
571476,191.87,32
571724,389.59,32
572183,783.69,32
572866,184.01,32
572882,460.1,32
573066,236.09,32
573139,141.12,32
573150,142.44,32
573481,588.4,32
573873,180.03,32
574025,263.54,32
574290,271.67,32
574659,209.74,32
574696,202.88,32
574836,503.15,32
575221,622.3,32
575904,166.42,32
575957,116.01,32
577107,794.26,32
577508,147.59,32
577532,118.98,32
577698,291.04,32
578018,684.24,32
578024,571.2,32
578293,711.66,32
578534,415.25,32
578696,721.34,32
579387,137.07,32
579446,528.48,32
579461,1039.09,32
579560,154.68,32
579867,739.9,32
579946,180.94,32
580289,844.78,32
580290,190.35,32
580633,169.54,32
580907,429.42,32
581218,426.12,32
581496,598.97,32
536856,618.67,33
536993,101.85,33
537045,108.53,33
537138,273.3,33
537155,75.64,33
537765,121.53,33
537888,491.7,33
538558,299.77,33
538629,223.48,33
540373,258.5,33
540546,592.53,33
540680,434.04,33
540834,1456.21,33
541575,577.02,33
541850,157.05,33
542057,156.8,33
542219,564.29,33
542221,332.88,33
542268,441.23,33
543099,6373.92,33
543458,152.87,33
543541,491.81,33
544933,904.82,33
545337,189.45,33
546305,223.93,33
546422,252.91,33
546538,562.45,33
548496,3174.83,33
548510,203.37,33
548701,229.51,33
549116,536.48,33
549185,639.82,33
549245,132.11,33
549583,489.43,33
550288,159.9,33
550522,399.67,33
550632,117.3,33
550994,401.55,33
551276,208.06,33
551533,104.51,33
551849,995.56,33
552149,488.1,33
552365,235.56,33
552651,298.88,33
552694,610.3,33
552825,540.68,33
552843,353.57,33
553048,538.38,33
553658,524.72,33
553691,860.97,33
553710,247.3,33
553946,484.04,33
554933,196.81,33
555162,549.34,33
555844,151.65,33
556408,124.15,33
556441,334.17,33
556487,154.86,33
557067,1161.75,33
557221,202.33,33
558087,135.37,33
558459,109.64,33
558501,547.09,33
558702,156.17,33
559311,1548.72,33
559372,609.88,33
559510,707.42,33
560228,307.41,33
560537,310.59,33
560571,716.32,33
560863,102.33,33
561653,304.94,33
562649,106.95,33
563246,695.26,33
563500,423.84,33
563532,3256.88,33
563753,520.04,33
564573,110.85,33
564849,623.78,33
565201,561.06,33
565218,553.44,33
565779,458.03,33
566420,211.01,33
566756,709.38,33
567085,499.99,33
567179,179.68,33
567859,798.46,33
568164,513.77,33
568165,612.72,33
568202,460.52,33
568788,123.06,33
569208,242.1,33
569319,728.5,33
569470,306.88,33
569573,3855.84,33
570009,638.21,33
570111,143.0,33
570416,578.04,33
570826,215.42,33
571247,783.06,33
571275,400.17,33
572055,148.29,33
572903,125.6,33
573117,647.77,33
573335,136.01,33
573348,196.68,33
573353,181.99,33
573379,542.82,33
574067,3858.95,33
574079,147.95,33
574321,240.54,33
574351,111.57,33
574478,299.78,33
574667,555.39,33
574749,537.8,33
575049,543.32,33
575905,491.86,33
576147,1324.3,33
576848,228.68,33
576906,616.48,33
577337,130.95,33
577516,107.7,33
577729,546.28,33
577804,189.87,33
578008,209.28,33
578243,1050.32,33
578264,123.64,33
578275,178.43,33
578485,810.76,33
578675,607.96,33
578934,213.07,33
579116,193.03,33
580278,174.37,33
580652,2430.08,33
580723,494.62,33
580819,312.62,33
580960,140.6,33
536488,157.39,34
536551,138.11,34
537193,425.75,34
537346,673.37,34
537418,118.66,34
537653,163.33,34
538155,182.02,34
538307,158.01,34
539215,147.6,34
539421,550.84,34
539933,529.59,34
540188,296.66,34
540260,551.69,34
540523,323.94,34
540543,320.98,34
540957,316.96,34
541103,523.71,34
541241,174.94,34
541244,209.39,34
541253,222.49,34
541530,506.98,34
542276,984.68,34
543196,390.71,34
543543,178.63,34
543652,479.48,34
543997,141.7,34
544077,241.34,34
544193,538.2,34
544667,3336.76,34
544837,140.16,34
545063,115.82,34
545081,566.28,34
545571,572.91,34
546438,3581.28,34
546561,528.85,34
546742,674.65,34
547199,101.55,34
547504,733.88,34
547670,256.84,34
547909,179.73,34
548808,270.85,34
549115,1371.62,34
549949,195.33,34
550016,717.59,34
550106,209.97,34
550360,363.98,34
551656,539.5,34
552894,96.19,34
553134,568.6,34
553224,208.2,34
553348,678.31,34
553505,606.0,34
554094,223.08,34
554906,568.41,34
555202,110.55,34
555203,328.12,34
555865,367.93,34
556542,232.81,34
556740,134.92,34
557960,129.49,34
558115,573.7,34
558330,284.76,34
558637,203.86,34
559364,761.92,34
559464,334.91,34
559525,383.02,34
559691,795.56,34
559812,377.74,34
560033,835.19,34
560726,92.88,34
560833,171.71,34
560853,460.7,34
560876,915.06,34
561258,1534.41,34
561465,229.16,34
561867,115.61,34
561877,483.63,34
561879,738.06,34
562519,172.42,34
563061,437.42,34
563566,532.32,34
563569,569.12,34
563688,567.62,34
563925,119.95,34
563931,722.87,34
564079,617.64,34
564437,472.54,34
564526,570.25,34
565243,770.93,34
565324,144.35,34
565675,1661.99,34
566203,309.35,34
566319,757.28,34
566612,577.4,34
566786,581.64,34
566849,734.24,34
567340,841.75,34
567805,514.13,34
567809,691.77,34
567850,538.69,34
567929,734.7,34
568173,886.49,34
568400,547.52,34
568527,765.0,34
568912,243.37,34
569205,584.41,34
569243,552.99,34
569629,641.57,34
569714,97.97,34
569790,175.91,34
570234,293.58,34
570288,156.56,34
570701,2039.9,34
571036,988.03,34
571221,318.94,34
572287,230.57,34
572301,111.81,34
572319,118.31,34
572542,698.39,34
572651,616.85,34
572719,676.47,34
572861,398.65,34
572911,430.01,34
573096,813.15,34
573320,2107.38,34
573420,1350.8,34
573808,173.71,34
575303,188.14,34
575852,336.04,34
575917,656.46,34
575960,141.79,34
576019,516.1,34
577520,141.48,34
577754,2675.28,34
577893,229.37,34
577951,247.68,34
578027,648.1,34
578302,633.54,34
578698,364.09,34
579267,994.75,34
579689,104.44,34
579749,753.1,34
580140,659.99,34
580318,629.37,34
580752,511.99,34
581230,537.89,34
581402,370.63,34
536381,449.98,35
536947,574.5,35
536988,194.69,35
537441,420.8,35
538156,518.35,35
538382,195.79,35
538641,1270.78,35
539663,134.15,35
539760,388.37,35
540526,193.28,35
540644,827.18,35
541293,394.57,35
541524,543.7,35
542503,622.62,35
542737,178.8,35
543777,169.99,35
544660,564.53,35
544691,596.03,35
544788,334.66,35
544796,385.29,35
544909,1366.86,35
545004,741.26,35
545073,578.45,35
545399,691.59,35
545445,586.27,35
545653,935.54,35
545812,579.25,35
546116,724.78,35
546378,494.37,35
546917,574.91,35
547568,603.55,35
547903,394.34,35
547937,186.61,35
547969,196.96,35
548014,516.08,35
548492,187.5,35
549555,152.7,35
549729,263.41,35
550033,193.96,35
550532,117.14,35
551436,222.47,35
551953,548.32,35
552460,719.8,35
553487,527.46,35
553731,607.16,35
553942,760.3,35
554497,513.6,35
554861,589.83,35
555260,151.92,35
555739,562.55,35
556198,259.75,35
556882,340.28,35
557276,184.23,35
557776,493.74,35
558067,811.11,35
558084,465.18,35
558416,285.15,35
558534,512.42,35
558620,136.75,35
559032,2049.04,35
559674,351.7,35
560104,159.3,35
560892,877.36,35
561020,259.73,35
561534,549.56,35
562269,251.94,35
562784,180.72,35
563031,137.5,35
563169,768.97,35
563360,444.78,35
563912,848.49,35
563920,387.41,35
564742,141.52,35
565331,122.2,35
565442,743.36,35
565995,418.34,35
566274,335.3,35
566317,727.9,35
566580,644.0,35
567095,598.29,35
567153,248.06,35
567293,534.44,35
567485,238.22,35
567880,634.85,35
568040,664.64,35
568369,190.2,35
568526,614.64,35
568701,582.68,35
569007,615.39,35
569215,205.28,35
569472,583.42,35
570214,214.13,35
570215,347.59,35
570514,944.91,35
570685,362.45,35
570791,211.69,35
570830,648.27,35
570887,510.1,35
571294,369.27,35
571308,669.38,35
571312,500.23,35
571418,151.83,35
571429,165.47,35
571629,674.31,35
571656,354.36,35
571737,764.74,35
571779,286.4,35
572092,198.9,35
572872,258.63,35
573026,356.91,35
573364,146.32,35
573407,319.03,35
573544,336.24,35
573581,521.41,35
574292,178.61,35
574923,176.55,35
575141,787.29,35
575367,508.28,35
575490,230.82,35
575880,730.46,35
576087,584.98,35
576787,874.41,35
576889,293.92,35
577300,323.1,35
577302,126.37,35
577312,694.78,35
577472,992.14,35
577783,2786.4,35
577800,872.38,35
578032,573.04,35
579171,288.79,35
580397,109.93,35
580505,223.63,35
580654,112.66,35
580669,1117.18,35
580750,622.26,35
581420,433.16,35
537136,265.26,36
537141,432.65,36
537334,303.13,36
537844,160.64,36
538086,348.68,36
538346,756.45,36
538369,249.28,36
539840,555.72,36
540099,631.92,36
540489,497.45,36
540501,713.46,36
541018,276.26,36
541094,336.07,36
541205,373.9,36
541698,222.24,36
543116,902.94,36
543355,188.86,36
543382,273.78,36
543820,413.48,36
543979,133.59,36
544294,570.88,36
544484,1069.82,36
544894,553.76,36
545302,273.71,36
545377,107.12,36
545649,108.66,36
545660,285.27,36
546028,622.64,36
546084,546.45,36
546866,215.39,36
547971,119.55,36
548614,173.51,36
549126,245.78,36
549901,268.31,36
550479,695.33,36
550513,327.76,36
551193,219.2,36
551616,139.3,36
552183,173.12,36
553088,1089.0,36
553194,277.81,36
553229,470.99,36
553547,670.38,36
553685,703.48,36
554105,213.06,36
554261,190.58,36
554669,480.96,36
555109,235.45,36
555147,615.6,36
555473,819.05,36
555515,391.68,36
555650,716.27,36
556685,522.67,36
557525,563.02,36
558195,701.88,36
558235,453.69,36
559686,120.98,36
559804,305.46,36
559866,502.36,36
560635,530.73,36
560692,92.59,36
561396,740.68,36
562939,660.76,36
563328,93.43,36
563427,193.47,36
564052,247.42,36
564056,402.51,36
565366,670.2,36
565734,357.41,36
565800,701.27,36
566076,582.7,36
566190,194.54,36
566434,684.49,36
566554,870.4,36
566872,311.95,36
566950,678.18,36
567174,194.45,36
567290,5033.6,36
567504,612.19,36
567742,773.75,36
567905,643.74,36
567935,567.55,36
568054,310.33,36
568228,524.61,36
568367,558.99,36
568394,440.02,36
568651,662.39,36
569005,493.76,36
569254,163.56,36
569403,678.11,36
569514,1162.68,36
569693,241.0,36
570230,133.67,36
571033,1259.46,36
571660,471.18,36
572087,756.7,36
572544,219.12,36
572735,661.59,36
573584,1818.88,36
573909,145.67,36
573992,547.39,36
574624,568.44,36
574893,151.08,36
574962,1388.37,36
575193,616.24,36
575336,139.09,36
575482,285.73,36
575843,157.27,36
577050,738.67,36
577095,219.44,36
577554,197.03,36
577601,873.68,36
577751,178.94,36
578317,665.28,36
578688,250.32,36
579094,718.78,36
579142,283.0,36
580119,119.98,36
580129,604.36,36
580402,614.75,36
580636,449.92,36
580816,430.7,36
580848,97.25,36
580914,167.63,36
581129,864.94,36
581179,1297.71,36
581578,722.85,36
537051,285.38,37
537405,282.44,37
538008,686.3,37
538095,114.92,37
538248,126.93,37
538353,3626.66,37
538419,170.91,37
538533,357.61,37
539075,210.22,37
539653,544.98,37
539659,787.0,37
540248,495.25,37
540514,372.27,37
541138,592.31,37
541258,349.25,37
541838,767.0,37
542353,495.61,37
542595,411.15,37
542646,320.0,37
543179,45.57,37
543279,310.9,37
543975,261.09,37
546389,620.2,37
546421,301.04,37
547389,292.47,37
547872,154.55,37
548210,177.41,37
548521,563.07,37
548864,100.89,37
549713,282.4,37
549833,1015.14,37
549874,294.66,37
550034,673.13,37
550279,636.55,37
550280,462.31,37
550298,210.92,37
550438,610.19,37
551158,318.58,37
551727,636.5,37
551868,855.11,37
552446,351.83,37
552803,181.91,37
552822,404.79,37
554089,381.24,37
554489,703.96,37
554663,172.24,37
554964,218.3,37
554979,161.58,37
555015,538.94,37
555393,734.6,37
555631,153.26,37
555648,145.68,37
556510,624.32,37
557123,164.22,37
557626,619.96,37
558057,720.94,37
559107,127.53,37
559256,819.0,37
559813,753.66,37
560047,221.73,37
560997,672.32,37
561043,549.93,37
561388,3680.4,37
561519,83.99,37
561869,155.96,37
561933,660.57,37
562166,565.51,37
562283,615.5,37
562427,311.02,37
562716,1388.92,37
563952,628.25,37
564300,331.95,37
564305,830.67,37
564483,485.98,37
564648,581.82,37
564650,5838.44,37
564716,352.23,37
564753,578.09,37
565122,466.81,37
565471,604.32,37
565836,3064.28,37
566025,159.79,37
566079,985.62,37
567533,652.85,37
568056,752.62,37
568070,717.36,37
568162,863.2,37
568170,217.09,37
568558,348.2,37
568715,171.06,37
568831,353.51,37
569460,953.91,37
569468,666.21,37
570342,1012.57,37
570597,553.7,37
570839,686.17,37
570856,606.73,37
571291,237.43,37
571940,586.76,37
572896,735.74,37
572969,544.87,37
573070,135.3,37
573492,160.0,37
573937,542.0,37
574029,994.8,37
574093,661.9,37
574530,194.88,37
574573,136.39,37
574909,123.95,37
575086,1084.6,37
575269,1058.09,37
575340,1057.97,37
575680,582.24,37
575731,148.08,37
575756,159.57,37
575902,446.02,37
575975,630.99,37
576852,294.32,37
577022,321.6,37
577595,169.71,37
577869,302.22,37
578783,364.13,37
578953,198.76,37
580128,302.45,37
580133,417.88,37
580468,108.59,37
536783,4076.48,38
537131,547.1,38
537199,156.74,38
537354,133.07,38
537463,910.52,38
537623,281.93,38
538313,1127.37,38
538378,346.9,38
538510,147.77,38
538660,1117.9,38
539502,358.02,38
540239,724.86,38
540471,668.55,38
541220,13254.72,38
542000,600.24,38
542272,577.9,38
542791,421.4,38
542891,2287.51,38
543354,780.61,38
543815,112.46,38
544480,5283.98,38
544692,563.18,38
545301,639.86,38
546394,593.13,38
546417,510.55,38
547362,3046.68,38
547387,693.24,38
549130,264.15,38
549300,723.43,38
549567,228.93,38
549831,832.05,38
550321,124.98,38
550956,235.36,38
550968,676.78,38
552282,364.23,38
552295,214.62,38
552310,155.68,38
553061,211.4,38
553190,169.89,38
553671,442.0,38
554812,232.43,38
555570,621.9,38
556113,585.32,38
557639,220.34,38
557764,987.08,38
557995,262.87,38
558102,164.37,38
558752,247.01,38
558991,106.28,38
559641,365.02,38
559679,710.23,38
560394,546.63,38
561222,491.0,38
561873,2157.5,38
561923,731.32,38
562733,789.29,38
563098,1232.96,38
563351,1193.93,38
563477,147.69,38
563697,162.79,38
564173,779.06,38
564489,645.56,38
565588,282.67,38
565725,537.9,38
566055,199.39,38
568156,501.39,38
568670,394.14,38
568696,578.96,38
568909,680.59,38
569363,1315.38,38
569702,365.14,38
570167,794.56,38
570715,1001.32,38
571205,650.32,38
571229,179.91,38
571438,783.09,38
572073,168.37,38
572076,578.94,38
572127,716.29,38
572240,1029.24,38
572296,141.92,38
572331,683.7,38
573093,90.2,38
573289,749.55,38
573393,433.86,38
573500,190.02,38
573665,641.67,38
573889,213.82,38
574054,754.64,38
574149,640.3,38
574690,511.69,38
574852,195.05,38
574892,677.7,38
575091,516.85,38
575211,270.51,38
576217,141.36,38
576645,624.06,38
577016,720.5,38
577049,254.88,38
577479,787.79,38
578019,123.03,38
578248,437.12,38
578479,191.01,38
578508,127.9,38
578516,619.84,38
578719,177.61,38
578790,191.32,38
579102,648.85,38
579188,449.77,38
579754,340.73,38
580660,918.16,38
581456,199.86,38
536591,188.37,39
537140,70.42,39
538209,148.21,39
538634,468.54,39
538839,213.34,39
539185,216.34,39
539414,202.66,39
540568,445.84,39
541012,254.09,39
541038,279.89,39
541289,170.07,39
541417,218.76,39
541509,141.66,39
542215,677.86,39
542627,551.87,39
543293,559.85,39
543428,430.08,39
544106,622.21,39
545059,277.17,39
545410,582.48,39
545523,174.65,39
545682,173.89,39
545838,97.42,39
546549,215.81,39
546739,2599.74,39
546784,616.1,39
546791,611.61,39
547106,589.35,39
547809,185.1,39
547841,520.13,39
547921,628.66,39
548212,729.17,39
549573,230.27,39
550350,671.17,39
550493,1026.61,39
550712,797.0,39
551057,249.59,39
552042,1049.11,39
552231,494.1,39
552652,184.97,39
552655,143.58,39
552710,1718.46,39
552951,321.79,39
552975,528.06,39
553739,822.59,39
554158,445.53,39
554617,98.82,39
555537,172.19,39
556063,162.55,39
556575,195.0,39
557891,703.03,39
559009,462.18,39
559122,521.34,39
559362,629.64,39
559907,916.58,39
560024,226.97,39
560552,741.98,39
560989,684.29,39
562263,200.15,39
563205,338.06,39
563353,611.05,39
564093,706.5,39
564536,358.83,39
564565,721.22,39
565386,203.47,39
565421,151.87,39
565846,121.5,39
565850,436.2,39
567804,201.55,39
568062,505.18,39
568094,595.8,39
568104,295.25,39
569027,692.16,39
569262,551.58,39
569336,779.19,39
569563,912.66,39
569968,206.31,39
570049,398.26,39
570091,627.12,39
570186,639.69,39
571189,556.7,39
571292,255.54,39
571665,885.47,39
572030,672.5,39
572650,305.06,39
573346,176.0,39
573369,95.86,39
573892,640.23,39
573999,857.15,39
574015,850.47,39
574059,87.97,39
574663,355.62,39
575007,528.24,39
575896,992.68,39
575983,136.74,39
576323,271.95,39
576778,213.68,39
577303,964.86,39
577711,142.84,39
577749,490.35,39
578140,7414.48,39
578244,569.67,39
578515,144.81,39
578856,674.51,39
578925,426.37,39
579146,418.36,39
580880,771.16,39
581020,4813.24,39
537775,662.79,40
538201,173.25,40
539307,2054.92,40
540187,641.11,40
540349,617.65,40
540357,1254.86,40
541256,477.61,40
541282,509.5,40
541552,697.89,40
541845,154.5,40
541970,1189.02,40
542100,240.9,40
542408,381.06,40
544097,1615.9,40
544303,136.45,40
544676,132.53,40
545327,397.3,40
545398,1153.22,40
545721,557.05,40
545909,619.74,40
546520,689.6,40
546528,2420.95,40
546769,703.01,40
546846,128.49,40
547194,201.24,40
547350,617.88,40
547488,231.9,40
547789,677.72,40
548289,565.76,40
548867,223.46,40
549368,110.8,40
549425,266.87,40
549906,162.39,40
551776,250.04,40
551956,214.92,40
552278,181.21,40
552874,775.4,40
553006,560.35,40
553702,167.64,40
554106,590.16,40
554630,296.32,40
554814,861.44,40
555567,438.85,40
555644,371.35,40
555931,613.46,40
556241,576.91,40
556777,652.95,40
556942,673.22,40
557153,419.79,40
557746,155.41,40
559011,674.67,40
559128,193.29,40
559200,338.41,40
560278,156.39,40
560712,116.13,40
560878,201.18,40
560895,970.92,40
561066,206.25,40
562371,685.14,40
562457,593.35,40
562949,644.39,40
563354,115.88,40
563377,494.17,40
564510,590.88,40
565329,113.31,40
565430,333.75,40
566171,142.98,40
566295,458.43,40
566647,228.78,40
566735,138.38,40
566771,635.88,40
566869,753.37,40
567077,186.99,40
567126,234.56,40
567610,4061.2,40
567721,4243.24,40
568321,1033.34,40
569870,121.95,40
570177,654.69,40
570209,370.58,40
570652,930.7,40
571372,342.63,40
571465,197.13,40
571715,289.05,40
571845,286.27,40
572069,680.31,40
572484,273.81,40
572743,597.33,40
572923,644.24,40
573122,215.82,40
573344,168.1,40
573385,1026.04,40
573564,656.25,40
573993,664.21,40
574444,198.47,40
575051,399.04,40
575661,335.63,40
575954,420.5,40
576559,182.97,40
576876,411.98,40
577039,838.96,40
577076,148.45,40
577355,702.36,40
577690,302.89,40
577938,197.3,40
578266,131.73,40
578521,152.93,40
580675,947.68,40
580697,425.38,40
537047,326.6,41
537054,152.05,41
537209,183.73,41
538371,350.24,41
539471,238.2,41
540480,744.25,41
541120,740.22,41
541414,215.77,41
542618,138.21,41
542717,121.17,41
544153,244.24,41
544304,163.0,41
544568,630.46,41
544664,609.05,41
545023,678.15,41
545166,230.63,41
546983,642.9,41
547083,219.55,41
548870,119.23,41
549128,248.11,41
549558,170.95,41
550297,321.83,41
551134,570.73,41
551739,118.49,41
551775,681.4,41
551987,231.57,41
552703,203.09,41
553067,815.61,41
553461,562.59,41
553833,205.36,41
554030,636.34,41
554132,654.48,41
555095,758.59,41
555282,1212.76,41
557397,117.03,41
557846,442.62,41
559061,197.24,41
559538,259.54,41
560120,821.63,41
560259,541.43,41
560305,241.95,41
561037,532.6,41
561236,803.76,41
561512,183.59,41
561898,802.13,41
562370,811.44,41
562549,498.17,41
562611,809.82,41
562770,1174.2,41
563241,1221.4,41
563940,908.74,41
565854,963.82,41
566053,111.03,41
566450,766.68,41
567213,129.33,41
568690,469.02,41
569110,900.98,41
569728,839.99,41
570796,110.03,41
570806,861.12,41
571028,113.62,41
571746,722.1,41
572224,1197.69,41
574009,320.05,41
574053,798.3,41
574732,813.54,41
576059,330.72,41
576181,520.83,41
576538,580.58,41
576600,340.35,41
576611,345.39,41
576689,245.74,41
576910,1872.84,41
577315,202.47,41
577316,917.3,41
579541,200.14,41
580291,538.46,41
580771,203.1,41
537604,1023.72,42
538174,1470.26,42
538497,143.46,42
538808,602.67,42
538863,316.16,42
539019,298.34,42
539579,327.11,42
539642,225.92,42
542236,181.6,42
542345,149.49,42
542662,609.01,42
542777,729.77,42
543973,248.9,42
544316,618.64,42
544495,805.65,42
545066,205.17,42
545150,664.95,42
546569,939.36,42
547240,103.72,42
547490,255.07,42
547884,645.38,42
548533,839.66,42
548978,644.95,42
549129,264.71,42
549844,420.47,42
549985,877.53,42
550527,907.37,42
552010,262.52,42
552358,702.23,42
553009,373.2,42
553463,856.55,42
554682,247.85,42
554942,157.58,42
554993,237.19,42
555257,520.7,42
555477,883.87,42
556330,248.51,42
557595,386.01,42
557604,627.8,42
558367,345.92,42
559297,428.49,42
559356,790.3,42
559673,1212.26,42
559809,235.71,42
560036,835.6,42
560106,614.83,42
560248,428.81,42
560918,813.89,42
561093,944.44,42
561325,449.87,42
561363,218.44,42
561874,287.37,42
562085,852.98,42
562158,502.58,42
562542,280.69,42
563094,668.56,42
563200,125.62,42
563230,314.95,42
563543,591.21,42
563937,775.64,42
564167,951.96,42
564552,643.81,42
564660,748.87,42
564843,179.68,42
565118,517.22,42
566008,153.99,42
566272,417.72,42
566285,535.08,42
566564,259.9,42
566607,458.55,42
566929,3448.68,42
567297,681.31,42
567304,165.32,42
567341,962.1,42
567917,1364.61,42
568050,122.86,42
568058,1181.68,42
568314,488.98,42
568428,233.65,42
568676,1155.34,42
568952,810.51,42
569371,238.28,42
569910,1048.3,42
570027,915.13,42
570237,179.32,42
570287,688.97,42
570827,283.65,42
571317,350.18,42
572186,1230.19,42
572225,800.02,42
572291,215.78,42
572676,1315.45,42
573406,753.23,42
574509,283.17,42
574896,144.31,42
575631,158.78,42
576607,690.56,42
577341,744.6,42
577633,941.11,42
578811,1452.98,42
579283,783.6,42
579690,116.22,42
580103,548.91,42
580644,349.02,42
581142,138.58,42
581147,245.02,42
537391,445.51,43
537764,126.03,43
538163,216.8,43
538367,664.01,43
538637,227.19,43
538707,167.86,43
539488,1001.52,43
540364,295.81,43
540415,437.4,43
540566,148.42,43
540691,1468.14,43
540816,364.91,43
542613,403.3,43
543162,319.66,43
544672,3194.7,43
547005,662.32,43
548621,183.08,43
548792,206.51,43
548863,1687.34,43
549569,260.76,43
550389,212.34,43
551137,151.5,43
551810,231.27,43
552239,316.52,43
552281,825.25,43
552296,356.92,43
553411,726.87,43
554124,680.32,43
554994,130.56,43
555108,540.17,43
555350,707.96,43
555572,698.03,43
556222,503.67,43
556365,241.64,43
557267,245.82,43
557305,182.9,43
558370,323.0,43
558535,262.77,43
558538,236.87,43
558628,724.74,43
558707,100.33,43
559109,179.95,43
559120,380.45,43
559141,683.91,43
560224,371.01,43
560862,262.33,43
561247,668.39,43
561627,707.09,43
561795,604.0,43
561915,754.79,43
562551,168.37,43
562708,313.75,43
563213,263.07,43
564168,128.31,43
564745,225.93,43
565151,447.82,43
565407,295.13,43
565803,871.25,43
567043,318.57,43
567612,730.89,43
567968,652.3,43
568141,192.49,43
568792,899.82,43
568896,334.94,43
569140,637.58,43
569241,989.38,43
569467,610.42,43
570019,189.22,43
572061,691.66,43
572677,173.52,43
572865,175.16,43
573155,834.63,43
573323,504.76,43
573397,220.02,43
573414,269.03,43
574311,913.82,43
575060,915.89,43
575325,312.35,43
575687,2513.07,43
576057,219.79,43
576252,849.51,43
576597,912.85,43
577061,750.84,43
577157,823.64,43
577331,412.17,43
578146,266.2,43
578147,142.66,43
579168,546.04,43
580256,523.92,43
580637,167.8,43
581015,518.23,43
537153,572.75,44
538255,895.1,44
538662,1322.88,44
538951,168.04,44
538991,3104.4,44
539240,843.78,44
539317,225.66,44
539321,180.41,44
541593,291.65,44
541856,402.42,44
542932,1276.66,44
544634,307.25,44
545685,126.02,44
546392,202.82,44
546778,600.35,44
546993,280.57,44
547367,191.66,44
547383,749.66,44
548312,344.75,44
549431,1094.1,44
549733,312.01,44
552574,2764.29,44
552816,184.1,44
554079,287.19,44
554117,835.97,44
554157,99.47,44
554348,747.64,44
555653,287.19,44
555850,340.67,44
557271,552.32,44
557283,146.61,44
557854,312.47,44
558086,161.22,44
558684,951.08,44
559676,1112.12,44
559893,425.96,44
560861,186.05,44
560991,700.52,44
561642,316.54,44
561712,244.94,44
562347,134.67,44
562460,215.93,44
562528,690.1,44
564359,288.63,44
564995,253.35,44
565664,775.94,44
566591,570.19,44
566864,163.89,44
567185,252.8,44
567197,938.7,44
567428,849.92,44
567675,581.67,44
568325,824.64,44
569231,289.58,44
569894,179.72,44
570016,767.39,44
571284,379.52,44
572741,729.2,44
574062,1164.0,44
575728,864.33,44
576014,246.97,44
577230,158.53,44
577296,145.42,44
577503,218.4,44
578278,454.25,44
579147,187.1,44
579430,188.38,44
579520,139.93,44
538709,141.71,45
539010,247.91,45
539607,956.34,45
540023,654.41,45
540545,313.39,45
540672,705.27,45
540992,372.38,45
541269,731.5,45
541564,192.26,45
541854,106.55,45
542619,477.54,45
542713,807.1,45
544455,500.46,45
544678,254.12,45
546635,221.19,45
546986,769.4,45
547058,663.43,45
547822,1108.95,45
547960,184.57,45
548148,243.3,45
549279,163.23,45
550633,300.09,45
551284,235.04,45
552262,725.03,45
552695,793.18,45
552821,214.62,45
553356,716.32,45
553540,2561.62,45
553863,429.87,45
554950,777.58,45
557799,726.85,45
558200,192.55,45
558860,240.53,45
561626,370.67,45
562106,105.52,45
562341,192.28,45
563350,360.09,45
564643,301.92,45
565401,277.74,45
566249,413.1,45
566959,395.55,45
567672,265.76,45
567796,304.96,45
567821,426.43,45
568207,713.52,45
569020,1179.04,45
569461,720.57,45
569486,316.17,45
569695,993.88,45
570499,615.32,45
571654,137.53,45
571684,262.17,45
572859,219.56,45
573339,527.78,45
573511,1197.92,45
573870,147.3,45
574704,630.81,45
575034,166.9,45
575059,127.53,45
575932,424.37,45
576830,292.22,45
577024,146.9,45
577511,155.12,45
578125,3956.68,45
578947,422.88,45
579413,389.74,45
580304,802.82,45
580691,348.8,45
580833,202.87,45
580999,167.87,45
581352,148.66,45
537265,228.22,46
537375,320.47,46
537608,431.67,46
537955,202.4,46
538312,272.82,46
538370,471.1,46
538418,172.71,46
539053,176.65,46
539294,290.65,46
540267,7011.38,46
540524,634.86,46
540976,764.08,46
540994,695.64,46
542241,253.11,46
542611,555.81,46
542629,3174.43,46
543235,244.62,46
543273,449.28,46
544945,810.48,46
545186,210.0,46
545334,242.3,46
545655,99.59,46
545830,406.84,46
545998,903.9,46
546105,258.56,46
546133,728.78,46
546236,848.89,46
546875,827.38,46
547380,214.28,46
548405,797.33,46
549556,200.17,46
549667,693.41,46
550621,158.26,46
550829,253.95,46
551291,1327.58,46
554139,806.7,46
555560,165.63,46
555855,2508.94,46
556127,1441.85,46
557319,803.1,46
557798,894.03,46
558441,113.53,46
558754,320.91,46
559878,311.7,46
560393,366.14,46
560579,511.93,46
560644,460.39,46
560729,5207.52,46
561893,217.88,46
562276,908.6,46
562772,384.1,46
563558,1309.01,46
563933,364.97,46
564135,435.92,46
564301,746.15,46
564670,847.75,46
564972,791.54,46
565478,195.42,46
565971,282.68,46
566601,156.09,46
566979,987.72,46
567613,907.94,46
568163,431.13,46
568180,233.11,46
568328,565.15,46
568491,352.59,46
568782,1018.22,46
569212,464.92,46
569481,865.35,46
569488,433.01,46
570703,749.34,46
571123,781.37,46
572668,180.9,46
574545,786.65,46
575587,367.61,46
575647,856.41,46
575656,1822.09,46
575694,171.85,46
575751,1657.7,46
576303,266.59,46
577029,574.97,46
577171,612.21,46
577700,179.9,46
577728,375.27,46
578225,815.06,46
578400,168.13,46
578703,251.16,46
578927,371.77,46
579091,708.12,46
579286,128.77,46
580025,210.77,46
580062,156.5,46
580296,216.83,46
580678,120.03,46
581188,876.6,46
536863,103.17,47
539728,873.49,47
540179,337.99,47
541844,206.66,47
541847,377.01,47
542216,618.16,47
542836,239.3,47
543447,768.75,47
543518,5520.44,47
543737,1984.45,47
544115,829.66,47
544918,751.24,47
546261,129.84,47
547664,265.03,47
548313,359.82,47
549981,183.96,47
550459,181.03,47
550941,400.64,47
552061,1264.08,47
552949,528.54,47
554080,222.11,47
554083,212.93,47
554520,118.51,47
554628,556.9,47
555488,279.18,47
555564,277.42,47
555815,837.54,47
555841,121.37,47
556781,1045.05,47
556937,1157.42,47
558049,118.88,47
559307,370.15,47
560281,139.93,47
562878,120.84,47
563432,317.43,47
563848,938.49,47
564050,743.05,47
564139,237.63,47
564630,817.19,47
564747,354.41,47
565443,766.92,47
565579,134.9,47
566296,170.43,47
566604,371.9,47
566625,728.81,47
566847,261.15,47
567062,825.5,47
567186,306.55,47
567424,442.74,47
568152,619.79,47
568227,183.54,47
568868,846.73,47
569474,198.74,47
570218,1293.42,47
570677,412.63,47
572028,811.37,47
572121,754.21,47
572229,1030.56,47
572558,642.77,47
573287,781.67,47
573551,728.67,47
574914,174.33,47
575039,309.32,47
576065,330.46,47
577438,189.41,47
578250,102.13,47
578664,247.06,47
578954,133.68,47
580153,1296.93,47
580260,386.34,47
580613,697.47,47
580759,658.3,47
581098,1137.86,47
581133,628.48,47
581407,190.7,47
536408,783.11,48
536623,768.38,48
536742,179.63,48
537400,401.56,48
538077,686.15,48
538397,3590.59,48
540520,186.95,48
540642,1099.31,48
540859,383.42,48
541266,603.0,48
541660,529.91,48
541849,142.89,48
541872,283.79,48
542373,1554.82,48
542526,547.77,48
542862,152.7,48
543191,217.93,48
544040,215.32,48
544311,162.29,48
544931,1215.52,48
544970,742.9,48
545338,311.39,48
545545,177.16,48
547510,1217.48,48
548198,261.81,48
548703,178.65,48
549153,854.6,48
549789,611.91,48
549943,110.16,48
551517,204.24,48
552108,267.12,48
552654,125.53,48
553522,254.39,48
554278,283.29,48
554827,8391.28,48
554839,348.79,48
555638,580.57,48
556106,383.39,48
556732,435.17,48
558461,185.85,48
559902,105.78,48
560233,237.49,48
562537,664.75,48
563016,671.95,48
565426,108.28,48
565456,216.88,48
566085,177.82,48
566194,187.6,48
566539,368.72,48
567288,157.88,48
567873,766.0,48
568101,1058.98,48
568301,350.4,48
568662,192.24,48
569401,867.5,48
570459,830.18,48
570855,670.63,48
571030,1244.39,48
571035,783.86,48
571219,735.74,48
571274,735.28,48
571282,140.39,48
571679,178.97,48
572096,234.6,48
574474,243.22,48
574555,204.18,48
574840,248.59,48
576687,159.13,48
576851,232.53,48
578045,103.38,48
578901,208.96,48
578946,145.83,48
579414,373.37,48
580162,204.6,48
580279,1007.94,48
581006,1061.93,48
581134,175.05,48
536987,221.91,49
537042,206.91,49
537057,249.77,49
537202,259.75,49
537370,348.5,49
537421,237.29,49
537692,658.46,49
538638,203.61,49
539324,114.56,49
540033,871.48,49
540157,1040.73,49
540464,1107.1,49
541410,1133.33,49
541965,1244.22,49
543474,460.28,49
543821,852.9,49
545914,3550.23,49
546096,1493.31,49
546543,154.96,49
546913,248.29,49
547730,326.81,49
550447,347.93,49
550899,754.44,49
550911,925.95,49
553556,217.04,49
553879,1041.34,49
554283,907.04,49
555545,856.85,49
557213,190.29,49
557957,511.77,49
558063,516.69,49
558696,532.95,49
559526,115.72,49
561077,813.29,49
561661,173.13,49
561773,139.95,49
562218,1055.96,49
563012,272.97,49
564060,381.44,49
564719,162.29,49
565207,243.49,49
565967,1887.8,49
566717,175.69,49
567339,734.16,49
568185,139.94,49
569105,454.33,49
569302,303.25,49
570093,135.91,49
571241,136.71,49
571276,350.46,49
571965,260.83,49
572284,263.55,49
572746,193.49,49
573123,791.51,49
573359,234.9,49
574249,400.84,49
574866,252.27,49
575964,174.42,49
577536,110.02,49
577613,760.35,49
577748,1437.5,49
578153,167.84,49
578307,310.43,49
578846,365.33,49
578999,230.89,49
579293,216.75,49
580875,730.38,49
580893,172.21,49
581173,247.96,49
581467,151.83,49
536528,211.58,50
536754,210.24,50
538517,279.13,50
538635,216.09,50
539654,1689.12,50
540509,499.74,50
540803,339.1,50
541784,660.22,50
542103,777.49,50
542401,316.21,50
542420,189.39,50
543555,1001.61,50
544037,886.33,50
544160,826.53,50
544445,387.0,50
544461,867.66,50
545559,248.87,50
545683,389.73,50
546107,224.67,50
546426,285.93,50
546679,283.73,50
547786,180.06,50
548188,214.11,50
548739,258.84,50
548952,320.68,50
548968,2016.74,50
549294,150.6,50
550006,178.54,50
550015,848.87,50
550144,256.56,50
551269,854.07,50
551724,209.99,50
552563,1724.42,50
552769,158.16,50
552839,765.89,50
554999,308.83,50
555400,3493.8,50
556912,271.96,50
557263,5649.06,50
557268,474.39,50
557278,1127.52,50
557888,147.99,50
558771,323.68,50
560732,328.28,50
561026,178.81,50
561085,929.53,50
562129,978.39,50
562587,1062.56,50
563922,135.24,50
564735,627.64,50
565649,416.9,50
565748,3184.75,50
566193,892.1,50
567899,777.17,50
568069,782.62,50
568780,978.88,50
568833,500.46,50
572312,343.28,50
572867,221.97,50
573094,255.68,50
573748,1174.42,50
573915,207.1,50
574258,106.66,50
575706,365.0,50
575837,349.73,50
576771,739.02,50
577493,220.05,50
577524,521.14,50
578620,216.34,50
580048,130.53,50
580311,801.25,50
580358,501.8,50
580872,208.0,50
581400,386.77,50
536522,159.86,51
537050,555.84,51
537818,921.59,51
538374,193.22,51
540839,229.88,51
542895,232.54,51
544355,852.8,51
544685,654.14,51
545661,804.35,51
546003,298.42,51
547070,205.13,51
547871,277.43,51
549235,456.73,51
549291,174.31,51
549546,548.26,51
549964,839.82,51
550515,155.37,51
550775,1024.66,51
553527,1026.87,51
554016,480.02,51
554104,874.6,51
554598,260.04,51
554986,343.0,51
556733,325.36,51
556926,166.56,51
557322,1039.41,51
559928,1356.39,51
560105,222.13,51
560453,1121.68,51
563209,408.64,51
564150,1129.69,51
565475,7480.06,51
566094,348.81,51
566200,101.83,51
566279,254.75,51
566789,895.34,51
566912,939.15,51
567306,3958.78,51
568046,175.19,51
568553,985.54,51
568686,334.39,51
568898,743.53,51
568984,218.16,51
569546,126.81,51
570168,578.01,51
570273,1206.67,51
571667,341.88,51
571705,872.88,51
572074,390.9,51
573076,808.18,51
573138,672.58,51
573380,568.45,51
574336,873.84,51
574575,429.11,51
574882,410.94,51
575943,238.59,51
576054,87.21,51
576690,351.11,51
577052,397.63,51
577071,1132.7,51
577317,180.74,51
578155,176.94,51
579132,213.61,51
579135,288.44,51
580731,199.29,51
537065,878.67,52
537769,197.14,52
538630,1069.46,52
540014,256.18,52
540168,445.22,52
542080,922.01,52
542360,331.85,52
542608,219.4,52
545980,258.72,52
548400,532.85,52
548404,971.55,52
550035,749.59,52
550622,777.85,52
550637,363.49,52
551142,355.75,52
551650,1013.62,52
553202,217.19,52
553686,1074.51,52
553859,492.95,52
555896,940.41,52
558876,360.82,52
559202,761.13,52
559317,285.83,52
560125,124.18,52
561079,348.25,52
562444,353.34,52
562670,733.81,52
566427,283.26,52
566851,330.65,52
569132,253.78,52
569331,937.43,52
570232,685.76,52
570374,268.92,52
571701,890.51,52
572023,514.4,52
572065,267.11,52
574308,583.35,52
574684,1275.89,52
575508,7958.2,52
575612,1014.61,52
575692,275.19,52
575868,754.38,52
576932,416.11,52
577046,978.71,52
577517,360.05,52
577695,612.01,52
577785,676.97,52
578548,253.61,52
578808,671.83,52
578931,261.71,52
579103,258.45,52
579145,718.05,52
579673,223.61,52
581164,475.89,52
537395,150.22,53
538449,443.04,53
539250,1045.66,53
539484,832.34,53
540163,948.98,53
540268,1489.18,53
542102,1635.37,53
544795,355.79,53
545681,595.53,53
545688,525.92,53
546005,794.41,53
546753,309.46,53
547772,159.32,53
548160,1700.4,53
549261,509.68,53
550130,435.53,53
550137,2022.82,53
550359,343.78,53
551855,569.61,53
552820,702.51,53
553002,239.64,53
553351,291.8,53
553860,184.95,53
554096,903.01,53
555568,574.75,53
556041,308.99,53
556263,431.88,53
556507,1152.35,53
556776,191.57,53
558315,1103.4,53
558558,240.84,53
558761,175.65,53
558861,1005.48,53
559698,609.2,53
561034,209.35,53
561625,1024.44,53
563720,300.51,53
564187,237.21,53
567182,804.98,53
568895,326.87,53
569222,570.59,53
569360,301.79,53
570180,898.14,53
570192,898.14,53
570249,898.14,53
570428,398.88,53
570888,898.14,53
571098,379.28,53
571214,869.85,53
571456,493.05,53
571461,161.94,53
571745,1401.35,53
572047,326.6,53
572732,964.99,53
572880,200.4,53
573020,890.52,53
573083,503.41,53
575918,464.07,53
576274,255.09,53
577033,393.75,53
577411,390.82,53
578513,1395.54,53
579098,160.45,53
580276,230.02,53
580396,172.34,53
580541,778.04,53
581193,144.15,53
581376,396.47,53
537192,179.15,54
537262,576.06,54
537399,320.49,54
538207,251.57,54
538507,738.97,54
538890,362.79,54
539731,8520.92,54
540098,133.43,54
541604,284.58,54
543096,123.79,54
543309,188.84,54
545657,837.51,54
546982,114.85,54
548176,283.71,54
548358,836.79,54
548796,403.78,54
552265,488.63,54
554981,415.04,54
555406,383.64,54
556102,838.6,54
556495,286.86,54
557007,723.39,54
558194,162.82,54
560711,184.73,54
561192,387.79,54
562258,179.07,54
562602,875.78,54
563533,182.97,54
566557,7809.12,54
568061,143.4,54
568528,869.87,54
569493,930.2,54
570179,914.64,54
571544,215.65,54
572921,331.79,54
574733,1311.91,54
575848,236.86,54
576321,269.92,54
576590,1442.96,54
577500,198.41,54
577774,355.82,54
578429,521.21,54
578506,316.5,54
578522,157.56,54
578993,244.86,54
580160,1151.85,54
580958,166.22,54
581266,1073.3,54
537133,206.23,55
538514,782.05,55
538625,1062.22,55
538626,745.7,55
538799,614.0,55
538853,214.77,55
539647,185.56,55
543277,627.95,55
545232,790.2,55
545999,1123.5,55
546365,816.97,55
547548,202.22,55
547649,358.97,55
548497,1511.71,55
549257,153.84,55
551056,268.42,55
551717,235.16,55
553005,347.02,55
553184,253.36,55
554808,283.61,55
556845,4415.44,55
556915,172.64,55
558368,910.33,55
558372,479.77,55
558731,796.83,55
559887,163.53,55
560451,1092.2,55
561485,204.02,55
561885,251.65,55
563100,926.54,55
564191,260.33,55
564436,229.47,55
565397,308.44,55
565460,1414.64,55
567477,635.4,55
567653,814.88,55
568510,1533.7,55
569983,336.17,55
570229,158.17,55
570231,241.74,55
570693,361.5,55
571216,192.28,55
571409,964.22,55
573338,457.1,55
574077,191.72,55
574269,889.92,55
574476,178.33,55
574587,1120.49,55
575368,206.77,55
575854,980.38,55
576599,868.58,55
577482,613.78,55
577490,299.48,55
577545,299.09,55
578022,186.95,55
578472,1470.71,55
578702,1211.91,55
581237,379.51,55
537254,347.29,56
537624,269.64,56
539225,1338.56,56
540813,415.55,56
541406,335.43,56
542607,306.1,56
544930,198.51,56
545906,908.18,56
545937,1570.19,56
548388,457.42,56
549953,1206.29,56
550957,117.68,56
551531,596.77,56
552640,174.16,56
552864,946.17,56
555573,326.31,56
555947,2156.78,56
557328,129.17,56
559898,343.13,56
560025,140.69,56
560244,268.76,56
560491,147.7,56
562102,1440.82,56
566233,811.79,56
566914,324.58,56
567099,238.4,56
567378,911.62,56
567661,226.76,56
568901,1253.38,56
569219,170.79,56
570333,206.83,56
570404,214.69,56
571717,202.68,56
572307,1067.01,56
573315,338.8,56
573377,341.03,56
573381,336.63,56
573814,373.46,56
574675,438.17,56
574709,949.0,56
574839,355.15,56
576176,253.73,56
577126,1794.05,56
577794,525.83,56
578488,497.07,56
578824,208.25,56
578977,419.37,56
579069,989.53,56
580500,881.88,56
580908,306.9,56
536415,339.79,57
536569,217.55,57
537794,378.98,57
538205,249.51,57
540350,108.45,57
541280,1125.53,57
541843,905.15,57
543370,864.91,57
544286,867.47,57
544368,585.53,57
546252,922.83,57
547243,236.97,57
547382,217.17,57
547896,201.96,57
547918,952.07,57
549251,191.06,57
549548,241.21,57
549771,372.19,57
555249,233.77,57
556491,274.74,57
558881,947.42,57
560251,351.73,57
560260,158.69,57
560445,10293.14,57
560555,115.52,57
561897,184.75,57
562348,5162.74,57
562932,282.97,57
563917,530.0,57
566219,1001.36,57
569383,1191.09,57
569893,1046.02,57
570423,302.59,57
570650,277.75,57
571850,473.34,57
572755,320.12,57
574559,460.97,57
574864,757.62,57
574898,848.22,57
574959,428.5,57
575152,424.57,57
575767,192.78,57
576300,176.45,57
576614,250.04,57
576784,405.71,57
577497,287.81,57
579559,169.2,57
580639,102.13,57
581191,407.24,57
536409,243.28,58
536975,1122.5,58
537369,252.8,58
537382,375.47,58
539039,1162.72,58
541213,461.97,58
542789,4446.88,58
544295,1097.58,58
545060,340.09,58
545587,252.89,58
545719,981.65,58
545797,318.41,58
546950,275.55,58
551171,243.05,58
551270,458.67,58
551747,2805.28,58
552318,337.56,58
553141,251.18,58
553199,425.39,58
556107,309.7,58
557472,2320.26,58
559134,915.62,58
559653,165.07,58
561911,877.03,58
562807,1048.89,58
562984,340.4,58
563944,1351.22,58
565445,348.85,58
566010,390.47,58
566033,213.46,58
566720,459.46,58
568048,1057.34,58
568908,965.01,58
569900,915.49,58
570241,184.64,58
573035,1498.66,58
574501,327.89,58
574686,187.62,58
575681,353.34,58
576066,176.59,58
576560,258.74,58
577359,348.66,58
577507,232.09,58
578211,309.76,58
578551,648.08,58
580982,379.18,58
581003,1166.6,58
537362,379.87,59
541658,249.43,59
543535,610.8,59
545045,549.45,59
546108,365.86,59
546423,180.77,59
547497,643.58,59
548664,1075.84,59
548670,203.18,59
549543,197.5,59
550906,1368.16,59
552051,402.27,59
552315,921.68,59
552624,523.16,59
552852,373.85,59
556415,5506.68,59
559984,191.06,59
563216,208.31,59
566269,272.31,59
566345,1286.41,59
567167,272.75,59
570088,198.06,59
570674,753.69,59
571747,894.97,59
571841,384.42,59
575668,112.35,59
575989,270.73,59
577480,865.37,59
577519,751.72,59
578017,225.73,59
579093,2016.32,59
580831,859.55,59
536401,296.78,60
537154,936.45,60
537225,431.03,60
538040,325.76,60
538379,194.15,60
539044,969.1,60
539957,1047.65,60
540288,538.3,60
540353,411.99,60
542399,897.25,60
544597,244.48,60
545447,1023.78,60
549099,219.32,60
550464,411.8,60
551250,218.64,60
551440,173.43,60
552277,276.5,60
552824,498.68,60
553156,240.73,60
556042,963.57,60
559876,243.25,60
560385,262.79,60
561502,1012.2,60
562539,336.52,60
563376,335.2,60
563745,1305.08,60
565152,387.49,60
567473,385.67,60
568168,351.9,60
568198,388.66,60
568991,558.38,60
569046,1223.58,60
569556,1068.26,60
570246,169.79,60
570521,1441.16,60
571280,364.58,60
571669,616.76,60
572082,1695.28,60
572726,539.05,60
573153,8460.76,60
573245,382.0,60
573269,229.88,60
573501,858.25,60
574550,657.72,60
574701,255.06,60
575331,1049.66,60
575637,356.18,60
575952,201.52,60
576246,366.31,60
577051,139.91,60
577740,427.8,60
577850,976.96,60
578258,338.63,60
579536,968.9,60
536749,314.04,61
538354,1561.14,61
543653,318.66,61
543978,424.16,61
544293,326.39,61
544462,448.64,61
545062,200.8,61
545340,1022.64,61
546951,377.64,61
548308,342.5,61
549241,336.38,61
550332,195.94,61
551471,242.89,61
556245,435.83,61
561507,900.11,61
561868,188.54,61
565682,803.3,61
568710,304.13,61
569216,233.27,61
569230,329.02,61
569253,1047.13,61
569424,427.57,61
569844,1251.55,61
570448,858.69,61
570964,1319.01,61
571670,1084.42,61
571913,1078.97,61
572194,155.37,61
573130,1174.61,61
573396,196.78,61
573548,672.55,61
574677,208.06,61
576864,206.28,61
576911,349.2,61
577038,393.28,61
578666,972.85,61
578936,431.46,61
580092,1121.79,61
536557,499.18,62
537772,271.06,62
538744,215.32,62
538866,561.39,62
543188,1128.73,62
543803,302.67,62
544571,817.22,62
545053,288.53,62
545701,1663.66,62
547729,349.18,62
547850,311.57,62
549118,903.59,62
550196,400.43,62
551160,885.07,62
551277,377.2,62
555368,1012.45,62
556494,496.42,62
556579,976.53,62
558751,375.54,62
559357,2188.3,62
560255,669.7,62
560716,1341.11,62
562204,219.47,62
562219,971.56,62
565648,225.85,62
566566,231.14,62
567092,1040.92,62
568654,1123.9,62
569228,360.99,62
569523,333.18,62
569672,334.23,62
571265,187.01,62
571502,1161.05,62
572280,216.75,62
573361,230.6,62
574287,151.45,62
574670,262.89,62
576051,1626.14,62
576508,214.91,62
577167,301.91,62
577469,256.78,62
577696,163.07,62
580720,253.28,62
536638,1056.63,63
536945,274.14,63
538652,451.46,63
540907,1092.64,63
540968,703.45,63
544278,972.67,63
544406,413.22,63
544673,812.29,63
544887,437.81,63
547069,242.0,63
548451,496.75,63
549262,239.98,63
549316,1321.25,63
551516,645.81,63
553935,772.57,63
557892,381.59,63
557954,752.53,63
561917,211.04,63
563585,292.24,63
565930,967.18,63
566605,266.36,63
567165,249.04,63
567280,9913.28,63
572517,280.55,63
572652,1017.58,63
573343,289.53,63
573543,237.8,63
574170,514.04,63
577077,474.43,63
577258,213.93,63
577319,166.43,63
577495,206.75,63
577791,939.89,63
578950,181.69,63
579741,112.64,63
581404,638.38,63
581433,895.14,63
537208,263.22,64
538069,392.18,64
538171,264.69,64
541987,451.91,64
542398,538.85,64
543802,425.35,64
543989,12144.52,64
544460,264.12,64
545054,352.72,64
546912,434.39,64
547062,207.49,64
547102,959.7,64
547253,629.45,64
547785,689.62,64
547892,960.3,64
548860,374.17,64
551966,369.95,64
553657,174.51,64
557019,268.39,64
557233,405.76,64
557758,282.04,64
561926,1253.83,64
565388,451.4,64
566482,1260.28,64
566734,163.08,64
567180,616.82,64
568593,1158.96,64
569651,634.67,64
574726,349.24,64
575512,1101.16,64
576695,187.71,64
577742,319.17,64
578510,496.98,64
578941,251.24,64
579491,322.07,64
579792,1061.66,64
580523,411.65,64
580876,125.16,64
580903,189.36,64
581476,2598.99,64
536637,195.36,65
536846,281.9,65
537219,346.27,65
537773,346.82,65
541489,534.85,65
543812,252.51,65
544476,291.98,65
548712,641.73,65
550630,1507.67,65
552826,1365.03,65
559665,290.45,65
560018,172.79,65
560035,1768.11,65
560828,1088.86,65
562161,264.55,65
563580,227.78,65
565865,1267.8,65
566163,1267.8,65
568059,676.87,65
570680,859.37,65
571712,599.23,65
573485,513.28,65
575219,6952.14,65
575840,682.17,65
577778,153.38,65
578292,572.71,65
580516,292.96,65
537137,535.6,66
537201,1418.4,66
540021,448.62,66
541223,246.04,66
544467,231.73,66
546117,605.38,66
546502,167.64,66
547485,326.22,66
547650,449.35,66
551283,572.51,66
553385,379.35,66
554382,594.98,66
556578,1089.66,66
557057,1796.72,66
557064,291.64,66
557745,497.26,66
557787,168.4,66
559068,189.37,66
560937,198.66,66
563214,339.23,66
565411,403.95,66
569236,306.73,66
570103,360.11,66
571243,1066.04,66
574477,324.93,66
574672,210.31,66
574682,301.89,66
574965,171.74,66
577609,1287.15,66
578531,230.31,66
536874,213.81,67
539050,195.89,67
543022,551.41,67
544778,442.96,67
548728,903.01,67
549014,226.06,67
552978,9341.26,67
557222,1286.03,67
559549,280.7,67
560300,800.46,67
564962,194.7,67
565117,1915.32,67
565432,227.27,67
565915,480.52,67
569823,200.24,67
573387,168.42,67
576228,263.53,67
578817,267.12,67
579692,2823.39,67
580027,401.62,67
538368,128.64,68
541631,1275.18,68
543470,966.14,68
545085,881.38,68
546984,239.05,68
547359,326.8,68
548327,297.17,68
548715,583.79,68
550183,1134.38,68
550819,380.91,68
559547,365.42,68
559672,527.7,68
561025,169.33,68
564372,1006.52,68
564724,264.73,68
567475,263.92,68
568709,219.86,68
570127,719.83,68
574710,474.11,68
576052,306.89,68
577252,264.35,68
577544,617.56,68
578707,335.57,68
578935,306.19,68
579711,141.88,68
581414,184.43,68
536520,290.79,69
538917,638.86,69
541115,1412.66,69
541816,534.78,69
543111,400.26,69
544087,336.19,69
547906,205.12,69
549734,523.5,69
555524,524.22,69
557570,329.84,69
558099,805.99,69
558355,407.78,69
559289,433.25,69
560444,445.74,69
563022,318.65,69
564740,168.53,69
565726,1052.64,69
566213,1629.88,69
569037,499.49,69
569089,559.13,69
572528,450.99,69
573264,600.41,69
573330,466.06,69
578016,468.52,69
580673,3654.48,69
581125,194.42,69
537646,258.8,70
541789,4792.44,70
543828,1579.77,70
545995,767.84,70
546466,320.78,70
547663,557.38,70
556916,190.89,70
558262,9935.74,70
566275,396.54,70
566571,1182.32,70
567128,1040.46,70
568671,1753.42,70
568938,325.73,70
569406,1983.46,70
570388,1088.78,70
574720,441.65,70
575337,224.67,70
576070,512.76,70
580482,377.97,70
580501,471.59,70
580647,418.72,70
537868,1816.98,71
547656,197.66,71
547658,271.78,71
548648,1434.2,71
549958,590.77,71
552469,451.25,71
555110,197.55,71
555158,1282.08,71
555562,275.71,71
558877,239.1,71
562980,1314.4,71
565067,511.46,71
570420,264.75,71
572192,294.34,71
572330,227.45,71
572662,535.34,71
574657,445.91,71
574734,365.06,71
575063,320.32,71
576212,649.67,71
577010,454.9,71
579456,192.97,71
579938,1192.51,71
580997,691.64,71
581310,169.81,71
537034,2333.28,72
545475,13505.04,72
545687,495.7,72
553546,11624.8,72
557636,294.23,72
558540,2052.67,72
559557,1133.99,72
560360,3633.92,72
560601,176.68,72
563538,273.63,72
564199,267.42,72
566271,1194.83,72
566561,1079.47,72
567866,636.09,72
568065,1497.89,72
569224,246.63,72
569367,770.11,72
570479,561.1,72
570482,248.09,72
571212,546.74,72
571286,399.75,72
571408,209.28,72
573413,342.9,72
574536,295.2,72
578928,650.36,72
580615,1638.53,72
536532,1919.14,73
538035,363.59,73
541215,1422.78,73
542112,588.23,73
546091,1426.06,73
554494,661.72,73
558862,1466.84,73
559552,248.55,73
560590,1241.36,73
561036,291.44,73
563935,366.18,73
567818,634.16,73
569223,692.94,73
569528,808.34,73
571270,431.67,73
572037,780.06,73
572219,399.11,73
572227,728.39,73
572317,472.13,73
575298,395.48,73
577535,262.84,73
579141,236.98,73
544479,11683.3,74
550835,688.22,74
552269,287.89,74
556503,1056.46,74
557621,1334.6,74
557886,483.84,74
562213,347.44,74
563709,351.66,74
564346,887.47,74
564729,292.52,74
568668,488.17,74
569000,1045.48,74
571289,2225.69,74
573248,675.53,74
574721,314.24,74
575851,220.81,74
576213,320.72,74
576236,313.9,74
578251,354.05,74
580504,361.99,74
581175,10457.34,74
581538,197.09,74
541262,280.66,75
542890,945.08,75
544677,387.03,75
545996,699.61,75
548309,229.8,75
553017,582.93,75
554103,361.51,75
554992,373.19,75
555853,257.68,75
556473,363.09,75
556728,342.15,75
557442,435.47,75
558196,520.31,75
559133,553.61,75
559535,208.67,75
560239,1111.78,75
560580,7623.46,75
564172,601.45,75
564725,214.41,75
569026,1278.2,75
569136,414.08,75
569332,302.5,75
569943,263.96,75
570410,373.33,75
571828,1103.36,75
571837,223.26,75
574826,345.59,75
575886,482.99,75
576249,373.48,75
577723,417.9,75
578072,642.34,75
540798,687.56,76
549568,1458.32,76
551152,302.16,76
556671,220.73,76
561658,268.0,76
566599,373.2,76
571065,1661.06,76
571283,562.94,76
574310,673.01,76
575846,833.7,76
576615,339.51,76
578944,162.98,76
578949,202.77,76
581149,460.98,76
581166,251.99,76
541206,10009.66,77
542719,218.52,77
544463,330.67,77
544569,715.36,77
552290,339.1,77
553189,340.04,77
557129,416.85,77
561870,1009.36,77
562680,231.06,77
566195,2356.11,77
570116,365.34,77
572283,490.52,77
573345,287.36,77
574707,2202.86,77
577506,361.16,77
578036,343.4,77
543631,435.45,78
545460,245.98,78
547209,2045.45,78
551558,292.26,78
554112,305.1,78
554376,476.77,78
558237,613.91,78
562608,2230.47,78
563444,582.58,78
564256,591.78,78
566258,1112.46,78
566726,309.33,78
567890,1196.23,78
571824,1217.43,78
573897,574.66,78
580865,316.53,78
546498,448.06,79
546542,278.69,79
547223,500.34,79
548666,1078.1,79
550320,495.27,79
551414,1385.25,79
553074,404.42,79
554160,294.98,79
556876,173.82,79
558709,564.28,79
559542,402.67,79
561900,619.74,79
564049,319.55,79
564856,2995.71,79
565141,304.49,79
567662,686.03,79
569650,15229.77,79
573311,199.11,79
576696,565.38,79
576927,1375.5,79
576933,351.54,79
536412,474.61,80
550193,1631.76,80
555340,1010.15,80
556474,354.75,80
557466,1647.94,80
564141,318.51,80
565431,464.55,80
568066,223.18,80
568212,224.22,80
570223,422.75,80
570466,395.65,80
570598,1620.66,80
571281,6347.71,80
571433,1427.84,80
575753,224.43,80
575985,467.65,80
580188,975.43,80
542393,523.81,81
543800,693.25,81
545695,723.52,81
548011,14228.36,81
565857,1391.93,81
566018,473.29,81
567482,548.9,81
567878,235.62,81
568894,676.31,81
570442,299.59,81
571498,353.19,81
571937,2704.79,81
572216,300.77,81
572294,907.67,81
572302,308.53,81
578858,728.35,81
539475,324.48,82
540550,1376.85,82
542303,1376.85,82
549690,291.29,82
557311,636.03,82
557484,527.06,82
557858,312.68,82
558700,304.61,82
559921,258.17,82
563555,533.01,82
564353,1512.8,82
569491,511.68,82
574678,1295.57,82
575087,279.74,82
575856,234.85,82
576189,313.13,82
576626,380.47,82
577483,317.13,82
580502,411.44,82
537196,375.97,83
538826,1590.82,83
540647,788.92,83
544790,757.68,83
549250,303.04,83
555728,312.11,83
558096,392.24,83
567211,367.88,83
569533,296.83,83
574304,371.15,83
575919,4041.18,83
576053,586.83,83
576860,769.36,83
577782,254.59,83
578926,492.26,83
579161,404.66,83
580054,441.76,83
580672,303.29,83
537852,2571.57,84
538849,829.38,84
547374,271.48,84
547867,532.95,84
558888,610.88,84
566400,1348.54,84
567474,926.19,84
568191,944.61,84
570225,350.21,84
571034,1672.55,84
572567,1435.66,84
574034,403.54,84
575481,474.4,84
575583,238.11,84
576364,556.01,84
577174,275.88,84
580635,461.44,84
536464,277.35,85
537374,361.74,85
543371,409.93,85
552883,13274.54,85
562711,281.86,85
563638,1956.35,85
567912,353.2,85
568049,440.89,85
569568,1315.79,85
570210,258.32,85
571183,577.41,85
571442,1220.71,85
571676,213.52,85
573038,298.14,85
575726,440.21,85
580137,447.0,85
538198,902.8,86
545658,311.94,86
555835,548.12,86
562574,591.69,86
562779,295.22,86
562928,1093.53,86
565129,497.27,86
574240,562.26,86
576255,343.72,86
576326,484.38,86
578814,253.35,86
579301,270.45,86
581425,404.53,86
541855,358.08,87
554275,632.92,87
557956,203.81,87
572499,1349.26,87
573405,419.08,87
575959,1001.68,87
538827,2515.16,88
539988,345.19,88
540953,220.85,88
553390,413.73,88
561600,397.57,88
568650,1411.11,88
571475,331.88,88
574043,579.68,88
576071,254.7,88
576857,180.88,88
577297,278.4,88
577773,429.5,88
578519,331.05,88
578998,225.31,88
580640,152.8,88
557217,1540.49,89
559807,346.22,89
560650,458.37,89
562101,1510.78,89
563404,3039.65,89
569234,503.8,89
572475,364.14,89
574660,293.26,89
576688,1907.66,89
577557,359.81,89
542231,886.58,90
542617,637.16,90
545227,2005.37,90
545872,381.75,90
548708,603.85,90
550477,635.3,90
557468,449.07,90
560359,310.53,90
565434,673.29,90
572058,380.42,90
575895,391.3,90
576650,1833.9,90
579124,498.58,90
547498,192.98,91
548711,201.01,91
552013,2280.71,91
556784,746.79,91
560723,337.3,91
564356,691.27,91
568657,243.31,91
569521,546.28,91
574863,616.83,91
575760,506.4,91
576592,483.58,91
577034,871.54,91
545226,1869.6,92
548987,795.82,92
555124,532.43,92
558906,424.27,92
564733,503.56,92
574683,312.48,92
577549,434.52,92
579408,484.24,92
580272,464.46,92
562377,719.19,93
563614,19487.24,93
571846,523.0,93
576075,487.21,93
576686,378.18,93
540469,916.17,94
548984,542.39,94
553014,622.11,94
562517,347.13,94
562789,12307.21,94
569653,2273.31,94
573415,613.86,94
577473,369.17,94
546850,640.82,95
547860,549.68,95
556905,289.26,95
573029,491.76,95
576078,563.17,95
578678,420.81,95
541265,378.94,96
541518,2749.11,96
544177,1853.52,96
545530,2043.81,96
546429,371.37,96
574063,217.38,96
574722,367.86,96
541485,265.9,97
560841,2343.5,97
562540,735.64,97
566562,1106.57,97
570455,233.92,97
571105,358.42,97
571328,1562.03,97
544657,1750.44,98
553856,206.25,98
556910,853.97,98
560996,655.25,98
567462,359.73,98
569129,557.73,98
575073,741.22,98
577228,433.99,98
550331,290.52,99
551982,976.69,99
556056,426.05,99
566291,654.26,99
569261,534.21,99
575867,796.75,99
578255,565.05,99
579001,453.0,99
541684,1686.03,100
543306,302.42,100
553182,2367.0,100
568531,611.3,100
570467,1562.56,100
572066,3091.98,100
578995,599.62,100
580469,264.91,100
541711,7850.9,101
561195,554.08,101
566581,1449.7,101
569555,1742.03,101
573496,477.2,101
574673,380.52,101
544450,1067.2,102
546774,581.89,102
555851,536.97,102
557878,1093.73,102
558232,380.95,102
564065,1637.31,102
564335,428.63,102
572306,478.4,102
537144,306.43,103
541596,767.05,103
541848,497.48,103
569843,300.9,103
573362,1675.7,103
578942,458.39,103
540278,433.04,104
555284,2881.52,104
555558,411.53,104
578088,830.4,104
578852,372.22,104
545690,375.93,105
560271,355.57,105
568193,2157.21,105
572318,353.27,105
572653,563.74,105
574741,366.43,105
576062,1011.08,105
578305,8536.2,105
579002,442.85,105
579399,460.83,105
546670,571.98,106
566913,1182.19,106
567853,1527.22,106
575516,3392.54,106
575972,444.36,106
544074,819.36,107
550512,373.45,107
571046,398.3,107
574547,432.58,107
578262,313.65,107
542192,946.93,108
562593,632.18,108
580611,363.79,108
570197,434.11,109
573373,274.56,109
574544,1967.35,109
577855,242.26,109
579555,572.5,109
580527,302.22,109
568095,1875.41,110
569669,344.71,110
537126,369.36,111
547651,388.44,111
577058,413.47,111
542898,381.3,112
566976,2407.08,112
567170,575.23,112
568188,458.36,112
578541,1642.77,112
581412,1053.1,112
561113,812.91,113
563076,18314.06,113
580695,374.56,113
537135,667.11,114
538508,757.84,114
562558,722.81,114
563565,841.24,114
564061,1008.43,114
544824,2072.83,115
560368,705.36,115
567184,868.26,115
545978,670.26,116
563909,702.95,116
564727,597.65,116
580513,370.46,116
536796,290.45,117
574740,5291.27,117
581146,1052.84,117
547910,458.87,118
553035,425.8,118
571671,1161.62,118
578068,675.24,118
580677,499.1,118
544586,1084.95,119
555845,487.6,119
564734,1215.29,119
572513,382.27,119
569469,865.55,120
572035,19023.12,120
577106,318.09,120
580136,558.23,120
571682,497.78,121
551014,1810.34,122
568517,365.21,122
569846,2440.6,122
563928,639.23,123
569670,359.16,123
575070,691.29,123
576463,412.57,123
576593,483.93,123
578074,729.06,123
578781,309.08,123
580520,384.22,123
580884,401.98,123
563924,670.53,124
568060,693.82,124
574532,2124.64,124
576779,1078.6,124
578757,403.46,124
580305,337.36,124
542107,709.72,125
558105,371.91,125
550651,452.15,126
579458,339.21,126
579472,287.88,126
543300,1567.24,127
548612,645.91,127
566408,1200.02,127
572295,557.52,127
551351,4390.56,128
570818,502.26,128
572669,462.4,128
540473,699.11,129
545188,586.21,130
559894,399.58,130
573347,576.37,130
576076,610.12,130
581334,783.28,130
569229,428.25,131
571054,369.78,131
578289,839.22,131
580399,799.54,131
573151,1036.18,133
555383,766.95,134
562560,1298.48,134
565766,554.96,134
538518,1024.85,135
554151,1715.53,135
556917,22007.33,135
566451,731.4,136
569524,637.69,136
571039,557.97,136
570458,1200.33,137
566281,2006.8,138
568712,604.0,139
575117,227.65,139
579885,966.56,139
549577,2033.08,140
568703,1293.62,140
571909,456.69,140
575602,771.74,141
576665,835.84,141
580632,721.84,141
540247,773.1,142
540458,1911.84,142
577485,678.14,142
552285,332.45,143
578921,359.15,143
573340,518.55,144
566495,791.54,145
560209,951.27,146
573876,530.37,146
579167,968.89,146
572309,669.03,147
547358,845.58,149
574714,577.2,149
564342,494.12,150
565541,575.68,150
574700,1055.34,150
577057,478.12,150
545901,792.47,151
548714,404.9,151
572703,603.85,151
573904,917.31,153
579516,715.92,153
563613,4147.56,155
573300,487.77,155
571883,585.17,157
540372,3157.99,158
563557,2899.39,158
537781,495.15,159
537224,1221.22,161
562688,1410.74,162
569220,733.84,162
552039,4221.9,167
560504,3843.51,169
572913,794.94,174
565150,5415.47,178
578041,1322.41,179
569866,1558.97,180
575491,1382.91,180
580956,947.06,182
581405,368.95,183
561894,458.82,185
574481,642.16,188
579470,1033.87,192
577504,847.82,198
556484,2063.1,200
571653,5304.68,201
574328,6912.79,202
572103,699.96,204
578233,2313.08,205
562046,3777.22,209
566290,791.53,214
569897,855.14,227
554098,2130.52,243
570672,3881.91,243
562031,2776.33,248
543040,903.82,249
569246,1896.41,263
547063,2178.54,276
568346,2402.58,305
570488,2064.66,321
572552,2214.2,323
571441,2490.03,330
575607,2709.3,345
567183,3493.14,377
567656,3090.85,388
578270,4480.1,393
573576,3305.59,400
580727,5848.51,471
579196,5302.12,475
576339,5841.88,494