CustomerID,recency,frequency,monetary,r_score,f_score,m_score,fm_score,rfm_segment
14865.0,8,0.15,126.6,5,1,1,1,Recent Customers
15101.0,9,0.15,1270.12,5,1,1,1,Recent Customers
13255.0,10,0.17,1537.56,5,1,1,1,Recent Customers
14448.0,10,0.17,2116.8,5,1,1,1,Recent Customers
16596.0,16,0.17,1181.25,5,1,1,1,Recent Customers
14987.0,16,0.17,652.8,5,1,1,1,Recent Customers
16519.0,26,0.17,261.82,5,1,1,1,Recent Customers
17430.0,33,0.17,1941.44,5,1,1,1,Recent Customers
14520.0,2,0.18,481.8,5,1,1,1,Recent Customers
13068.0,11,0.18,344.0,5,1,1,1,Recent Customers
14784.0,27,0.18,1812.32,5,1,1,1,Recent Customers
17181.0,58,0.18,1113.84,5,1,1,1,Recent Customers
16620.0,4,0.2,579.84,5,1,1,1,Recent Customers
17817.0,5,0.2,1649.74,5,1,1,1,Recent Customers
14761.0,59,0.2,1316.1,5,1,1,1,Recent Customers
17339.0,95,0.2,1156.8,5,1,1,1,Recent Customers
17436.0,2,0.22,959.1,5,1,1,1,Recent Customers
15393.0,17,0.22,1423.84,5,1,1,1,Recent Customers
16414.0,22,0.22,258.3,5,1,1,1,Recent Customers
17080.0,23,0.22,1224.72,5,1,1,1,Recent Customers
18270.0,39,0.22,1322.0,5,1,1,1,Recent Customers
13792.0,67,0.22,1166.0,5,1,1,1,Recent Customers
15689.0,120,0.22,1072.8,5,1,1,1,Recent Customers
16835.0,129,0.22,904.25,5,1,1,1,Recent Customers
13404.0,2,0.25,2029.65,5,1,1,1,Recent Customers
13525.0,15,0.25,1531.76,5,1,1,1,Recent Customers
18080.0,19,0.25,1231.5,5,1,1,1,Recent Customers
13962.0,22,0.25,246.3,5,1,1,1,Recent Customers
18246.0,24,0.25,669.8,5,1,1,1,Recent Customers
17376.0,71,0.25,2221.65,5,1,1,1,Recent Customers
14147.0,79,0.25,240.0,5,1,1,1,Recent Customers
17256.0,108,0.25,1983.2,5,1,1,1,Recent Customers
17742.0,114,0.25,1544.8,5,1,1,1,Recent Customers
15713.0,144,0.25,2024.2,5,1,1,1,Recent Customers
12875.0,144,0.25,343.23,5,1,1,1,Recent Customers
12915.0,149,0.25,1339.85,5,1,1,1,Recent Customers
15512.0,156,0.25,627.0,5,1,1,1,Recent Customers
13502.0,17,0.27,1602.6,5,1,1,1,Recent Customers
17025.0,61,0.27,1377.53,5,1,1,1,Recent Customers
17157.0,8,0.29,2079.38,5,1,1,1,Recent Customers
14551.0,19,0.29,619.55,5,1,1,1,Recent Customers
17384.0,20,0.29,1987.95,5,1,1,1,Recent Customers
14853.0,25,0.29,226.2,5,1,1,1,Recent Customers
15863.0,26,0.29,595.06,5,1,1,1,Recent Customers
17166.0,39,0.29,1433.4,5,1,1,1,Recent Customers
17928.0,46,0.29,1546.08,5,1,1,1,Recent Customers
13169.0,64,0.29,2250.56,5,1,1,1,Recent Customers
15030.0,72,0.29,1920.36,5,1,1,1,Recent Customers
16778.0,75,0.29,1823.5,5,1,1,1,Recent Customers
12604.0,80,0.29,1898.58,5,1,1,1,Recent Customers
16080.0,82,0.29,1085.8,5,1,1,1,Recent Customers
14915.0,92,0.29,1478.26,5,1,1,1,Recent Customers
14548.0,151,0.29,1305.6,5,1,1,1,Recent Customers
13754.0,152,0.29,1291.8,5,1,1,1,Recent Customers
17969.0,167,0.29,1063.2,5,1,1,1,Recent Customers
14491.0,176,0.29,1782.12,5,1,1,1,Recent Customers
17026.0,186,0.29,162.48,5,1,1,1,Recent Customers
18273.0,3,0.3,204.0,5,1,1,1,Recent Customers
15781.0,26,0.3,1871.79,5,1,1,1,Recent Customers
12990.0,32,0.3,1831.7,5,1,1,1,Recent Customers
16852.0,11,0.33,295.4,5,1,1,1,Recent Customers
13589.0,15,0.33,2191.0,5,1,1,1,Recent Customers
17155.0,18,0.33,2274.2,5,1,1,1,Recent Customers
15124.0,23,0.33,1014.1,5,1,1,1,Recent Customers
13592.0,36,0.33,610.07,5,1,1,1,Recent Customers
17816.0,37,0.33,215.72,5,1,1,1,Recent Customers
14798.0,53,0.33,802.88,5,1,1,1,Recent Customers
13666.0,61,0.33,333.15,5,1,1,1,Recent Customers
14819.0,65,0.33,1481.31,5,1,1,1,Recent Customers
12527.0,82,0.33,1852.26,5,1,1,1,Recent Customers
16927.0,116,0.33,1007.85,5,1,1,1,Recent Customers
13929.0,170,0.33,1638.45,5,1,1,1,Recent Customers
12908.0,177,0.33,750.0,5,1,1,1,Recent Customers
14501.0,184,0.33,1373.4,5,1,1,1,Recent Customers
17707.0,186,0.33,388.5,5,1,1,1,Recent Customers
15732.0,213,0.33,2094.68,5,1,1,1,Recent Customers
16634.0,223,0.33,769.5,5,1,1,1,Recent Customers
15587.0,51,0.36,2172.24,5,1,1,1,Recent Customers
14287.0,9,0.38,682.03,5,1,1,1,Recent Customers
18017.0,82,0.38,523.0,5,1,1,1,Recent Customers
15690.0,5,0.4,2304.36,5,1,1,1,Recent Customers
14658.0,6,0.4,1644.97,5,1,1,1,Recent Customers
18282.0,8,0.4,582.91,5,1,1,1,Recent Customers
12962.0,8,0.4,1929.65,5,1,1,1,Recent Customers
13207.0,16,0.4,1145.82,5,1,1,1,Recent Customers
16557.0,25,0.4,980.3,5,1,1,1,Recent Customers
13029.0,31,0.4,506.9,5,1,1,1,Recent Customers
13283.0,60,0.4,391.8,5,1,1,1,Recent Customers
13972.0,71,0.4,1579.2,5,1,1,1,Recent Customers
17572.0,72,0.4,616.8,5,1,1,1,Recent Customers
16690.0,73,0.4,1165.28,5,1,1,1,Recent Customers
13529.0,79,0.4,1410.28,5,1,1,1,Recent Customers
12871.0,85,0.4,2268.48,5,1,1,1,Recent Customers
17029.0,111,0.4,716.0,5,1,1,1,Recent Customers
15045.0,152,0.4,1370.16,5,1,1,1,Recent Customers
13453.0,166,0.4,1941.66,5,1,1,1,Recent Customers
17446.0,177,0.4,551.7,5,1,1,1,Recent Customers
18190.0,193,0.4,1359.12,5,1,1,1,Recent Customers
17889.0,213,0.4,1902.36,5,1,1,1,Recent Customers
16163.0,233,0.4,1365.4,5,1,1,1,Recent Customers
15081.0,23,0.42,2219.6,5,1,1,1,Recent Customers
13984.0,27,0.42,2335.2,5,1,1,1,Recent Customers
15969.0,3,0.43,1416.3,5,1,1,1,Recent Customers
13946.0,80,0.43,2371.2,5,1,1,1,Recent Customers
15675.0,82,0.43,2143.84,5,1,1,1,Recent Customers
14513.0,101,0.43,1463.89,5,1,1,1,Recent Customers
17616.0,174,0.43,571.2,5,1,1,1,Recent Customers
15206.0,11,0.44,1190.1,5,1,1,1,Recent Customers
15304.0,61,0.45,750.25,5,1,1,1,Recent Customers
13083.0,5,0.5,2133.36,5,1,1,1,Recent Customers
14111.0,15,0.5,1967.4,5,1,1,1,Recent Customers
16566.0,16,0.5,2170.92,5,1,1,1,Recent Customers
14768.0,18,0.5,592.2,5,1,1,1,Recent Customers
13669.0,51,0.5,1093.2,5,1,1,1,Recent Customers
16621.0,52,0.5,2209.59,5,1,1,1,Recent Customers
16861.0,60,0.5,553.44,5,1,1,1,Recent Customers
13092.0,71,0.5,953.02,5,1,1,1,Recent Customers
14609.0,73,0.5,601.56,5,1,1,1,Recent Customers
17388.0,78,0.5,2394.1,5,1,1,1,Recent Customers
14500.0,89,0.5,1109.4,5,1,1,1,Recent Customers
18018.0,109,0.5,1557.25,5,1,1,1,Recent Customers
16473.0,165,0.5,1568.26,5,1,1,1,Recent Customers
14377.0,192,0.5,1372.8,5,1,1,1,Recent Customers
15724.0,202,0.5,1205.85,5,1,1,1,Recent Customers
12897.0,205,0.5,433.0,5,1,1,1,Recent Customers
14242.0,235,0.5,1646.05,5,1,1,1,Recent Customers
15139.0,240,0.5,1261.1,5,1,1,1,Recent Customers
16321.0,73,0.56,754.5,5,1,1,1,Recent Customers
14173.0,11,0.57,2338.02,5,1,1,1,Recent Customers
13489.0,106,0.57,1314.96,5,1,1,1,Recent Customers
16112.0,144,0.57,849.44,5,1,1,1,Recent Customers
16668.0,16,0.6,1125.36,5,1,1,1,Recent Customers
13058.0,25,0.6,536.85,5,1,1,1,Recent Customers
18081.0,37,0.6,1549.8,5,1,1,1,Recent Customers
14681.0,72,0.6,168.0,5,1,1,1,Recent Customers
14463.0,99,0.6,455.34,5,1,1,1,Recent Customers
12891.0,186,0.6,331.0,5,1,1,1,Recent Customers
12823.0,75,0.63,1759.5,5,1,1,1,Recent Customers
15938.0,113,0.63,1296.5,5,1,1,1,Recent Customers
17988.0,12,0.64,831.81,5,1,1,1,Recent Customers
16313.0,4,0.67,1994.76,5,1,1,1,Recent Customers
18030.0,5,0.67,371.85,5,1,1,1,Recent Customers
16189.0,16,0.67,990.18,5,1,1,1,Recent Customers
17163.0,22,0.67,709.3,5,1,1,1,Recent Customers
13960.0,22,0.67,1329.36,5,1,1,1,Recent Customers
13272.0,32,0.67,1386.48,5,1,1,1,Recent Customers
16836.0,40,0.67,1627.59,5,1,1,1,Recent Customers
18147.0,46,0.67,636.9,5,1,1,1,Recent Customers
14495.0,51,0.67,414.0,5,1,1,1,Recent Customers
12492.0,64,0.67,2055.32,5,1,1,1,Recent Customers
18146.0,141,0.67,808.8,5,1,1,1,Recent Customers
12464.0,150,0.67,76.5,5,1,1,1,Recent Customers
16998.0,150,0.67,295.0,5,1,1,1,Recent Customers
17409.0,185,0.67,2204.25,5,1,1,1,Recent Customers
17854.0,186,0.67,1349.37,5,1,1,1,Recent Customers
14512.0,188,0.67,1636.76,5,1,1,1,Recent Customers
12547.0,198,0.67,677.4,5,1,1,1,Recent Customers
12888.0,215,0.67,294.48,5,1,1,1,Recent Customers
13718.0,247,0.67,1275.8,5,1,1,1,Recent Customers
15759.0,297,0.67,192.12,5,1,1,1,Recent Customers
15400.0,93,0.71,2383.7,5,1,1,1,Recent Customers
17024.0,46,0.75,95.85,5,1,1,1,Recent Customers
16872.0,78,0.75,1394.04,5,1,1,1,Recent Customers
16027.0,92,0.75,1612.44,5,1,1,1,Recent Customers
15462.0,95,0.75,913.8,5,1,1,1,Recent Customers
13003.0,106,0.75,326.2,5,1,1,1,Recent Customers
13242.0,113,0.75,1601.6,5,1,1,1,Recent Customers
17615.0,131,0.75,1250.3,5,1,1,1,Recent Customers
14958.0,148,0.75,2194.46,5,1,1,1,Recent Customers
18037.0,155,0.75,133.15,5,1,1,1,Recent Customers
17440.0,157,0.75,365.82,5,1,1,1,Recent Customers
12414.0,218,0.75,2123.01,5,1,1,1,Recent Customers
14616.0,243,0.75,406.08,5,1,1,1,Recent Customers
13928.0,11,0.8,2089.42,5,1,1,1,Recent Customers
13277.0,16,0.8,550.3,5,1,1,1,Recent Customers
17268.0,108,0.8,1250.8,5,1,1,1,Recent Customers
17849.0,219,0.8,1192.9,5,1,1,1,Recent Customers
13079.0,5,0.83,333.0,5,1,1,1,Recent Customers
12601.0,190,0.83,2152.48,5,1,1,1,Recent Customers
17668.0,2,1.0,506.0,5,1,1,1,Recent Customers
13436.0,2,1.0,908.32,5,1,1,1,Recent Customers
13298.0,2,1.0,720.0,5,1,1,1,Recent Customers
14569.0,2,1.0,2024.9,5,1,1,1,Recent Customers
15992.0,4,1.0,54.08,5,1,1,1,Recent Customers
12442.0,4,1.0,1584.66,5,1,1,1,Recent Customers
16569.0,4,1.0,621.0,5,1,1,1,Recent Customers
16851.0,5,1.0,2294.16,5,1,1,1,Recent Customers
16597.0,5,1.0,630.28,5,1,1,1,Recent Customers
14219.0,5,1.0,629.58,5,1,1,1,Recent Customers
12367.0,5,1.0,1509.0,5,1,1,1,Recent Customers
14354.0,6,1.0,754.2,5,1,1,1,Recent Customers
16988.0,6,1.0,504.35,5,1,1,1,Recent Customers
17942.0,8,1.0,155.0,5,1,1,1,Recent Customers
12587.0,8,1.0,312.0,5,1,1,1,Recent Customers
13017.0,8,1.0,204.0,5,1,1,1,Recent Customers
18174.0,8,1.0,104.0,5,1,1,1,Recent Customers
16789.0,9,1.0,404.0,5,1,1,1,Recent Customers
17737.0,10,1.0,847.74,5,1,1,1,Recent Customers
18058.0,10,1.0,510.48,5,1,1,1,Recent Customers
12966.0,10,1.0,1329.12,5,1,1,1,Recent Customers
15619.0,11,1.0,1009.2,5,1,1,1,Recent Customers
14601.0,11,1.0,1497.72,5,1,1,1,Recent Customers
17359.0,12,1.0,1511.44,5,1,1,1,Recent Customers
13188.0,12,1.0,99.6,5,1,1,1,Recent Customers
13978.0,15,1.0,2263.66,5,1,1,1,Recent Customers
16856.0,15,1.0,70.8,5,1,1,1,Recent Customers
12531.0,15,1.0,1524.32,5,1,1,1,Recent Customers
14946.0,15,1.0,302.7,5,1,1,1,Recent Customers
13638.0,16,1.0,679.98,5,1,1,1,Recent Customers
18184.0,16,1.0,49.8,5,1,1,1,Recent Customers
15428.0,16,1.0,562.68,5,1,1,1,Recent Customers
14581.0,17,1.0,2356.2,5,1,1,1,Recent Customers
18084.0,17,1.0,90.48,5,1,1,1,Recent Customers
13403.0,18,1.0,225.0,5,1,1,1,Recent Customers
17600.0,18,1.0,1740.24,5,1,1,1,Recent Customers
14424.0,18,1.0,322.08,5,1,1,1,Recent Customers
18249.0,18,1.0,762.72,5,1,1,1,Recent Customers
12586.0,18,1.0,1865.4,5,1,1,1,Recent Customers
14300.0,19,1.0,129.6,5,1,1,1,Recent Customers
12795.0,19,1.0,1730.97,5,1,1,1,Recent Customers
15567.0,19,1.0,1026.36,5,1,1,1,Recent Customers
12984.0,19,1.0,390.0,5,1,1,1,Recent Customers
17253.0,19,1.0,1804.74,5,1,1,1,Recent Customers
13739.0,19,1.0,650.7,5,1,1,1,Recent Customers
17010.0,19,1.0,2148.96,5,1,1,1,Recent Customers
16506.0,20,1.0,145.5,5,1,1,1,Recent Customers
12702.0,20,1.0,2211.0,5,1,1,1,Recent Customers
16784.0,20,1.0,322.8,5,1,1,1,Recent Customers
14860.0,20,1.0,1873.52,5,1,1,1,Recent Customers
13832.0,20,1.0,156.6,5,1,1,1,Recent Customers
14641.0,22,1.0,773.22,5,1,1,1,Recent Customers
12618.0,22,1.0,1373.1,5,1,1,1,Recent Customers
15368.0,22,1.0,1787.76,5,1,1,1,Recent Customers
17650.0,22,1.0,1328.64,5,1,1,1,Recent Customers
17330.0,23,1.0,1423.5,5,1,1,1,Recent Customers
15657.0,23,1.0,30.0,5,1,1,1,Recent Customers
13160.0,23,1.0,367.2,5,1,1,1,Recent Customers
12445.0,23,1.0,232.2,5,1,1,1,Recent Customers
17549.0,24,1.0,539.04,5,1,1,1,Recent Customers
16855.0,24,1.0,2303.0,5,1,1,1,Recent Customers
15269.0,24,1.0,118.8,5,1,1,1,Recent Customers
17680.0,24,1.0,2028.4,5,1,1,1,Recent Customers
13926.0,24,1.0,1494.0,5,1,1,1,Recent Customers
17896.0,24,1.0,512.64,5,1,1,1,Recent Customers
15432.0,24,1.0,1711.9,5,1,1,1,Recent Customers
15419.0,25,1.0,1086.88,5,1,1,1,Recent Customers
15758.0,25,1.0,1847.25,5,1,1,1,Recent Customers
14666.0,25,1.0,2279.55,5,1,1,1,Recent Customers
14714.0,25,1.0,1020.32,5,1,1,1,Recent Customers
14494.0,26,1.0,976.92,5,1,1,1,Recent Customers
12938.0,26,1.0,1027.26,5,1,1,1,Recent Customers
15168.0,26,1.0,532.8,5,1,1,1,Recent Customers
17538.0,26,1.0,885.78,5,1,1,1,Recent Customers
15458.0,26,1.0,1131.48,5,1,1,1,Recent Customers
14661.0,27,1.0,123.15,5,1,1,1,Recent Customers
14789.0,29,1.0,1185.84,5,1,1,1,Recent Customers
18209.0,29,1.0,1112.8,5,1,1,1,Recent Customers
15692.0,29,1.0,2292.48,5,1,1,1,Recent Customers
15355.0,30,1.0,1914.8,5,1,1,1,Recent Customers
13460.0,30,1.0,1637.94,5,1,1,1,Recent Customers
17500.0,30,1.0,66.0,5,1,1,1,Recent Customers
12659.0,30,1.0,294.72,5,1,1,1,Recent Customers
17791.0,30,1.0,1061.0,5,1,1,1,Recent Customers
15463.0,30,1.0,882.98,5,1,1,1,Recent Customers
17901.0,30,1.0,696.22,5,1,1,1,Recent Customers
12504.0,31,1.0,120.0,5,1,1,1,Recent Customers
16516.0,31,1.0,610.2,5,1,1,1,Recent Customers
13522.0,31,1.0,629.0,5,1,1,1,Recent Customers
15986.0,31,1.0,2353.68,5,1,1,1,Recent Customers
13992.0,31,1.0,384.0,5,1,1,1,Recent Customers
16953.0,31,1.0,20.8,5,1,1,1,Recent Customers
18274.0,31,1.0,1631.7,5,1,1,1,Recent Customers
13710.0,32,1.0,1443.84,5,1,1,1,Recent Customers
15043.0,32,1.0,1611.0,5,1,1,1,Recent Customers
17022.0,32,1.0,497.0,5,1,1,1,Recent Customers
14080.0,33,1.0,182.4,5,1,1,1,Recent Customers
14073.0,33,1.0,1963.52,5,1,1,1,Recent Customers
14929.0,33,1.0,1728.8,5,1,1,1,Recent Customers
15017.0,34,1.0,2196.97,5,1,1,1,Recent Customers
14039.0,34,1.0,913.2,5,1,1,1,Recent Customers
15526.0,34,1.0,18.28,5,1,1,1,Recent Customers
17831.0,34,1.0,70.8,5,1,1,1,Recent Customers
13938.0,36,1.0,501.62,5,1,1,1,Recent Customers
15612.0,37,1.0,429.95,5,1,1,1,Recent Customers
16337.0,37,1.0,1198.35,5,1,1,1,Recent Customers
18105.0,38,1.0,1760.01,5,1,1,1,Recent Customers
14974.0,38,1.0,1795.31,5,1,1,1,Recent Customers
17947.0,38,1.0,1590.12,5,1,1,1,Recent Customers
13697.0,39,1.0,1815.6,5,1,1,1,Recent Customers
14345.0,39,1.0,653.88,5,1,1,1,Recent Customers
15423.0,39,1.0,87.0,5,1,1,1,Recent Customers
13145.0,40,1.0,495.36,5,1,1,1,Recent Customers
12581.0,40,1.0,2206.88,5,1,1,1,Recent Customers
13103.0,40,1.0,851.64,5,1,1,1,Recent Customers
13651.0,40,1.0,396.0,5,1,1,1,Recent Customers
12552.0,40,1.0,2364.67,5,1,1,1,Recent Customers
12588.0,40,1.0,398.25,5,1,1,1,Recent Customers
14582.0,41,1.0,471.05,5,1,1,1,Recent Customers
14295.0,41,1.0,831.0,5,1,1,1,Recent Customers
16190.0,41,1.0,626.15,5,1,1,1,Recent Customers
14218.0,43,1.0,2033.76,5,1,1,1,Recent Customers
15096.0,43,1.0,2068.9,5,1,1,1,Recent Customers
14752.0,44,1.0,1948.2,5,1,1,1,Recent Customers
16847.0,44,1.0,2321.28,5,1,1,1,Recent Customers
12430.0,44,1.0,1517.4,5,1,1,1,Recent Customers
16680.0,44,1.0,1197.6,5,1,1,1,Recent Customers
17895.0,45,1.0,1568.0,5,1,1,1,Recent Customers
13182.0,46,1.0,1332.98,5,1,1,1,Recent Customers
14764.0,47,1.0,1669.8,5,1,1,1,Recent Customers
15844.0,47,1.0,1088.4,5,1,1,1,Recent Customers
12403.0,50,1.0,1566.8,5,1,1,1,Recent Customers
15286.0,50,1.0,721.65,5,1,1,1,Recent Customers
15740.0,50,1.0,1393.92,5,1,1,1,Recent Customers
15565.0,51,1.0,692.64,5,1,1,1,Recent Customers
16177.0,51,1.0,2318.25,5,1,1,1,Recent Customers
13366.0,51,1.0,56.16,5,1,1,1,Recent Customers
16846.0,51,1.0,2357.52,5,1,1,1,Recent Customers
15836.0,51,1.0,199.88,5,1,1,1,Recent Customers
17148.0,52,1.0,1123.92,5,1,1,1,Recent Customers
15610.0,52,1.0,674.76,5,1,1,1,Recent Customers
18019.0,52,1.0,114.0,5,1,1,1,Recent Customers
14799.0,52,1.0,1406.35,5,1,1,1,Recent Customers
15327.0,53,1.0,875.7,5,1,1,1,Recent Customers
14861.0,53,1.0,754.74,5,1,1,1,Recent Customers
12863.0,53,1.0,724.8,5,1,1,1,Recent Customers
16542.0,54,1.0,598.1,5,1,1,1,Recent Customers
18042.0,54,1.0,560.1,5,1,1,1,Recent Customers
17534.0,54,1.0,2010.24,5,1,1,1,Recent Customers
16737.0,54,1.0,417.6,5,1,1,1,Recent Customers
17206.0,54,1.0,1429.68,5,1,1,1,Recent Customers
17785.0,54,1.0,1481.28,5,1,1,1,Recent Customers
16363.0,54,1.0,301.44,5,1,1,1,Recent Customers
14089.0,57,1.0,2254.0,5,1,1,1,Recent Customers
13006.0,57,1.0,129.96,5,1,1,1,Recent Customers
17986.0,57,1.0,20.8,5,1,1,1,Recent Customers
17279.0,58,1.0,611.58,5,1,1,1,Recent Customers
16430.0,58,1.0,1805.1,5,1,1,1,Recent Customers
13858.0,58,1.0,1991.7,5,1,1,1,Recent Customers
14642.0,59,1.0,192.24,5,1,1,1,Recent Customers
12602.0,59,1.0,1421.42,5,1,1,1,Recent Customers
18277.0,59,1.0,883.04,5,1,1,1,Recent Customers
17620.0,60,1.0,142.32,5,1,1,1,Recent Customers
16171.0,60,1.0,219.6,5,1,1,1,Recent Customers
13690.0,60,1.0,682.5,5,1,1,1,Recent Customers
14027.0,61,1.0,628.92,5,1,1,1,Recent Customers
16179.0,61,1.0,1775.8,5,1,1,1,Recent Customers
18169.0,61,1.0,1213.2,5,1,1,1,Recent Customers
13980.0,61,1.0,1218.06,5,1,1,1,Recent Customers
15886.0,61,1.0,1882.54,5,1,1,1,Recent Customers
16248.0,62,1.0,1070.58,5,1,1,1,Recent Customers
13260.0,62,1.0,1554.12,5,1,1,1,Recent Customers
17030.0,64,1.0,1298.7,5,1,1,1,Recent Customers
14792.0,64,1.0,12.4,5,1,1,1,Recent Customers
13876.0,64,1.0,592.8,5,1,1,1,Recent Customers
13806.0,64,1.0,1963.17,5,1,1,1,Recent Customers
16432.0,65,1.0,2299.2,5,1,1,1,Recent Customers
14518.0,65,1.0,2084.88,5,1,1,1,Recent Customers
15937.0,65,1.0,1017.45,5,1,1,1,Recent Customers
16106.0,66,1.0,650.28,5,1,1,1,Recent Customers
13483.0,66,1.0,1403.4,5,1,1,1,Recent Customers
17382.0,66,1.0,50.4,5,1,1,1,Recent Customers
13947.0,66,1.0,453.0,5,1,1,1,Recent Customers
17647.0,66,1.0,328.44,5,1,1,1,Recent Customers
14054.0,66,1.0,554.76,5,1,1,1,Recent Customers
16881.0,67,1.0,432.0,5,1,1,1,Recent Customers
14333.0,68,1.0,1693.8,5,1,1,1,Recent Customers
16591.0,69,1.0,2135.0,5,1,1,1,Recent Customers
15593.0,71,1.0,999.0,5,1,1,1,Recent Customers
13095.0,71,1.0,446.4,5,1,1,1,Recent Customers
13347.0,71,1.0,2039.52,5,1,1,1,Recent Customers
17427.0,72,1.0,201.6,5,1,1,1,Recent Customers
13364.0,72,1.0,1349.6,5,1,1,1,Recent Customers
14947.0,73,1.0,2076.96,5,1,1,1,Recent Customers
14109.0,73,1.0,1297.8,5,1,1,1,Recent Customers
15348.0,73,1.0,1422.36,5,1,1,1,Recent Customers
17788.0,74,1.0,2218.8,5,1,1,1,Recent Customers
13514.0,74,1.0,608.8,5,1,1,1,Recent Customers
18278.0,74,1.0,1565.1,5,1,1,1,Recent Customers
14908.0,75,1.0,1262.1,5,1,1,1,Recent Customers
15958.0,75,1.0,730.45,5,1,1,1,Recent Customers
16468.0,75,1.0,62.4,5,1,1,1,Recent Customers
13866.0,75,1.0,1019.69,5,1,1,1,Recent Customers
14473.0,75,1.0,896.04,5,1,1,1,Recent Customers
16342.0,76,1.0,908.34,5,1,1,1,Recent Customers
14806.0,76,1.0,1844.4,5,1,1,1,Recent Customers
15744.0,78,1.0,104.4,5,1,1,1,Recent Customers
16213.0,79,1.0,412.5,5,1,1,1,Recent Customers
15603.0,79,1.0,96.96,5,1,1,1,Recent Customers
17603.0,79,1.0,1447.2,5,1,1,1,Recent Customers
17079.0,79,1.0,237.6,5,1,1,1,Recent Customers
13279.0,79,1.0,1239.75,5,1,1,1,Recent Customers
13519.0,79,1.0,473.7,5,1,1,1,Recent Customers
17415.0,80,1.0,1107.52,5,1,1,1,Recent Customers
16627.0,80,1.0,1992.1,5,1,1,1,Recent Customers
15888.0,81,1.0,1009.91,5,1,1,1,Recent Customers
15504.0,82,1.0,686.79,5,1,1,1,Recent Customers
13228.0,82,1.0,716.0,5,1,1,1,Recent Customers
17628.0,82,1.0,378.75,5,1,1,1,Recent Customers
13067.0,83,1.0,1731.9,5,1,1,1,Recent Customers
14124.0,85,1.0,2097.9,5,1,1,1,Recent Customers
16878.0,85,1.0,39.9,5,1,1,1,Recent Customers
12995.0,86,1.0,633.96,5,1,1,1,Recent Customers
12756.0,87,1.0,448.32,5,1,1,1,Recent Customers
17347.0,87,1.0,228.96,5,1,1,1,Recent Customers
13877.0,87,1.0,351.72,5,1,1,1,Recent Customers
15216.0,88,1.0,193.2,5,1,1,1,Recent Customers
16959.0,88,1.0,821.45,5,1,1,1,Recent Customers
12884.0,89,1.0,834.3,5,1,1,1,Recent Customers
18255.0,90,1.0,619.8,5,1,1,1,Recent Customers
15198.0,93,1.0,968.2,5,1,1,1,Recent Customers
15653.0,93,1.0,1850.88,5,1,1,1,Recent Customers
15488.0,93,1.0,76.32,5,1,1,1,Recent Customers
13244.0,93,1.0,2274.96,5,1,1,1,Recent Customers
14208.0,95,1.0,934.72,5,1,1,1,Recent Customers
13130.0,95,1.0,128.0,5,1,1,1,Recent Customers
15307.0,96,1.0,1080.8,5,1,1,1,Recent Customers
17309.0,96,1.0,993.0,5,1,1,1,Recent Customers
14436.0,99,1.0,612.48,5,1,1,1,Recent Customers
13470.0,100,1.0,957.0,5,1,1,1,Recent Customers
13099.0,100,1.0,207.36,5,1,1,1,Recent Customers
12814.0,102,1.0,85.92,5,1,1,1,Recent Customers
13778.0,104,1.0,1608.3,5,1,1,1,Recent Customers
16641.0,106,1.0,2355.1,5,1,1,1,Recent Customers
14196.0,107,1.0,1592.6,5,1,1,1,Recent Customers
15263.0,107,1.0,1534.61,5,1,1,1,Recent Customers
14314.0,107,1.0,960.0,5,1,1,1,Recent Customers
16093.0,107,1.0,17.0,5,1,1,1,Recent Customers
17844.0,107,1.0,257.8,5,1,1,1,Recent Customers
16429.0,107,1.0,4.95,5,1,1,1,Recent Customers
15663.0,107,1.0,1243.26,5,1,1,1,Recent Customers
15313.0,111,1.0,52.0,5,1,1,1,Recent Customers
17747.0,113,1.0,71.4,5,1,1,1,Recent Customers
16828.0,113,1.0,794.5,5,1,1,1,Recent Customers
14772.0,113,1.0,1012.08,5,1,1,1,Recent Customers
12968.0,113,1.0,504.0,5,1,1,1,Recent Customers
13273.0,114,1.0,2223.68,5,1,1,1,Recent Customers
16582.0,114,1.0,1881.72,5,1,1,1,Recent Customers
12641.0,116,1.0,1031.2,5,1,1,1,Recent Customers
17958.0,117,1.0,816.96,5,1,1,1,Recent Customers
15683.0,118,1.0,1937.5,5,1,1,1,Recent Customers
17122.0,120,1.0,968.24,5,1,1,1,Recent Customers
14406.0,120,1.0,957.95,5,1,1,1,Recent Customers
13645.0,121,1.0,928.8,5,1,1,1,Recent Customers
13307.0,121,1.0,15.0,5,1,1,1,Recent Customers
15247.0,123,1.0,2136.0,5,1,1,1,Recent Customers
14053.0,125,1.0,568.75,5,1,1,1,Recent Customers
13513.0,127,1.0,1733.4,5,1,1,1,Recent Customers
13218.0,128,1.0,313.2,5,1,1,1,Recent Customers
15374.0,129,1.0,234.0,5,1,1,1,Recent Customers
14972.0,129,1.0,1040.55,5,1,1,1,Recent Customers
12917.0,129,1.0,1188.0,5,1,1,1,Recent Customers
17887.0,130,1.0,503.6,5,1,1,1,Recent Customers
17941.0,131,1.0,609.12,5,1,1,1,Recent Customers
14143.0,134,1.0,259.2,5,1,1,1,Recent Customers
13106.0,134,1.0,76.5,5,1,1,1,Recent Customers
15118.0,135,1.0,244.8,5,1,1,1,Recent Customers
13194.0,136,1.0,182.1,5,1,1,1,Recent Customers
17040.0,138,1.0,1917.36,5,1,1,1,Recent Customers
13296.0,138,1.0,213.6,5,1,1,1,Recent Customers
17693.0,138,1.0,2330.58,5,1,1,1,Recent Customers
12864.0,139,1.0,441.36,5,1,1,1,Recent Customers
16178.0,139,1.0,1050.7,5,1,1,1,Recent Customers
18262.0,141,1.0,1943.24,5,1,1,1,Recent Customers
14259.0,142,1.0,600.0,5,1,1,1,Recent Customers
14117.0,144,1.0,270.0,5,1,1,1,Recent Customers
13967.0,146,1.0,161.4,5,1,1,1,Recent Customers
17948.0,148,1.0,358.56,5,1,1,1,Recent Customers
15256.0,149,1.0,590.7,5,1,1,1,Recent Customers
13420.0,150,1.0,286.8,5,1,1,1,Recent Customers
15895.0,150,1.0,1970.87,5,1,1,1,Recent Customers
12450.0,157,1.0,803.28,5,1,1,1,Recent Customers
16829.0,157,1.0,2169.42,5,1,1,1,Recent Customers
12977.0,157,1.0,75.18,5,1,1,1,Recent Customers
16338.0,158,1.0,1998.5,5,1,1,1,Recent Customers
16344.0,159,1.0,202.2,5,1,1,1,Recent Customers
17939.0,160,1.0,1189.68,5,1,1,1,Recent Customers
15007.0,160,1.0,1616.56,5,1,1,1,Recent Customers
17781.0,160,1.0,860.2,5,1,1,1,Recent Customers
16498.0,162,1.0,1286.83,5,1,1,1,Recent Customers
15578.0,163,1.0,1652.3,5,1,1,1,Recent Customers
15537.0,164,1.0,2161.31,5,1,1,1,Recent Customers
16545.0,165,1.0,1017.9,5,1,1,1,Recent Customers
14351.0,165,1.0,51.0,5,1,1,1,Recent Customers
14104.0,166,1.0,1392.48,5,1,1,1,Recent Customers
17110.0,166,1.0,608.8,5,1,1,1,Recent Customers
14795.0,167,1.0,788.7,5,1,1,1,Recent Customers
12548.0,167,1.0,268.8,5,1,1,1,Recent Customers
16647.0,170,1.0,1581.3,5,1,1,1,Recent Customers
16287.0,170,1.0,1140.0,5,1,1,1,Recent Customers
17709.0,170,1.0,373.75,5,1,1,1,Recent Customers
13937.0,170,1.0,1429.65,5,1,1,1,Recent Customers
16114.0,171,1.0,1086.0,5,1,1,1,Recent Customers
17877.0,171,1.0,1738.11,5,1,1,1,Recent Customers
16247.0,171,1.0,1206.24,5,1,1,1,Recent Customers
17960.0,172,1.0,1918.28,5,1,1,1,Recent Customers
15412.0,172,1.0,640.24,5,1,1,1,Recent Customers
15389.0,173,1.0,500.0,5,1,1,1,Recent Customers
15280.0,173,1.0,1809.92,5,1,1,1,Recent Customers
15909.0,174,1.0,1343.58,5,1,1,1,Recent Customers
13618.0,174,1.0,2305.42,5,1,1,1,Recent Customers
16050.0,174,1.0,1379.0,5,1,1,1,Recent Customers
17879.0,174,1.0,1071.12,5,1,1,1,Recent Customers
12837.0,174,1.0,671.85,5,1,1,1,Recent Customers
13826.0,177,1.0,613.8,5,1,1,1,Recent Customers
15219.0,177,1.0,458.4,5,1,1,1,Recent Customers
16461.0,178,1.0,1993.42,5,1,1,1,Recent Customers
17349.0,180,1.0,784.0,5,1,1,1,Recent Customers
13080.0,180,1.0,348.48,5,1,1,1,Recent Customers
18281.0,181,1.0,234.6,5,1,1,1,Recent Customers
13686.0,183,1.0,576.0,5,1,1,1,Recent Customers
16581.0,183,1.0,952.56,5,1,1,1,Recent Customers
17234.0,183,1.0,1482.52,5,1,1,1,Recent Customers
15098.0,183,1.0,297.0,5,1,1,1,Recent Customers
14241.0,184,1.0,2137.0,5,1,1,1,Recent Customers
14542.0,186,1.0,516.25,5,1,1,1,Recent Customers
15852.0,187,1.0,997.28,5,1,1,1,Recent Customers
16849.0,187,1.0,508.62,5,1,1,1,Recent Customers
16611.0,187,1.0,1294.9,5,1,1,1,Recent Customers
14682.0,188,1.0,52.0,5,1,1,1,Recent Customers
16963.0,188,1.0,773.85,5,1,1,1,Recent Customers
13682.0,188,1.0,68.0,5,1,1,1,Recent Customers
15405.0,190,1.0,1729.7,5,1,1,1,Recent Customers
16659.0,190,1.0,78.24,5,1,1,1,Recent Customers
14453.0,191,1.0,2309.58,5,1,1,1,Recent Customers
16424.0,192,1.0,667.8,5,1,1,1,Recent Customers
13062.0,192,1.0,852.48,5,1,1,1,Recent Customers
16483.0,193,1.0,1531.2,5,1,1,1,Recent Customers
13070.0,193,1.0,2059.2,5,1,1,1,Recent Customers
15925.0,195,1.0,1857.9,5,1,1,1,Recent Customers
14280.0,197,1.0,759.78,5,1,1,1,Recent Customers
16323.0,197,1.0,207.5,5,1,1,1,Recent Customers
12974.0,198,1.0,873.95,5,1,1,1,Recent Customers
14816.0,198,1.0,11.9,5,1,1,1,Recent Customers
14705.0,199,1.0,179.0,5,1,1,1,Recent Customers
15042.0,200,1.0,140.04,5,1,1,1,Recent Customers
13479.0,201,1.0,1574.55,5,1,1,1,Recent Customers
13223.0,201,1.0,350.4,5,1,1,1,Recent Customers
17715.0,201,1.0,326.4,5,1,1,1,Recent Customers
13227.0,202,1.0,2319.3,5,1,1,1,Recent Customers
15705.0,202,1.0,858.6,5,1,1,1,Recent Customers
17455.0,204,1.0,782.6,5,1,1,1,Recent Customers
17245.0,205,1.0,1543.05,5,1,1,1,Recent Customers
17871.0,205,1.0,1559.0,5,1,1,1,Recent Customers
12353.0,205,1.0,58.6,5,1,1,1,Recent Customers
17556.0,206,1.0,714.75,5,1,1,1,Recent Customers
14689.0,209,1.0,1466.4,5,1,1,1,Recent Customers
17263.0,209,1.0,1459.12,5,1,1,1,Recent Customers
16006.0,212,1.0,811.2,5,1,1,1,Recent Customers
15729.0,213,1.0,425.0,5,1,1,1,Recent Customers
18133.0,213,1.0,931.5,5,1,1,1,Recent Customers
15063.0,214,1.0,140.4,5,1,1,1,Recent Customers
18120.0,215,1.0,1460.0,5,1,1,1,Recent Customers
14699.0,215,1.0,873.04,5,1,1,1,Recent Customers
12821.0,215,1.0,378.6,5,1,1,1,Recent Customers
13561.0,216,1.0,1447.32,5,1,1,1,Recent Customers
14353.0,216,1.0,543.6,5,1,1,1,Recent Customers
15668.0,218,1.0,76.32,5,1,1,1,Recent Customers
16319.0,218,1.0,1213.2,5,1,1,1,Recent Customers
17174.0,218,1.0,239.6,5,1,1,1,Recent Customers
18227.0,218,1.0,60.0,5,1,1,1,Recent Customers
15552.0,218,1.0,1532.04,5,1,1,1,Recent Customers
13723.0,218,1.0,750.5,5,1,1,1,Recent Customers
16990.0,219,1.0,179.0,5,1,1,1,Recent Customers
13762.0,219,1.0,2147.04,5,1,1,1,Recent Customers
14340.0,219,1.0,808.2,5,1,1,1,Recent Customers
16457.0,219,1.0,1875.24,5,1,1,1,Recent Customers
14199.0,219,1.0,10.2,5,1,1,1,Recent Customers
14423.0,219,1.0,795.6,5,1,1,1,Recent Customers
14393.0,219,1.0,339.75,5,1,1,1,Recent Customers
17578.0,219,1.0,717.3,5,1,1,1,Recent Customers
17443.0,220,1.0,534.24,5,1,1,1,Recent Customers
16610.0,220,1.0,453.96,5,1,1,1,Recent Customers
17394.0,220,1.0,581.76,5,1,1,1,Recent Customers
16055.0,221,1.0,563.4,5,1,1,1,Recent Customers
13229.0,226,1.0,1251.45,5,1,1,1,Recent Customers
14271.0,226,1.0,831.78,5,1,1,1,Recent Customers
16227.0,226,1.0,1885.32,5,1,1,1,Recent Customers
17893.0,226,1.0,1385.25,5,1,1,1,Recent Customers
18220.0,227,1.0,610.56,5,1,1,1,Recent Customers
17187.0,227,1.0,1313.2,5,1,1,1,Recent Customers
17670.0,228,1.0,2262.7,5,1,1,1,Recent Customers
12506.0,233,1.0,1690.5,5,1,1,1,Recent Customers
17718.0,233,1.0,569.25,5,1,1,1,Recent Customers
16587.0,233,1.0,1022.8,5,1,1,1,Recent Customers
12622.0,233,1.0,990.8,5,1,1,1,Recent Customers
13482.0,233,1.0,2031.04,5,1,1,1,Recent Customers
17946.0,234,1.0,986.1,5,1,1,1,Recent Customers
17548.0,234,1.0,516.5,5,1,1,1,Recent Customers
14148.0,234,1.0,59.4,5,1,1,1,Recent Customers
15717.0,235,1.0,1052.1,5,1,1,1,Recent Customers
13101.0,235,1.0,638.68,5,1,1,1,Recent Customers
17217.0,235,1.0,1021.5,5,1,1,1,Recent Customers
16617.0,236,1.0,556.4,5,1,1,1,Recent Customers
13120.0,239,1.0,30.6,5,1,1,1,Recent Customers
15935.0,240,1.0,910.4,5,1,1,1,Recent Customers
17601.0,240,1.0,1044.09,5,1,1,1,Recent Customers
15135.0,240,1.0,1251.45,5,1,1,1,Recent Customers
16097.0,241,1.0,662.4,5,1,1,1,Recent Customers
17746.0,241,1.0,299.2,5,1,1,1,Recent Customers
15212.0,242,1.0,248.0,5,1,1,1,Recent Customers
16697.0,242,1.0,1738.5,5,1,1,1,Recent Customers
17574.0,243,1.0,1090.6,5,1,1,1,Recent Customers
14326.0,243,1.0,1470.8,5,1,1,1,Recent Customers
13508.0,244,1.0,1080.42,5,1,1,1,Recent Customers
18129.0,244,1.0,1297.4,5,1,1,1,Recent Customers
15119.0,246,1.0,1628.0,5,1,1,1,Recent Customers
14924.0,246,1.0,1344.4,5,1,1,1,Recent Customers
16623.0,246,1.0,647.25,5,1,1,1,Recent Customers
15775.0,246,1.0,527.4,5,1,1,1,Recent Customers
13712.0,247,1.0,2288.4,5,1,1,1,Recent Customers
14981.0,247,1.0,816.96,5,1,1,1,Recent Customers
15917.0,248,1.0,544.95,5,1,1,1,Recent Customers
14964.0,248,1.0,2018.61,5,1,1,1,Recent Customers
17906.0,248,1.0,615.45,5,1,1,1,Recent Customers
15442.0,249,1.0,1188.0,5,1,1,1,Recent Customers
13059.0,250,1.0,513.9,5,1,1,1,Recent Customers
13781.0,251,1.0,1385.85,5,1,1,1,Recent Customers
13462.0,253,1.0,1363.5,5,1,1,1,Recent Customers
13841.0,253,1.0,85.0,5,1,1,1,Recent Customers
16162.0,253,1.0,11.9,5,1,1,1,Recent Customers
15691.0,253,1.0,273.6,5,1,1,1,Recent Customers
14890.0,254,1.0,879.55,5,1,1,1,Recent Customers
14957.0,254,1.0,701.88,5,1,1,1,Recent Customers
17212.0,254,1.0,907.4,5,1,1,1,Recent Customers
17775.0,255,1.0,169.2,5,1,1,1,Recent Customers
15083.0,257,1.0,188.1,5,1,1,1,Recent Customers
18010.0,257,1.0,1252.0,5,1,1,1,Recent Customers
16692.0,257,1.0,1117.5,5,1,1,1,Recent Customers
14536.0,260,1.0,1075.9,5,1,1,1,Recent Customers
17698.0,261,1.0,1239.6,5,1,1,1,Recent Customers
15178.0,261,1.0,121.5,5,1,1,1,Recent Customers
18191.0,262,1.0,1454.6,5,1,1,1,Recent Customers
13132.0,262,1.0,120.6,5,1,1,1,Recent Customers
14632.0,263,1.0,916.48,5,1,1,1,Recent Customers
12831.0,263,1.0,1516.4,5,1,1,1,Recent Customers
16427.0,264,1.0,1095.5,5,1,1,1,Recent Customers
18224.0,264,1.0,1589.5,5,1,1,1,Recent Customers
17763.0,264,1.0,15.0,5,1,1,1,Recent Customers
13262.0,264,1.0,1190.61,5,1,1,1,Recent Customers
15703.0,265,1.0,1057.5,5,1,1,1,Recent Customers
12902.0,265,1.0,614.46,5,1,1,1,Recent Customers
14693.0,265,1.0,317.8,5,1,1,1,Recent Customers
16096.0,265,1.0,1558.2,5,1,1,1,Recent Customers
15445.0,265,1.0,204.3,5,1,1,1,Recent Customers
16716.0,267,1.0,901.2,5,1,1,1,Recent Customers
13072.0,267,1.0,1240.05,5,1,1,1,Recent Customers
14059.0,267,1.0,1468.8,5,1,1,1,Recent Customers
14066.0,267,1.0,685.8,5,1,1,1,Recent Customers
17060.0,267,1.0,1171.2,5,1,1,1,Recent Customers
14155.0,267,1.0,712.5,5,1,1,1,Recent Customers
13185.0,268,1.0,71.4,5,1,1,1,Recent Customers
14840.0,268,1.0,251.4,5,1,1,1,Recent Customers
13216.0,268,1.0,1668.7,5,1,1,1,Recent Customers
16976.0,268,1.0,76.32,5,1,1,1,Recent Customers
13299.0,269,1.0,331.2,5,1,1,1,Recent Customers
15381.0,269,1.0,1976.1,5,1,1,1,Recent Customers
14962.0,271,1.0,467.0,5,1,1,1,Recent Customers
15388.0,271,1.0,1405.4,5,1,1,1,Recent Customers
13133.0,274,1.0,212.25,5,1,1,1,Recent Customers
15049.0,274,1.0,363.51,5,1,1,1,Recent Customers
13226.0,274,1.0,1197.14,5,1,1,1,Recent Customers
14603.0,275,1.0,1320.0,5,1,1,1,Recent Customers
18086.0,275,1.0,709.38,5,1,1,1,Recent Customers
14727.0,275,1.0,812.21,5,1,1,1,Recent Customers
13493.0,276,1.0,1305.54,5,1,1,1,Recent Customers
12881.0,276,1.0,276.0,5,1,1,1,Recent Customers
14165.0,276,1.0,1854.38,5,1,1,1,Recent Customers
15944.0,277,1.0,749.5,5,1,1,1,Recent Customers
16917.0,277,1.0,2244.34,5,1,1,1,Recent Customers
17639.0,277,1.0,240.8,5,1,1,1,Recent Customers
15554.0,278,1.0,1463.0,5,1,1,1,Recent Customers
18280.0,278,1.0,1446.3,5,1,1,1,Recent Customers
17654.0,278,1.0,1532.35,5,1,1,1,Recent Customers
14247.0,279,1.0,1770.04,5,1,1,1,Recent Customers
17325.0,281,1.0,580.8,5,1,1,1,Recent Customers
17535.0,281,1.0,2137.2,5,1,1,1,Recent Customers
14483.0,282,1.0,1233.9,5,1,1,1,Recent Customers
17995.0,282,1.0,152.2,5,1,1,1,Recent Customers
17789.0,282,1.0,2299.8,5,1,1,1,Recent Customers
12817.0,282,1.0,378.12,5,1,1,1,Recent Customers
15733.0,283,1.0,1026.4,5,1,1,1,Recent Customers
16792.0,283,1.0,876.8,5,1,1,1,Recent Customers
12873.0,283,1.0,918.0,5,1,1,1,Recent Customers
17923.0,283,1.0,207.5,5,1,1,1,Recent Customers
16078.0,284,1.0,79.2,5,1,1,1,Recent Customers
15709.0,284,1.0,799.5,5,1,1,1,Recent Customers
15319.0,284,1.0,1885.0,5,1,1,1,Recent Customers
15257.0,284,1.0,80.4,5,1,1,1,Recent Customers
16339.0,285,1.0,2199.0,5,1,1,1,Recent Customers
12509.0,285,1.0,622.5,5,1,1,1,Recent Customers
14046.0,285,1.0,2169.86,5,1,1,1,Recent Customers
17165.0,285,1.0,1249.02,5,1,1,1,Recent Customers
13684.0,286,1.0,2016.9,5,1,1,1,Recent Customers
16598.0,286,1.0,1450.5,5,1,1,1,Recent Customers
12361.0,288,1.0,1574.1,5,1,1,1,Recent Customers
13973.0,288,1.0,1680.75,5,1,1,1,Recent Customers
12565.0,289,1.0,1313.28,5,1,1,1,Recent Customers
17117.0,289,1.0,624.75,5,1,1,1,Recent Customers
16072.0,289,1.0,1158.96,5,1,1,1,Recent Customers
15397.0,290,1.0,564.0,5,1,1,1,Recent Customers
16349.0,291,1.0,75.9,5,1,1,1,Recent Customers
16913.0,291,1.0,907.52,5,1,1,1,Recent Customers
13932.0,295,1.0,2328.7,5,1,1,1,Recent Customers
18138.0,296,1.0,788.4,5,1,1,1,Recent Customers
14371.0,296,1.0,402.0,5,1,1,1,Recent Customers
16509.0,297,1.0,1017.0,5,1,1,1,Recent Customers
14386.0,297,1.0,752.4,5,1,1,1,Recent Customers
15670.0,297,1.0,2076.6,5,1,1,1,Recent Customers
16148.0,297,1.0,76.32,5,1,1,1,Recent Customers
16738.0,298,1.0,3.75,5,1,1,1,Recent Customers
16073.0,298,1.0,122.4,5,1,1,1,Recent Customers
14760.0,298,1.0,446.0,5,1,1,1,Recent Customers
13672.0,302,1.0,559.17,5,1,1,1,Recent Customers
15843.0,304,1.0,403.5,5,1,1,1,Recent Customers
12401.0,304,1.0,65.7,5,1,1,1,Recent Customers
15753.0,305,1.0,79.2,5,1,1,1,Recent Customers
17881.0,305,1.0,1066.8,5,1,1,1,Recent Customers
13809.0,306,1.0,673.2,5,1,1,1,Recent Customers
13584.0,307,1.0,1363.5,5,1,1,1,Recent Customers
14438.0,307,1.0,1187.1,5,1,1,1,Recent Customers
12956.0,307,1.0,1404.54,5,1,1,1,Recent Customers
17929.0,309,1.0,392.4,5,1,1,1,Recent Customers
17517.0,309,1.0,1284.4,5,1,1,1,Recent Customers
17291.0,309,1.0,550.8,5,1,1,1,Recent Customers
13581.0,310,1.0,870.3,5,1,1,1,Recent Customers
14457.0,311,1.0,454.56,5,1,1,1,Recent Customers
15226.0,311,1.0,902.37,5,1,1,1,Recent Customers
12929.0,312,1.0,354.75,5,1,1,1,Recent Customers
16403.0,313,1.0,1775.0,5,1,1,1,Recent Customers
13161.0,314,1.0,574.5,5,1,1,1,Recent Customers
12574.0,316,1.0,1462.95,5,1,1,1,Recent Customers
17118.0,318,1.0,1570.2,5,1,1,1,Recent Customers
16124.0,318,1.0,793.8,5,1,1,1,Recent Customers
16757.0,319,1.0,747.81,5,1,1,1,Recent Customers
14248.0,319,1.0,690.06,5,1,1,1,Recent Customers
13002.0,319,1.0,666.0,5,1,1,1,Recent Customers
14368.0,320,1.0,631.2,5,1,1,1,Recent Customers
14782.0,320,1.0,1200.6,5,1,1,1,Recent Customers
13551.0,320,1.0,160.65,5,1,1,1,Recent Customers
17714.0,321,1.0,1530.0,5,1,1,1,Recent Customers
15174.0,323,1.0,1493.25,5,1,1,1,Recent Customers
16387.0,323,1.0,377.44,5,1,1,1,Recent Customers
15262.0,324,1.0,1457.55,5,1,1,1,Recent Customers
17862.0,324,1.0,1820.0,5,1,1,1,Recent Customers
12402.0,324,1.0,1956.0,5,1,1,1,Recent Customers
12665.0,325,1.0,90.0,5,1,1,1,Recent Customers
14090.0,325,1.0,76.32,5,1,1,1,Recent Customers
13898.0,326,1.0,1528.23,5,1,1,1,Recent Customers
15395.0,326,1.0,542.7,5,1,1,1,Recent Customers
15316.0,327,1.0,165.0,5,1,1,1,Recent Customers
14238.0,327,1.0,819.0,5,1,1,1,Recent Customers
12672.0,330,1.0,2259.0,5,1,1,1,Recent Customers
13284.0,331,1.0,1487.4,5,1,1,1,Recent Customers
14114.0,331,1.0,2146.43,5,1,1,1,Recent Customers
15447.0,331,1.0,1037.36,5,1,1,1,Recent Customers
16315.0,331,1.0,1555.2,5,1,1,1,Recent Customers
14185.0,332,1.0,12.75,5,1,1,1,Recent Customers
12736.0,333,1.0,432.0,5,1,1,1,Recent Customers
16351.0,333,1.0,1231.2,5,1,1,1,Recent Customers
13144.0,333,1.0,94.4,5,1,1,1,Recent Customers
17128.0,335,1.0,1447.49,5,1,1,1,Recent Customers
12651.0,335,1.0,1026.0,5,1,1,1,Recent Customers
18032.0,335,1.0,367.5,5,1,1,1,Recent Customers
15649.0,337,1.0,816.0,5,1,1,1,Recent Customers
12829.0,337,1.0,529.2,5,1,1,1,Recent Customers
15607.0,337,1.0,1053.12,5,1,1,1,Recent Customers
12489.0,337,1.0,2280.63,5,1,1,1,Recent Customers
14889.0,337,1.0,1359.0,5,1,1,1,Recent Customers
12386.0,338,1.0,2357.2,5,1,1,1,Recent Customers
15266.0,339,1.0,397.5,5,1,1,1,Recent Customers
16282.0,340,1.0,1851.3,5,1,1,1,Recent Customers
15562.0,352,1.0,134.55,5,1,1,1,Recent Customers
13922.0,352,1.0,471.0,5,1,1,1,Recent Customers
12734.0,353,1.0,441.6,5,1,1,1,Recent Customers
12515.0,354,1.0,2098.8,5,1,1,1,Recent Customers
12551.0,358,1.0,1680.0,5,1,1,1,Recent Customers
15204.0,358,1.0,1988.64,5,1,1,1,Recent Customers
15160.0,358,1.0,632.64,5,1,1,1,Recent Customers
13033.0,358,1.0,2096.05,5,1,1,1,Recent Customers
17496.0,359,1.0,2259.9,5,1,1,1,Recent Customers
14373.0,359,1.0,52.2,5,1,1,1,Recent Customers
13295.0,360,1.0,1657.8,5,1,1,1,Recent Customers
18050.0,360,1.0,372.0,5,1,1,1,Recent Customers
17752.0,360,1.0,80.64,5,1,1,1,Recent Customers
13948.0,361,1.0,306.0,5,1,1,1,Recent Customers
17524.0,362,1.0,870.0,5,1,1,1,Recent Customers
16665.0,363,1.0,548.7,5,1,1,1,Recent Customers
16565.0,365,1.0,521.1,5,1,1,1,Recent Customers
14437.0,366,1.0,315.0,5,1,1,1,Recent Customers
12797.0,366,1.0,2267.43,5,1,1,1,Recent Customers
14355.0,366,1.0,1918.4,5,1,1,1,Recent Customers
15945.0,366,1.0,362.0,5,1,1,1,Recent Customers
14821.0,367,1.0,97.6,5,1,1,1,Recent Customers
12441.0,367,1.0,1555.5,5,1,1,1,Recent Customers
15973.0,367,1.0,332.16,5,1,1,1,Recent Customers
15221.0,367,1.0,325.2,5,1,1,1,Recent Customers
16679.0,367,1.0,234.0,5,1,1,1,Recent Customers
18269.0,367,1.0,1180.2,5,1,1,1,Recent Customers
13270.0,367,1.0,590.0,5,1,1,1,Recent Customers
15347.0,367,1.0,1008.0,5,1,1,1,Recent Customers
13786.0,368,1.0,1612.8,5,1,1,1,Recent Customers
15180.0,368,1.0,525.0,5,1,1,1,Recent Customers
13807.0,368,1.0,788.2,5,1,1,1,Recent Customers
15899.0,369,1.0,130.5,5,1,1,1,Recent Customers
18113.0,369,1.0,76.32,5,1,1,1,Recent Customers
16658.0,369,1.0,985.92,5,1,1,1,Recent Customers
12686.0,372,1.0,426.84,5,1,1,1,Recent Customers
14589.0,372,1.0,119.25,5,1,1,1,Recent Customers
16926.0,372,1.0,1282.5,5,1,1,1,Recent Customers
12855.0,373,1.0,114.3,5,1,1,1,Recent Customers
17925.0,373,1.0,244.08,5,1,1,1,Recent Customers
13108.0,373,1.0,2232.54,5,1,1,1,Recent Customers
15070.0,373,1.0,106.2,5,1,1,1,Recent Customers
15923.0,373,1.0,2342.6,5,1,1,1,Recent Customers
16752.0,373,1.0,561.6,5,1,1,1,Recent Customers
16510.0,373,1.0,1606.95,5,1,1,1,Recent Customers
13011.0,373,1.0,151.65,5,1,1,1,Recent Customers
14576.0,373,1.0,35.4,5,1,1,1,Recent Customers
12738.0,373,1.0,883.2,5,1,1,1,Recent Customers
12791.0,374,1.0,177.6,5,1,1,1,Recent Customers
14237.0,374,1.0,387.25,5,1,1,1,Recent Customers
15350.0,374,1.0,578.25,5,1,1,1,Recent Customers
17643.0,374,1.0,634.2,5,1,1,1,Recent Customers
13065.0,374,1.0,1543.1,5,1,1,1,Recent Customers
13147.0,11,1.33,712.8,5,1,1,1,Recent Customers
15107.0,312,1.33,432.6,5,1,1,1,Recent Customers
13631.0,100,1.43,2220.42,5,1,1,1,Recent Customers
18059.0,24,1.5,1847.94,5,1,1,1,Recent Customers
12879.0,45,1.5,1860.16,5,1,1,1,Recent Customers
13217.0,123,1.5,930.94,5,1,1,1,Recent Customers
13856.0,169,1.5,1712.6,5,1,1,1,Recent Customers
16226.0,204,1.5,844.68,5,1,1,1,Recent Customers
14045.0,338,1.5,1322.55,5,1,1,1,Recent Customers
17912.0,311,1.67,2285.58,5,1,1,1,Recent Customers
14785.0,11,2.0,116.88,5,1,1,1,Recent Customers
17468.0,11,2.0,458.0,5,1,1,1,Recent Customers
17852.0,12,2.0,1474.64,5,1,1,1,Recent Customers
16986.0,30,2.0,1956.4,5,1,1,1,Recent Customers
12522.0,40,2.0,783.6,5,1,1,1,Recent Customers
16454.0,45,2.0,6.9,5,1,1,1,Recent Customers
17186.0,47,2.0,144.0,5,1,1,1,Recent Customers
16952.0,110,2.0,1002.6,5,1,1,1,Recent Customers
17391.0,164,2.0,915.84,5,1,1,1,Recent Customers
17900.0,191,2.0,259.2,5,1,1,1,Recent Customers
16832.0,204,2.0,339.9,5,1,1,1,Recent Customers
18048.0,204,2.0,1014.74,5,1,1,1,Recent Customers
13711.0,219,2.0,1722.24,5,1,1,1,Recent Customers
14697.0,219,2.0,1914.57,5,1,1,1,Recent Customers
17991.0,226,2.0,135.7,5,1,1,1,Recent Customers
12845.0,268,2.0,1222.81,5,1,1,1,Recent Customers
15869.0,278,2.0,1188.45,5,1,1,1,Recent Customers
16405.0,303,2.0,341.35,5,1,1,1,Recent Customers
15661.0,318,2.0,891.2,5,1,1,1,Recent Customers
15422.0,324,2.0,293.1,5,1,1,1,Recent Customers
16499.0,361,2.0,2356.4,5,1,1,1,Recent Customers
14813.0,370,2.0,2232.26,5,1,1,1,Recent Customers
16048.0,374,2.0,1764.84,5,1,1,1,Recent Customers
16500.0,5,2.5,484.62,5,1,1,1,Recent Customers
14385.0,10,3.0,955.39,5,1,1,1,Recent Customers
14836.0,11,3.0,330.6,5,1,1,1,Recent Customers
15516.0,45,3.0,481.83,5,1,1,1,Recent Customers
16866.0,141,3.0,332.85,5,1,1,1,Recent Customers
13579.0,15,0.17,5478.76,5,1,2,1,Recent Customers
16411.0,20,0.17,4757.1,5,1,2,1,Recent Customers
17760.0,22,0.17,3153.12,5,1,2,1,Recent Customers
17235.0,26,0.17,7374.04,5,1,2,1,Recent Customers
13817.0,30,0.17,3941.52,5,1,2,1,Recent Customers
16863.0,32,0.17,7233.6,5,1,2,1,Recent Customers
13329.0,32,0.17,5884.8,5,1,2,1,Recent Customers
12944.0,36,0.17,7115.4,5,1,2,1,Recent Customers
13565.0,20,0.18,4683.34,5,1,2,1,Recent Customers
17540.0,25,0.18,6568.0,5,1,2,1,Recent Customers
17711.0,11,0.2,4512.59,5,1,2,1,Recent Customers
13904.0,38,0.2,4602.72,5,1,2,1,Recent Customers
15847.0,39,0.2,3537.26,5,1,2,1,Recent Customers
13292.0,39,0.2,5820.03,5,1,2,1,Recent Customers
17018.0,41,0.2,6390.9,5,1,2,1,Recent Customers
17418.0,43,0.2,7337.94,5,1,2,1,Recent Customers
17771.0,57,0.2,6707.92,5,1,2,1,Recent Customers
13473.0,61,0.2,3427.9,5,1,2,1,Recent Customers
13049.0,65,0.2,3363.96,5,1,2,1,Recent Customers
15579.0,69,0.2,7324.8,5,1,2,1,Recent Customers
17674.0,75,0.2,7313.34,5,1,2,1,Recent Customers
13787.0,76,0.2,4708.98,5,1,2,1,Recent Customers
14236.0,81,0.2,4186.62,5,1,2,1,Recent Customers
13899.0,17,0.22,3825.08,5,1,2,1,Recent Customers
14205.0,17,0.22,5558.6,5,1,2,1,Recent Customers
14851.0,24,0.22,7158.9,5,1,2,1,Recent Customers
14995.0,39,0.22,6303.07,5,1,2,1,Recent Customers
15121.0,51,0.22,5695.91,5,1,2,1,Recent Customers
14555.0,58,0.22,3798.04,5,1,2,1,Recent Customers
14644.0,68,0.22,5181.08,5,1,2,1,Recent Customers
16441.0,68,0.22,4072.75,5,1,2,1,Recent Customers
16233.0,72,0.22,3986.04,5,1,2,1,Recent Customers
14737.0,4,0.23,5475.1,5,1,2,1,Recent Customers
13705.0,8,0.23,4952.46,5,1,2,1,Recent Customers
13417.0,5,0.25,5208.74,5,1,2,1,Recent Customers
16185.0,17,0.25,7048.92,5,1,2,1,Recent Customers
18040.0,20,0.25,3475.2,5,1,2,1,Recent Customers
12427.0,22,0.25,5447.0,5,1,2,1,Recent Customers
12808.0,37,0.25,4091.8,5,1,2,1,Recent Customers
17076.0,37,0.25,4457.06,5,1,2,1,Recent Customers
15018.0,39,0.25,2787.08,5,1,2,1,Recent Customers
13573.0,51,0.25,5323.17,5,1,2,1,Recent Customers
14538.0,65,0.25,3509.4,5,1,2,1,Recent Customers
12763.0,139,0.25,5469.28,5,1,2,1,Recent Customers
17830.0,2,0.27,2416.35,5,1,2,1,Recent Customers
14618.0,10,0.27,2894.28,5,1,2,1,Recent Customers
17420.0,51,0.27,4461.98,5,1,2,1,Recent Customers
13487.0,58,0.27,6201.95,5,1,2,1,Recent Customers
14960.0,9,0.29,3129.08,5,1,2,1,Recent Customers
13657.0,11,0.29,2659.86,5,1,2,1,Recent Customers
15163.0,19,0.29,3934.46,5,1,2,1,Recent Customers
17658.0,26,0.29,4480.18,5,1,2,1,Recent Customers
12596.0,52,0.29,4715.85,5,1,2,1,Recent Customers
16777.0,81,0.29,6109.85,5,1,2,1,Recent Customers
16808.0,100,0.29,2796.18,5,1,2,1,Recent Customers
14037.0,177,0.29,2977.6,5,1,2,1,Recent Customers
16883.0,188,0.29,4246.95,5,1,2,1,Recent Customers
17034.0,17,0.3,7123.08,5,1,2,1,Recent Customers
13171.0,22,0.3,4246.08,5,1,2,1,Recent Customers
13894.0,24,0.3,5626.94,5,1,2,1,Recent Customers
13606.0,30,0.3,5644.92,5,1,2,1,Recent Customers
16593.0,51,0.3,2661.1,5,1,2,1,Recent Customers
13848.0,93,0.3,2485.0,5,1,2,1,Recent Customers
17526.0,5,0.31,2635.0,5,1,2,1,Recent Customers
17631.0,2,0.33,5651.5,5,1,2,1,Recent Customers
12358.0,2,0.33,6988.8,5,1,2,1,Recent Customers
16149.0,5,0.33,2618.36,5,1,2,1,Recent Customers
18112.0,13,0.33,2936.36,5,1,2,1,Recent Customers
15793.0,15,0.33,3457.6,5,1,2,1,Recent Customers
15186.0,15,0.33,3545.8,5,1,2,1,Recent Customers
16824.0,16,0.33,5459.42,5,1,2,1,Recent Customers
13238.0,18,0.33,5097.26,5,1,2,1,Recent Customers
14984.0,20,0.33,3348.88,5,1,2,1,Recent Customers
17351.0,37,0.33,5155.85,5,1,2,1,Recent Customers
17361.0,50,0.33,4741.34,5,1,2,1,Recent Customers
17489.0,59,0.33,5522.0,5,1,2,1,Recent Customers
13405.0,75,0.33,5057.25,5,1,2,1,Recent Customers
17146.0,106,0.33,6512.9,5,1,2,1,Recent Customers
13000.0,107,0.33,6738.51,5,1,2,1,Recent Customers
17134.0,107,0.33,5277.3,5,1,2,1,Recent Customers
13140.0,109,0.33,6018.75,5,1,2,1,Recent Customers
13675.0,152,0.33,6410.4,5,1,2,1,Recent Customers
13955.0,155,0.33,3159.99,5,1,2,1,Recent Customers
13085.0,158,0.33,4343.16,5,1,2,1,Recent Customers
17708.0,188,0.33,3960.82,5,1,2,1,Recent Customers
13531.0,206,0.33,3152.45,5,1,2,1,Recent Customers
15550.0,5,0.36,7300.2,5,1,2,1,Recent Customers
12421.0,16,0.36,6303.14,5,1,2,1,Recent Customers
14805.0,16,0.36,5003.1,5,1,2,1,Recent Customers
16660.0,17,0.36,5950.26,5,1,2,1,Recent Customers
15110.0,24,0.36,3820.55,5,1,2,1,Recent Customers
16043.0,38,0.36,6432.79,5,1,2,1,Recent Customers
16203.0,59,0.36,5806.7,5,1,2,1,Recent Customers
15208.0,2,0.38,3981.13,5,1,2,1,Recent Customers
16711.0,4,0.38,5477.78,5,1,2,1,Recent Customers
16038.0,8,0.38,5252.42,5,1,2,1,Recent Customers
14047.0,9,0.38,7321.53,5,1,2,1,Recent Customers
15380.0,9,0.38,7332.7,5,1,2,1,Recent Customers
16768.0,48,0.38,5410.81,5,1,2,1,Recent Customers
18149.0,51,0.38,3397.34,5,1,2,1,Recent Customers
15181.0,67,0.38,2668.08,5,1,2,1,Recent Customers
18155.0,76,0.38,3220.73,5,1,2,1,Recent Customers
13539.0,86,0.38,6931.06,5,1,2,1,Recent Customers
14133.0,130,0.38,6114.09,5,1,2,1,Recent Customers
15646.0,158,0.38,4861.5,5,1,2,1,Recent Customers
17856.0,2,0.4,4501.88,5,1,2,1,Recent Customers
16968.0,5,0.4,5791.25,5,1,2,1,Recent Customers
17031.0,12,0.4,4326.95,5,1,2,1,Recent Customers
18101.0,12,0.4,3731.59,5,1,2,1,Recent Customers
14477.0,20,0.4,3682.0,5,1,2,1,Recent Customers
12993.0,24,0.4,3605.08,5,1,2,1,Recent Customers
12589.0,29,0.4,6872.32,5,1,2,1,Recent Customers
12981.0,30,0.4,3724.34,5,1,2,1,Recent Customers
14517.0,34,0.4,2831.4,5,1,2,1,Recent Customers
14167.0,40,0.4,6264.91,5,1,2,1,Recent Customers
16018.0,40,0.4,4405.0,5,1,2,1,Recent Customers
16235.0,41,0.4,6798.29,5,1,2,1,Recent Customers
17414.0,44,0.4,3170.0,5,1,2,1,Recent Customers
15014.0,44,0.4,4911.27,5,1,2,1,Recent Customers
13917.0,50,0.4,2868.5,5,1,2,1,Recent Customers
16239.0,57,0.4,4421.8,5,1,2,1,Recent Customers
15840.0,59,0.4,4980.96,5,1,2,1,Recent Customers
17905.0,72,0.4,5128.85,5,1,2,1,Recent Customers
12987.0,74,0.4,4491.85,5,1,2,1,Recent Customers
17898.0,86,0.4,2414.56,5,1,2,1,Recent Customers
12592.0,93,0.4,3212.8,5,1,2,1,Recent Customers
12363.0,110,0.4,6555.9,5,1,2,1,Recent Customers
14645.0,157,0.4,6805.56,5,1,2,1,Recent Customers
14162.0,174,0.4,2867.64,5,1,2,1,Recent Customers
13837.0,212,0.4,2598.7,5,1,2,1,Recent Customers
16552.0,243,0.4,2669.56,5,1,2,1,Recent Customers
14220.0,248,0.4,6636.98,5,1,2,1,Recent Customers
12691.0,29,0.42,5459.5,5,1,2,1,Recent Customers
12787.0,10,0.43,2514.62,5,1,2,1,Recent Customers
13427.0,20,0.43,5924.74,5,1,2,1,Recent Customers
16008.0,24,0.43,5311.18,5,1,2,1,Recent Customers
18150.0,33,0.43,7100.82,5,1,2,1,Recent Customers
16325.0,47,0.43,3302.6,5,1,2,1,Recent Customers
15754.0,52,0.43,4698.21,5,1,2,1,Recent Customers
13249.0,93,0.43,3241.5,5,1,2,1,Recent Customers
14460.0,111,0.43,3195.66,5,1,2,1,Recent Customers
13873.0,120,0.43,2432.75,5,1,2,1,Recent Customers
16948.0,139,0.43,2953.02,5,1,2,1,Recent Customers
15780.0,184,0.43,4652.8,5,1,2,1,Recent Customers
16308.0,38,0.44,2560.0,5,1,2,1,Recent Customers
15656.0,46,0.44,7328.41,5,1,2,1,Recent Customers
13865.0,59,0.44,3178.69,5,1,2,1,Recent Customers
15199.0,60,0.44,3551.1,5,1,2,1,Recent Customers
12728.0,72,0.44,6926.65,5,1,2,1,Recent Customers
16816.0,104,0.44,4493.26,5,1,2,1,Recent Customers
17262.0,53,0.45,2486.32,5,1,2,1,Recent Customers
13104.0,4,0.46,4209.36,5,1,2,1,Recent Customers
13954.0,2,0.5,3578.76,5,1,2,1,Recent Customers
12695.0,8,0.5,4555.65,5,1,2,1,Recent Customers
16119.0,9,0.5,3973.68,5,1,2,1,Recent Customers
17736.0,10,0.5,3667.62,5,1,2,1,Recent Customers
12654.0,11,0.5,3646.29,5,1,2,1,Recent Customers
13950.0,12,0.5,4438.46,5,1,2,1,Recent Customers
17227.0,19,0.5,7195.95,5,1,2,1,Recent Customers
14198.0,19,0.5,4956.9,5,1,2,1,Recent Customers
13189.0,19,0.5,3756.48,5,1,2,1,Recent Customers
16298.0,23,0.5,4600.14,5,1,2,1,Recent Customers
13410.0,25,0.5,5895.68,5,1,2,1,Recent Customers
16671.0,29,0.5,4614.78,5,1,2,1,Recent Customers
12384.0,29,0.5,3705.88,5,1,2,1,Recent Customers
14765.0,30,0.5,4826.8,5,1,2,1,Recent Customers
13623.0,31,0.5,7279.61,5,1,2,1,Recent Customers
15027.0,31,0.5,6983.49,5,1,2,1,Recent Customers
13643.0,32,0.5,4890.96,5,1,2,1,Recent Customers
16555.0,36,0.5,2439.1,5,1,2,1,Recent Customers
15809.0,37,0.5,4002.74,5,1,2,1,Recent Customers
15669.0,41,0.5,5589.62,5,1,2,1,Recent Customers
15865.0,41,0.5,4822.46,5,1,2,1,Recent Customers
14731.0,48,0.5,5435.0,5,1,2,1,Recent Customers
15440.0,55,0.5,6571.74,5,1,2,1,Recent Customers
13930.0,58,0.5,2991.38,5,1,2,1,Recent Customers
14029.0,64,0.5,2974.94,5,1,2,1,Recent Customers
12930.0,79,0.5,4851.17,5,1,2,1,Recent Customers
17460.0,95,0.5,3066.86,5,1,2,1,Recent Customers
17560.0,95,0.5,5478.49,5,1,2,1,Recent Customers
13748.0,96,0.5,5438.9,5,1,2,1,Recent Customers
12816.0,96,0.5,4156.0,5,1,2,1,Recent Customers
14013.0,111,0.5,5644.6,5,1,2,1,Recent Customers
17398.0,115,0.5,5548.99,5,1,2,1,Recent Customers
12693.0,128,0.5,4687.27,5,1,2,1,Recent Customers
18064.0,134,0.5,2846.0,5,1,2,1,Recent Customers
16654.0,142,0.5,3925.65,5,1,2,1,Recent Customers
15577.0,152,0.5,3633.64,5,1,2,1,Recent Customers
14264.0,155,0.5,2841.97,5,1,2,1,Recent Customers
14905.0,158,0.5,5237.75,5,1,2,1,Recent Customers
18062.0,174,0.5,6707.58,5,1,2,1,Recent Customers
14450.0,181,0.5,6706.97,5,1,2,1,Recent Customers
15918.0,191,0.5,6584.14,5,1,2,1,Recent Customers
16838.0,198,0.5,3801.96,5,1,2,1,Recent Customers
16109.0,219,0.5,4820.4,5,1,2,1,Recent Customers
15894.0,254,0.5,6276.55,5,1,2,1,Recent Customers
14479.0,254,0.5,2878.8,5,1,2,1,Recent Customers
13649.0,257,0.5,3781.1,5,1,2,1,Recent Customers
18071.0,258,0.5,5041.6,5,1,2,1,Recent Customers
16250.0,262,0.5,4798.96,5,1,2,1,Recent Customers
12755.0,281,0.5,3809.6,5,1,2,1,Recent Customers
13497.0,283,0.5,3327.0,5,1,2,1,Recent Customers
12778.0,20,0.55,4951.8,5,1,2,1,Recent Customers
15864.0,23,0.55,6930.84,5,1,2,1,Recent Customers
15299.0,68,0.55,3907.01,5,1,2,1,Recent Customers
18211.0,26,0.56,5159.89,5,1,2,1,Recent Customers
17869.0,108,0.56,3047.1,5,1,2,1,Recent Customers
15561.0,12,0.57,4901.59,5,1,2,1,Recent Customers
14342.0,22,0.57,2465.22,5,1,2,1,Recent Customers
14522.0,25,0.57,6020.81,5,1,2,1,Recent Customers
14273.0,52,0.57,4516.57,5,1,2,1,Recent Customers
16955.0,185,0.57,3116.85,5,1,2,1,Recent Customers
14744.0,17,0.58,4176.3,5,1,2,1,Recent Customers
14720.0,6,0.6,5665.42,5,1,2,1,Recent Customers
18127.0,20,0.6,5312.83,5,1,2,1,Recent Customers
16041.0,31,0.6,5860.8,5,1,2,1,Recent Customers
16488.0,34,0.6,3990.94,5,1,2,1,Recent Customers
14997.0,47,0.6,5300.92,5,1,2,1,Recent Customers
17483.0,66,0.6,2917.94,5,1,2,1,Recent Customers
13741.0,72,0.6,3983.29,5,1,2,1,Recent Customers
14973.0,108,0.6,6822.48,5,1,2,1,Recent Customers
15768.0,116,0.6,2770.64,5,1,2,1,Recent Customers
16475.0,144,0.6,6739.3,5,1,2,1,Recent Customers
14021.0,156,0.6,3925.9,5,1,2,1,Recent Customers
17765.0,159,0.6,5732.63,5,1,2,1,Recent Customers
16034.0,197,0.6,3207.3,5,1,2,1,Recent Customers
16943.0,212,0.6,5971.08,5,1,2,1,Recent Customers
17990.0,237,0.6,7268.28,5,1,2,1,Recent Customers
17580.0,253,0.6,5156.22,5,1,2,1,Recent Customers
14077.0,41,0.63,4194.51,5,1,2,1,Recent Customers
17457.0,127,0.63,5749.56,5,1,2,1,Recent Customers
14201.0,61,0.64,4013.3,5,1,2,1,Recent Customers
17666.0,4,0.67,6133.86,5,1,2,1,Recent Customers
18005.0,4,0.67,5281.4,5,1,2,1,Recent Customers
18154.0,4,0.67,3456.2,5,1,2,1,Recent Customers
16915.0,10,0.67,3829.91,5,1,2,1,Recent Customers
12375.0,11,0.67,2839.0,5,1,2,1,Recent Customers
14452.0,11,0.67,7199.4,5,1,2,1,Recent Customers
15714.0,12,0.67,4268.6,5,1,2,1,Recent Customers
15949.0,17,0.67,3738.24,5,1,2,1,Recent Customers
16365.0,18,0.67,6853.6,5,1,2,1,Recent Customers
17888.0,22,0.67,6750.4,5,1,2,1,Recent Customers
14820.0,22,0.67,3221.7,5,1,2,1,Recent Customers
14508.0,23,0.67,6059.68,5,1,2,1,Recent Customers
15287.0,23,0.67,5843.25,5,1,2,1,Recent Customers
16999.0,24,0.67,5613.05,5,1,2,1,Recent Customers
12832.0,33,0.67,5857.47,5,1,2,1,Recent Customers
18205.0,37,0.67,6460.28,5,1,2,1,Recent Customers
15469.0,51,0.67,4159.25,5,1,2,1,Recent Customers
13805.0,53,0.67,5971.96,5,1,2,1,Recent Customers
13919.0,60,0.67,4185.06,5,1,2,1,Recent Customers
13220.0,79,0.67,2944.08,5,1,2,1,Recent Customers
17229.0,97,0.67,6996.31,5,1,2,1,Recent Customers
15624.0,117,0.67,4836.34,5,1,2,1,Recent Customers
17926.0,134,0.67,3773.9,5,1,2,1,Recent Customers
16091.0,155,0.67,2834.98,5,1,2,1,Recent Customers
18142.0,158,0.67,6964.56,5,1,2,1,Recent Customers
17630.0,170,0.67,3108.1,5,1,2,1,Recent Customers
13005.0,174,0.67,4315.5,5,1,2,1,Recent Customers
15912.0,179,0.67,2405.27,5,1,2,1,Recent Customers
13811.0,184,0.67,2598.75,5,1,2,1,Recent Customers
17454.0,193,0.67,7245.69,5,1,2,1,Recent Customers
15882.0,199,0.67,4809.62,5,1,2,1,Recent Customers
15648.0,205,0.67,5676.35,5,1,2,1,Recent Customers
14620.0,206,0.67,4569.28,5,1,2,1,Recent Customers
18218.0,212,0.67,6713.58,5,1,2,1,Recent Customers
15092.0,216,0.67,6165.78,5,1,2,1,Recent Customers
18078.0,218,0.67,5262.26,5,1,2,1,Recent Customers
17374.0,219,0.67,6194.85,5,1,2,1,Recent Customers
12582.0,239,0.67,3492.56,5,1,2,1,Recent Customers
17362.0,240,0.67,4578.16,5,1,2,1,Recent Customers
17035.0,246,0.67,5369.96,5,1,2,1,Recent Customers
17223.0,311,0.67,5179.86,5,1,2,1,Recent Customers
14496.0,312,0.67,2982.28,5,1,2,1,Recent Customers
13538.0,44,0.7,5237.25,5,1,2,1,Recent Customers
16682.0,5,0.71,6780.28,5,1,2,1,Recent Customers
15344.0,1,0.75,2401.68,5,1,2,1,Recent Customers
16359.0,8,0.75,6638.5,5,1,2,1,Recent Customers
16330.0,18,0.75,4496.73,5,1,2,1,Recent Customers
14712.0,30,0.75,6994.07,5,1,2,1,Recent Customers
17892.0,57,0.75,2652.7,5,1,2,1,Recent Customers
13827.0,58,0.75,7217.99,5,1,2,1,Recent Customers
12593.0,109,0.75,2910.5,5,1,2,1,Recent Customers
17429.0,129,0.75,6077.14,5,1,2,1,Recent Customers
15643.0,192,0.75,5133.05,5,1,2,1,Recent Customers
17848.0,129,0.78,3161.83,5,1,2,1,Recent Customers
16774.0,68,0.8,7368.92,5,1,2,1,Recent Customers
18232.0,82,0.8,5452.45,5,1,2,1,Recent Customers
15777.0,242,0.8,4390.92,5,1,2,1,Recent Customers
15267.0,23,0.83,6362.0,5,1,2,1,Recent Customers
13575.0,24,0.83,6963.5,5,1,2,1,Recent Customers
18135.0,30,0.83,2447.44,5,1,2,1,Recent Customers
13524.0,41,0.83,3667.02,5,1,2,1,Recent Customers
16419.0,113,0.86,5957.65,5,1,2,1,Recent Customers
13549.0,26,0.88,6661.1,5,1,2,1,Recent Customers
14344.0,128,0.89,6706.4,5,1,2,1,Recent Customers
17402.0,5,0.92,5758.48,5,1,2,1,Recent Customers
16322.0,2,1.0,6238.89,5,1,2,1,Recent Customers
15520.0,2,1.0,6183.0,5,1,2,1,Recent Customers
15195.0,3,1.0,3861.0,5,1,2,1,Recent Customers
14204.0,3,1.0,5820.36,5,1,2,1,Recent Customers
16528.0,4,1.0,2646.84,5,1,2,1,Recent Customers
12650.0,4,1.0,4606.36,5,1,2,1,Recent Customers
14578.0,4,1.0,4047.12,5,1,2,1,Recent Customers
15097.0,5,1.0,6202.0,5,1,2,1,Recent Customers
18015.0,5,1.0,5521.38,5,1,2,1,Recent Customers
12827.0,6,1.0,4328.25,5,1,2,1,Recent Customers
13153.0,6,1.0,7293.3,5,1,2,1,Recent Customers
15773.0,6,1.0,6356.8,5,1,2,1,Recent Customers
16989.0,8,1.0,6279.45,5,1,2,1,Recent Customers
17495.0,8,1.0,6069.02,5,1,2,1,Recent Customers
12558.0,8,1.0,2969.56,5,1,2,1,Recent Customers
13560.0,8,1.0,5754.21,5,1,2,1,Recent Customers
14804.0,9,1.0,2725.2,5,1,2,1,Recent Customers
15904.0,9,1.0,4197.17,5,1,2,1,Recent Customers
15611.0,10,1.0,4829.1,5,1,2,1,Recent Customers
12953.0,10,1.0,4124.25,5,1,2,1,Recent Customers
13349.0,11,1.0,2959.8,5,1,2,1,Recent Customers
15148.0,11,1.0,6025.8,5,1,2,1,Recent Customers
15783.0,11,1.0,3448.2,5,1,2,1,Recent Customers
15790.0,11,1.0,5747.4,5,1,2,1,Recent Customers
14349.0,11,1.0,3750.0,5,1,2,1,Recent Customers
13844.0,12,1.0,7232.4,5,1,2,1,Recent Customers
12660.0,12,1.0,2725.2,5,1,2,1,Recent Customers
15540.0,12,1.0,3199.5,5,1,2,1,Recent Customers
14480.0,12,1.0,3627.65,5,1,2,1,Recent Customers
17557.0,15,1.0,7297.1,5,1,2,1,Recent Customers
14703.0,15,1.0,6999.74,5,1,2,1,Recent Customers
14966.0,15,1.0,7270.16,5,1,2,1,Recent Customers
13332.0,15,1.0,6768.0,5,1,2,1,Recent Customers
16157.0,16,1.0,3947.73,5,1,2,1,Recent Customers
16482.0,16,1.0,3971.16,5,1,2,1,Recent Customers
17767.0,16,1.0,5695.2,5,1,2,1,Recent Customers
12452.0,17,1.0,6671.4,5,1,2,1,Recent Customers
17453.0,18,1.0,4265.73,5,1,2,1,Recent Customers
15699.0,18,1.0,3036.6,5,1,2,1,Recent Customers
16956.0,18,1.0,3150.56,5,1,2,1,Recent Customers
13322.0,18,1.0,4987.0,5,1,2,1,Recent Customers
17297.0,18,1.0,4962.24,5,1,2,1,Recent Customers
13986.0,18,1.0,4165.98,5,1,2,1,Recent Customers
12920.0,18,1.0,3388.58,5,1,2,1,Recent Customers
15634.0,18,1.0,3653.25,5,1,2,1,Recent Customers
16366.0,19,1.0,4510.4,5,1,2,1,Recent Customers
15857.0,19,1.0,4158.0,5,1,2,1,Recent Customers
15115.0,19,1.0,4298.58,5,1,2,1,Recent Customers
15963.0,20,1.0,6329.58,5,1,2,1,Recent Customers
14881.0,20,1.0,4341.8,5,1,2,1,Recent Customers
17561.0,20,1.0,6980.4,5,1,2,1,Recent Customers
15988.0,20,1.0,2817.12,5,1,2,1,Recent Customers
14950.0,20,1.0,2922.0,5,1,2,1,Recent Customers
16666.0,20,1.0,3807.36,5,1,2,1,Recent Customers
17636.0,20,1.0,5711.2,5,1,2,1,Recent Customers
13142.0,20,1.0,6099.28,5,1,2,1,Recent Customers
13094.0,22,1.0,4408.2,5,1,2,1,Recent Customers
17286.0,22,1.0,6398.48,5,1,2,1,Recent Customers
17904.0,22,1.0,4422.95,5,1,2,1,Recent Customers
14793.0,22,1.0,3205.86,5,1,2,1,Recent Customers
14416.0,23,1.0,4358.66,5,1,2,1,Recent Customers
14362.0,23,1.0,5938.0,5,1,2,1,Recent Customers
13828.0,23,1.0,3142.35,5,1,2,1,Recent Customers
15435.0,23,1.0,3397.68,5,1,2,1,Recent Customers
13816.0,24,1.0,5985.9,5,1,2,1,Recent Customers
13449.0,24,1.0,5545.72,5,1,2,1,Recent Customers
17564.0,25,1.0,7302.71,5,1,2,1,Recent Customers
16423.0,25,1.0,6230.16,5,1,2,1,Recent Customers
17510.0,25,1.0,5376.62,5,1,2,1,Recent Customers
17153.0,25,1.0,2992.92,5,1,2,1,Recent Customers
15556.0,25,1.0,7289.73,5,1,2,1,Recent Customers
17081.0,26,1.0,7196.58,5,1,2,1,Recent Customers
14902.0,26,1.0,6653.2,5,1,2,1,Recent Customers
16207.0,26,1.0,5276.46,5,1,2,1,Recent Customers
17044.0,26,1.0,5690.88,5,1,2,1,Recent Customers
13170.0,27,1.0,3712.32,5,1,2,1,Recent Customers
13146.0,27,1.0,3891.47,5,1,2,1,Recent Customers
13603.0,27,1.0,3236.0,5,1,2,1,Recent Customers
16720.0,27,1.0,4191.48,5,1,2,1,Recent Customers
15557.0,29,1.0,6307.0,5,1,2,1,Recent Customers
16433.0,29,1.0,3132.42,5,1,2,1,Recent Customers
18014.0,29,1.0,5325.44,5,1,2,1,Recent Customers
13091.0,29,1.0,7262.22,5,1,2,1,Recent Customers
17573.0,30,1.0,4508.38,5,1,2,1,Recent Customers
17977.0,30,1.0,3788.41,5,1,2,1,Recent Customers
14863.0,30,1.0,2934.36,5,1,2,1,Recent Customers
12538.0,30,1.0,6483.0,5,1,2,1,Recent Customers
12893.0,31,1.0,6396.76,5,1,2,1,Recent Customers
17011.0,31,1.0,4063.5,5,1,2,1,Recent Customers
12532.0,31,1.0,4707.45,5,1,2,1,Recent Customers
17038.0,31,1.0,2472.8,5,1,2,1,Recent Customers
14968.0,31,1.0,5007.24,5,1,2,1,Recent Customers
17219.0,32,1.0,2855.75,5,1,2,1,Recent Customers
16505.0,32,1.0,3110.4,5,1,2,1,Recent Customers
15153.0,32,1.0,5318.1,5,1,2,1,Recent Customers
15330.0,33,1.0,4536.0,5,1,2,1,Recent Customers
16243.0,34,1.0,5271.7,5,1,2,1,Recent Customers
14174.0,34,1.0,3112.75,5,1,2,1,Recent Customers
15010.0,36,1.0,5627.61,5,1,2,1,Recent Customers
16318.0,36,1.0,6234.85,5,1,2,1,Recent Customers
17274.0,36,1.0,3023.46,5,1,2,1,Recent Customers
15597.0,36,1.0,7140.54,5,1,2,1,Recent Customers
17233.0,36,1.0,3981.12,5,1,2,1,Recent Customers
16887.0,36,1.0,7210.56,5,1,2,1,Recent Customers
14098.0,37,1.0,3094.35,5,1,2,1,Recent Customers
16914.0,37,1.0,6251.35,5,1,2,1,Recent Customers
12544.0,37,1.0,5700.6,5,1,2,1,Recent Customers
14528.0,38,1.0,5902.74,5,1,2,1,Recent Customers
14485.0,39,1.0,6628.5,5,1,2,1,Recent Customers
16971.0,39,1.0,3858.26,5,1,2,1,Recent Customers
15360.0,40,1.0,5563.09,5,1,2,1,Recent Customers
15667.0,40,1.0,3917.16,5,1,2,1,Recent Customers
16601.0,41,1.0,4957.4,5,1,2,1,Recent Customers
15748.0,41,1.0,2787.2,5,1,2,1,Recent Customers
15385.0,41,1.0,3802.56,5,1,2,1,Recent Customers
13812.0,43,1.0,6319.5,5,1,2,1,Recent Customers
12895.0,43,1.0,3850.7,5,1,2,1,Recent Customers
16648.0,43,1.0,5522.54,5,1,2,1,Recent Customers
18261.0,44,1.0,3604.54,5,1,2,1,Recent Customers
13416.0,44,1.0,4208.5,5,1,2,1,Recent Customers
15659.0,44,1.0,3370.95,5,1,2,1,Recent Customers
18276.0,44,1.0,4702.04,5,1,2,1,Recent Customers
17684.0,44,1.0,3045.14,5,1,2,1,Recent Customers
12812.0,45,1.0,3444.6,5,1,2,1,Recent Customers
16071.0,45,1.0,5686.51,5,1,2,1,Recent Customers
12448.0,45,1.0,6009.0,5,1,2,1,Recent Customers
15345.0,46,1.0,2995.07,5,1,2,1,Recent Customers
15158.0,46,1.0,2809.8,5,1,2,1,Recent Customers
15277.0,47,1.0,3070.8,5,1,2,1,Recent Customers
17344.0,47,1.0,4202.67,5,1,2,1,Recent Customers
18240.0,47,1.0,2535.48,5,1,2,1,Recent Customers
16017.0,48,1.0,5160.9,5,1,2,1,Recent Customers
13598.0,48,1.0,5392.96,5,1,2,1,Recent Customers
17111.0,48,1.0,6963.19,5,1,2,1,Recent Customers
17836.0,48,1.0,2645.04,5,1,2,1,Recent Customers
14967.0,50,1.0,2782.8,5,1,2,1,Recent Customers
14638.0,51,1.0,5622.4,5,1,2,1,Recent Customers
15664.0,51,1.0,4671.45,5,1,2,1,Recent Customers
13245.0,51,1.0,2858.35,5,1,2,1,Recent Customers
14484.0,51,1.0,4506.88,5,1,2,1,Recent Customers
13897.0,51,1.0,5289.72,5,1,2,1,Recent Customers
14585.0,51,1.0,4159.4,5,1,2,1,Recent Customers
17125.0,51,1.0,6961.5,5,1,2,1,Recent Customers
16123.0,52,1.0,4318.2,5,1,2,1,Recent Customers
17973.0,52,1.0,5055.6,5,1,2,1,Recent Customers
15853.0,52,1.0,3324.0,5,1,2,1,Recent Customers
16826.0,52,1.0,6907.95,5,1,2,1,Recent Customers
17824.0,52,1.0,3879.2,5,1,2,1,Recent Customers
15803.0,52,1.0,3326.56,5,1,2,1,Recent Customers
15637.0,53,1.0,3350.4,5,1,2,1,Recent Customers
16848.0,53,1.0,3939.88,5,1,2,1,Recent Customers
15678.0,53,1.0,4232.4,5,1,2,1,Recent Customers
15604.0,53,1.0,3678.63,5,1,2,1,Recent Customers
13923.0,54,1.0,6348.47,5,1,2,1,Recent Customers
16412.0,54,1.0,5314.05,5,1,2,1,Recent Customers
17205.0,54,1.0,4993.04,5,1,2,1,Recent Customers
15335.0,54,1.0,5791.45,5,1,2,1,Recent Customers
15598.0,54,1.0,2907.84,5,1,2,1,Recent Customers
14780.0,55,1.0,5781.04,5,1,2,1,Recent Customers
14537.0,58,1.0,3555.6,5,1,2,1,Recent Customers
14975.0,58,1.0,3079.34,5,1,2,1,Recent Customers
16773.0,58,1.0,4041.0,5,1,2,1,Recent Customers
16793.0,58,1.0,3402.6,5,1,2,1,Recent Customers
17190.0,59,1.0,4495.32,5,1,2,1,Recent Customers
16753.0,59,1.0,7108.86,5,1,2,1,Recent Customers
15193.0,61,1.0,4775.81,5,1,2,1,Recent Customers
16104.0,62,1.0,7042.28,5,1,2,1,Recent Customers
18088.0,62,1.0,4812.12,5,1,2,1,Recent Customers
13193.0,62,1.0,2826.04,5,1,2,1,Recent Customers
12519.0,64,1.0,4045.44,5,1,2,1,Recent Customers
13587.0,64,1.0,2891.0,5,1,2,1,Recent Customers
13419.0,64,1.0,3536.96,5,1,2,1,Recent Customers
13689.0,64,1.0,5460.0,5,1,2,1,Recent Customers
13845.0,65,1.0,2816.82,5,1,2,1,Recent Customers
15837.0,65,1.0,6652.6,5,1,2,1,Recent Customers
13177.0,65,1.0,4801.65,5,1,2,1,Recent Customers
13504.0,65,1.0,4949.12,5,1,2,1,Recent Customers
12923.0,65,1.0,4397.96,5,1,2,1,Recent Customers
15766.0,65,1.0,2895.6,5,1,2,1,Recent Customers
13348.0,65,1.0,3272.64,5,1,2,1,Recent Customers
15127.0,66,1.0,6504.48,5,1,2,1,Recent Customers
16758.0,66,1.0,5526.72,5,1,2,1,Recent Customers
18033.0,66,1.0,3330.98,5,1,2,1,Recent Customers
13801.0,67,1.0,4997.0,5,1,2,1,Recent Customers
14184.0,67,1.0,5016.53,5,1,2,1,Recent Customers
13351.0,67,1.0,4859.1,5,1,2,1,Recent Customers
15739.0,67,1.0,3592.96,5,1,2,1,Recent Customers
17957.0,67,1.0,3462.08,5,1,2,1,Recent Customers
15276.0,67,1.0,6467.31,5,1,2,1,Recent Customers
16183.0,68,1.0,5080.65,5,1,2,1,Recent Customers
15774.0,69,1.0,4155.9,5,1,2,1,Recent Customers
18008.0,71,1.0,3410.68,5,1,2,1,Recent Customers
18053.0,71,1.0,5377.38,5,1,2,1,Recent Customers
15185.0,71,1.0,4614.4,5,1,2,1,Recent Customers
16404.0,71,1.0,5633.1,5,1,2,1,Recent Customers
16589.0,72,1.0,6043.2,5,1,2,1,Recent Customers
15175.0,72,1.0,5155.22,5,1,2,1,Recent Customers
13886.0,72,1.0,3059.84,5,1,2,1,Recent Customers
13503.0,72,1.0,3087.2,5,1,2,1,Recent Customers
12718.0,72,1.0,3099.95,5,1,2,1,Recent Customers
12703.0,72,1.0,5311.0,5,1,2,1,Recent Customers
17370.0,73,1.0,3457.68,5,1,2,1,Recent Customers
13061.0,73,1.0,2486.1,5,1,2,1,Recent Customers
17513.0,73,1.0,3079.2,5,1,2,1,Recent Customers
16909.0,73,1.0,6824.52,5,1,2,1,Recent Customers
17805.0,74,1.0,5123.1,5,1,2,1,Recent Customers
16181.0,74,1.0,3360.94,5,1,2,1,Recent Customers
13390.0,75,1.0,5096.16,5,1,2,1,Recent Customers
13927.0,75,1.0,7328.79,5,1,2,1,Recent Customers
15243.0,75,1.0,6966.96,5,1,2,1,Recent Customers
17506.0,76,1.0,4230.8,5,1,2,1,Recent Customers
17498.0,76,1.0,4627.74,5,1,2,1,Recent Customers
16594.0,76,1.0,6857.06,5,1,2,1,Recent Customers
14757.0,76,1.0,7119.0,5,1,2,1,Recent Customers
16198.0,76,1.0,4150.64,5,1,2,1,Recent Customers
18066.0,76,1.0,3180.0,5,1,2,1,Recent Customers
13127.0,78,1.0,3887.55,5,1,2,1,Recent Customers
14652.0,78,1.0,2545.56,5,1,2,1,Recent Customers
17172.0,79,1.0,4766.4,5,1,2,1,Recent Customers
16715.0,79,1.0,5732.68,5,1,2,1,Recent Customers
17475.0,80,1.0,2721.18,5,1,2,1,Recent Customers
14951.0,80,1.0,5195.36,5,1,2,1,Recent Customers
16215.0,81,1.0,2638.8,5,1,2,1,Recent Customers
13774.0,82,1.0,6931.05,5,1,2,1,Recent Customers
16527.0,82,1.0,3192.84,5,1,2,1,Recent Customers
18194.0,83,1.0,6816.88,5,1,2,1,Recent Customers
15523.0,85,1.0,3631.59,5,1,2,1,Recent Customers
14177.0,87,1.0,4305.26,5,1,2,1,Recent Customers
14660.0,87,1.0,3519.75,5,1,2,1,Recent Customers
17640.0,87,1.0,3108.3,5,1,2,1,Recent Customers
12566.0,87,1.0,3612.75,5,1,2,1,Recent Customers
16451.0,88,1.0,3737.58,5,1,2,1,Recent Customers
15343.0,88,1.0,4011.2,5,1,2,1,Recent Customers
16211.0,89,1.0,6584.4,5,1,2,1,Recent Customers
15035.0,90,1.0,6823.71,5,1,2,1,Recent Customers
13372.0,90,1.0,6118.8,5,1,2,1,Recent Customers
16796.0,90,1.0,5501.16,5,1,2,1,Recent Customers
18215.0,90,1.0,3891.42,5,1,2,1,Recent Customers
13441.0,92,1.0,3856.32,5,1,2,1,Recent Customers
15652.0,92,1.0,6356.8,5,1,2,1,Recent Customers
13889.0,93,1.0,6253.5,5,1,2,1,Recent Customers
18222.0,93,1.0,6409.85,5,1,2,1,Recent Customers
15885.0,94,1.0,3361.15,5,1,2,1,Recent Customers
16761.0,97,1.0,4116.06,5,1,2,1,Recent Customers
12851.0,97,1.0,5197.44,5,1,2,1,Recent Customers
18027.0,99,1.0,2421.51,5,1,2,1,Recent Customers
12436.0,100,1.0,6435.15,5,1,2,1,Recent Customers
13045.0,100,1.0,5495.04,5,1,2,1,Recent Customers
16278.0,101,1.0,3885.28,5,1,2,1,Recent Customers
14055.0,107,1.0,5069.92,5,1,2,1,Recent Customers
12715.0,107,1.0,5477.2,5,1,2,1,Recent Customers
18200.0,107,1.0,5241.6,5,1,2,1,Recent Customers
13411.0,108,1.0,3461.2,5,1,2,1,Recent Customers
14523.0,109,1.0,2514.49,5,1,2,1,Recent Customers
14265.0,110,1.0,4778.76,5,1,2,1,Recent Customers
13933.0,110,1.0,6984.06,5,1,2,1,Recent Customers
14566.0,111,1.0,5728.0,5,1,2,1,Recent Customers
15396.0,113,1.0,2862.34,5,1,2,1,Recent Customers
17045.0,114,1.0,2522.2,5,1,2,1,Recent Customers
15541.0,115,1.0,2468.77,5,1,2,1,Recent Customers
13621.0,117,1.0,4063.15,5,1,2,1,Recent Customers
16961.0,117,1.0,3278.38,5,1,2,1,Recent Customers
14855.0,120,1.0,6390.6,5,1,2,1,Recent Customers
16292.0,122,1.0,4517.6,5,1,2,1,Recent Customers
14079.0,125,1.0,3332.5,5,1,2,1,Recent Customers
16302.0,127,1.0,2565.42,5,1,2,1,Recent Customers
15254.0,128,1.0,5406.48,5,1,2,1,Recent Customers
18099.0,128,1.0,3197.89,5,1,2,1,Recent Customers
12750.0,129,1.0,2615.76,5,1,2,1,Recent Customers
17353.0,130,1.0,6960.0,5,1,2,1,Recent Customers
17553.0,130,1.0,2975.2,5,1,2,1,Recent Customers
14076.0,130,1.0,4748.4,5,1,2,1,Recent Customers
17053.0,131,1.0,4103.88,5,1,2,1,Recent Customers
15438.0,132,1.0,3153.99,5,1,2,1,Recent Customers
15942.0,134,1.0,3606.48,5,1,2,1,Recent Customers
15120.0,134,1.0,4473.04,5,1,2,1,Recent Customers
16147.0,134,1.0,5220.0,5,1,2,1,Recent Customers
15149.0,134,1.0,7142.55,5,1,2,1,Recent Customers
15776.0,134,1.0,2794.05,5,1,2,1,Recent Customers
15639.0,135,1.0,3776.76,5,1,2,1,Recent Customers
15746.0,135,1.0,5512.64,5,1,2,1,Recent Customers
16696.0,136,1.0,2716.8,5,1,2,1,Recent Customers
15261.0,136,1.0,4841.58,5,1,2,1,Recent Customers
14100.0,138,1.0,5067.4,5,1,2,1,Recent Customers
17694.0,142,1.0,4246.8,5,1,2,1,Recent Customers
15623.0,142,1.0,4440.91,5,1,2,1,Recent Customers
17866.0,143,1.0,2966.85,5,1,2,1,Recent Customers
17962.0,143,1.0,3157.92,5,1,2,1,Recent Customers
12833.0,146,1.0,5812.74,5,1,2,1,Recent Customers
17984.0,146,1.0,6576.71,5,1,2,1,Recent Customers
14722.0,148,1.0,4983.16,5,1,2,1,Recent Customers
14847.0,149,1.0,3412.8,5,1,2,1,Recent Customers
16450.0,150,1.0,3431.12,5,1,2,1,Recent Customers
13678.0,152,1.0,3721.6,5,1,2,1,Recent Customers
12648.0,155,1.0,4850.7,5,1,2,1,Recent Customers
13699.0,156,1.0,4320.12,5,1,2,1,Recent Customers
13338.0,158,1.0,5341.05,5,1,2,1,Recent Customers
18203.0,158,1.0,2413.49,5,1,2,1,Recent Customers
17464.0,159,1.0,2609.64,5,1,2,1,Recent Customers
17899.0,160,1.0,4304.35,5,1,2,1,Recent Customers
17123.0,162,1.0,3107.7,5,1,2,1,Recent Customers
17891.0,163,1.0,6931.24,5,1,2,1,Recent Customers
14327.0,164,1.0,3739.8,5,1,2,1,Recent Customers
12493.0,166,1.0,3444.66,5,1,2,1,Recent Customers
18193.0,166,1.0,2924.74,5,1,2,1,Recent Customers
15258.0,169,1.0,6568.58,5,1,2,1,Recent Customers
15130.0,170,1.0,7262.42,5,1,2,1,Recent Customers
16526.0,172,1.0,2614.26,5,1,2,1,Recent Customers
15921.0,173,1.0,7143.34,5,1,2,1,Recent Customers
15016.0,173,1.0,2525.22,5,1,2,1,Recent Customers
15825.0,173,1.0,4633.92,5,1,2,1,Recent Customers
12980.0,177,1.0,5423.4,5,1,2,1,Recent Customers
16739.0,177,1.0,3481.8,5,1,2,1,Recent Customers
16276.0,177,1.0,4863.6,5,1,2,1,Recent Customers
13343.0,178,1.0,4945.81,5,1,2,1,Recent Customers
18165.0,178,1.0,3024.6,5,1,2,1,Recent Customers
12732.0,180,1.0,2400.86,5,1,2,1,Recent Customers
13663.0,180,1.0,2463.11,5,1,2,1,Recent Customers
16113.0,184,1.0,4217.47,5,1,2,1,Recent Customers
14622.0,185,1.0,6732.18,5,1,2,1,Recent Customers
15609.0,185,1.0,3762.92,5,1,2,1,Recent Customers
13466.0,185,1.0,3937.5,5,1,2,1,Recent Customers
18072.0,186,1.0,4453.92,5,1,2,1,Recent Customers
17987.0,186,1.0,2581.41,5,1,2,1,Recent Customers
13395.0,186,1.0,5516.4,5,1,2,1,Recent Customers
16117.0,190,1.0,5468.68,5,1,2,1,Recent Customers
16967.0,190,1.0,6699.42,5,1,2,1,Recent Customers
17531.0,191,1.0,4153.8,5,1,2,1,Recent Customers
12790.0,193,1.0,3660.44,5,1,2,1,Recent Customers
16810.0,193,1.0,4054.96,5,1,2,1,Recent Customers
13135.0,197,1.0,3096.0,5,1,2,1,Recent Customers
16356.0,198,1.0,3147.15,5,1,2,1,Recent Customers
16763.0,199,1.0,5595.3,5,1,2,1,Recent Customers
16448.0,199,1.0,3104.41,5,1,2,1,Recent Customers
14195.0,202,1.0,2580.0,5,1,2,1,Recent Customers
17176.0,202,1.0,4591.95,5,1,2,1,Recent Customers
14647.0,202,1.0,7296.6,5,1,2,1,Recent Customers
15292.0,202,1.0,2732.94,5,1,2,1,Recent Customers
13887.0,205,1.0,5265.75,5,1,2,1,Recent Customers
12999.0,206,1.0,6585.96,5,1,2,1,Recent Customers
12690.0,206,1.0,3446.43,5,1,2,1,Recent Customers
13976.0,207,1.0,3579.8,5,1,2,1,Recent Customers
13052.0,213,1.0,5749.4,5,1,2,1,Recent Customers
14288.0,214,1.0,5634.0,5,1,2,1,Recent Customers
13990.0,214,1.0,4980.8,5,1,2,1,Recent Customers
16756.0,215,1.0,2566.8,5,1,2,1,Recent Customers
12355.0,215,1.0,4554.0,5,1,2,1,Recent Customers
14304.0,223,1.0,5880.0,5,1,2,1,Recent Customers
15143.0,226,1.0,3114.15,5,1,2,1,Recent Customers
15210.0,226,1.0,4415.04,5,1,2,1,Recent Customers
16698.0,227,1.0,5544.0,5,1,2,1,Recent Customers
16965.0,227,1.0,5230.94,5,1,2,1,Recent Customers
12573.0,228,1.0,4065.93,5,1,2,1,Recent Customers
15517.0,234,1.0,6611.28,5,1,2,1,Recent Customers
17120.0,234,1.0,3591.9,5,1,2,1,Recent Customers
12733.0,235,1.0,6456.45,5,1,2,1,Recent Customers
16217.0,236,1.0,2498.0,5,1,2,1,Recent Customers
18009.0,236,1.0,4946.24,5,1,2,1,Recent Customers
18213.0,237,1.0,3487.2,5,1,2,1,Recent Customers
16193.0,237,1.0,5301.9,5,1,2,1,Recent Customers
17582.0,237,1.0,5082.83,5,1,2,1,Recent Customers
17697.0,237,1.0,4772.0,5,1,2,1,Recent Customers
12639.0,239,1.0,6482.8,5,1,2,1,Recent Customers
17367.0,239,1.0,5276.7,5,1,2,1,Recent Customers
16957.0,240,1.0,3341.36,5,1,2,1,Recent Customers
14206.0,240,1.0,5750.54,5,1,2,1,Recent Customers
17142.0,240,1.0,2567.4,5,1,2,1,Recent Customers
17972.0,242,1.0,2726.92,5,1,2,1,Recent Customers
17278.0,242,1.0,2885.26,5,1,2,1,Recent Customers
13484.0,242,1.0,2510.4,5,1,2,1,Recent Customers
14311.0,243,1.0,2982.14,5,1,2,1,Recent Customers
14339.0,243,1.0,4333.28,5,1,2,1,Recent Customers
13570.0,244,1.0,5709.34,5,1,2,1,Recent Customers
14619.0,246,1.0,5595.38,5,1,2,1,Recent Customers
15109.0,246,1.0,6543.0,5,1,2,1,Recent Customers
16378.0,248,1.0,3098.2,5,1,2,1,Recent Customers
13863.0,248,1.0,4767.84,5,1,2,1,Recent Customers
16586.0,249,1.0,2533.65,5,1,2,1,Recent Customers
16105.0,249,1.0,4380.48,5,1,2,1,Recent Customers
17492.0,249,1.0,3699.52,5,1,2,1,Recent Customers
18185.0,250,1.0,2999.5,5,1,2,1,Recent Customers
14747.0,250,1.0,3145.1,5,1,2,1,Recent Customers
14886.0,253,1.0,5525.0,5,1,2,1,Recent Customers
13626.0,253,1.0,4887.37,5,1,2,1,Recent Customers
17701.0,253,1.0,6164.55,5,1,2,1,Recent Customers
17438.0,254,1.0,5199.75,5,1,2,1,Recent Customers
13060.0,254,1.0,4612.95,5,1,2,1,Recent Customers
18108.0,255,1.0,3992.0,5,1,2,1,Recent Customers
15528.0,255,1.0,5484.5,5,1,2,1,Recent Customers
13803.0,256,1.0,4710.19,5,1,2,1,Recent Customers
14476.0,258,1.0,3703.5,5,1,2,1,Recent Customers
13512.0,261,1.0,2970.63,5,1,2,1,Recent Customers
14348.0,261,1.0,6624.39,5,1,2,1,Recent Customers
12811.0,262,1.0,6174.75,5,1,2,1,Recent Customers
13239.0,262,1.0,6920.76,5,1,2,1,Recent Customers
14870.0,262,1.0,4254.25,5,1,2,1,Recent Customers
12564.0,262,1.0,6336.9,5,1,2,1,Recent Customers
16135.0,263,1.0,6262.4,5,1,2,1,Recent Customers
16619.0,264,1.0,3166.94,5,1,2,1,Recent Customers
14762.0,264,1.0,6310.92,5,1,2,1,Recent Customers
17678.0,264,1.0,4769.76,5,1,2,1,Recent Customers
15408.0,265,1.0,4581.36,5,1,2,1,Recent Customers
14041.0,267,1.0,2969.61,5,1,2,1,Recent Customers
14633.0,267,1.0,3768.0,5,1,2,1,Recent Customers
16377.0,268,1.0,3381.0,5,1,2,1,Recent Customers
13261.0,269,1.0,5300.7,5,1,2,1,Recent Customers
16297.0,269,1.0,5413.1,5,1,2,1,Recent Customers
17542.0,270,1.0,3114.1,5,1,2,1,Recent Customers
13716.0,270,1.0,2903.88,5,1,2,1,Recent Customers
13043.0,274,1.0,2630.56,5,1,2,1,Recent Customers
16471.0,275,1.0,2911.35,5,1,2,1,Recent Customers
15308.0,275,1.0,3969.12,5,1,2,1,Recent Customers
14350.0,275,1.0,5092.74,5,1,2,1,Recent Customers
17138.0,276,1.0,6400.0,5,1,2,1,Recent Customers
15234.0,277,1.0,2758.0,5,1,2,1,Recent Customers
14586.0,277,1.0,4509.84,5,1,2,1,Recent Customers
12623.0,277,1.0,4574.7,5,1,2,1,Recent Customers
12614.0,278,1.0,4519.45,5,1,2,1,Recent Customers
14012.0,278,1.0,3616.8,5,1,2,1,Recent Customers
16517.0,278,1.0,2765.9,5,1,2,1,Recent Customers
14779.0,281,1.0,3037.8,5,1,2,1,Recent Customers
13382.0,281,1.0,2982.56,5,1,2,1,Recent Customers
15087.0,282,1.0,4604.1,5,1,2,1,Recent Customers
16159.0,282,1.0,4874.8,5,1,2,1,Recent Customers
12834.0,283,1.0,5622.84,5,1,2,1,Recent Customers
13345.0,288,1.0,5094.9,5,1,2,1,Recent Customers
12945.0,289,1.0,5748.55,5,1,2,1,Recent Customers
18056.0,289,1.0,4992.9,5,1,2,1,Recent Customers
15543.0,289,1.0,3183.57,5,1,2,1,Recent Customers
13751.0,289,1.0,2666.25,5,1,2,1,Recent Customers
17171.0,290,1.0,2991.15,5,1,2,1,Recent Customers
18087.0,291,1.0,3202.92,5,1,2,1,Recent Customers
18114.0,291,1.0,4242.5,5,1,2,1,Recent Customers
12365.0,292,1.0,6158.8,5,1,2,1,Recent Customers
12852.0,295,1.0,3962.25,5,1,2,1,Recent Customers
15236.0,299,1.0,4815.75,5,1,2,1,Recent Customers
16897.0,300,1.0,4222.5,5,1,2,1,Recent Customers
18159.0,302,1.0,5202.9,5,1,2,1,Recent Customers
13706.0,303,1.0,5526.91,5,1,2,1,Recent Customers
14431.0,303,1.0,4919.04,5,1,2,1,Recent Customers
12561.0,303,1.0,3821.6,5,1,2,1,Recent Customers
16425.0,303,1.0,5105.3,5,1,2,1,Recent Customers
15970.0,304,1.0,3455.1,5,1,2,1,Recent Customers
17843.0,304,1.0,6073.42,5,1,2,1,Recent Customers
17859.0,305,1.0,3705.25,5,1,2,1,Recent Customers
14600.0,306,1.0,7135.38,5,1,2,1,Recent Customers
12410.0,309,1.0,5405.28,5,1,2,1,Recent Customers
12559.0,311,1.0,7004.97,5,1,2,1,Recent Customers
18250.0,311,1.0,5292.36,5,1,2,1,Recent Customers
12350.0,311,1.0,4710.4,5,1,2,1,Recent Customers
17356.0,312,1.0,3386.18,5,1,2,1,Recent Customers
14850.0,312,1.0,6345.0,5,1,2,1,Recent Customers
13494.0,312,1.0,5692.68,5,1,2,1,Recent Customers
12373.0,312,1.0,4219.8,5,1,2,1,Recent Customers
17239.0,313,1.0,4455.1,5,1,2,1,Recent Customers
13600.0,313,1.0,3144.06,5,1,2,1,Recent Customers
13506.0,317,1.0,6075.32,5,1,2,1,Recent Customers
15222.0,319,1.0,2925.0,5,1,2,1,Recent Customers
15820.0,320,1.0,3518.66,5,1,2,1,Recent Customers
15052.0,320,1.0,3940.52,5,1,2,1,Recent Customers
15167.0,321,1.0,6180.0,5,1,2,1,Recent Customers
14068.0,321,1.0,5474.7,5,1,2,1,Recent Customers
17094.0,323,1.0,4228.0,5,1,2,1,Recent Customers
13008.0,324,1.0,3212.58,5,1,2,1,Recent Customers
13859.0,327,1.0,4491.76,5,1,2,1,Recent Customers
15171.0,332,1.0,6447.5,5,1,2,1,Recent Customers
15346.0,333,1.0,4291.14,5,1,2,1,Recent Customers
17569.0,333,1.0,6401.0,5,1,2,1,Recent Customers
16850.0,334,1.0,6315.79,5,1,2,1,Recent Customers
12793.0,335,1.0,6345.68,5,1,2,1,Recent Customers
13187.0,338,1.0,5691.84,5,1,2,1,Recent Customers
13304.0,352,1.0,5709.4,5,1,2,1,Recent Customers
15279.0,355,1.0,4430.37,5,1,2,1,Recent Customers
17343.0,356,1.0,2827.04,5,1,2,1,Recent Customers
13874.0,359,1.0,4935.75,5,1,2,1,Recent Customers
17525.0,360,1.0,3804.3,5,1,2,1,Recent Customers
16202.0,361,1.0,5559.34,5,1,2,1,Recent Customers
17194.0,361,1.0,4868.88,5,1,2,1,Recent Customers
16812.0,361,1.0,2449.8,5,1,2,1,Recent Customers
15361.0,362,1.0,2932.44,5,1,2,1,Recent Customers
14413.0,363,1.0,2480.5,5,1,2,1,Recent Customers
18004.0,363,1.0,5615.26,5,1,2,1,Recent Customers
15454.0,363,1.0,3772.8,5,1,2,1,Recent Customers
14082.0,365,1.0,5285.25,5,1,2,1,Recent Customers
15723.0,365,1.0,6930.0,5,1,2,1,Recent Customers
12785.0,365,1.0,2868.0,5,1,2,1,Recent Customers
13369.0,366,1.0,2860.56,5,1,2,1,Recent Customers
14932.0,366,1.0,3065.79,5,1,2,1,Recent Customers
17978.0,366,1.0,3611.04,5,1,2,1,Recent Customers
17456.0,366,1.0,4247.62,5,1,2,1,Recent Customers
16893.0,367,1.0,5419.29,5,1,2,1,Recent Customers
18119.0,368,1.0,4498.76,5,1,2,1,Recent Customers
16125.0,368,1.0,3761.55,5,1,2,1,Recent Customers
16858.0,369,1.0,3756.9,5,1,2,1,Recent Customers
17967.0,372,1.0,4848.99,5,1,2,1,Recent Customers
17732.0,373,1.0,3814.8,5,1,2,1,Recent Customers
17855.0,373,1.0,3184.32,5,1,2,1,Recent Customers
15363.0,373,1.0,5216.0,5,1,2,1,Recent Customers
16781.0,373,1.0,4740.8,5,1,2,1,Recent Customers
16754.0,373,1.0,4004.8,5,1,2,1,Recent Customers
18074.0,374,1.0,4141.5,5,1,2,1,Recent Customers
16583.0,374,1.0,3268.3,5,1,2,1,Recent Customers
15922.0,374,1.0,3440.0,5,1,2,1,Recent Customers
14142.0,374,1.0,6191.01,5,1,2,1,Recent Customers
18011.0,374,1.0,2506.68,5,1,2,1,Recent Customers
13323.0,4,1.25,3331.75,5,1,2,1,Recent Customers
14560.0,8,1.31,5642.55,5,1,2,1,Recent Customers
14910.0,3,1.33,3348.96,5,1,2,1,Recent Customers
13247.0,18,1.33,5093.13,5,1,2,1,Recent Customers
12883.0,25,1.33,6403.6,5,1,2,1,Recent Customers
13925.0,93,1.33,7163.52,5,1,2,1,Recent Customers
14176.0,298,1.33,4398.9,5,1,2,1,Recent Customers
13963.0,309,1.33,5734.3,5,1,2,1,Recent Customers
16266.0,74,1.4,5919.44,5,1,2,1,Recent Customers
13318.0,2,1.5,4000.8,5,1,2,1,Recent Customers
17835.0,3,1.5,7168.8,5,1,2,1,Recent Customers
14126.0,8,1.5,3257.06,5,1,2,1,Recent Customers
12498.0,22,1.5,3351.9,5,1,2,1,Recent Customers
16478.0,26,1.5,2740.4,5,1,2,1,Recent Customers
16174.0,127,1.5,4738.2,5,1,2,1,Recent Customers
17723.0,128,1.5,4933.9,5,1,2,1,Recent Customers
14823.0,181,1.5,5427.76,5,1,2,1,Recent Customers
17550.0,198,1.5,4353.91,5,1,2,1,Recent Customers
15589.0,256,1.5,5040.24,5,1,2,1,Recent Customers
16997.0,289,1.5,2808.0,5,1,2,1,Recent Customers
17770.0,199,1.67,6723.92,5,1,2,1,Recent Customers
15621.0,5,2.0,5513.62,5,1,2,1,Recent Customers
17772.0,11,2.0,5978.62,5,1,2,1,Recent Customers
16479.0,11,2.0,4807.02,5,1,2,1,Recent Customers
17237.0,12,2.0,3420.83,5,1,2,1,Recent Customers
16343.0,17,2.0,6710.39,5,1,2,1,Recent Customers
16352.0,18,2.0,6922.16,5,1,2,1,Recent Customers
14434.0,22,2.0,3126.0,5,1,2,1,Recent Customers
14882.0,27,2.0,3196.4,5,1,2,1,Recent Customers
13727.0,29,2.0,3785.52,5,1,2,1,Recent Customers
16884.0,38,2.0,6078.96,5,1,2,1,Recent Customers
14427.0,51,2.0,5189.44,5,1,2,1,Recent Customers
14624.0,58,2.0,2538.6,5,1,2,1,Recent Customers
12512.0,67,2.0,3945.96,5,1,2,1,Recent Customers
13321.0,73,2.0,2948.0,5,1,2,1,Recent Customers
13434.0,75,2.0,2671.2,5,1,2,1,Recent Customers
16689.0,76,2.0,2611.32,5,1,2,1,Recent Customers
14024.0,122,2.0,3192.15,5,1,2,1,Recent Customers
17935.0,139,2.0,3300.26,5,1,2,1,Recent Customers
18024.0,153,2.0,5643.54,5,1,2,1,Recent Customers
18013.0,156,2.0,5326.38,5,1,2,1,Recent Customers
16484.0,174,2.0,4961.4,5,1,2,1,Recent Customers
15897.0,195,2.0,2560.38,5,1,2,1,Recent Customers
17501.0,221,2.0,3778.95,5,1,2,1,Recent Customers
15223.0,226,2.0,3661.55,5,1,2,1,Recent Customers
15424.0,255,2.0,3260.22,5,1,2,1,Recent Customers
15695.0,267,2.0,5937.39,5,1,2,1,Recent Customers
14570.0,281,2.0,3569.95,5,1,2,1,Recent Customers
17334.0,303,2.0,2975.7,5,1,2,1,Recent Customers
18095.0,313,2.0,6213.6,5,1,2,1,Recent Customers
12735.0,316,2.0,5595.72,5,1,2,1,Recent Customers
15213.0,319,2.0,6920.7,5,1,2,1,Recent Customers
17691.0,359,2.0,2761.5,5,1,2,1,Recent Customers
15224.0,359,2.0,2668.93,5,1,2,1,Recent Customers
17312.0,139,3.0,2463.9,5,1,2,1,Recent Customers
15473.0,15,3.5,3477.6,5,1,2,1,Recent Customers
17502.0,10,4.0,6075.6,5,1,2,1,Recent Customers
17523.0,12,4.0,4628.07,5,1,2,1,Recent Customers
15920.0,155,4.0,3603.88,5,1,2,1,Recent Customers
17955.0,199,4.0,3333.25,5,1,2,1,Recent Customers
15822.0,4,0.15,13277.09,5,1,3,2,Potential Loyalists
13173.0,5,0.15,7570.82,5,1,3,2,Potential Loyalists
14594.0,8,0.15,9886.26,5,1,3,2,Potential Loyalists
12673.0,6,0.17,11445.86,5,1,3,2,Potential Loyalists
13496.0,11,0.17,10419.7,5,1,3,2,Potential Loyalists
13569.0,18,0.17,15547.11,5,1,3,2,Potential Loyalists
16134.0,22,0.17,10893.12,5,1,3,2,Potential Loyalists
13455.0,25,0.17,13857.36,5,1,3,2,Potential Loyalists
16560.0,27,0.17,17838.34,5,1,3,2,Potential Loyalists
17964.0,32,0.17,17068.14,5,1,3,2,Potential Loyalists
14150.0,36,0.17,8608.6,5,1,3,2,Potential Loyalists
17999.0,38,0.17,16327.64,5,1,3,2,Potential Loyalists
15951.0,9,0.18,10827.93,5,1,3,2,Potential Loyalists
17329.0,15,0.18,8649.51,5,1,3,2,Potential Loyalists
15497.0,18,0.18,8616.6,5,1,3,2,Potential Loyalists
15967.0,24,0.18,16335.84,5,1,3,2,Potential Loyalists
15545.0,55,0.18,10128.24,5,1,3,2,Potential Loyalists
13034.0,55,0.18,13373.46,5,1,3,2,Potential Loyalists
17913.0,59,0.18,12178.95,5,1,3,2,Potential Loyalists
15211.0,61,0.18,13966.08,5,1,3,2,Potential Loyalists
16140.0,66,0.18,16638.06,5,1,3,2,Potential Loyalists
14396.0,66,0.18,17236.37,5,1,3,2,Potential Loyalists
17250.0,4,0.2,7555.97,5,1,3,2,Potential Loyalists
14470.0,12,0.2,8141.55,5,1,3,2,Potential Loyalists
14157.0,20,0.2,12211.02,5,1,3,2,Potential Loyalists
15406.0,32,0.2,7917.23,5,1,3,2,Potential Loyalists
15366.0,76,0.2,16041.48,5,1,3,2,Potential Loyalists
16933.0,2,0.22,11219.57,5,1,3,2,Potential Loyalists
14023.0,8,0.22,8462.55,5,1,3,2,Potential Loyalists
16212.0,20,0.22,13251.3,5,1,3,2,Potential Loyalists
13557.0,29,0.22,10031.72,5,1,3,2,Potential Loyalists
13046.0,31,0.22,8412.37,5,1,3,2,Potential Loyalists
14636.0,37,0.22,8518.96,5,1,3,2,Potential Loyalists
17733.0,39,0.22,8998.11,5,1,3,2,Potential Loyalists
17255.0,41,0.22,11137.48,5,1,3,2,Potential Loyalists
14754.0,45,0.22,13235.04,5,1,3,2,Potential Loyalists
14379.0,45,0.22,8763.14,5,1,3,2,Potential Loyalists
16208.0,45,0.22,17204.4,5,1,3,2,Potential Loyalists
15990.0,45,0.22,16375.55,5,1,3,2,Potential Loyalists
17462.0,61,0.22,8143.04,5,1,3,2,Potential Loyalists
16518.0,62,0.22,10081.06,5,1,3,2,Potential Loyalists
12781.0,64,0.22,10376.22,5,1,3,2,Potential Loyalists
16667.0,69,0.22,12204.92,5,1,3,2,Potential Loyalists
13233.0,75,0.22,12994.96,5,1,3,2,Potential Loyalists
15626.0,75,0.22,16023.2,5,1,3,2,Potential Loyalists
17786.0,86,0.22,9755.26,5,1,3,2,Potential Loyalists
17189.0,107,0.22,11393.28,5,1,3,2,Potential Loyalists
13402.0,128,0.22,10999.1,5,1,3,2,Potential Loyalists
14708.0,3,0.23,8309.85,5,1,3,2,Potential Loyalists
16642.0,5,0.25,10458.39,5,1,3,2,Potential Loyalists
15197.0,11,0.25,7586.07,5,1,3,2,Potential Loyalists
16885.0,16,0.25,12034.59,5,1,3,2,Potential Loyalists
14912.0,17,0.25,11764.84,5,1,3,2,Potential Loyalists
17371.0,18,0.25,11825.18,5,1,3,2,Potential Loyalists
16399.0,20,0.25,11809.98,5,1,3,2,Potential Loyalists
17621.0,22,0.25,13503.1,5,1,3,2,Potential Loyalists
17198.0,24,0.25,15601.87,5,1,3,2,Potential Loyalists
13846.0,25,0.25,14714.32,5,1,3,2,Potential Loyalists
13760.0,55,0.25,8181.82,5,1,3,2,Potential Loyalists
14128.0,61,0.25,14069.46,5,1,3,2,Potential Loyalists
14193.0,68,0.25,17904.57,5,1,3,2,Potential Loyalists
16693.0,69,0.25,11089.11,5,1,3,2,Potential Loyalists
12842.0,71,0.25,17865.03,5,1,3,2,Potential Loyalists
12458.0,72,0.25,12506.24,5,1,3,2,Potential Loyalists
16573.0,85,0.25,11492.86,5,1,3,2,Potential Loyalists
12616.0,96,0.25,8353.8,5,1,3,2,Potential Loyalists
16532.0,18,0.27,9355.2,5,1,3,2,Potential Loyalists
17951.0,40,0.27,8023.44,5,1,3,2,Potential Loyalists
17917.0,46,0.27,10148.55,5,1,3,2,Potential Loyalists
16385.0,61,0.27,9277.24,5,1,3,2,Potential Loyalists
13780.0,8,0.29,11020.7,5,1,3,2,Potential Loyalists
17624.0,15,0.29,16971.87,5,1,3,2,Potential Loyalists
17664.0,19,0.29,13071.37,5,1,3,2,Potential Loyalists
13544.0,40,0.29,11207.68,5,1,3,2,Potential Loyalists
15244.0,66,0.29,9862.44,5,1,3,2,Potential Loyalists
13035.0,74,0.29,12829.2,5,1,3,2,Potential Loyalists
14272.0,74,0.29,7787.01,5,1,3,2,Potential Loyalists
16584.0,81,0.29,13105.12,5,1,3,2,Potential Loyalists
15636.0,90,0.29,8752.72,5,1,3,2,Potential Loyalists
16384.0,90,0.29,9678.9,5,1,3,2,Potential Loyalists
15071.0,94,0.29,9292.7,5,1,3,2,Potential Loyalists
15364.0,96,0.29,16111.54,5,1,3,2,Potential Loyalists
13799.0,117,0.29,12026.72,5,1,3,2,Potential Loyalists
14778.0,128,0.29,11368.05,5,1,3,2,Potential Loyalists
12510.0,143,0.29,17369.96,5,1,3,2,Potential Loyalists
13253.0,157,0.29,17628.6,5,1,3,2,Potential Loyalists
15384.0,170,0.29,12450.2,5,1,3,2,Potential Loyalists
14643.0,171,0.29,10743.02,5,1,3,2,Potential Loyalists
15053.0,5,0.3,16366.89,5,1,3,2,Potential Loyalists
12994.0,5,0.3,15000.14,5,1,3,2,Potential Loyalists
14075.0,5,0.3,13475.32,5,1,3,2,Potential Loyalists
13939.0,24,0.3,8268.02,5,1,3,2,Potential Loyalists
14229.0,52,0.3,15755.29,5,1,3,2,Potential Loyalists
17064.0,59,0.3,13434.7,5,1,3,2,Potential Loyalists
18136.0,64,0.3,10090.75,5,1,3,2,Potential Loyalists
12413.0,67,0.3,8895.4,5,1,3,2,Potential Loyalists
16882.0,67,0.3,11401.56,5,1,3,2,Potential Loyalists
17950.0,73,0.3,9172.91,5,1,3,2,Potential Loyalists
13959.0,80,0.3,17215.91,5,1,3,2,Potential Loyalists
17033.0,87,0.3,10172.76,5,1,3,2,Potential Loyalists
16539.0,3,0.31,16830.73,5,1,3,2,Potential Loyalists
14293.0,4,0.31,17090.67,5,1,3,2,Potential Loyalists
14871.0,4,0.31,13513.23,5,1,3,2,Potential Loyalists
14113.0,4,0.31,14930.88,5,1,3,2,Potential Loyalists
14608.0,5,0.31,10277.85,5,1,3,2,Potential Loyalists
15028.0,9,0.31,11811.71,5,1,3,2,Potential Loyalists
16833.0,2,0.33,14281.77,5,1,3,2,Potential Loyalists
12820.0,4,0.33,15010.76,5,1,3,2,Potential Loyalists
13311.0,5,0.33,8013.76,5,1,3,2,Potential Loyalists
12724.0,6,0.33,16054.5,5,1,3,2,Potential Loyalists
17115.0,9,0.33,7609.17,5,1,3,2,Potential Loyalists
16062.0,10,0.33,10776.64,5,1,3,2,Potential Loyalists
17411.0,13,0.33,10412.46,5,1,3,2,Potential Loyalists
17671.0,16,0.33,17625.77,5,1,3,2,Potential Loyalists
17324.0,18,0.33,11824.28,5,1,3,2,Potential Loyalists
12465.0,18,0.33,14809.96,5,1,3,2,Potential Loyalists
12904.0,19,0.33,12140.96,5,1,3,2,Potential Loyalists
15850.0,20,0.33,10978.34,5,1,3,2,Potential Loyalists
16804.0,24,0.33,17639.66,5,1,3,2,Potential Loyalists
17720.0,27,0.33,11657.64,5,1,3,2,Potential Loyalists
14829.0,30,0.33,8038.71,5,1,3,2,Potential Loyalists
12541.0,30,0.33,13900.68,5,1,3,2,Potential Loyalists
15452.0,30,0.33,11248.67,5,1,3,2,Potential Loyalists
15184.0,30,0.33,8477.98,5,1,3,2,Potential Loyalists
15651.0,37,0.33,7560.7,5,1,3,2,Potential Loyalists
15252.0,37,0.33,17414.6,5,1,3,2,Potential Loyalists
16825.0,39,0.33,8513.12,5,1,3,2,Potential Loyalists
17423.0,47,0.33,8678.47,5,1,3,2,Potential Loyalists
14631.0,51,0.33,13415.44,5,1,3,2,Potential Loyalists
14421.0,58,0.33,9715.68,5,1,3,2,Potential Loyalists
18160.0,58,0.33,11178.25,5,1,3,2,Potential Loyalists
12394.0,64,0.33,9939.42,5,1,3,2,Potential Loyalists
15757.0,66,0.33,16871.64,5,1,3,2,Potential Loyalists
17783.0,73,0.33,9342.61,5,1,3,2,Potential Loyalists
14152.0,76,0.33,15256.39,5,1,3,2,Potential Loyalists
14628.0,92,0.33,7545.49,5,1,3,2,Potential Loyalists
16551.0,96,0.33,8226.2,5,1,3,2,Potential Loyalists
12422.0,96,0.33,8639.72,5,1,3,2,Potential Loyalists
16780.0,101,0.33,12920.47,5,1,3,2,Potential Loyalists
15192.0,120,0.33,17797.18,5,1,3,2,Potential Loyalists
18151.0,135,0.33,10458.0,5,1,3,2,Potential Loyalists
13656.0,165,0.33,8393.55,5,1,3,2,Potential Loyalists
12468.0,188,0.33,12336.6,5,1,3,2,Potential Loyalists
14985.0,199,0.33,11986.32,5,1,3,2,Potential Loyalists
14896.0,205,0.33,9961.42,5,1,3,2,Potential Loyalists
14897.0,8,0.36,8997.74,5,1,3,2,Potential Loyalists
13064.0,13,0.36,15996.5,5,1,3,2,Potential Loyalists
17075.0,18,0.36,12653.74,5,1,3,2,Potential Loyalists
14467.0,18,0.36,12039.04,5,1,3,2,Potential Loyalists
16350.0,22,0.36,16111.18,5,1,3,2,Potential Loyalists
12997.0,23,0.36,15041.17,5,1,3,2,Potential Loyalists
14715.0,25,0.36,15526.89,5,1,3,2,Potential Loyalists
17515.0,32,0.36,8525.2,5,1,3,2,Potential Loyalists
17796.0,41,0.36,13997.0,5,1,3,2,Potential Loyalists
15048.0,66,0.36,9313.12,5,1,3,2,Potential Loyalists
15414.0,10,0.38,12098.6,5,1,3,2,Potential Loyalists
13389.0,12,0.38,11016.3,5,1,3,2,Potential Loyalists
18036.0,33,0.38,12745.68,5,1,3,2,Potential Loyalists
16960.0,39,0.38,16472.6,5,1,3,2,Potential Loyalists
15806.0,47,0.38,8458.0,5,1,3,2,Potential Loyalists
16136.0,60,0.38,9303.72,5,1,3,2,Potential Loyalists
13591.0,65,0.38,14461.99,5,1,3,2,Potential Loyalists
14475.0,72,0.38,9331.46,5,1,3,2,Potential Loyalists
14880.0,78,0.38,9437.43,5,1,3,2,Potential Loyalists
13038.0,81,0.38,8801.62,5,1,3,2,Potential Loyalists
17002.0,86,0.38,16563.88,5,1,3,2,Potential Loyalists
14006.0,116,0.38,9232.48,5,1,3,2,Potential Loyalists
17048.0,118,0.38,14537.69,5,1,3,2,Potential Loyalists
12942.0,132,0.38,13288.12,5,1,3,2,Potential Loyalists
14441.0,1,0.4,14828.17,5,1,3,2,Potential Loyalists
15031.0,5,0.4,16344.44,5,1,3,2,Potential Loyalists
13884.0,8,0.4,15595.15,5,1,3,2,Potential Loyalists
17584.0,8,0.4,17026.65,5,1,3,2,Potential Loyalists
16364.0,12,0.4,12308.93,5,1,3,2,Potential Loyalists
16616.0,16,0.4,7689.04,5,1,3,2,Potential Loyalists
17373.0,41,0.4,9481.42,5,1,3,2,Potential Loyalists
15835.0,45,0.4,9752.2,5,1,3,2,Potential Loyalists
14233.0,50,0.4,14571.05,5,1,3,2,Potential Loyalists
16206.0,55,0.4,8279.43,5,1,3,2,Potential Loyalists
14970.0,69,0.4,11499.88,5,1,3,2,Potential Loyalists
15062.0,72,0.4,15074.68,5,1,3,2,Potential Loyalists
16122.0,74,0.4,7729.74,5,1,3,2,Potential Loyalists
12348.0,76,0.4,13230.0,5,1,3,2,Potential Loyalists
15312.0,76,0.4,11624.47,5,1,3,2,Potential Loyalists
16624.0,81,0.4,15782.98,5,1,3,2,Potential Loyalists
13240.0,97,0.4,10449.4,5,1,3,2,Potential Loyalists
16309.0,107,0.4,13337.03,5,1,3,2,Potential Loyalists
14323.0,115,0.4,8835.36,5,1,3,2,Potential Loyalists
17931.0,135,0.4,12385.74,5,1,3,2,Potential Loyalists
13821.0,145,0.4,10715.84,5,1,3,2,Potential Loyalists
16859.0,145,0.4,16834.75,5,1,3,2,Potential Loyalists
15182.0,155,0.4,8752.12,5,1,3,2,Potential Loyalists
14481.0,165,0.4,9640.02,5,1,3,2,Potential Loyalists
16567.0,195,0.4,17268.92,5,1,3,2,Potential Loyalists
14320.0,207,0.4,8319.66,5,1,3,2,Potential Loyalists
17604.0,218,0.4,9332.56,5,1,3,2,Potential Loyalists
15246.0,239,0.4,7846.5,5,1,3,2,Potential Loyalists
13221.0,241,0.4,15176.32,5,1,3,2,Potential Loyalists
17135.0,17,0.42,10309.52,5,1,3,2,Potential Loyalists
15605.0,37,0.42,14670.86,5,1,3,2,Potential Loyalists
17579.0,5,0.43,7580.58,5,1,3,2,Potential Loyalists
13258.0,12,0.43,10820.54,5,1,3,2,Potential Loyalists
13546.0,13,0.43,17723.12,5,1,3,2,Potential Loyalists
13282.0,19,0.43,8730.74,5,1,3,2,Potential Loyalists
16139.0,19,0.43,7602.57,5,1,3,2,Potential Loyalists
15489.0,23,0.43,15002.6,5,1,3,2,Potential Loyalists
15582.0,25,0.43,10419.71,5,1,3,2,Potential Loyalists
17521.0,30,0.43,11435.3,5,1,3,2,Potential Loyalists
18170.0,34,0.43,9103.39,5,1,3,2,Potential Loyalists
16357.0,34,0.43,7729.72,5,1,3,2,Potential Loyalists
16099.0,51,0.43,10585.7,5,1,3,2,Potential Loyalists
17734.0,54,0.43,12376.62,5,1,3,2,Potential Loyalists
14818.0,74,0.43,7898.67,5,1,3,2,Potential Loyalists
15026.0,81,0.43,9734.74,5,1,3,2,Potential Loyalists
13662.0,86,0.43,11832.76,5,1,3,2,Potential Loyalists
14223.0,93,0.43,16956.31,5,1,3,2,Potential Loyalists
15797.0,114,0.43,8173.2,5,1,3,2,Potential Loyalists
14127.0,123,0.43,11393.2,5,1,3,2,Potential Loyalists
15133.0,128,0.43,9012.94,5,1,3,2,Potential Loyalists
17980.0,166,0.43,7951.65,5,1,3,2,Potential Loyalists
17897.0,173,0.43,15702.71,5,1,3,2,Potential Loyalists
15145.0,5,0.44,14193.72,5,1,3,2,Potential Loyalists
14931.0,5,0.44,7821.09,5,1,3,2,Potential Loyalists
17096.0,16,0.44,8548.41,5,1,3,2,Potential Loyalists
14790.0,17,0.44,8470.18,5,1,3,2,Potential Loyalists
15421.0,59,0.44,16669.66,5,1,3,2,Potential Loyalists
14959.0,65,0.44,11490.52,5,1,3,2,Potential Loyalists
15841.0,73,0.44,14120.18,5,1,3,2,Potential Loyalists
12924.0,89,0.44,7648.18,5,1,3,2,Potential Loyalists
17692.0,128,0.44,11365.26,5,1,3,2,Potential Loyalists
14553.0,20,0.45,14306.51,5,1,3,2,Potential Loyalists
15227.0,37,0.45,11856.9,5,1,3,2,Potential Loyalists
16086.0,60,0.45,7719.5,5,1,3,2,Potential Loyalists
13026.0,2,0.5,8889.48,5,1,3,2,Potential Loyalists
14129.0,2,0.5,14304.89,5,1,3,2,Potential Loyalists
14794.0,3,0.5,14617.09,5,1,3,2,Potential Loyalists
17266.0,3,0.5,10410.31,5,1,3,2,Potential Loyalists
16949.0,4,0.5,8895.14,5,1,3,2,Potential Loyalists
16600.0,5,0.5,9085.46,5,1,3,2,Potential Loyalists
12925.0,5,0.5,14353.36,5,1,3,2,Potential Loyalists
12951.0,9,0.5,11401.25,5,1,3,2,Potential Loyalists
15712.0,10,0.5,12498.89,5,1,3,2,Potential Loyalists
13203.0,10,0.5,14207.78,5,1,3,2,Potential Loyalists
12798.0,11,0.5,15012.24,5,1,3,2,Potential Loyalists
14741.0,12,0.5,13643.74,5,1,3,2,Potential Loyalists
17236.0,13,0.5,16343.24,5,1,3,2,Potential Loyalists
17302.0,15,0.5,16051.61,5,1,3,2,Potential Loyalists
13831.0,17,0.5,17699.32,5,1,3,2,Potential Loyalists
12775.0,18,0.5,14458.6,5,1,3,2,Potential Loyalists
15745.0,20,0.5,13676.07,5,1,3,2,Potential Loyalists
13138.0,23,0.5,10721.02,5,1,3,2,Potential Loyalists
13131.0,24,0.5,9304.1,5,1,3,2,Potential Loyalists
12991.0,24,0.5,8480.12,5,1,3,2,Potential Loyalists
13236.0,25,0.5,10567.11,5,1,3,2,Potential Loyalists
13892.0,27,0.5,7742.25,5,1,3,2,Potential Loyalists
14035.0,29,0.5,17096.1,5,1,3,2,Potential Loyalists
12697.0,29,0.5,9980.17,5,1,3,2,Potential Loyalists
15238.0,30,0.5,15739.77,5,1,3,2,Potential Loyalists
12844.0,30,0.5,8522.56,5,1,3,2,Potential Loyalists
16996.0,31,0.5,11443.74,5,1,3,2,Potential Loyalists
14108.0,31,0.5,8435.43,5,1,3,2,Potential Loyalists
17637.0,32,0.5,8305.59,5,1,3,2,Potential Loyalists
13824.0,33,0.5,17348.98,5,1,3,2,Potential Loyalists
16637.0,33,0.5,17001.14,5,1,3,2,Potential Loyalists
15952.0,34,0.5,15837.48,5,1,3,2,Potential Loyalists
13636.0,37,0.5,9720.29,5,1,3,2,Potential Loyalists
13461.0,39,0.5,14063.8,5,1,3,2,Potential Loyalists
14716.0,44,0.5,8852.72,5,1,3,2,Potential Loyalists
14690.0,45,0.5,9539.38,5,1,3,2,Potential Loyalists
16444.0,47,0.5,13007.9,5,1,3,2,Potential Loyalists
14504.0,48,0.5,14466.58,5,1,3,2,Potential Loyalists
13750.0,54,0.5,7871.45,5,1,3,2,Potential Loyalists
16389.0,54,0.5,10506.74,5,1,3,2,Potential Loyalists
18171.0,59,0.5,10786.96,5,1,3,2,Potential Loyalists
12694.0,71,0.5,7478.04,5,1,3,2,Potential Loyalists
12516.0,78,0.5,14232.72,5,1,3,2,Potential Loyalists
17873.0,81,0.5,15461.98,5,1,3,2,Potential Loyalists
12379.0,82,0.5,14767.56,5,1,3,2,Potential Loyalists
12535.0,92,0.5,9131.4,5,1,3,2,Potential Loyalists
13376.0,100,0.5,13651.18,5,1,3,2,Potential Loyalists
16092.0,115,0.5,12134.84,5,1,3,2,Potential Loyalists
15734.0,115,0.5,9824.85,5,1,3,2,Potential Loyalists
13888.0,120,0.5,10214.61,5,1,3,2,Potential Loyalists
16572.0,128,0.5,17164.04,5,1,3,2,Potential Loyalists
13414.0,134,0.5,12449.1,5,1,3,2,Potential Loyalists
12507.0,135,0.5,7484.67,5,1,3,2,Potential Loyalists
14656.0,170,0.5,9723.5,5,1,3,2,Potential Loyalists
17749.0,179,0.5,9011.3,5,1,3,2,Potential Loyalists
17795.0,180,0.5,7540.57,5,1,3,2,Potential Loyalists
14867.0,186,0.5,8202.62,5,1,3,2,Potential Loyalists
17375.0,200,0.5,8130.24,5,1,3,2,Potential Loyalists
15079.0,213,0.5,13776.83,5,1,3,2,Potential Loyalists
17646.0,220,0.5,14785.09,5,1,3,2,Potential Loyalists
16402.0,265,0.5,9937.5,5,1,3,2,Potential Loyalists
16954.0,1,0.54,11752.98,5,1,3,2,Potential Loyalists
17412.0,3,0.54,11524.58,5,1,3,2,Potential Loyalists
13953.0,8,0.54,8464.12,5,1,3,2,Potential Loyalists
17937.0,9,0.54,17540.76,5,1,3,2,Potential Loyalists
14289.0,9,0.55,8410.44,5,1,3,2,Potential Loyalists
13509.0,9,0.55,9324.84,5,1,3,2,Potential Loyalists
12528.0,10,0.55,16442.1,5,1,3,2,Potential Loyalists
13782.0,13,0.55,14572.67,5,1,3,2,Potential Loyalists
17007.0,51,0.55,8040.63,5,1,3,2,Potential Loyalists
15038.0,59,0.55,10433.37,5,1,3,2,Potential Loyalists
17214.0,61,0.55,12091.75,5,1,3,2,Potential Loyalists
13499.0,18,0.56,8973.93,5,1,3,2,Potential Loyalists
15132.0,19,0.56,15470.61,5,1,3,2,Potential Loyalists
15681.0,26,0.56,17760.96,5,1,3,2,Potential Loyalists
17966.0,38,0.56,11188.78,5,1,3,2,Potential Loyalists
13397.0,73,0.56,9564.65,5,1,3,2,Potential Loyalists
16094.0,12,0.57,15296.14,5,1,3,2,Potential Loyalists
17345.0,16,0.57,16074.51,5,1,3,2,Potential Loyalists
15116.0,18,0.57,15142.3,5,1,3,2,Potential Loyalists
13835.0,26,0.57,12035.05,5,1,3,2,Potential Loyalists
13301.0,104,0.57,10589.23,5,1,3,2,Potential Loyalists
14692.0,138,0.57,11513.45,5,1,3,2,Potential Loyalists
15658.0,191,0.57,8375.25,5,1,3,2,Potential Loyalists
12494.0,16,0.58,13496.49,5,1,3,2,Potential Loyalists
16531.0,23,0.58,12880.9,5,1,3,2,Potential Loyalists
17287.0,27,0.58,15490.89,5,1,3,2,Potential Loyalists
14466.0,30,0.58,14289.15,5,1,3,2,Potential Loyalists
15467.0,10,0.6,10956.28,5,1,3,2,Potential Loyalists
15901.0,17,0.6,12111.65,5,1,3,2,Potential Loyalists
17779.0,22,0.6,17350.03,5,1,3,2,Potential Loyalists
14034.0,23,0.6,16514.22,5,1,3,2,Potential Loyalists
14332.0,23,0.6,9575.98,5,1,3,2,Potential Loyalists
12676.0,25,0.6,8745.3,5,1,3,2,Potential Loyalists
17703.0,36,0.6,14717.78,5,1,3,2,Potential Loyalists
13728.0,37,0.6,10131.01,5,1,3,2,Potential Loyalists
16969.0,40,0.6,11888.71,5,1,3,2,Potential Loyalists
15329.0,40,0.6,17207.1,5,1,3,2,Potential Loyalists
13617.0,41,0.6,7665.87,5,1,3,2,Potential Loyalists
14976.0,58,0.6,8641.22,5,1,3,2,Potential Loyalists
17819.0,72,0.6,17428.23,5,1,3,2,Potential Loyalists
17588.0,101,0.6,8884.28,5,1,3,2,Potential Loyalists
13037.0,139,0.6,12051.0,5,1,3,2,Potential Loyalists
14803.0,163,0.6,9407.6,5,1,3,2,Potential Loyalists
13951.0,177,0.6,8037.97,5,1,3,2,Potential Loyalists
14231.0,184,0.6,12479.86,5,1,3,2,Potential Loyalists
14828.0,197,0.6,11814.48,5,1,3,2,Potential Loyalists
16010.0,246,0.6,12880.1,5,1,3,2,Potential Loyalists
15434.0,9,0.63,13516.4,5,1,3,2,Potential Loyalists
13719.0,16,0.63,12806.81,5,1,3,2,Potential Loyalists
17054.0,29,0.63,15747.31,5,1,3,2,Potential Loyalists
17930.0,36,0.63,13548.96,5,1,3,2,Potential Loyalists
15569.0,104,0.63,9459.84,5,1,3,2,Potential Loyalists
15812.0,108,0.63,9353.54,5,1,3,2,Potential Loyalists
17119.0,4,0.67,12025.74,5,1,3,2,Potential Loyalists
17114.0,6,0.67,9172.73,5,1,3,2,Potential Loyalists
12719.0,6,0.67,8512.7,5,1,3,2,Potential Loyalists
16561.0,6,0.67,7447.6,5,1,3,2,Potential Loyalists
16103.0,8,0.67,12428.42,5,1,3,2,Potential Loyalists
18158.0,10,0.67,9347.2,5,1,3,2,Potential Loyalists
17101.0,11,0.67,17348.66,5,1,3,2,Potential Loyalists
17466.0,11,0.67,9631.02,5,1,3,2,Potential Loyalists
17299.0,12,0.67,12585.58,5,1,3,2,Potential Loyalists
18001.0,13,0.67,10462.2,5,1,3,2,Potential Loyalists
15743.0,17,0.67,13869.5,5,1,3,2,Potential Loyalists
14335.0,17,0.67,15639.21,5,1,3,2,Potential Loyalists
14020.0,17,0.67,10327.05,5,1,3,2,Potential Loyalists
13350.0,17,0.67,10914.36,5,1,3,2,Potential Loyalists
13430.0,19,0.67,14705.51,5,1,3,2,Potential Loyalists
13117.0,22,0.67,8984.52,5,1,3,2,Potential Loyalists
14285.0,22,0.67,11844.38,5,1,3,2,Potential Loyalists
15429.0,27,0.67,15543.92,5,1,3,2,Potential Loyalists
15492.0,29,0.67,9181.66,5,1,3,2,Potential Loyalists
18217.0,30,0.67,9686.3,5,1,3,2,Potential Loyalists
14284.0,31,0.67,8131.65,5,1,3,2,Potential Loyalists
15103.0,32,0.67,9815.76,5,1,3,2,Potential Loyalists
15763.0,32,0.67,17423.76,5,1,3,2,Potential Loyalists
15522.0,33,0.67,12999.9,5,1,3,2,Potential Loyalists
13759.0,34,0.67,11429.22,5,1,3,2,Potential Loyalists
12571.0,40,0.67,8902.1,5,1,3,2,Potential Loyalists
16232.0,44,0.67,9349.0,5,1,3,2,Potential Loyalists
14145.0,47,0.67,11167.2,5,1,3,2,Potential Loyalists
17527.0,54,0.67,8687.51,5,1,3,2,Potential Loyalists
13023.0,65,0.67,10783.6,5,1,3,2,Potential Loyalists
15315.0,65,0.67,10812.8,5,1,3,2,Potential Loyalists
13515.0,73,0.67,14758.52,5,1,3,2,Potential Loyalists
18265.0,73,0.67,13538.93,5,1,3,2,Potential Loyalists
16906.0,82,0.67,11524.58,5,1,3,2,Potential Loyalists
13563.0,85,0.67,10823.75,5,1,3,2,Potential Loyalists
16175.0,95,0.67,12197.33,5,1,3,2,Potential Loyalists
15829.0,100,0.67,15266.0,5,1,3,2,Potential Loyalists
14078.0,102,0.67,11234.91,5,1,3,2,Potential Loyalists
12624.0,107,0.67,9722.4,5,1,3,2,Potential Loyalists
13720.0,117,0.67,9225.3,5,1,3,2,Potential Loyalists
12399.0,120,0.67,17257.99,5,1,3,2,Potential Loyalists
17642.0,120,0.67,14715.66,5,1,3,2,Potential Loyalists
18248.0,123,0.67,15491.04,5,1,3,2,Potential Loyalists
13248.0,125,0.67,7885.45,5,1,3,2,Potential Loyalists
13791.0,128,0.67,8875.0,5,1,3,2,Potential Loyalists
12815.0,148,0.67,16105.62,5,1,3,2,Potential Loyalists
15402.0,149,0.67,13970.35,5,1,3,2,Potential Loyalists
14338.0,162,0.67,12795.99,5,1,3,2,Potential Loyalists
17704.0,169,0.67,12174.85,5,1,3,2,Potential Loyalists
14998.0,171,0.67,12973.36,5,1,3,2,Potential Loyalists
15535.0,174,0.67,10164.69,5,1,3,2,Potential Loyalists
13900.0,193,0.67,13402.53,5,1,3,2,Potential Loyalists
16449.0,198,0.67,11176.3,5,1,3,2,Potential Loyalists
15433.0,214,0.67,12946.46,5,1,3,2,Potential Loyalists
13368.0,257,0.67,13142.0,5,1,3,2,Potential Loyalists
13707.0,268,0.67,17617.6,5,1,3,2,Potential Loyalists
15057.0,276,0.67,17791.8,5,1,3,2,Potential Loyalists
16546.0,291,0.67,9859.5,5,1,3,2,Potential Loyalists
17358.0,304,0.67,11513.4,5,1,3,2,Potential Loyalists
17392.0,307,0.67,11820.54,5,1,3,2,Potential Loyalists
16817.0,3,0.69,13820.19,5,1,3,2,Potential Loyalists
15602.0,9,0.69,9918.32,5,1,3,2,Potential Loyalists
13743.0,3,0.7,8271.36,5,1,3,2,Potential Loyalists
15270.0,16,0.7,11781.99,5,1,3,2,Potential Loyalists
12599.0,30,0.7,7643.06,5,1,3,2,Potential Loyalists
12352.0,37,0.7,12528.2,5,1,3,2,Potential Loyalists
14738.0,43,0.7,10533.06,5,1,3,2,Potential Loyalists
16098.0,88,0.7,12862.61,5,1,3,2,Potential Loyalists
16892.0,2,0.71,9748.07,5,1,3,2,Potential Loyalists
17410.0,17,0.71,15108.03,5,1,3,2,Potential Loyalists
18221.0,23,0.71,12434.98,5,1,3,2,Potential Loyalists
16750.0,45,0.71,10032.88,5,1,3,2,Potential Loyalists
15860.0,41,0.73,14714.93,5,1,3,2,Potential Loyalists
15399.0,2,0.75,13524.39,5,1,3,2,Potential Loyalists
15568.0,3,0.75,12678.94,5,1,3,2,Potential Loyalists
12664.0,9,0.75,15247.92,5,1,3,2,Potential Loyalists
14901.0,12,0.75,12598.51,5,1,3,2,Potential Loyalists
14834.0,18,0.75,17546.4,5,1,3,2,Potential Loyalists
18167.0,24,0.75,15055.98,5,1,3,2,Potential Loyalists
12642.0,26,0.75,12037.14,5,1,3,2,Potential Loyalists
18236.0,30,0.75,7407.66,5,1,3,2,Potential Loyalists
12649.0,108,0.75,8021.82,5,1,3,2,Potential Loyalists
12643.0,129,0.75,11532.88,5,1,3,2,Potential Loyalists
14403.0,142,0.75,9753.83,5,1,3,2,Potential Loyalists
16146.0,158,0.75,9864.07,5,1,3,2,Potential Loyalists
14267.0,163,0.75,16033.5,5,1,3,2,Potential Loyalists
16214.0,171,0.75,13207.8,5,1,3,2,Potential Loyalists
13533.0,183,0.75,9291.0,5,1,3,2,Potential Loyalists
16431.0,214,0.75,17485.04,5,1,3,2,Potential Loyalists
16037.0,270,0.75,8476.68,5,1,3,2,Potential Loyalists
15456.0,284,0.75,10915.31,5,1,3,2,Potential Loyalists
13305.0,5,0.77,17540.34,5,1,3,2,Potential Loyalists
16966.0,9,0.78,10128.49,5,1,3,2,Potential Loyalists
12680.0,1,0.8,10467.65,5,1,3,2,Potential Loyalists
14141.0,3,0.8,9174.99,5,1,3,2,Potential Loyalists
12584.0,4,0.8,15579.8,5,1,3,2,Potential Loyalists
13681.0,18,0.8,12883.56,5,1,3,2,Potential Loyalists
13940.0,18,0.8,9828.04,5,1,3,2,Potential Loyalists
13167.0,19,0.8,9715.68,5,1,3,2,Potential Loyalists
15618.0,33,0.8,10645.39,5,1,3,2,Potential Loyalists
16806.0,104,0.8,17772.12,5,1,3,2,Potential Loyalists
14758.0,145,0.8,9563.53,5,1,3,2,Potential Loyalists
14352.0,158,0.8,14475.96,5,1,3,2,Potential Loyalists
15483.0,162,0.8,7613.94,5,1,3,2,Potential Loyalists
14532.0,237,0.8,15234.9,5,1,3,2,Potential Loyalists
17800.0,38,0.82,13178.65,5,1,3,2,Potential Loyalists
18237.0,3,0.83,11255.53,5,1,3,2,Potential Loyalists
15253.0,17,0.83,14389.5,5,1,3,2,Potential Loyalists
18061.0,22,0.83,9842.43,5,1,3,2,Potential Loyalists
12600.0,29,0.83,14546.58,5,1,3,2,Potential Loyalists
16209.0,89,0.83,12740.36,5,1,3,2,Potential Loyalists
12919.0,9,0.86,12326.4,5,1,3,2,Potential Loyalists
13456.0,18,0.86,16384.58,5,1,3,2,Potential Loyalists
14883.0,19,0.86,10053.43,5,1,3,2,Potential Loyalists
14948.0,24,0.86,12761.83,5,1,3,2,Potential Loyalists
16681.0,73,0.86,15324.38,5,1,3,2,Potential Loyalists
15737.0,15,0.88,16712.83,5,1,3,2,Potential Loyalists
13491.0,52,0.91,10535.32,5,1,3,2,Potential Loyalists
18144.0,8,0.92,8672.65,5,1,3,2,Potential Loyalists
17490.0,1,1.0,17335.24,5,1,3,2,Potential Loyalists
17503.0,3,1.0,9652.08,5,1,3,2,Potential Loyalists
15883.0,3,1.0,8541.24,5,1,3,2,Potential Loyalists
16368.0,3,1.0,15540.65,5,1,3,2,Potential Loyalists
17232.0,3,1.0,7592.8,5,1,3,2,Potential Loyalists
14087.0,3,1.0,13414.98,5,1,3,2,Potential Loyalists
12478.0,4,1.0,17407.66,5,1,3,2,Potential Loyalists
15318.0,4,1.0,10316.46,5,1,3,2,Potential Loyalists
17006.0,5,1.0,7816.82,5,1,3,2,Potential Loyalists
12628.0,5,1.0,9042.3,5,1,3,2,Potential Loyalists
15274.0,5,1.0,16916.51,5,1,3,2,Potential Loyalists
16811.0,5,1.0,7531.56,5,1,3,2,Potential Loyalists
17254.0,5,1.0,14329.65,5,1,3,2,Potential Loyalists
13790.0,5,1.0,15696.0,5,1,3,2,Potential Loyalists
17383.0,5,1.0,10163.79,5,1,3,2,Potential Loyalists
16535.0,6,1.0,12579.0,5,1,3,2,Potential Loyalists
17221.0,8,1.0,10059.6,5,1,3,2,Potential Loyalists
14788.0,8,1.0,8819.35,5,1,3,2,Potential Loyalists
15500.0,9,1.0,14831.67,5,1,3,2,Potential Loyalists
17014.0,9,1.0,11637.21,5,1,3,2,Potential Loyalists
13040.0,9,1.0,14590.53,5,1,3,2,Potential Loyalists
13784.0,10,1.0,7815.84,5,1,3,2,Potential Loyalists
17911.0,10,1.0,12947.74,5,1,3,2,Potential Loyalists
13014.0,11,1.0,17561.71,5,1,3,2,Potential Loyalists
14550.0,11,1.0,17364.07,5,1,3,2,Potential Loyalists
13428.0,11,1.0,13700.87,5,1,3,2,Potential Loyalists
12657.0,12,1.0,12519.22,5,1,3,2,Potential Loyalists
12479.0,12,1.0,11937.8,5,1,3,2,Potential Loyalists
15054.0,13,1.0,17567.1,5,1,3,2,Potential Loyalists
16024.0,13,1.0,16079.36,5,1,3,2,Potential Loyalists
14954.0,13,1.0,15410.52,5,1,3,2,Potential Loyalists
17885.0,13,1.0,11446.47,5,1,3,2,Potential Loyalists
15134.0,15,1.0,13733.71,5,1,3,2,Potential Loyalists
17385.0,15,1.0,11553.36,5,1,3,2,Potential Loyalists
14539.0,16,1.0,11265.31,5,1,3,2,Potential Loyalists
17458.0,16,1.0,17091.0,5,1,3,2,Potential Loyalists
15725.0,16,1.0,13288.0,5,1,3,2,Potential Loyalists
17247.0,16,1.0,10817.0,5,1,3,2,Potential Loyalists
16311.0,18,1.0,11861.13,5,1,3,2,Potential Loyalists
12658.0,19,1.0,16539.0,5,1,3,2,Potential Loyalists
16406.0,19,1.0,10110.34,5,1,3,2,Potential Loyalists
12523.0,20,1.0,11487.85,5,1,3,2,Potential Loyalists
13200.0,20,1.0,10053.94,5,1,3,2,Potential Loyalists
14359.0,20,1.0,14842.5,5,1,3,2,Potential Loyalists
14052.0,20,1.0,10714.14,5,1,3,2,Potential Loyalists
18110.0,20,1.0,9609.6,5,1,3,2,Potential Loyalists
17301.0,22,1.0,10485.09,5,1,3,2,Potential Loyalists
13028.0,23,1.0,14955.54,5,1,3,2,Potential Loyalists
17985.0,23,1.0,12262.95,5,1,3,2,Potential Loyalists
12500.0,24,1.0,15516.71,5,1,3,2,Potential Loyalists
18006.0,24,1.0,9782.96,5,1,3,2,Potential Loyalists
18181.0,25,1.0,13954.35,5,1,3,2,Potential Loyalists
16936.0,26,1.0,14208.88,5,1,3,2,Potential Loyalists
17793.0,26,1.0,13519.77,5,1,3,2,Potential Loyalists
14953.0,26,1.0,14575.68,5,1,3,2,Potential Loyalists
12374.0,26,1.0,16905.9,5,1,3,2,Potential Loyalists
13810.0,29,1.0,9734.72,5,1,3,2,Potential Loyalists
13732.0,29,1.0,16231.38,5,1,3,2,Potential Loyalists
17197.0,30,1.0,11025.21,5,1,3,2,Potential Loyalists
16025.0,30,1.0,12310.48,5,1,3,2,Potential Loyalists
12617.0,30,1.0,13425.2,5,1,3,2,Potential Loyalists
15450.0,31,1.0,11740.36,5,1,3,2,Potential Loyalists
16732.0,32,1.0,16905.0,5,1,3,2,Potential Loyalists
15957.0,32,1.0,15961.6,5,1,3,2,Potential Loyalists
18216.0,32,1.0,7924.35,5,1,3,2,Potential Loyalists
17761.0,33,1.0,7646.08,5,1,3,2,Potential Loyalists
17623.0,33,1.0,16100.8,5,1,3,2,Potential Loyalists
13532.0,34,1.0,13880.46,5,1,3,2,Potential Loyalists
16445.0,34,1.0,12691.66,5,1,3,2,Potential Loyalists
17653.0,37,1.0,15003.5,5,1,3,2,Potential Loyalists
15551.0,37,1.0,7838.64,5,1,3,2,Potential Loyalists
13721.0,37,1.0,13590.18,5,1,3,2,Potential Loyalists
17403.0,37,1.0,8693.44,5,1,3,2,Potential Loyalists
16602.0,37,1.0,14311.64,5,1,3,2,Potential Loyalists
16747.0,38,1.0,16885.94,5,1,3,2,Potential Loyalists
18164.0,38,1.0,8898.7,5,1,3,2,Potential Loyalists
16830.0,39,1.0,7495.93,5,1,3,2,Potential Loyalists
12491.0,39,1.0,9541.2,5,1,3,2,Potential Loyalists
13813.0,40,1.0,17478.02,5,1,3,2,Potential Loyalists
17447.0,41,1.0,11781.84,5,1,3,2,Potential Loyalists
14158.0,41,1.0,16486.68,5,1,3,2,Potential Loyalists
18067.0,41,1.0,11166.05,5,1,3,2,Potential Loyalists
14412.0,43,1.0,15555.96,5,1,3,2,Potential Loyalists
17878.0,44,1.0,8629.2,5,1,3,2,Potential Loyalists
16026.0,44,1.0,7554.88,5,1,3,2,Potential Loyalists
14357.0,44,1.0,8632.8,5,1,3,2,Potential Loyalists
17712.0,45,1.0,10483.46,5,1,3,2,Potential Loyalists
14598.0,45,1.0,11098.5,5,1,3,2,Potential Loyalists
15320.0,45,1.0,9052.05,5,1,3,2,Potential Loyalists
16415.0,45,1.0,10621.2,5,1,3,2,Potential Loyalists
16345.0,45,1.0,14620.34,5,1,3,2,Potential Loyalists
16708.0,46,1.0,15070.75,5,1,3,2,Potential Loyalists
18045.0,46,1.0,8321.4,5,1,3,2,Potential Loyalists
15592.0,47,1.0,9325.92,5,1,3,2,Potential Loyalists
15142.0,47,1.0,12967.24,5,1,3,2,Potential Loyalists
14474.0,47,1.0,8532.92,5,1,3,2,Potential Loyalists
14139.0,47,1.0,9798.0,5,1,3,2,Potential Loyalists
17940.0,50,1.0,7444.18,5,1,3,2,Potential Loyalists
17832.0,50,1.0,9477.57,5,1,3,2,Potential Loyalists
13974.0,50,1.0,11580.52,5,1,3,2,Potential Loyalists
16260.0,51,1.0,12156.75,5,1,3,2,Potential Loyalists
15468.0,52,1.0,9389.82,5,1,3,2,Potential Loyalists
16734.0,53,1.0,12736.64,5,1,3,2,Potential Loyalists
13594.0,53,1.0,10321.22,5,1,3,2,Potential Loyalists
14381.0,53,1.0,11350.08,5,1,3,2,Potential Loyalists
16563.0,54,1.0,15551.04,5,1,3,2,Potential Loyalists
17201.0,54,1.0,13705.2,5,1,3,2,Potential Loyalists
17520.0,54,1.0,11835.46,5,1,3,2,Potential Loyalists
16932.0,54,1.0,8582.82,5,1,3,2,Potential Loyalists
14830.0,54,1.0,7885.2,5,1,3,2,Potential Loyalists
16674.0,55,1.0,15871.62,5,1,3,2,Potential Loyalists
15994.0,55,1.0,13205.61,5,1,3,2,Potential Loyalists
16052.0,55,1.0,10312.32,5,1,3,2,Potential Loyalists
18228.0,57,1.0,11204.41,5,1,3,2,Potential Loyalists
16413.0,57,1.0,7417.5,5,1,3,2,Potential Loyalists
15272.0,58,1.0,15955.57,5,1,3,2,Potential Loyalists
12631.0,58,1.0,10725.0,5,1,3,2,Potential Loyalists
13853.0,58,1.0,15906.8,5,1,3,2,Potential Loyalists
12667.0,59,1.0,12783.9,5,1,3,2,Potential Loyalists
12824.0,60,1.0,9928.0,5,1,3,2,Potential Loyalists
18126.0,61,1.0,11582.48,5,1,3,2,Potential Loyalists
16982.0,61,1.0,8449.32,5,1,3,2,Potential Loyalists
13352.0,61,1.0,8003.54,5,1,3,2,Potential Loyalists
14801.0,62,1.0,10709.12,5,1,3,2,Potential Loyalists
16921.0,62,1.0,10187.4,5,1,3,2,Potential Loyalists
13276.0,64,1.0,9713.99,5,1,3,2,Potential Loyalists
14067.0,64,1.0,8586.87,5,1,3,2,Potential Loyalists
16354.0,64,1.0,12913.1,5,1,3,2,Potential Loyalists
12420.0,64,1.0,11379.36,5,1,3,2,Potential Loyalists
13359.0,64,1.0,8570.32,5,1,3,2,Potential Loyalists
12740.0,64,1.0,10675.6,5,1,3,2,Potential Loyalists
16184.0,65,1.0,10172.15,5,1,3,2,Potential Loyalists
15706.0,65,1.0,15976.92,5,1,3,2,Potential Loyalists
14317.0,65,1.0,10077.76,5,1,3,2,Potential Loyalists
13602.0,65,1.0,9864.47,5,1,3,2,Potential Loyalists
16895.0,65,1.0,13416.08,5,1,3,2,Potential Loyalists
15264.0,65,1.0,9056.02,5,1,3,2,Potential Loyalists
15300.0,65,1.0,11815.44,5,1,3,2,Potential Loyalists
16160.0,66,1.0,13146.6,5,1,3,2,Potential Loyalists
15762.0,66,1.0,7943.57,5,1,3,2,Potential Loyalists
17222.0,66,1.0,9916.2,5,1,3,2,Potential Loyalists
16803.0,66,1.0,7975.2,5,1,3,2,Potential Loyalists
15091.0,68,1.0,12954.59,5,1,3,2,Potential Loyalists
15930.0,68,1.0,8959.23,5,1,3,2,Potential Loyalists
17724.0,72,1.0,10948.2,5,1,3,2,Potential Loyalists
16650.0,72,1.0,11532.66,5,1,3,2,Potential Loyalists
16574.0,72,1.0,12640.32,5,1,3,2,Potential Loyalists
12612.0,75,1.0,12024.72,5,1,3,2,Potential Loyalists
17154.0,76,1.0,7574.82,5,1,3,2,Potential Loyalists
13670.0,76,1.0,8742.5,5,1,3,2,Potential Loyalists
17480.0,78,1.0,14842.78,5,1,3,2,Potential Loyalists
15075.0,78,1.0,15961.92,5,1,3,2,Potential Loyalists
16978.0,78,1.0,11171.88,5,1,3,2,Potential Loyalists
15475.0,78,1.0,11376.68,5,1,3,2,Potential Loyalists
16485.0,78,1.0,11514.75,5,1,3,2,Potential Loyalists
16236.0,79,1.0,8644.0,5,1,3,2,Potential Loyalists
12579.0,79,1.0,9383.92,5,1,3,2,Potential Loyalists
17731.0,80,1.0,11601.42,5,1,3,2,Potential Loyalists
12390.0,80,1.0,11640.78,5,1,3,2,Potential Loyalists
14887.0,80,1.0,11172.0,5,1,3,2,Potential Loyalists
13325.0,82,1.0,8103.6,5,1,3,2,Potential Loyalists
12497.0,82,1.0,12390.3,5,1,3,2,Potential Loyalists
15099.0,85,1.0,9441.04,5,1,3,2,Potential Loyalists
15975.0,85,1.0,8904.24,5,1,3,2,Potential Loyalists
15205.0,86,1.0,7860.57,5,1,3,2,Potential Loyalists
17333.0,86,1.0,13839.0,5,1,3,2,Potential Loyalists
14894.0,86,1.0,15082.25,5,1,3,2,Potential Loyalists
15417.0,86,1.0,14246.4,5,1,3,2,Potential Loyalists
14557.0,86,1.0,12614.08,5,1,3,2,Potential Loyalists
14753.0,88,1.0,15754.25,5,1,3,2,Potential Loyalists
16141.0,89,1.0,14253.3,5,1,3,2,Potential Loyalists
17433.0,89,1.0,14729.52,5,1,3,2,Potential Loyalists
14212.0,90,1.0,9634.32,5,1,3,2,Potential Loyalists
13210.0,94,1.0,7776.56,5,1,3,2,Potential Loyalists
16400.0,95,1.0,8035.44,5,1,3,2,Potential Loyalists
16820.0,96,1.0,9456.92,5,1,3,2,Potential Loyalists
14171.0,99,1.0,16964.2,5,1,3,2,Potential Loyalists
14420.0,100,1.0,11238.08,5,1,3,2,Potential Loyalists
15866.0,102,1.0,7546.56,5,1,3,2,Potential Loyalists
15325.0,104,1.0,7952.21,5,1,3,2,Potential Loyalists
14687.0,107,1.0,9425.7,5,1,3,2,Potential Loyalists
16723.0,108,1.0,12282.15,5,1,3,2,Potential Loyalists
16536.0,111,1.0,16788.62,5,1,3,2,Potential Loyalists
12513.0,113,1.0,17161.32,5,1,3,2,Potential Loyalists
12418.0,113,1.0,14870.4,5,1,3,2,Potential Loyalists
15232.0,114,1.0,9508.58,5,1,3,2,Potential Loyalists
12729.0,114,1.0,8675.83,5,1,3,2,Potential Loyalists
16272.0,117,1.0,10292.5,5,1,3,2,Potential Loyalists
14301.0,118,1.0,8321.82,5,1,3,2,Potential Loyalists
13355.0,123,1.0,17753.7,5,1,3,2,Potential Loyalists
14331.0,125,1.0,8568.18,5,1,3,2,Potential Loyalists
17514.0,129,1.0,7805.85,5,1,3,2,Potential Loyalists
15342.0,130,1.0,8996.22,5,1,3,2,Potential Loyalists
12644.0,130,1.0,12072.48,5,1,3,2,Potential Loyalists
17695.0,132,1.0,13364.38,5,1,3,2,Potential Loyalists
14885.0,132,1.0,11479.8,5,1,3,2,Potential Loyalists
16447.0,136,1.0,7791.44,5,1,3,2,Potential Loyalists
15855.0,137,1.0,12565.9,5,1,3,2,Potential Loyalists
16305.0,139,1.0,7946.84,5,1,3,2,Potential Loyalists
13116.0,139,1.0,8913.36,5,1,3,2,Potential Loyalists
17660.0,142,1.0,8186.2,5,1,3,2,Potential Loyalists
14891.0,149,1.0,12763.26,5,1,3,2,Potential Loyalists
14400.0,150,1.0,14367.5,5,1,3,2,Potential Loyalists
14552.0,152,1.0,9574.06,5,1,3,2,Potential Loyalists
13291.0,156,1.0,13536.4,5,1,3,2,Potential Loyalists
17046.0,158,1.0,14124.44,5,1,3,2,Potential Loyalists
13833.0,160,1.0,8382.4,5,1,3,2,Potential Loyalists
12922.0,162,1.0,11350.64,5,1,3,2,Potential Loyalists
13745.0,163,1.0,7501.0,5,1,3,2,Potential Loyalists
13300.0,170,1.0,7437.8,5,1,3,2,Potential Loyalists
15041.0,171,1.0,11114.4,5,1,3,2,Potential Loyalists
15507.0,172,1.0,16212.42,5,1,3,2,Potential Loyalists
13568.0,174,1.0,7864.7,5,1,3,2,Potential Loyalists
15585.0,177,1.0,14114.3,5,1,3,2,Potential Loyalists
12809.0,178,1.0,7918.02,5,1,3,2,Potential Loyalists
13936.0,180,1.0,9791.08,5,1,3,2,Potential Loyalists
16614.0,183,1.0,12017.25,5,1,3,2,Potential Loyalists
17124.0,186,1.0,9564.48,5,1,3,2,Potential Loyalists
12802.0,187,1.0,9541.92,5,1,3,2,Potential Loyalists
15386.0,187,1.0,12218.34,5,1,3,2,Potential Loyalists
16230.0,190,1.0,8765.34,5,1,3,2,Potential Loyalists
13885.0,190,1.0,7473.5,5,1,3,2,Potential Loyalists
16529.0,191,1.0,13657.5,5,1,3,2,Potential Loyalists
13398.0,193,1.0,9507.97,5,1,3,2,Potential Loyalists
17152.0,195,1.0,7585.6,5,1,3,2,Potential Loyalists
12426.0,195,1.0,13825.84,5,1,3,2,Potential Loyalists
17051.0,195,1.0,9961.98,5,1,3,2,Potential Loyalists
16275.0,197,1.0,13278.16,5,1,3,2,Potential Loyalists
15314.0,200,1.0,7871.28,5,1,3,2,Potential Loyalists
13737.0,201,1.0,8159.2,5,1,3,2,Potential Loyalists
14489.0,208,1.0,13901.4,5,1,3,2,Potential Loyalists
14888.0,208,1.0,7384.0,5,1,3,2,Potential Loyalists
15333.0,209,1.0,16456.96,5,1,3,2,Potential Loyalists
12770.0,211,1.0,12995.4,5,1,3,2,Potential Loyalists
14873.0,211,1.0,8358.46,5,1,3,2,Potential Loyalists
12976.0,212,1.0,16249.2,5,1,3,2,Potential Loyalists
16116.0,212,1.0,12960.64,5,1,3,2,Potential Loyalists
14988.0,212,1.0,12549.81,5,1,3,2,Potential Loyalists
14000.0,212,1.0,9534.9,5,1,3,2,Potential Loyalists
17970.0,212,1.0,15867.06,5,1,3,2,Potential Loyalists
16306.0,214,1.0,8934.81,5,1,3,2,Potential Loyalists
13642.0,216,1.0,16590.0,5,1,3,2,Potential Loyalists
13731.0,220,1.0,8422.89,5,1,3,2,Potential Loyalists
14149.0,221,1.0,11370.24,5,1,3,2,Potential Loyalists
14022.0,226,1.0,12320.0,5,1,3,2,Potential Loyalists
18183.0,228,1.0,9513.36,5,1,3,2,Potential Loyalists
16834.0,228,1.0,9923.04,5,1,3,2,Potential Loyalists
16823.0,228,1.0,11787.46,5,1,3,2,Potential Loyalists
13485.0,234,1.0,9555.48,5,1,3,2,Potential Loyalists
15225.0,235,1.0,8632.8,5,1,3,2,Potential Loyalists
16947.0,236,1.0,7731.6,5,1,3,2,Potential Loyalists
13474.0,237,1.0,11952.34,5,1,3,2,Potential Loyalists
13740.0,241,1.0,8067.25,5,1,3,2,Potential Loyalists
15147.0,241,1.0,12607.4,5,1,3,2,Potential Loyalists
12982.0,243,1.0,10935.12,5,1,3,2,Potential Loyalists
12447.0,244,1.0,9878.16,5,1,3,2,Potential Loyalists
15655.0,244,1.0,15418.47,5,1,3,2,Potential Loyalists
16643.0,246,1.0,11052.75,5,1,3,2,Potential Loyalists
12580.0,247,1.0,8733.1,5,1,3,2,Potential Loyalists
17140.0,248,1.0,8356.58,5,1,3,2,Potential Loyalists
16142.0,250,1.0,14225.28,5,1,3,2,Potential Loyalists
13439.0,256,1.0,15320.34,5,1,3,2,Potential Loyalists
12792.0,257,1.0,7580.57,5,1,3,2,Potential Loyalists
16769.0,261,1.0,8732.56,5,1,3,2,Potential Loyalists
16063.0,261,1.0,7712.36,5,1,3,2,Potential Loyalists
12818.0,262,1.0,11687.28,5,1,3,2,Potential Loyalists
17486.0,262,1.0,8670.31,5,1,3,2,Potential Loyalists
15437.0,263,1.0,8433.04,5,1,3,2,Potential Loyalists
15457.0,263,1.0,12378.69,5,1,3,2,Potential Loyalists
16721.0,263,1.0,10821.39,5,1,3,2,Potential Loyalists
16256.0,267,1.0,9781.59,5,1,3,2,Potential Loyalists
15019.0,267,1.0,16255.4,5,1,3,2,Potential Loyalists
13358.0,269,1.0,10020.51,5,1,3,2,Potential Loyalists
15047.0,270,1.0,7559.64,5,1,3,2,Potential Loyalists
16392.0,270,1.0,9953.55,5,1,3,2,Potential Loyalists
13121.0,270,1.0,14186.5,5,1,3,2,Potential Loyalists
13708.0,272,1.0,14296.5,5,1,3,2,Potential Loyalists
16625.0,275,1.0,7660.84,5,1,3,2,Potential Loyalists
17508.0,281,1.0,8520.82,5,1,3,2,Potential Loyalists
12866.0,284,1.0,8287.84,5,1,3,2,Potential Loyalists
13166.0,284,1.0,15892.0,5,1,3,2,Potential Loyalists
15303.0,291,1.0,11952.72,5,1,3,2,Potential Loyalists
12707.0,292,1.0,13002.6,5,1,3,2,Potential Loyalists
13044.0,292,1.0,10968.16,5,1,3,2,Potential Loyalists
13893.0,298,1.0,8096.4,5,1,3,2,Potential Loyalists
14935.0,298,1.0,17847.1,5,1,3,2,Potential Loyalists
16084.0,300,1.0,14885.28,5,1,3,2,Potential Loyalists
17226.0,309,1.0,7614.8,5,1,3,2,Potential Loyalists
15090.0,309,1.0,8770.36,5,1,3,2,Potential Loyalists
16030.0,310,1.0,9605.96,5,1,3,2,Potential Loyalists
13800.0,310,1.0,15085.22,5,1,3,2,Potential Loyalists
14497.0,310,1.0,9197.28,5,1,3,2,Potential Loyalists
14411.0,311,1.0,8238.0,5,1,3,2,Potential Loyalists
14549.0,312,1.0,11859.54,5,1,3,2,Potential Loyalists
15448.0,313,1.0,9720.96,5,1,3,2,Potential Loyalists
17619.0,313,1.0,16826.04,5,1,3,2,Potential Loyalists
17431.0,314,1.0,17341.9,5,1,3,2,Potential Loyalists
12591.0,318,1.0,7797.0,5,1,3,2,Potential Loyalists
13615.0,319,1.0,9606.87,5,1,3,2,Potential Loyalists
12872.0,327,1.0,17842.86,5,1,3,2,Potential Loyalists
18212.0,327,1.0,8846.57,5,1,3,2,Potential Loyalists
13385.0,330,1.0,13480.97,5,1,3,2,Potential Loyalists
18106.0,330,1.0,13460.4,5,1,3,2,Potential Loyalists
18085.0,331,1.0,10456.1,5,1,3,2,Potential Loyalists
14270.0,332,1.0,8589.35,5,1,3,2,Potential Loyalists
15326.0,334,1.0,9039.59,5,1,3,2,Potential Loyalists
15460.0,355,1.0,10205.8,5,1,3,2,Potential Loyalists
15789.0,359,1.0,8782.5,5,1,3,2,Potential Loyalists
18176.0,359,1.0,12178.6,5,1,3,2,Potential Loyalists
17551.0,360,1.0,12530.28,5,1,3,2,Potential Loyalists
17303.0,362,1.0,10804.5,5,1,3,2,Potential Loyalists
15503.0,363,1.0,8747.52,5,1,3,2,Potential Loyalists
17251.0,363,1.0,8974.08,5,1,3,2,Potential Loyalists
17880.0,365,1.0,11931.92,5,1,3,2,Potential Loyalists
16727.0,365,1.0,12549.72,5,1,3,2,Potential Loyalists
17860.0,369,1.0,14662.4,5,1,3,2,Potential Loyalists
12725.0,372,1.0,8551.4,5,1,3,2,Potential Loyalists
17908.0,374,1.0,14110.24,5,1,3,2,Potential Loyalists
15165.0,374,1.0,10231.2,5,1,3,2,Potential Loyalists
16274.0,374,1.0,12400.35,5,1,3,2,Potential Loyalists
16929.0,4,1.17,15288.78,5,1,3,2,Potential Loyalists
17562.0,15,1.17,12238.56,5,1,3,2,Potential Loyalists
16107.0,18,1.17,11657.9,5,1,3,2,Potential Loyalists
17193.0,36,1.17,13536.08,5,1,3,2,Potential Loyalists
12828.0,3,1.2,10064.7,5,1,3,2,Potential Loyalists
13991.0,13,1.2,14921.75,5,1,3,2,Potential Loyalists
15971.0,18,1.2,13078.1,5,1,3,2,Potential Loyalists
13752.0,125,1.2,14377.0,5,1,3,2,Potential Loyalists
14116.0,20,1.25,17238.14,5,1,3,2,Potential Loyalists
15581.0,157,1.25,15765.06,5,1,3,2,Potential Loyalists
14217.0,2,1.31,7876.61,5,1,3,2,Potential Loyalists
12723.0,4,1.33,14733.36,5,1,3,2,Potential Loyalists
16513.0,5,1.33,17180.7,5,1,3,2,Potential Loyalists
14824.0,11,1.33,10524.55,5,1,3,2,Potential Loyalists
15571.0,12,1.33,10116.85,5,1,3,2,Potential Loyalists
14543.0,29,1.33,9988.61,5,1,3,2,Potential Loyalists
15827.0,74,1.4,14720.56,5,1,3,2,Potential Loyalists
15156.0,2,1.5,14672.67,5,1,3,2,Potential Loyalists
12950.0,3,1.5,17678.0,5,1,3,2,Potential Loyalists
16759.0,8,1.5,11041.16,5,1,3,2,Potential Loyalists
15297.0,11,1.5,8244.84,5,1,3,2,Potential Loyalists
16020.0,17,1.5,17738.28,5,1,3,2,Potential Loyalists
16079.0,17,1.5,8388.78,5,1,3,2,Potential Loyalists
16164.0,18,1.5,8627.54,5,1,3,2,Potential Loyalists
15465.0,20,1.5,16176.49,5,1,3,2,Potential Loyalists
16930.0,27,1.5,7901.83,5,1,3,2,Potential Loyalists
17295.0,29,1.5,10449.52,5,1,3,2,Potential Loyalists
18035.0,36,1.5,11416.54,5,1,3,2,Potential Loyalists
15215.0,47,1.5,7551.68,5,1,3,2,Potential Loyalists
17317.0,47,1.5,14767.98,5,1,3,2,Potential Loyalists
13016.0,74,1.5,14887.9,5,1,3,2,Potential Loyalists
15334.0,157,1.5,11264.13,5,1,3,2,Potential Loyalists
17874.0,186,1.5,9735.26,5,1,3,2,Potential Loyalists
13819.0,302,1.5,13071.2,5,1,3,2,Potential Loyalists
13882.0,3,1.67,16707.84,5,1,3,2,Potential Loyalists
12912.0,3,1.67,10029.3,5,1,3,2,Potential Loyalists
16362.0,33,1.67,17354.25,5,1,3,2,Potential Loyalists
15060.0,9,2.0,14664.84,5,1,3,2,Potential Loyalists
12882.0,10,2.0,10288.8,5,1,3,2,Potential Loyalists
15654.0,10,2.0,8792.79,5,1,3,2,Potential Loyalists
13914.0,12,2.0,9823.2,5,1,3,2,Potential Loyalists
17595.0,13,2.0,16195.96,5,1,3,2,Potential Loyalists
17432.0,19,2.0,8904.06,5,1,3,2,Potential Loyalists
13673.0,19,2.0,8985.83,5,1,3,2,Potential Loyalists
16070.0,23,2.0,15364.35,5,1,3,2,Potential Loyalists
13066.0,25,2.0,8000.15,5,1,3,2,Potential Loyalists
18123.0,25,2.0,10437.36,5,1,3,2,Potential Loyalists
17357.0,25,2.0,14166.89,5,1,3,2,Potential Loyalists
12508.0,27,2.0,16402.24,5,1,3,2,Potential Loyalists
17608.0,34,2.0,10887.76,5,1,3,2,Potential Loyalists
17078.0,37,2.0,10008.6,5,1,3,2,Potential Loyalists
15821.0,45,2.0,12126.15,5,1,3,2,Potential Loyalists
17934.0,52,2.0,10484.6,5,1,3,2,Potential Loyalists
16685.0,62,2.0,13873.2,5,1,3,2,Potential Loyalists
16629.0,74,2.0,12503.89,5,1,3,2,Potential Loyalists
16603.0,75,2.0,8294.99,5,1,3,2,Potential Loyalists
14356.0,80,2.0,8025.37,5,1,3,2,Potential Loyalists
17298.0,102,2.0,10590.84,5,1,3,2,Potential Loyalists
17267.0,128,2.0,11514.34,5,1,3,2,Potential Loyalists
13388.0,132,2.0,16099.25,5,1,3,2,Potential Loyalists
14002.0,135,2.0,11694.42,5,1,3,2,Potential Loyalists
13730.0,136,2.0,10410.3,5,1,3,2,Potential Loyalists
15508.0,190,2.0,14416.98,5,1,3,2,Potential Loyalists
14009.0,199,2.0,14202.74,5,1,3,2,Potential Loyalists
15230.0,240,2.0,8203.8,5,1,3,2,Potential Loyalists
14154.0,240,2.0,14588.28,5,1,3,2,Potential Loyalists
17062.0,314,2.0,9030.19,5,1,3,2,Potential Loyalists
12967.0,359,2.0,12561.6,5,1,3,2,Potential Loyalists
14180.0,11,2.08,14308.59,5,1,3,2,Potential Loyalists
16168.0,11,2.25,14193.71,5,1,3,2,Potential Loyalists
13685.0,3,2.33,13194.2,5,1,3,2,Potential Loyalists
16725.0,303,2.33,17305.43,5,1,3,2,Potential Loyalists
14397.0,3,2.38,14071.8,5,1,3,2,Potential Loyalists
18241.0,10,2.43,16663.51,5,1,3,2,Potential Loyalists
15881.0,313,2.5,7636.48,5,1,3,2,Potential Loyalists
12569.0,3,3.11,17883.62,5,1,3,2,Potential Loyalists
17961.0,22,3.17,14772.03,5,1,3,2,Potential Loyalists
13030.0,12,0.17,27414.11,5,1,4,2,Potential Loyalists
15919.0,20,0.17,45200.1,5,1,4,2,Potential Loyalists
16916.0,24,0.17,43792.98,5,1,4,2,Potential Loyalists
12838.0,34,0.17,35667.21,5,1,4,2,Potential Loyalists
17555.0,20,0.18,25378.77,5,1,4,2,Potential Loyalists
13396.0,30,0.18,27754.55,5,1,4,2,Potential Loyalists
13165.0,47,0.18,23948.68,5,1,4,2,Potential Loyalists
15012.0,54,0.18,23221.02,5,1,4,2,Potential Loyalists
16495.0,4,0.2,23561.7,5,1,4,2,Potential Loyalists
12462.0,19,0.2,20247.81,5,1,4,2,Potential Loyalists
17537.0,30,0.2,39774.08,5,1,4,2,Potential Loyalists
15339.0,67,0.2,23863.65,5,1,4,2,Potential Loyalists
16386.0,29,0.22,19502.1,5,1,4,2,Potential Loyalists
12849.0,32,0.22,26519.47,5,1,4,2,Potential Loyalists
17311.0,79,0.22,30661.34,5,1,4,2,Potential Loyalists
16083.0,101,0.22,19460.62,5,1,4,2,Potential Loyalists
16442.0,2,0.23,33196.56,5,1,4,2,Potential Loyalists
15525.0,3,0.23,37622.24,5,1,4,2,Potential Loyalists
17618.0,6,0.23,18190.4,5,1,4,2,Potential Loyalists
16496.0,9,0.25,43547.04,5,1,4,2,Potential Loyalists
15680.0,10,0.25,36191.87,5,1,4,2,Potential Loyalists
13211.0,11,0.25,37470.56,5,1,4,2,Potential Loyalists
18043.0,25,0.25,22100.52,5,1,4,2,Potential Loyalists
18259.0,25,0.25,36349.6,5,1,4,2,Potential Loyalists
13692.0,25,0.25,33951.6,5,1,4,2,Potential Loyalists
16898.0,27,0.25,26503.42,5,1,4,2,Potential Loyalists
17041.0,27,0.25,24090.75,5,1,4,2,Potential Loyalists
14240.0,31,0.25,20351.25,5,1,4,2,Potential Loyalists
17158.0,33,0.25,27839.88,5,1,4,2,Potential Loyalists
12577.0,36,0.25,33574.65,5,1,4,2,Potential Loyalists
16221.0,37,0.25,36320.13,5,1,4,2,Potential Loyalists
15068.0,47,0.25,24206.0,5,1,4,2,Potential Loyalists
13918.0,50,0.25,22475.14,5,1,4,2,Potential Loyalists
16374.0,67,0.25,27251.99,5,1,4,2,Potential Loyalists
13744.0,96,0.25,46821.0,5,1,4,2,Potential Loyalists
18196.0,96,0.25,43029.95,5,1,4,2,Potential Loyalists
17259.0,149,0.25,38951.91,5,1,4,2,Potential Loyalists
15889.0,157,0.25,20201.38,5,1,4,2,Potential Loyalists
17095.0,23,0.27,34912.92,5,1,4,2,Potential Loyalists
13310.0,29,0.27,22895.77,5,1,4,2,Potential Loyalists
14001.0,46,0.27,24843.6,5,1,4,2,Potential Loyalists
13652.0,46,0.27,23568.2,5,1,4,2,Potential Loyalists
16950.0,57,0.27,19258.68,5,1,4,2,Potential Loyalists
15620.0,57,0.27,44990.84,5,1,4,2,Potential Loyalists
14775.0,59,0.27,20238.0,5,1,4,2,Potential Loyalists
15599.0,27,0.29,18512.09,5,1,4,2,Potential Loyalists
13989.0,66,0.29,23860.49,5,1,4,2,Potential Loyalists
16383.0,75,0.29,33220.58,5,1,4,2,Potential Loyalists
12545.0,76,0.29,18102.42,5,1,4,2,Potential Loyalists
18189.0,78,0.29,35029.54,5,1,4,2,Potential Loyalists
12434.0,85,0.29,21079.67,5,1,4,2,Potential Loyalists
17594.0,86,0.29,28824.48,5,1,4,2,Potential Loyalists
16036.0,88,0.29,27164.39,5,1,4,2,Potential Loyalists
13931.0,96,0.29,29924.04,5,1,4,2,Potential Loyalists
14346.0,121,0.29,29770.64,5,1,4,2,Potential Loyalists
16805.0,174,0.29,22382.61,5,1,4,2,Potential Loyalists
14540.0,10,0.3,26384.43,5,1,4,2,Potential Loyalists
16014.0,38,0.3,33635.1,5,1,4,2,Potential Loyalists
16554.0,43,0.3,19217.77,5,1,4,2,Potential Loyalists
16730.0,53,0.3,21176.09,5,1,4,2,Potential Loyalists
15831.0,59,0.3,18029.3,5,1,4,2,Potential Loyalists
14514.0,62,0.3,24043.24,5,1,4,2,Potential Loyalists
15164.0,69,0.3,29951.8,5,1,4,2,Potential Loyalists
13611.0,90,0.3,32691.3,5,1,4,2,Potential Loyalists
13077.0,2,0.31,23305.55,5,1,4,2,Potential Loyalists
17884.0,4,0.31,20103.74,5,1,4,2,Potential Loyalists
15392.0,5,0.31,31486.5,5,1,4,2,Potential Loyalists
13838.0,6,0.31,26033.56,5,1,4,2,Potential Loyalists
15862.0,9,0.31,30345.1,5,1,4,2,Potential Loyalists
12716.0,4,0.33,33068.98,5,1,4,2,Potential Loyalists
14759.0,5,0.33,41230.89,5,1,4,2,Potential Loyalists
12970.0,8,0.33,42635.12,5,1,4,2,Potential Loyalists
15394.0,10,0.33,36576.3,5,1,4,2,Potential Loyalists
14597.0,12,0.33,37833.9,5,1,4,2,Potential Loyalists
17812.0,13,0.33,23108.72,5,1,4,2,Potential Loyalists
14577.0,13,0.33,28121.79,5,1,4,2,Potential Loyalists
17864.0,13,0.33,23648.21,5,1,4,2,Potential Loyalists
16511.0,22,0.33,44620.27,5,1,4,2,Potential Loyalists
15983.0,23,0.33,38306.26,5,1,4,2,Potential Loyalists
16245.0,24,0.33,39997.09,5,1,4,2,Potential Loyalists
12933.0,25,0.33,23511.2,5,1,4,2,Potential Loyalists
16571.0,27,0.33,39740.22,5,1,4,2,Potential Loyalists
15449.0,27,0.33,18839.1,5,1,4,2,Potential Loyalists
15950.0,32,0.33,44275.53,5,1,4,2,Potential Loyalists
13155.0,34,0.33,23858.8,5,1,4,2,Potential Loyalists
14913.0,36,0.33,25859.32,5,1,4,2,Potential Loyalists
13601.0,46,0.33,33921.24,5,1,4,2,Potential Loyalists
15630.0,46,0.33,31244.44,5,1,4,2,Potential Loyalists
17764.0,51,0.33,30479.79,5,1,4,2,Potential Loyalists
14451.0,61,0.33,34740.63,5,1,4,2,Potential Loyalists
12886.0,68,0.33,44023.3,5,1,4,2,Potential Loyalists
14651.0,68,0.33,29093.86,5,1,4,2,Potential Loyalists
15799.0,76,0.33,28170.06,5,1,4,2,Potential Loyalists
12854.0,79,0.33,44897.41,5,1,4,2,Potential Loyalists
12609.0,79,0.33,19413.67,5,1,4,2,Potential Loyalists
12701.0,80,0.33,17972.77,5,1,4,2,Potential Loyalists
13330.0,93,0.33,19903.26,5,1,4,2,Potential Loyalists
16031.0,93,0.33,21228.76,5,1,4,2,Potential Loyalists
13122.0,95,0.33,42849.54,5,1,4,2,Potential Loyalists
13548.0,97,0.33,33982.27,5,1,4,2,Potential Loyalists
17320.0,101,0.33,25694.28,5,1,4,2,Potential Loyalists
14875.0,108,0.33,32544.79,5,1,4,2,Potential Loyalists
16788.0,124,0.33,44165.66,5,1,4,2,Potential Loyalists
12653.0,149,0.33,37147.6,5,1,4,2,Potential Loyalists
17105.0,160,0.33,27687.3,5,1,4,2,Potential Loyalists
14625.0,197,0.33,20050.28,5,1,4,2,Potential Loyalists
14657.0,18,0.36,28502.22,5,1,4,2,Potential Loyalists
14662.0,29,0.36,33594.9,5,1,4,2,Potential Loyalists
16676.0,34,0.36,23817.16,5,1,4,2,Potential Loyalists
12645.0,34,0.36,28553.18,5,1,4,2,Potential Loyalists
16470.0,52,0.36,34142.34,5,1,4,2,Potential Loyalists
14443.0,54,0.36,32545.39,5,1,4,2,Potential Loyalists
17552.0,61,0.36,24469.97,5,1,4,2,Potential Loyalists
16891.0,2,0.38,29109.19,5,1,4,2,Potential Loyalists
15898.0,2,0.38,26892.62,5,1,4,2,Potential Loyalists
14621.0,2,0.38,28181.26,5,1,4,2,Potential Loyalists
14673.0,4,0.38,25663.92,5,1,4,2,Potential Loyalists
12913.0,5,0.38,33058.1,5,1,4,2,Potential Loyalists
12782.0,5,0.38,38450.81,5,1,4,2,Potential Loyalists
13495.0,8,0.38,22691.34,5,1,4,2,Potential Loyalists
14440.0,9,0.38,22328.16,5,1,4,2,Potential Loyalists
13516.0,22,0.38,18649.3,5,1,4,2,Potential Loyalists
18263.0,26,0.38,26156.16,5,1,4,2,Potential Loyalists
15289.0,30,0.38,18904.92,5,1,4,2,Potential Loyalists
17886.0,32,0.38,31291.79,5,1,4,2,Potential Loyalists
16639.0,32,0.38,19698.72,5,1,4,2,Potential Loyalists
16023.0,47,0.38,18845.46,5,1,4,2,Potential Loyalists
12759.0,53,0.38,39567.77,5,1,4,2,Potential Loyalists
16040.0,66,0.38,21239.01,5,1,4,2,Potential Loyalists
12372.0,72,0.38,19773.22,5,1,4,2,Potential Loyalists
14276.0,99,0.38,22821.24,5,1,4,2,Potential Loyalists
13280.0,123,0.38,24581.4,5,1,4,2,Potential Loyalists
14869.0,9,0.4,22451.13,5,1,4,2,Potential Loyalists
13149.0,15,0.4,32094.62,5,1,4,2,Potential Loyalists
17147.0,23,0.4,26106.95,5,1,4,2,Potential Loyalists
14862.0,26,0.4,19729.3,5,1,4,2,Potential Loyalists
14044.0,27,0.4,29561.04,5,1,4,2,Potential Loyalists
16612.0,33,0.4,19896.59,5,1,4,2,Potential Loyalists
15407.0,34,0.4,33519.64,5,1,4,2,Potential Loyalists
13107.0,45,0.4,26773.74,5,1,4,2,Potential Loyalists
13761.0,51,0.4,37734.44,5,1,4,2,Potential Loyalists
18252.0,51,0.4,34297.8,5,1,4,2,Potential Loyalists
17180.0,57,0.4,26108.33,5,1,4,2,Potential Loyalists
17169.0,58,0.4,21705.2,5,1,4,2,Potential Loyalists
12530.0,60,0.4,21237.47,5,1,4,2,Potential Loyalists
14389.0,66,0.4,24415.84,5,1,4,2,Potential Loyalists
16229.0,88,0.4,23930.0,5,1,4,2,Potential Loyalists
13192.0,96,0.4,26678.62,5,1,4,2,Potential Loyalists
15800.0,108,0.4,46144.26,5,1,4,2,Potential Loyalists
13655.0,115,0.4,21898.38,5,1,4,2,Potential Loyalists
15985.0,124,0.4,24826.64,5,1,4,2,Potential Loyalists
14442.0,205,0.4,19430.76,5,1,4,2,Potential Loyalists
14428.0,8,0.42,36876.16,5,1,4,2,Potential Loyalists
15858.0,16,0.42,47274.27,5,1,4,2,Potential Loyalists
13941.0,22,0.42,44106.7,5,1,4,2,Potential Loyalists
14748.0,30,0.42,30343.55,5,1,4,2,Potential Loyalists
16907.0,30,0.42,21575.68,5,1,4,2,Potential Loyalists
16003.0,30,0.42,43965.74,5,1,4,2,Potential Loyalists
18016.0,33,0.42,36526.0,5,1,4,2,Potential Loyalists
12928.0,36,0.42,33373.24,5,1,4,2,Potential Loyalists
12620.0,15,0.43,37014.05,5,1,4,2,Potential Loyalists
14593.0,22,0.43,29695.44,5,1,4,2,Potential Loyalists
13308.0,23,0.43,26285.19,5,1,4,2,Potential Loyalists
17932.0,30,0.43,36908.78,5,1,4,2,Potential Loyalists
13867.0,32,0.43,21274.71,5,1,4,2,Potential Loyalists
16418.0,45,0.43,18722.12,5,1,4,2,Potential Loyalists
13637.0,53,0.43,31996.85,5,1,4,2,Potential Loyalists
15067.0,79,0.43,39900.73,5,1,4,2,Potential Loyalists
15980.0,89,0.43,43787.02,5,1,4,2,Potential Loyalists
16842.0,101,0.43,20025.92,5,1,4,2,Potential Loyalists
13425.0,109,0.43,38089.77,5,1,4,2,Potential Loyalists
17083.0,110,0.43,25468.12,5,1,4,2,Potential Loyalists
15122.0,115,0.43,37875.12,5,1,4,2,Potential Loyalists
16317.0,120,0.43,25458.22,5,1,4,2,Potential Loyalists
17179.0,179,0.43,18496.76,5,1,4,2,Potential Loyalists
16520.0,187,0.43,47227.6,5,1,4,2,Potential Loyalists
17883.0,4,0.44,21531.8,5,1,4,2,Potential Loyalists
16657.0,10,0.44,45460.98,5,1,4,2,Potential Loyalists
16005.0,13,0.44,32899.52,5,1,4,2,Potential Loyalists
14336.0,17,0.44,39086.33,5,1,4,2,Potential Loyalists
14297.0,18,0.44,27941.73,5,1,4,2,Potential Loyalists
17738.0,20,0.44,37054.0,5,1,4,2,Potential Loyalists
14226.0,30,0.44,39489.76,5,1,4,2,Potential Loyalists
17043.0,33,0.44,42263.59,5,1,4,2,Potential Loyalists
17979.0,36,0.44,30117.48,5,1,4,2,Potential Loyalists
17175.0,45,0.44,21354.46,5,1,4,2,Potential Loyalists
13157.0,50,0.44,46733.22,5,1,4,2,Potential Loyalists
14916.0,71,0.44,23718.36,5,1,4,2,Potential Loyalists
12393.0,73,0.44,29523.2,5,1,4,2,Potential Loyalists
16493.0,80,0.44,22803.54,5,1,4,2,Potential Loyalists
13158.0,95,0.44,23847.44,5,1,4,2,Potential Loyalists
16503.0,107,0.44,24960.68,5,1,4,2,Potential Loyalists
15002.0,116,0.44,49668.37,5,1,4,2,Potential Loyalists
18178.0,129,0.44,39971.61,5,1,4,2,Potential Loyalists
13309.0,8,0.45,33913.11,5,1,4,2,Potential Loyalists
14321.0,11,0.45,36395.68,5,1,4,2,Potential Loyalists
18161.0,16,0.45,22829.84,5,1,4,2,Potential Loyalists
16748.0,18,0.45,22705.5,5,1,4,2,Potential Loyalists
13313.0,23,0.45,24286.48,5,1,4,2,Potential Loyalists
16042.0,23,0.45,23194.29,5,1,4,2,Potential Loyalists
16085.0,24,0.45,31219.53,5,1,4,2,Potential Loyalists
16150.0,43,0.45,44896.04,5,1,4,2,Potential Loyalists
15288.0,44,0.45,42871.09,5,1,4,2,Potential Loyalists
17470.0,45,0.45,18857.14,5,1,4,2,Potential Loyalists
16153.0,50,0.45,38905.14,5,1,4,2,Potential Loyalists
16770.0,58,0.45,22389.66,5,1,4,2,Potential Loyalists
13627.0,60,0.45,26593.45,5,1,4,2,Potential Loyalists
16143.0,4,0.46,41177.82,5,1,4,2,Potential Loyalists
17676.0,5,0.46,21680.66,5,1,4,2,Potential Loyalists
16899.0,8,0.46,24649.63,5,1,4,2,Potential Loyalists
17754.0,1,0.5,32307.68,5,1,4,2,Potential Loyalists
17405.0,2,0.5,22775.56,5,1,4,2,Potential Loyalists
17144.0,2,0.5,18404.26,5,1,4,2,Potential Loyalists
13956.0,6,0.5,28029.82,5,1,4,2,Potential Loyalists
14655.0,9,0.5,23960.07,5,1,4,2,Potential Loyalists
13647.0,10,0.5,28125.94,5,1,4,2,Potential Loyalists
15073.0,10,0.5,20777.62,5,1,4,2,Potential Loyalists
17682.0,11,0.5,47030.1,5,1,4,2,Potential Loyalists
14419.0,11,0.5,38099.62,5,1,4,2,Potential Loyalists
16992.0,11,0.5,24549.71,5,1,4,2,Potential Loyalists
14215.0,12,0.5,38924.5,5,1,4,2,Potential Loyalists
15747.0,13,0.5,28467.12,5,1,4,2,Potential Loyalists
17516.0,16,0.5,26262.05,5,1,4,2,Potential Loyalists
17519.0,18,0.5,23086.75,5,1,4,2,Potential Loyalists
16261.0,18,0.5,19065.91,5,1,4,2,Potential Loyalists
17360.0,18,0.5,25843.45,5,1,4,2,Potential Loyalists
13118.0,20,0.5,20990.91,5,1,4,2,Potential Loyalists
15530.0,22,0.5,38639.81,5,1,4,2,Potential Loyalists
17797.0,23,0.5,31687.54,5,1,4,2,Potential Loyalists
14898.0,24,0.5,32574.63,5,1,4,2,Potential Loyalists
16469.0,24,0.5,28786.03,5,1,4,2,Potential Loyalists
13577.0,26,0.5,34162.75,5,1,4,2,Potential Loyalists
12689.0,26,0.5,33966.43,5,1,4,2,Potential Loyalists
14487.0,27,0.5,32951.89,5,1,4,2,Potential Loyalists
17289.0,32,0.5,36764.38,5,1,4,2,Potential Loyalists
14050.0,32,0.5,22407.72,5,1,4,2,Potential Loyalists
15785.0,33,0.5,35896.89,5,1,4,2,Potential Loyalists
14404.0,34,0.5,20058.87,5,1,4,2,Potential Loyalists
12576.0,36,0.5,22837.63,5,1,4,2,Potential Loyalists
15722.0,36,0.5,30059.09,5,1,4,2,Potential Loyalists
14383.0,39,0.5,22659.72,5,1,4,2,Potential Loyalists
13726.0,39,0.5,21684.26,5,1,4,2,Potential Loyalists
15376.0,41,0.5,49398.99,5,1,4,2,Potential Loyalists
12556.0,51,0.5,32768.97,5,1,4,2,Potential Loyalists
15826.0,57,0.5,43134.73,5,1,4,2,Potential Loyalists
12679.0,59,0.5,24543.64,5,1,4,2,Potential Loyalists
13109.0,60,0.5,18460.27,5,1,4,2,Potential Loyalists
14857.0,60,0.5,27706.98,5,1,4,2,Potential Loyalists
17921.0,65,0.5,30013.92,5,1,4,2,Potential Loyalists
15730.0,66,0.5,24605.37,5,1,4,2,Potential Loyalists
16182.0,73,0.5,47179.0,5,1,4,2,Potential Loyalists
15810.0,79,0.5,35047.26,5,1,4,2,Potential Loyalists
13562.0,82,0.5,49164.22,5,1,4,2,Potential Loyalists
17058.0,82,0.5,21696.7,5,1,4,2,Potential Loyalists
18093.0,94,0.5,27336.12,5,1,4,2,Potential Loyalists
17774.0,97,0.5,39797.99,5,1,4,2,Potential Loyalists
16456.0,100,0.5,47956.25,5,1,4,2,Potential Loyalists
14224.0,111,0.5,19553.43,5,1,4,2,Potential Loyalists
13162.0,123,0.5,45027.92,5,1,4,2,Potential Loyalists
15716.0,146,0.5,36088.97,5,1,4,2,Potential Loyalists
12717.0,152,0.5,20066.64,5,1,4,2,Potential Loyalists
15265.0,152,0.5,49565.77,5,1,4,2,Potential Loyalists
13476.0,179,0.5,18878.63,5,1,4,2,Potential Loyalists
12857.0,211,0.5,19582.3,5,1,4,2,Potential Loyalists
14161.0,216,0.5,37549.34,5,1,4,2,Potential Loyalists
17277.0,228,0.5,38265.88,5,1,4,2,Potential Loyalists
14770.0,233,0.5,19458.77,5,1,4,2,Potential Loyalists
14672.0,235,0.5,18776.12,5,1,4,2,Potential Loyalists
15353.0,255,0.5,18669.69,5,1,4,2,Potential Loyalists
14256.0,261,0.5,20499.3,5,1,4,2,Potential Loyalists
12826.0,3,0.54,21786.98,5,1,4,2,Potential Loyalists
13225.0,4,0.54,33347.48,5,1,4,2,Potential Loyalists
14696.0,5,0.54,35007.44,5,1,4,2,Potential Loyalists
14739.0,5,0.54,35935.76,5,1,4,2,Potential Loyalists
17090.0,5,0.54,31808.76,5,1,4,2,Potential Loyalists
16979.0,4,0.55,24971.53,5,1,4,2,Potential Loyalists
18179.0,10,0.55,23554.76,5,1,4,2,Potential Loyalists
14209.0,11,0.55,20537.66,5,1,4,2,Potential Loyalists
13246.0,19,0.55,46473.12,5,1,4,2,Potential Loyalists
13520.0,59,0.55,46622.84,5,1,4,2,Potential Loyalists
16059.0,66,0.55,45040.92,5,1,4,2,Potential Loyalists
17042.0,3,0.56,22237.41,5,1,4,2,Potential Loyalists
15172.0,9,0.56,35221.04,5,1,4,2,Potential Loyalists
16128.0,18,0.56,41404.7,5,1,4,2,Potential Loyalists
15106.0,18,0.56,28070.83,5,1,4,2,Potential Loyalists
14447.0,19,0.56,19876.46,5,1,4,2,Potential Loyalists
16809.0,24,0.56,29655.06,5,1,4,2,Potential Loyalists
14064.0,30,0.56,20495.32,5,1,4,2,Potential Loyalists
14214.0,31,0.56,24199.9,5,1,4,2,Potential Loyalists
15240.0,45,0.56,25396.51,5,1,4,2,Potential Loyalists
16515.0,53,0.56,31475.27,5,1,4,2,Potential Loyalists
13875.0,54,0.56,34224.0,5,1,4,2,Potential Loyalists
16394.0,57,0.56,25784.14,5,1,4,2,Potential Loyalists
14665.0,61,0.56,30018.0,5,1,4,2,Potential Loyalists
15596.0,101,0.56,19561.92,5,1,4,2,Potential Loyalists
14859.0,13,0.57,23056.6,5,1,4,2,Potential Loyalists
16463.0,22,0.57,28560.19,5,1,4,2,Potential Loyalists
17702.0,31,0.57,34228.3,5,1,4,2,Potential Loyalists
17867.0,31,0.57,18009.78,5,1,4,2,Potential Loyalists
12674.0,39,0.57,31189.46,5,1,4,2,Potential Loyalists
16188.0,45,0.57,18061.53,5,1,4,2,Potential Loyalists
12463.0,54,0.57,22253.06,5,1,4,2,Potential Loyalists
16224.0,58,0.57,31156.14,5,1,4,2,Potential Loyalists
17648.0,61,0.57,32986.14,5,1,4,2,Potential Loyalists
15756.0,62,0.57,24128.0,5,1,4,2,Potential Loyalists
18173.0,87,0.57,19016.88,5,1,4,2,Potential Loyalists
16045.0,120,0.57,30781.25,5,1,4,2,Potential Loyalists
17994.0,122,0.57,19445.96,5,1,4,2,Potential Loyalists
15574.0,178,0.57,39492.0,5,1,4,2,Potential Loyalists
12935.0,3,0.58,43152.6,5,1,4,2,Potential Loyalists
17655.0,11,0.58,26050.22,5,1,4,2,Potential Loyalists
17924.0,12,0.58,30979.92,5,1,4,2,Potential Loyalists
17188.0,12,0.58,24640.91,5,1,4,2,Potential Loyalists
17739.0,12,0.58,18868.94,5,1,4,2,Potential Loyalists
16983.0,13,0.58,38501.71,5,1,4,2,Potential Loyalists
15987.0,13,0.58,27932.86,5,1,4,2,Potential Loyalists
16719.0,15,0.58,36660.99,5,1,4,2,Potential Loyalists
15916.0,17,0.58,27980.2,5,1,4,2,Potential Loyalists
14533.0,25,0.58,20942.2,5,1,4,2,Potential Loyalists
16218.0,30,0.58,44329.56,5,1,4,2,Potential Loyalists
13590.0,12,0.6,29871.69,5,1,4,2,Potential Loyalists
17422.0,17,0.6,39177.84,5,1,4,2,Potential Loyalists
16762.0,20,0.6,47194.7,5,1,4,2,Potential Loyalists
15203.0,26,0.6,46978.08,5,1,4,2,Potential Loyalists
13379.0,27,0.6,19846.15,5,1,4,2,Potential Loyalists
14188.0,31,0.6,21635.86,5,1,4,2,Potential Loyalists
13717.0,33,0.6,21118.35,5,1,4,2,Potential Loyalists
15839.0,34,0.6,23583.51,5,1,4,2,Potential Loyalists
16012.0,36,0.6,32308.94,5,1,4,2,Potential Loyalists
17442.0,37,0.6,49108.64,5,1,4,2,Potential Loyalists
16841.0,37,0.6,36228.9,5,1,4,2,Potential Loyalists
13477.0,38,0.6,22070.24,5,1,4,2,Potential Loyalists
14312.0,47,0.6,24540.43,5,1,4,2,Potential Loyalists
16918.0,50,0.6,28829.54,5,1,4,2,Potential Loyalists
15370.0,60,0.6,31413.14,5,1,4,2,Potential Loyalists
14409.0,72,0.6,28862.62,5,1,4,2,Potential Loyalists
13055.0,79,0.6,43164.4,5,1,4,2,Potential Loyalists
17047.0,86,0.6,21417.12,5,1,4,2,Potential Loyalists
15996.0,89,0.6,21060.84,5,1,4,2,Potential Loyalists
12710.0,97,0.6,32801.08,5,1,4,2,Potential Loyalists
14246.0,111,0.6,32658.64,5,1,4,2,Potential Loyalists
16807.0,143,0.6,25564.1,5,1,4,2,Potential Loyalists
17472.0,192,0.6,40854.6,5,1,4,2,Potential Loyalists
12423.0,1,0.62,24254.74,5,1,4,2,Potential Loyalists
17097.0,3,0.62,25963.45,5,1,4,2,Potential Loyalists
13126.0,5,0.62,38666.91,5,1,4,2,Potential Loyalists
17629.0,6,0.62,32581.0,5,1,4,2,Potential Loyalists
12963.0,9,0.62,24491.91,5,1,4,2,Potential Loyalists
17293.0,9,0.62,32176.32,5,1,4,2,Potential Loyalists
17522.0,2,0.63,25006.65,5,1,4,2,Potential Loyalists
12670.0,11,0.63,46921.41,5,1,4,2,Potential Loyalists
13995.0,16,0.63,25518.95,5,1,4,2,Potential Loyalists
15594.0,16,0.63,49186.86,5,1,4,2,Potential Loyalists
14623.0,33,0.63,21203.87,5,1,4,2,Potential Loyalists
12909.0,40,0.63,21793.8,5,1,4,2,Potential Loyalists
16225.0,45,0.63,40410.81,5,1,4,2,Potential Loyalists
12407.0,50,0.63,25211.72,5,1,4,2,Potential Loyalists
13265.0,54,0.63,39210.28,5,1,4,2,Potential Loyalists
15815.0,64,0.63,20717.44,5,1,4,2,Potential Loyalists
12502.0,96,0.63,46113.32,5,1,4,2,Potential Loyalists
13593.0,109,0.63,46375.57,5,1,4,2,Potential Loyalists
13630.0,6,0.64,24471.62,5,1,4,2,Potential Loyalists
17396.0,40,0.64,25210.2,5,1,4,2,Potential Loyalists
14107.0,52,0.64,47613.29,5,1,4,2,Potential Loyalists
16455.0,64,0.64,32184.28,5,1,4,2,Potential Loyalists
15910.0,1,0.67,41179.87,5,1,4,2,Potential Loyalists
14138.0,2,0.67,25879.31,5,1,4,2,Potential Loyalists
12646.0,5,0.67,27300.96,5,1,4,2,Potential Loyalists
13822.0,6,0.67,37278.06,5,1,4,2,Potential Loyalists
14732.0,9,0.67,43269.12,5,1,4,2,Potential Loyalists
12572.0,9,0.67,20085.26,5,1,4,2,Potential Loyalists
15948.0,9,0.67,31989.6,5,1,4,2,Potential Loyalists
15239.0,11,0.67,18956.11,5,1,4,2,Potential Loyalists
15953.0,16,0.67,19645.92,5,1,4,2,Potential Loyalists
14334.0,17,0.67,48393.0,5,1,4,2,Potential Loyalists
13650.0,17,0.67,27350.87,5,1,4,2,Potential Loyalists
15398.0,17,0.67,46169.83,5,1,4,2,Potential Loyalists
15527.0,19,0.67,30757.28,5,1,4,2,Potential Loyalists
13823.0,19,0.67,20463.04,5,1,4,2,Potential Loyalists
17828.0,23,0.67,27119.71,5,1,4,2,Potential Loyalists
16869.0,23,0.67,25222.42,5,1,4,2,Potential Loyalists
14507.0,24,0.67,20207.6,5,1,4,2,Potential Loyalists
15584.0,24,0.67,19425.94,5,1,4,2,Potential Loyalists
15679.0,25,0.67,43091.3,5,1,4,2,Potential Loyalists
15411.0,27,0.67,34693.18,5,1,4,2,Potential Loyalists
16205.0,31,0.67,20529.18,5,1,4,2,Potential Loyalists
14676.0,32,0.67,18501.24,5,1,4,2,Potential Loyalists
18177.0,32,0.67,19610.39,5,1,4,2,Potential Loyalists
15573.0,32,0.67,24704.3,5,1,4,2,Potential Loyalists
17696.0,39,0.67,35657.21,5,1,4,2,Potential Loyalists
17612.0,54,0.67,43621.29,5,1,4,2,Potential Loyalists
14567.0,57,0.67,20403.96,5,1,4,2,Potential Loyalists
13208.0,59,0.67,36043.99,5,1,4,2,Potential Loyalists
15128.0,61,0.67,35505.56,5,1,4,2,Potential Loyalists
14101.0,74,0.67,35893.92,5,1,4,2,Potential Loyalists
17027.0,79,0.67,29845.46,5,1,4,2,Potential Loyalists
14163.0,88,0.67,26010.39,5,1,4,2,Potential Loyalists
13814.0,93,0.67,36467.58,5,1,4,2,Potential Loyalists
14210.0,106,0.67,27270.04,5,1,4,2,Potential Loyalists
17242.0,109,0.67,25255.36,5,1,4,2,Potential Loyalists
13027.0,114,0.67,34176.0,5,1,4,2,Potential Loyalists
17252.0,117,0.67,25917.03,5,1,4,2,Potential Loyalists
17505.0,162,0.67,24633.65,5,1,4,2,Potential Loyalists
13294.0,190,0.67,19704.9,5,1,4,2,Potential Loyalists
15104.0,197,0.67,19760.97,5,1,4,2,Potential Loyalists
14817.0,201,0.67,29775.88,5,1,4,2,Potential Loyalists
12417.0,4,0.69,44973.31,5,1,4,2,Potential Loyalists
14083.0,5,0.69,49446.83,5,1,4,2,Potential Loyalists
13021.0,5,0.69,37234.19,5,1,4,2,Potential Loyalists
14309.0,9,0.69,29369.78,5,1,4,2,Potential Loyalists
18230.0,10,0.7,35417.46,5,1,4,2,Potential Loyalists
15903.0,10,0.7,49188.96,5,1,4,2,Potential Loyalists
13610.0,13,0.7,35019.51,5,1,4,2,Potential Loyalists
17323.0,16,0.7,32144.1,5,1,4,2,Potential Loyalists
17063.0,22,0.7,21754.76,5,1,4,2,Potential Loyalists
17663.0,26,0.7,20805.18,5,1,4,2,Potential Loyalists
16332.0,29,0.7,38218.83,5,1,4,2,Potential Loyalists
16434.0,30,0.7,20516.51,5,1,4,2,Potential Loyalists
13110.0,32,0.7,26567.58,5,1,4,2,Potential Loyalists
16466.0,34,0.7,32986.36,5,1,4,2,Potential Loyalists
17591.0,74,0.7,36050.87,5,1,4,2,Potential Loyalists
14414.0,92,0.7,22023.62,5,1,4,2,Potential Loyalists
15117.0,15,0.71,30660.43,5,1,4,2,Potential Loyalists
17469.0,17,0.71,31001.16,5,1,4,2,Potential Loyalists
14691.0,31,0.71,36418.3,5,1,4,2,Potential Loyalists
16249.0,53,0.71,24944.37,5,1,4,2,Potential Loyalists
16709.0,85,0.71,40810.06,5,1,4,2,Potential Loyalists
14745.0,113,0.71,21348.93,5,1,4,2,Potential Loyalists
12383.0,185,0.71,38040.68,5,1,4,2,Potential Loyalists
13394.0,2,0.73,47975.05,5,1,4,2,Potential Loyalists
15796.0,2,0.73,32681.54,5,1,4,2,Potential Loyalists
13870.0,3,0.73,43288.81,5,1,4,2,Potential Loyalists
15932.0,5,0.73,35183.1,5,1,4,2,Potential Loyalists
12483.0,18,0.73,20842.77,5,1,4,2,Potential Loyalists
13862.0,19,0.73,41280.46,5,1,4,2,Potential Loyalists
17368.0,24,0.73,22538.04,5,1,4,2,Potential Loyalists
17372.0,41,0.73,41332.82,5,1,4,2,Potential Loyalists
12526.0,1,0.75,27990.04,5,1,4,2,Potential Loyalists
13314.0,2,0.75,18297.78,5,1,4,2,Potential Loyalists
16987.0,4,0.75,32019.71,5,1,4,2,Potential Loyalists
13183.0,8,0.75,40524.82,5,1,4,2,Potential Loyalists
12684.0,8,0.75,38003.16,5,1,4,2,Potential Loyalists
15687.0,9,0.75,44742.35,5,1,4,2,Potential Loyalists
15024.0,10,0.75,41704.85,5,1,4,2,Potential Loyalists
14878.0,13,0.75,20010.73,5,1,4,2,Potential Loyalists
14482.0,19,0.75,48677.35,5,1,4,2,Potential Loyalists
13500.0,24,0.75,23822.12,5,1,4,2,Potential Loyalists
14640.0,25,0.75,31152.38,5,1,4,2,Potential Loyalists
17777.0,25,0.75,41350.72,5,1,4,2,Potential Loyalists
15660.0,26,0.75,24208.43,5,1,4,2,Potential Loyalists
17069.0,29,0.75,49438.82,5,1,4,2,Potential Loyalists
17109.0,30,0.75,28491.11,5,1,4,2,Potential Loyalists
14524.0,32,0.75,33834.7,5,1,4,2,Potential Loyalists
16706.0,38,0.75,18924.32,5,1,4,2,Potential Loyalists
14019.0,47,0.75,28920.55,5,1,4,2,Potential Loyalists
15220.0,52,0.75,37184.78,5,1,4,2,Potential Loyalists
15306.0,65,0.75,19876.7,5,1,4,2,Potential Loyalists
15036.0,73,0.75,24526.48,5,1,4,2,Potential Loyalists
12412.0,75,0.75,23243.44,5,1,4,2,Potential Loyalists
14561.0,76,0.75,26178.79,5,1,4,2,Potential Loyalists
15108.0,142,0.75,22380.1,5,1,4,2,Potential Loyalists
12947.0,144,0.75,26477.34,5,1,4,2,Potential Loyalists
18202.0,200,0.75,24247.57,5,1,4,2,Potential Loyalists
17491.0,2,0.77,39721.0,5,1,4,2,Potential Loyalists
13890.0,2,0.77,22781.59,5,1,4,2,Potential Loyalists
18219.0,3,0.77,21296.45,5,1,4,2,Potential Loyalists
13769.0,3,0.77,37308.45,5,1,4,2,Potential Loyalists
17218.0,5,0.77,48677.3,5,1,4,2,Potential Loyalists
18044.0,5,0.77,19687.78,5,1,4,2,Potential Loyalists
15373.0,9,0.77,18801.87,5,1,4,2,Potential Loyalists
14243.0,9,0.77,33255.43,5,1,4,2,Potential Loyalists
17133.0,16,0.78,26957.32,5,1,4,2,Potential Loyalists
12948.0,17,0.78,38756.26,5,1,4,2,Potential Loyalists
15671.0,19,0.78,26226.09,5,1,4,2,Potential Loyalists
15906.0,20,0.78,46413.92,5,1,4,2,Potential Loyalists
13725.0,50,0.78,22748.34,5,1,4,2,Potential Loyalists
15260.0,101,0.78,19677.59,5,1,4,2,Potential Loyalists
12364.0,8,0.8,31218.02,5,1,4,2,Potential Loyalists
13159.0,9,0.8,39786.17,5,1,4,2,Potential Loyalists
13012.0,10,0.8,21354.8,5,1,4,2,Potential Loyalists
16009.0,23,0.8,26075.36,5,1,4,2,Potential Loyalists
15981.0,25,0.8,44244.8,5,1,4,2,Potential Loyalists
14541.0,59,0.8,27608.56,5,1,4,2,Potential Loyalists
17894.0,72,0.8,23190.8,5,1,4,2,Potential Loyalists
13320.0,79,0.8,46439.2,5,1,4,2,Potential Loyalists
14837.0,90,0.8,46223.02,5,1,4,2,Potential Loyalists
15625.0,104,0.8,32818.9,5,1,4,2,Potential Loyalists
13475.0,192,0.8,31692.54,5,1,4,2,Potential Loyalists
17705.0,4,0.82,18247.52,5,1,4,2,Potential Loyalists
16156.0,9,0.82,46948.74,5,1,4,2,Potential Loyalists
17554.0,2,0.83,36701.52,5,1,4,2,Potential Loyalists
16293.0,22,0.83,25017.33,5,1,4,2,Potential Loyalists
16638.0,23,0.83,22413.81,5,1,4,2,Potential Loyalists
18075.0,24,0.83,31719.74,5,1,4,2,Potential Loyalists
12708.0,30,0.83,31327.05,5,1,4,2,Potential Loyalists
13983.0,30,0.83,22710.89,5,1,4,2,Potential Loyalists
13213.0,57,0.83,34220.48,5,1,4,2,Potential Loyalists
15201.0,88,0.83,20274.97,5,1,4,2,Potential Loyalists
16172.0,96,0.83,18373.79,5,1,4,2,Potential Loyalists
14407.0,108,0.83,24703.38,5,1,4,2,Potential Loyalists
18239.0,219,0.83,32303.45,5,1,4,2,Potential Loyalists
12747.0,3,0.85,32540.99,5,1,4,2,Potential Loyalists
14032.0,3,0.85,36126.88,5,1,4,2,Potential Loyalists
17386.0,8,0.86,21328.58,5,1,4,2,Potential Loyalists
16877.0,13,0.86,23671.89,5,1,4,2,Potential Loyalists
14515.0,18,0.86,44802.21,5,1,4,2,Potential Loyalists
13450.0,27,0.86,24863.76,5,1,4,2,Potential Loyalists
16170.0,51,0.86,36798.11,5,1,4,2,Potential Loyalists
12457.0,67,0.86,30802.99,5,1,4,2,Potential Loyalists
12853.0,135,0.86,30069.6,5,1,4,2,Potential Loyalists
18168.0,177,0.86,19299.58,5,1,4,2,Potential Loyalists
12868.0,186,0.86,28810.7,5,1,4,2,Potential Loyalists
13232.0,13,0.88,33118.1,5,1,4,2,Potential Loyalists
16348.0,33,0.88,38096.44,5,1,4,2,Potential Loyalists
15140.0,53,0.88,29402.77,5,1,4,2,Potential Loyalists
18094.0,82,0.88,34690.44,5,1,4,2,Potential Loyalists
15214.0,2,0.89,28585.23,5,1,4,2,Potential Loyalists
12619.0,17,0.89,31792.88,5,1,4,2,Potential Loyalists
18257.0,40,0.89,43281.22,5,1,4,2,Potential Loyalists
17071.0,29,0.9,36784.38,5,1,4,2,Potential Loyalists
15059.0,41,0.9,30844.71,5,1,4,2,Potential Loyalists
13993.0,43,0.9,35227.91,5,1,4,2,Potential Loyalists
15606.0,62,0.9,23337.14,5,1,4,2,Potential Loyalists
16407.0,13,0.91,42052.54,5,1,4,2,Potential Loyalists
14825.0,4,0.92,22354.28,5,1,4,2,Potential Loyalists
12877.0,4,0.92,27919.58,5,1,4,2,Potential Loyalists
15854.0,5,0.92,29021.48,5,1,4,2,Potential Loyalists
16775.0,11,0.92,19351.14,5,1,4,2,Potential Loyalists
15694.0,1,1.0,31742.31,5,1,4,2,Potential Loyalists
12518.0,1,1.0,41264.65,5,1,4,2,Potential Loyalists
12713.0,1,1.0,26022.6,5,1,4,2,Potential Loyalists
15877.0,2,1.0,30341.5,5,1,4,2,Potential Loyalists
15136.0,3,1.0,30077.5,5,1,4,2,Potential Loyalists
12783.0,3,1.0,22348.5,5,1,4,2,Potential Loyalists
14904.0,3,1.0,38271.68,5,1,4,2,Potential Loyalists
15471.0,3,1.0,35034.48,5,1,4,2,Potential Loyalists
17481.0,4,1.0,25336.02,5,1,4,2,Potential Loyalists
16015.0,4,1.0,44780.67,5,1,4,2,Potential Loyalists
14140.0,4,1.0,30846.92,5,1,4,2,Potential Loyalists
17290.0,4,1.0,23649.36,5,1,4,2,Potential Loyalists
17914.0,4,1.0,24689.34,5,1,4,2,Potential Loyalists
18180.0,5,1.0,35931.13,5,1,4,2,Potential Loyalists
12952.0,6,1.0,30437.77,5,1,4,2,Potential Loyalists
17936.0,6,1.0,26787.26,5,1,4,2,Potential Loyalists
13868.0,8,1.0,18023.49,5,1,4,2,Potential Loyalists
15539.0,8,1.0,22076.86,5,1,4,2,Potential Loyalists
16169.0,9,1.0,40499.76,5,1,4,2,Potential Loyalists
15782.0,10,1.0,27276.54,5,1,4,2,Potential Loyalists
12488.0,10,1.0,21199.79,5,1,4,2,Potential Loyalists
12630.0,10,1.0,26214.94,5,1,4,2,Potential Loyalists
14511.0,12,1.0,18002.06,5,1,4,2,Potential Loyalists
15721.0,12,1.0,44872.2,5,1,4,2,Potential Loyalists
17379.0,12,1.0,33586.78,5,1,4,2,Potential Loyalists
17806.0,12,1.0,23479.72,5,1,4,2,Potential Loyalists
14093.0,13,1.0,46499.25,5,1,4,2,Potential Loyalists
13184.0,15,1.0,37955.85,5,1,4,2,Potential Loyalists
12784.0,16,1.0,27835.92,5,1,4,2,Potential Loyalists
14756.0,16,1.0,20062.68,5,1,4,2,Potential Loyalists
17809.0,17,1.0,49120.04,5,1,4,2,Potential Loyalists
17073.0,18,1.0,46786.83,5,1,4,2,Potential Loyalists
13363.0,18,1.0,26933.79,5,1,4,2,Potential Loyalists
15977.0,18,1.0,28939.72,5,1,4,2,Potential Loyalists
15645.0,19,1.0,31824.52,5,1,4,2,Potential Loyalists
12395.0,20,1.0,27938.95,5,1,4,2,Potential Loyalists
15533.0,20,1.0,18789.17,5,1,4,2,Potential Loyalists
17425.0,20,1.0,29006.94,5,1,4,2,Potential Loyalists
15933.0,22,1.0,26759.49,5,1,4,2,Potential Loyalists
16924.0,22,1.0,23876.1,5,1,4,2,Potential Loyalists
15088.0,22,1.0,33996.36,5,1,4,2,Potential Loyalists
12391.0,22,1.0,42531.02,5,1,4,2,Potential Loyalists
12647.0,23,1.0,22349.51,5,1,4,2,Potential Loyalists
12610.0,23,1.0,43977.68,5,1,4,2,Potential Loyalists
13629.0,24,1.0,34629.18,5,1,4,2,Potential Loyalists
12910.0,24,1.0,40613.6,5,1,4,2,Potential Loyalists
12640.0,24,1.0,19220.08,5,1,4,2,Potential Loyalists
15900.0,24,1.0,17906.61,5,1,4,2,Potential Loyalists
16204.0,24,1.0,23125.47,5,1,4,2,Potential Loyalists
14725.0,25,1.0,23803.78,5,1,4,2,Potential Loyalists
12890.0,25,1.0,31198.54,5,1,4,2,Potential Loyalists
15058.0,26,1.0,44445.3,5,1,4,2,Potential Loyalists
18082.0,26,1.0,46126.57,5,1,4,2,Potential Loyalists
18117.0,26,1.0,23733.28,5,1,4,2,Potential Loyalists
16504.0,26,1.0,41656.68,5,1,4,2,Potential Loyalists
16912.0,29,1.0,24804.47,5,1,4,2,Potential Loyalists
17162.0,29,1.0,23252.31,5,1,4,2,Potential Loyalists
17512.0,29,1.0,42574.29,5,1,4,2,Potential Loyalists
15608.0,29,1.0,23937.6,5,1,4,2,Potential Loyalists
16460.0,29,1.0,33394.57,5,1,4,2,Potential Loyalists
17052.0,29,1.0,35217.0,5,1,4,2,Potential Loyalists
16903.0,30,1.0,20493.72,5,1,4,2,Potential Loyalists
16751.0,31,1.0,44118.0,5,1,4,2,Potential Loyalists
17633.0,32,1.0,22652.75,5,1,4,2,Potential Loyalists
16284.0,32,1.0,44136.39,5,1,4,2,Potential Loyalists
15870.0,33,1.0,25919.25,5,1,4,2,Potential Loyalists
12638.0,34,1.0,19444.22,5,1,4,2,Potential Loyalists
15025.0,34,1.0,25919.26,5,1,4,2,Potential Loyalists
14815.0,37,1.0,24688.5,5,1,4,2,Potential Loyalists
15830.0,38,1.0,20054.0,5,1,4,2,Potential Loyalists
15275.0,38,1.0,19706.04,5,1,4,2,Potential Loyalists
15576.0,38,1.0,33168.33,5,1,4,2,Potential Loyalists
18104.0,38,1.0,28676.32,5,1,4,2,Potential Loyalists
13271.0,38,1.0,20868.48,5,1,4,2,Potential Loyalists
16127.0,40,1.0,26250.0,5,1,4,2,Potential Loyalists
13278.0,41,1.0,23750.1,5,1,4,2,Potential Loyalists
17669.0,43,1.0,35717.12,5,1,4,2,Potential Loyalists
16102.0,43,1.0,33558.68,5,1,4,2,Potential Loyalists
17839.0,43,1.0,18972.8,5,1,4,2,Potential Loyalists
16056.0,46,1.0,32343.0,5,1,4,2,Potential Loyalists
15801.0,47,1.0,41269.02,5,1,4,2,Potential Loyalists
17004.0,47,1.0,31702.0,5,1,4,2,Potential Loyalists
12546.0,47,1.0,35990.8,5,1,4,2,Potential Loyalists
16491.0,47,1.0,25980.6,5,1,4,2,Potential Loyalists
13176.0,47,1.0,31118.31,5,1,4,2,Potential Loyalists
15000.0,48,1.0,37770.04,5,1,4,2,Potential Loyalists
15677.0,50,1.0,18520.33,5,1,4,2,Potential Loyalists
14261.0,51,1.0,27919.4,5,1,4,2,Potential Loyalists
17354.0,51,1.0,22288.96,5,1,4,2,Potential Loyalists
14923.0,51,1.0,26227.5,5,1,4,2,Potential Loyalists
14306.0,52,1.0,38914.64,5,1,4,2,Potential Loyalists
13032.0,53,1.0,30524.85,5,1,4,2,Potential Loyalists
17679.0,53,1.0,33352.32,5,1,4,2,Potential Loyalists
14015.0,53,1.0,18346.8,5,1,4,2,Potential Loyalists
14211.0,54,1.0,32264.36,5,1,4,2,Potential Loyalists
12794.0,54,1.0,18904.24,5,1,4,2,Potential Loyalists
12475.0,54,1.0,23428.3,5,1,4,2,Potential Loyalists
15066.0,54,1.0,29757.42,5,1,4,2,Potential Loyalists
17244.0,54,1.0,29601.9,5,1,4,2,Potential Loyalists
12940.0,55,1.0,34703.49,5,1,4,2,Potential Loyalists
13878.0,55,1.0,31793.4,5,1,4,2,Potential Loyalists
14937.0,57,1.0,18807.16,5,1,4,2,Potential Loyalists
12454.0,57,1.0,35885.72,5,1,4,2,Potential Loyalists
13911.0,58,1.0,43080.18,5,1,4,2,Potential Loyalists
12446.0,58,1.0,37625.28,5,1,4,2,Potential Loyalists
17614.0,58,1.0,34766.74,5,1,4,2,Potential Loyalists
13464.0,59,1.0,22449.01,5,1,4,2,Potential Loyalists
12772.0,60,1.0,27689.4,5,1,4,2,Potential Loyalists
14529.0,61,1.0,47306.64,5,1,4,2,Potential Loyalists
16776.0,61,1.0,27999.75,5,1,4,2,Potential Loyalists
15553.0,61,1.0,21140.64,5,1,4,2,Potential Loyalists
13259.0,62,1.0,21957.2,5,1,4,2,Potential Loyalists
16595.0,62,1.0,29417.64,5,1,4,2,Potential Loyalists
12885.0,64,1.0,29503.58,5,1,4,2,Potential Loyalists
13763.0,64,1.0,25724.4,5,1,4,2,Potential Loyalists
15241.0,67,1.0,26417.19,5,1,4,2,Potential Loyalists
15255.0,67,1.0,39806.1,5,1,4,2,Potential Loyalists
13431.0,68,1.0,28949.0,5,1,4,2,Potential Loyalists
14488.0,68,1.0,42543.34,5,1,4,2,Potential Loyalists
16613.0,71,1.0,18557.7,5,1,4,2,Potential Loyalists
18192.0,72,1.0,38692.26,5,1,4,2,Potential Loyalists
13354.0,72,1.0,37920.03,5,1,4,2,Potential Loyalists
16281.0,73,1.0,35055.02,5,1,4,2,Potential Loyalists
13979.0,74,1.0,46972.98,5,1,4,2,Potential Loyalists
13639.0,75,1.0,41333.6,5,1,4,2,Potential Loyalists
16480.0,76,1.0,29130.13,5,1,4,2,Potential Loyalists
15154.0,76,1.0,17937.6,5,1,4,2,Potential Loyalists
14014.0,78,1.0,19702.02,5,1,4,2,Potential Loyalists
13336.0,78,1.0,39131.0,5,1,4,2,Potential Loyalists
13486.0,79,1.0,24913.64,5,1,4,2,Potential Loyalists
12425.0,79,1.0,24979.8,5,1,4,2,Potential Loyalists
12550.0,80,1.0,44818.4,5,1,4,2,Potential Loyalists
15341.0,81,1.0,34348.84,5,1,4,2,Potential Loyalists
13356.0,81,1.0,22038.84,5,1,4,2,Potential Loyalists
15947.0,83,1.0,34087.68,5,1,4,2,Potential Loyalists
16108.0,85,1.0,38798.5,5,1,4,2,Potential Loyalists
12722.0,86,1.0,20995.16,5,1,4,2,Potential Loyalists
15322.0,86,1.0,25435.2,5,1,4,2,Potential Loyalists
13518.0,86,1.0,19775.76,5,1,4,2,Potential Loyalists
15466.0,86,1.0,18176.48,5,1,4,2,Potential Loyalists
13375.0,89,1.0,25476.5,5,1,4,2,Potential Loyalists
17919.0,89,1.0,23435.28,5,1,4,2,Potential Loyalists
12739.0,100,1.0,18263.52,5,1,4,2,Potential Loyalists
15095.0,104,1.0,24113.3,5,1,4,2,Potential Loyalists
15074.0,106,1.0,31452.54,5,1,4,2,Potential Loyalists
15472.0,114,1.0,26022.84,5,1,4,2,Potential Loyalists
17070.0,115,1.0,18411.12,5,1,4,2,Potential Loyalists
14918.0,116,1.0,32751.0,5,1,4,2,Potential Loyalists
18143.0,117,1.0,29767.15,5,1,4,2,Potential Loyalists
16902.0,117,1.0,45369.34,5,1,4,2,Potential Loyalists
15480.0,117,1.0,23830.95,5,1,4,2,Potential Loyalists
17248.0,121,1.0,21986.85,5,1,4,2,Potential Loyalists
13082.0,127,1.0,35542.34,5,1,4,2,Potential Loyalists
16324.0,129,1.0,22105.65,5,1,4,2,Potential Loyalists
13075.0,130,1.0,20231.42,5,1,4,2,Potential Loyalists
12453.0,135,1.0,30404.87,5,1,4,2,Potential Loyalists
13492.0,137,1.0,22482.18,5,1,4,2,Potential Loyalists
17265.0,139,1.0,36172.25,5,1,4,2,Potential Loyalists
17649.0,139,1.0,39851.21,5,1,4,2,Potential Loyalists
12521.0,143,1.0,19106.28,5,1,4,2,Potential Loyalists
16054.0,146,1.0,41521.4,5,1,4,2,Potential Loyalists
15795.0,150,1.0,18084.96,5,1,4,2,Potential Loyalists
13667.0,150,1.0,21169.94,5,1,4,2,Potential Loyalists
12461.0,155,1.0,20126.04,5,1,4,2,Potential Loyalists
13583.0,156,1.0,39578.76,5,1,4,2,Potential Loyalists
15349.0,159,1.0,19320.56,5,1,4,2,Potential Loyalists
16801.0,164,1.0,32458.54,5,1,4,2,Potential Loyalists
15976.0,166,1.0,19164.25,5,1,4,2,Potential Loyalists
16320.0,173,1.0,36755.56,5,1,4,2,Potential Loyalists
15076.0,173,1.0,36942.6,5,1,4,2,Potential Loyalists
17204.0,176,1.0,26023.24,5,1,4,2,Potential Loyalists
16644.0,178,1.0,38123.99,5,1,4,2,Potential Loyalists
14222.0,178,1.0,26928.8,5,1,4,2,Potential Loyalists
14375.0,186,1.0,19326.0,5,1,4,2,Potential Loyalists
14740.0,198,1.0,36700.5,5,1,4,2,Potential Loyalists
13339.0,201,1.0,29253.76,5,1,4,2,Potential Loyalists
13243.0,204,1.0,24481.02,5,1,4,2,Potential Loyalists
13572.0,206,1.0,35051.8,5,1,4,2,Potential Loyalists
15813.0,208,1.0,18509.35,5,1,4,2,Potential Loyalists
15891.0,227,1.0,26602.86,5,1,4,2,Potential Loyalists
12354.0,233,1.0,45371.55,5,1,4,2,Potential Loyalists
12754.0,236,1.0,43166.37,5,1,4,2,Potential Loyalists
12878.0,237,1.0,21103.1,5,1,4,2,Potential Loyalists
12769.0,239,1.0,30020.4,5,1,4,2,Potential Loyalists
14465.0,247,1.0,27761.04,5,1,4,2,Potential Loyalists
15832.0,255,1.0,45186.66,5,1,4,2,Potential Loyalists
13357.0,258,1.0,44767.8,5,1,4,2,Potential Loyalists
13341.0,261,1.0,21124.25,5,1,4,2,Potential Loyalists
16022.0,261,1.0,39016.6,5,1,4,2,Potential Loyalists
17507.0,262,1.0,24458.32,5,1,4,2,Potential Loyalists
13934.0,264,1.0,22922.2,5,1,4,2,Potential Loyalists
16216.0,268,1.0,18782.28,5,1,4,2,Potential Loyalists
12514.0,268,1.0,38059.48,5,1,4,2,Potential Loyalists
16152.0,269,1.0,24032.52,5,1,4,2,Potential Loyalists
14036.0,285,1.0,20245.75,5,1,4,2,Potential Loyalists
13753.0,288,1.0,25944.1,5,1,4,2,Potential Loyalists
17499.0,290,1.0,21400.84,5,1,4,2,Potential Loyalists
12988.0,293,1.0,25461.59,5,1,4,2,Potential Loyalists
13151.0,296,1.0,49445.79,5,1,4,2,Potential Loyalists
16494.0,297,1.0,41326.5,5,1,4,2,Potential Loyalists
17829.0,299,1.0,26677.2,5,1,4,2,Potential Loyalists
14048.0,306,1.0,34844.05,5,1,4,2,Potential Loyalists
15415.0,314,1.0,25567.26,5,1,4,2,Potential Loyalists
12764.0,317,1.0,33479.12,5,1,4,2,Potential Loyalists
13328.0,317,1.0,22244.16,5,1,4,2,Potential Loyalists
14439.0,320,1.0,44551.2,5,1,4,2,Potential Loyalists
14130.0,320,1.0,28922.24,5,1,4,2,Potential Loyalists
17890.0,323,1.0,30715.16,5,1,4,2,Potential Loyalists
12652.0,332,1.0,35147.68,5,1,4,2,Potential Loyalists
16270.0,354,1.0,41054.03,5,1,4,2,Potential Loyalists
16065.0,366,1.0,26542.07,5,1,4,2,Potential Loyalists
16795.0,366,1.0,25099.52,5,1,4,2,Potential Loyalists
15880.0,370,1.0,31562.29,5,1,4,2,Potential Loyalists
16718.0,370,1.0,25201.0,5,1,4,2,Potential Loyalists
13370.0,372,1.0,20416.11,5,1,4,2,Potential Loyalists
17976.0,373,1.0,19156.44,5,1,4,2,Potential Loyalists
17968.0,374,1.0,23574.75,5,1,4,2,Potential Loyalists
14729.0,374,1.0,20064.51,5,1,4,2,Potential Loyalists
18065.0,6,1.08,35427.25,5,1,4,2,Potential Loyalists
16782.0,11,1.08,32337.63,5,1,4,2,Potential Loyalists
16607.0,18,1.08,40539.63,5,1,4,2,Potential Loyalists
13880.0,22,1.08,41266.66,5,1,4,2,Potential Loyalists
12712.0,29,1.08,29770.76,5,1,4,2,Potential Loyalists
14239.0,44,1.1,26613.47,5,1,4,2,Potential Loyalists
14776.0,52,1.1,38529.06,5,1,4,2,Potential Loyalists
14462.0,67,1.1,44270.85,5,1,4,2,Potential Loyalists
14410.0,93,1.13,30677.77,5,1,4,2,Potential Loyalists
12704.0,8,1.14,18588.58,5,1,4,2,Potential Loyalists
15410.0,85,1.14,46776.3,5,1,4,2,Potential Loyalists
14282.0,4,1.15,46300.86,5,1,4,2,Potential Loyalists
12989.0,4,1.15,19719.17,5,1,4,2,Potential Loyalists
16744.0,12,1.17,41141.63,5,1,4,2,Potential Loyalists
15291.0,26,1.17,27514.84,5,1,4,2,Potential Loyalists
17790.0,27,1.17,32867.98,5,1,4,2,Potential Loyalists
16880.0,31,1.17,34817.09,5,1,4,2,Potential Loyalists
16678.0,3,1.2,44539.04,5,1,4,2,Potential Loyalists
17183.0,8,1.2,37192.44,5,1,4,2,Potential Loyalists
13552.0,67,1.2,33148.68,5,1,4,2,Potential Loyalists
15129.0,51,1.22,28002.48,5,1,4,2,Potential Loyalists
16011.0,9,1.23,46299.53,5,1,4,2,Potential Loyalists
13860.0,2,1.25,19909.27,5,1,4,2,Potential Loyalists
16076.0,4,1.25,38074.02,5,1,4,2,Potential Loyalists
13808.0,6,1.25,23307.3,5,1,4,2,Potential Loyalists
16438.0,6,1.25,20010.41,5,1,4,2,Potential Loyalists
16066.0,17,1.25,27660.98,5,1,4,2,Potential Loyalists
16656.0,23,1.25,47892.36,5,1,4,2,Potential Loyalists
18231.0,193,1.25,47489.96,5,1,4,2,Potential Loyalists
13715.0,282,1.25,34503.33,5,1,4,2,Potential Loyalists
17750.0,6,1.29,45430.55,5,1,4,2,Potential Loyalists
14573.0,180,1.29,32197.0,5,1,4,2,Potential Loyalists
16688.0,2,1.33,27675.54,5,1,4,2,Potential Loyalists
17173.0,6,1.33,40411.74,5,1,4,2,Potential Loyalists
13558.0,6,1.33,24930.35,5,1,4,2,Potential Loyalists
17350.0,9,1.33,26948.06,5,1,4,2,Potential Loyalists
16361.0,10,1.33,21770.82,5,1,4,2,Potential Loyalists
13429.0,11,1.33,17939.43,5,1,4,2,Potential Loyalists
12936.0,18,1.33,28685.58,5,1,4,2,Potential Loyalists
15707.0,36,1.33,47481.28,5,1,4,2,Potential Loyalists
16458.0,3,1.38,39910.88,5,1,4,2,Potential Loyalists
17451.0,2,1.4,34256.17,5,1,4,2,Potential Loyalists
15105.0,19,1.4,47478.37,5,1,4,2,Potential Loyalists
12843.0,160,1.4,26537.86,5,1,4,2,Potential Loyalists
18198.0,5,1.42,48976.64,5,1,4,2,Potential Loyalists
16794.0,2,1.43,47002.02,5,1,4,2,Potential Loyalists
12437.0,2,1.5,47349.64,5,1,4,2,Potential Loyalists
13924.0,2,1.5,41748.74,5,1,4,2,Potential Loyalists
13576.0,11,1.5,45715.58,5,1,4,2,Potential Loyalists
15022.0,12,1.5,36995.41,5,1,4,2,Potential Loyalists
18130.0,16,1.5,23023.22,5,1,4,2,Potential Loyalists
13212.0,20,1.5,35703.96,5,1,4,2,Potential Loyalists
16416.0,27,1.5,19684.4,5,1,4,2,Potential Loyalists
14592.0,36,1.5,31542.22,5,1,4,2,Potential Loyalists
14856.0,37,1.5,38691.74,5,1,4,2,Potential Loyalists
15807.0,51,1.5,25015.3,5,1,4,2,Potential Loyalists
15939.0,90,1.56,48791.21,5,1,4,2,Potential Loyalists
17306.0,11,1.58,35081.79,5,1,4,2,Potential Loyalists
17837.0,43,1.6,29271.33,5,1,4,2,Potential Loyalists
15187.0,2,1.63,25453.0,5,1,4,2,Potential Loyalists
14102.0,6,1.67,25119.47,5,1,4,2,Potential Loyalists
18229.0,12,1.67,39609.0,5,1,4,2,Potential Loyalists
15511.0,12,1.67,21370.32,5,1,4,2,Potential Loyalists
13695.0,32,1.67,19613.86,5,1,4,2,Potential Loyalists
16928.0,81,1.7,38856.68,5,1,4,2,Potential Loyalists
16553.0,164,1.71,47099.12,5,1,4,2,Potential Loyalists
17434.0,3,1.75,38056.89,5,1,4,2,Potential Loyalists
16353.0,4,1.77,40192.51,5,1,4,2,Potential Loyalists
17061.0,74,1.83,46780.85,5,1,4,2,Potential Loyalists
13854.0,9,1.92,19226.16,5,1,4,2,Potential Loyalists
14216.0,4,2.0,23498.98,5,1,4,2,Potential Loyalists
17086.0,8,2.0,31276.64,5,1,4,2,Potential Loyalists
16295.0,10,2.0,20729.22,5,1,4,2,Potential Loyalists
14893.0,10,2.0,42005.58,5,1,4,2,Potential Loyalists
16347.0,12,2.0,35957.2,5,1,4,2,Potential Loyalists
14710.0,15,2.0,23879.67,5,1,4,2,Potential Loyalists
15872.0,15,2.0,38018.94,5,1,4,2,Potential Loyalists
16173.0,16,2.0,18503.17,5,1,4,2,Potential Loyalists
15814.0,17,2.0,30418.71,5,1,4,2,Potential Loyalists
17387.0,20,2.0,26811.32,5,1,4,2,Potential Loyalists
14664.0,20,2.0,29140.36,5,1,4,2,Potential Loyalists
18034.0,22,2.0,24951.12,5,1,4,2,Potential Loyalists
17397.0,23,2.0,29964.57,5,1,4,2,Potential Loyalists
16372.0,34,2.0,28752.06,5,1,4,2,Potential Loyalists
15478.0,41,2.0,23817.99,5,1,4,2,Potential Loyalists
17459.0,44,2.0,30354.33,5,1,4,2,Potential Loyalists
16934.0,55,2.0,36702.94,5,1,4,2,Potential Loyalists
12822.0,71,2.0,24861.82,5,1,4,2,Potential Loyalists
14164.0,71,2.0,36023.56,5,1,4,2,Potential Loyalists
16268.0,72,2.0,18362.94,5,1,4,2,Potential Loyalists
17997.0,75,2.0,37621.04,5,1,4,2,Potential Loyalists
14965.0,97,2.0,37213.5,5,1,4,2,Potential Loyalists
14364.0,109,2.0,27518.4,5,1,4,2,Potential Loyalists
12743.0,135,2.0,28851.37,5,1,4,2,Potential Loyalists
18121.0,150,2.0,19542.0,5,1,4,2,Potential Loyalists
12424.0,163,2.0,35787.84,5,1,4,2,Potential Loyalists
14584.0,170,2.0,20903.27,5,1,4,2,Potential Loyalists
14920.0,213,2.0,24022.18,5,1,4,2,Potential Loyalists
15235.0,218,2.0,38082.39,5,1,4,2,Potential Loyalists
17230.0,265,2.0,45220.9,5,1,4,2,Potential Loyalists
16766.0,274,2.0,19475.2,5,1,4,2,Potential Loyalists
14670.0,281,2.0,31407.98,5,1,4,2,Potential Loyalists
13564.0,355,2.0,34892.26,5,1,4,2,Potential Loyalists
13704.0,6,2.25,29655.48,5,1,4,2,Potential Loyalists
14735.0,4,2.38,42437.58,5,1,4,2,Potential Loyalists
17656.0,74,2.5,32915.4,5,1,4,2,Potential Loyalists
13468.0,2,2.85,42983.1,5,1,4,2,Potential Loyalists
13199.0,4,2.85,33862.08,5,1,4,2,Potential Loyalists
16790.0,4,3.0,36853.79,5,1,4,2,Potential Loyalists
17461.0,23,3.0,38288.36,5,1,4,2,Potential Loyalists
13447.0,24,3.0,20967.88,5,1,4,2,Potential Loyalists
17545.0,44,3.0,29146.38,5,1,4,2,Potential Loyalists
18073.0,115,3.0,34007.68,5,1,4,2,Potential Loyalists
16120.0,60,4.0,22733.28,5,1,4,2,Potential Loyalists
15332.0,367,4.0,32208.5,5,1,4,2,Potential Loyalists
12971.0,4,6.62,41519.33,5,1,4,2,Potential Loyalists
18156.0,13,0.17,52200.23,5,1,5,3,Loyal Customers
14544.0,25,0.17,106194.0,5,1,5,3,Loyal Customers
16367.0,38,0.17,57335.51,5,1,5,3,Loyal Customers
12578.0,22,0.18,135082.84,5,1,5,3,Loyal Customers
17082.0,34,0.18,79742.76,5,1,5,3,Loyal Customers
13736.0,6,0.2,52238.36,5,1,5,3,Loyal Customers
13421.0,41,0.22,92215.87,5,1,5,3,Loyal Customers
17672.0,51,0.22,134222.64,5,1,5,3,Loyal Customers
15157.0,4,0.23,82312.12,5,1,5,3,Loyal Customers
16446.0,1,0.25,168475.4,5,1,5,3,Loyal Customers
15123.0,8,0.25,100751.49,5,1,5,3,Loyal Customers
13174.0,17,0.25,268328.97,5,1,5,3,Loyal Customers
15111.0,30,0.25,51530.88,5,1,5,3,Loyal Customers
15485.0,31,0.25,56246.55,5,1,5,3,Loyal Customers
16253.0,67,0.25,228963.4,5,1,5,3,Loyal Customers
16303.0,26,0.27,343182.05,5,1,5,3,Loyal Customers
16200.0,5,0.29,85281.15,5,1,5,3,Loyal Customers
14921.0,31,0.29,58186.03,5,1,5,3,Loyal Customers
13365.0,34,0.29,122344.04,5,1,5,3,Loyal Customers
12435.0,80,0.29,103245.56,5,1,5,3,Loyal Customers
14934.0,82,0.29,65508.45,5,1,5,3,Loyal Customers
18188.0,16,0.3,59756.84,5,1,5,3,Loyal Customers
14175.0,60,0.3,155491.36,5,1,5,3,Loyal Customers
17802.0,83,0.3,71456.92,5,1,5,3,Loyal Customers
13124.0,90,0.3,239379.54,5,1,5,3,Loyal Customers
13680.0,2,0.33,155868.32,5,1,5,3,Loyal Customers
12560.0,6,0.33,107513.18,5,1,5,3,Loyal Customers
12429.0,10,0.33,75857.08,5,1,5,3,Loyal Customers
17019.0,12,0.33,63481.19,5,1,5,3,Loyal Customers
12668.0,12,0.33,120382.87,5,1,5,3,Loyal Customers
16271.0,16,0.33,56245.52,5,1,5,3,Loyal Customers
15965.0,18,0.33,50192.4,5,1,5,3,Loyal Customers
14449.0,19,0.33,60670.52,5,1,5,3,Loyal Customers
15676.0,19,0.33,307651.96,5,1,5,3,Loyal Customers
15563.0,23,0.33,49777.47,5,1,5,3,Loyal Customers
12406.0,23,0.33,166791.9,5,1,5,3,Loyal Customers
15532.0,26,0.33,72029.71,5,1,5,3,Loyal Customers
14499.0,27,0.33,63424.4,5,1,5,3,Loyal Customers
15791.0,44,0.33,59204.11,5,1,5,3,Loyal Customers
16110.0,46,0.33,156691.27,5,1,5,3,Loyal Customers
16940.0,53,0.33,311519.06,5,1,5,3,Loyal Customers
16121.0,58,0.33,97187.78,5,1,5,3,Loyal Customers
12876.0,58,0.33,78920.65,5,1,5,3,Loyal Customers
13764.0,71,0.33,94055.43,5,1,5,3,Loyal Customers
15549.0,78,0.33,72537.4,5,1,5,3,Loyal Customers
12758.0,117,0.33,138008.04,5,1,5,3,Loyal Customers
16244.0,212,0.33,79619.05,5,1,5,3,Loyal Customers
16938.0,9,0.36,423214.38,5,1,5,3,Loyal Customers
18145.0,13,0.36,171773.49,5,1,5,3,Loyal Customers
13048.0,15,0.36,61035.95,5,1,5,3,Loyal Customers
14049.0,17,0.36,812665.95,5,1,5,3,Loyal Customers
12539.0,23,0.36,285704.92,5,1,5,3,Loyal Customers
13815.0,23,0.36,210796.87,5,1,5,3,Loyal Customers
13614.0,25,0.36,74728.25,5,1,5,3,Loyal Customers
12480.0,29,0.36,101950.37,5,1,5,3,Loyal Customers
18125.0,30,0.36,63867.72,5,1,5,3,Loyal Customers
16618.0,32,0.36,58478.68,5,1,5,3,Loyal Customers
12484.0,36,0.36,309265.75,5,1,5,3,Loyal Customers
13168.0,37,0.36,52905.35,5,1,5,3,Loyal Customers
13982.0,40,0.36,54875.2,5,1,5,3,Loyal Customers
12370.0,52,0.36,190508.16,5,1,5,3,Loyal Customers
17593.0,4,0.38,159921.07,5,1,5,3,Loyal Customers
15907.0,4,0.38,81188.94,5,1,5,3,Loyal Customers
17827.0,6,0.38,120237.83,5,1,5,3,Loyal Customers
14146.0,9,0.38,173964.71,5,1,5,3,Loyal Customers
15436.0,13,0.38,113891.53,5,1,5,3,Loyal Customers
14286.0,24,0.38,479892.39,5,1,5,3,Loyal Customers
14700.0,33,0.38,78790.75,5,1,5,3,Loyal Customers
13772.0,34,0.38,65459.29,5,1,5,3,Loyal Customers
12456.0,45,0.38,88547.34,5,1,5,3,Loyal Customers
13373.0,61,0.38,156410.01,5,1,5,3,Loyal Customers
13344.0,68,0.38,78733.6,5,1,5,3,Loyal Customers
15321.0,71,0.38,93894.32,5,1,5,3,Loyal Customers
13334.0,83,0.38,322515.42,5,1,5,3,Loyal Customers
13851.0,96,0.38,69990.56,5,1,5,3,Loyal Customers
16755.0,115,0.38,85723.38,5,1,5,3,Loyal Customers
17341.0,157,0.38,82788.55,5,1,5,3,Loyal Customers
13362.0,10,0.4,112355.79,5,1,5,3,Loyal Customers
12438.0,15,0.4,91848.04,5,1,5,3,Loyal Customers
13285.0,24,0.4,126437.1,5,1,5,3,Loyal Customers
16126.0,30,0.4,190452.36,5,1,5,3,Loyal Customers
12397.0,36,0.4,99472.55,5,1,5,3,Loyal Customers
15065.0,38,0.4,95807.32,5,1,5,3,Loyal Customers
13849.0,52,0.4,67145.63,5,1,5,3,Loyal Customers
12744.0,57,0.4,478115.91,5,1,5,3,Loyal Customers
12359.0,58,0.4,229789.61,5,1,5,3,Loyal Customers
14565.0,96,0.4,97055.04,5,1,5,3,Loyal Customers
17722.0,97,0.4,60995.66,5,1,5,3,Loyal Customers
12669.0,151,0.4,72551.12,5,1,5,3,Loyal Customers
16398.0,155,0.4,53449.9,5,1,5,3,Loyal Customers
15146.0,165,0.4,63696.22,5,1,5,3,Loyal Customers
13659.0,206,0.4,68389.55,5,1,5,3,Loyal Customers
12625.0,212,0.4,87309.18,5,1,5,3,Loyal Customers
12585.0,235,0.4,70915.0,5,1,5,3,Loyal Customers
14290.0,12,0.42,51024.74,5,1,5,3,Loyal Customers
12557.0,17,0.42,95011.08,5,1,5,3,Loyal Customers
14506.0,18,0.42,145352.03,5,1,5,3,Loyal Customers
15426.0,20,0.42,86272.4,5,1,5,3,Loyal Customers
14684.0,26,0.42,114471.9,5,1,5,3,Loyal Customers
17838.0,27,0.42,62134.48,5,1,5,3,Loyal Customers
16726.0,27,0.42,79794.15,5,1,5,3,Loyal Customers
17059.0,30,0.42,308746.82,5,1,5,3,Loyal Customers
13523.0,34,0.42,92405.3,5,1,5,3,Loyal Customers
15998.0,37,0.42,311861.7,5,1,5,3,Loyal Customers
17768.0,9,0.43,77701.51,5,1,5,3,Loyal Customers
14277.0,16,0.43,283375.39,5,1,5,3,Loyal Customers
16369.0,19,0.43,61327.97,5,1,5,3,Loyal Customers
17974.0,25,0.43,58519.08,5,1,5,3,Loyal Customers
14535.0,61,0.43,304545.32,5,1,5,3,Loyal Customers
15834.0,71,0.43,166032.47,5,1,5,3,Loyal Customers
17282.0,131,0.43,60961.05,5,1,5,3,Loyal Customers
14446.0,1,0.44,80652.24,5,1,5,3,Loyal Customers
15237.0,2,0.44,59886.14,5,1,5,3,Loyal Customers
13196.0,12,0.44,80615.47,5,1,5,3,Loyal Customers
12937.0,16,0.44,55942.04,5,1,5,3,Loyal Customers
17700.0,17,0.44,88302.38,5,1,5,3,Loyal Customers
17625.0,19,0.44,164782.88,5,1,5,3,Loyal Customers
12597.0,20,0.44,206606.85,5,1,5,3,Loyal Customers
17088.0,29,0.44,53602.9,5,1,5,3,Loyal Customers
13316.0,38,0.44,135778.9,5,1,5,3,Loyal Customers
14842.0,44,0.44,140796.72,5,1,5,3,Loyal Customers
17571.0,51,0.44,159434.34,5,1,5,3,Loyal Customers
12633.0,59,0.44,55879.93,5,1,5,3,Loyal Customers
12836.0,60,0.44,76807.89,5,1,5,3,Loyal Customers
15228.0,67,0.44,107195.09,5,1,5,3,Loyal Customers
15673.0,89,0.44,93130.12,5,1,5,3,Loyal Customers
15641.0,106,0.44,58602.05,5,1,5,3,Loyal Customers
13869.0,124,0.44,295136.54,5,1,5,3,Loyal Customers
12451.0,11,0.45,722818.03,5,1,5,3,Loyal Customers
17463.0,17,0.45,96014.73,5,1,5,3,Loyal Customers
15179.0,19,0.45,68208.69,5,1,5,3,Loyal Customers
13451.0,27,0.45,251504.31,5,1,5,3,Loyal Customers
18069.0,27,0.45,198383.09,5,1,5,3,Loyal Customers
16771.0,34,0.45,112470.09,5,1,5,3,Loyal Customers
13634.0,34,0.45,57806.78,5,1,5,3,Loyal Customers
16409.0,37,0.45,93319.54,5,1,5,3,Loyal Customers
14498.0,43,0.45,88306.31,5,1,5,3,Loyal Customers
16081.0,57,0.45,172853.56,5,1,5,3,Loyal Customers
17744.0,4,0.46,63669.88,5,1,5,3,Loyal Customers
16873.0,5,0.46,318226.36,5,1,5,3,Loyal Customers
18097.0,8,0.46,54421.24,5,1,5,3,Loyal Customers
14766.0,9,0.46,60914.96,5,1,5,3,Loyal Customers
17673.0,2,0.5,69228.17,5,1,5,3,Loyal Customers
17602.0,3,0.5,530309.39,5,1,5,3,Loyal Customers
14649.0,5,0.5,70762.1,5,1,5,3,Loyal Customers
12700.0,8,0.5,281527.13,5,1,5,3,Loyal Customers
12714.0,10,0.5,221286.79,5,1,5,3,Loyal Customers
14723.0,11,0.5,54887.57,5,1,5,3,Loyal Customers
13198.0,11,0.5,141925.14,5,1,5,3,Loyal Customers
16327.0,15,0.5,193889.87,5,1,5,3,Loyal Customers
17348.0,15,0.5,51260.25,5,1,5,3,Loyal Customers
13448.0,17,0.5,143847.36,5,1,5,3,Loyal Customers
17759.0,18,0.5,49958.2,5,1,5,3,Loyal Customers
15093.0,19,0.5,64864.11,5,1,5,3,Loyal Customers
16279.0,22,0.5,54497.78,5,1,5,3,Loyal Customers
17159.0,22,0.5,50126.76,5,1,5,3,Loyal Customers
15494.0,22,0.5,98364.93,5,1,5,3,Loyal Customers
15811.0,23,0.5,50766.56,5,1,5,3,Loyal Customers
12753.0,23,0.5,794789.7,5,1,5,3,Loyal Customers
16717.0,24,0.5,203553.04,5,1,5,3,Loyal Customers
14626.0,24,0.5,68272.16,5,1,5,3,Loyal Customers
13735.0,25,0.5,93572.25,5,1,5,3,Loyal Customers
12865.0,27,0.5,64839.52,5,1,5,3,Loyal Customers
17015.0,29,0.5,141386.68,5,1,5,3,Loyal Customers
12721.0,32,0.5,56648.83,5,1,5,3,Loyal Customers
16053.0,33,0.5,67693.82,5,1,5,3,Loyal Customers
17609.0,41,0.5,66536.55,5,1,5,3,Loyal Customers
17272.0,43,0.5,74547.78,5,1,5,3,Loyal Customers
18287.0,43,0.5,58738.04,5,1,5,3,Loyal Customers
16728.0,47,0.5,68833.93,5,1,5,3,Loyal Customers
15819.0,50,0.5,59605.08,5,1,5,3,Loyal Customers
17092.0,51,0.5,66493.44,5,1,5,3,Loyal Customers
12360.0,53,0.5,82183.76,5,1,5,3,Loyal Customers
15367.0,58,0.5,53518.45,5,1,5,3,Loyal Customers
12613.0,58,0.5,169464.21,5,1,5,3,Loyal Customers
16395.0,61,0.5,64818.34,5,1,5,3,Loyal Customers
13224.0,61,0.5,103295.01,5,1,5,3,Loyal Customers
14257.0,65,0.5,82477.0,5,1,5,3,Loyal Customers
15416.0,65,0.5,154411.29,5,1,5,3,Loyal Customers
16875.0,68,0.5,60733.68,5,1,5,3,Loyal Customers
14930.0,109,0.5,81976.19,5,1,5,3,Loyal Customers
17585.0,110,0.5,57857.52,5,1,5,3,Loyal Customers
16951.0,135,0.5,68846.92,5,1,5,3,Loyal Customers
13802.0,139,0.5,77474.64,5,1,5,3,Loyal Customers
17787.0,153,0.5,61644.5,5,1,5,3,Loyal Customers
14016.0,162,0.5,124114.24,5,1,5,3,Loyal Customers
12356.0,246,0.5,54613.48,5,1,5,3,Loyal Customers
12433.0,1,0.54,892967.84,5,1,5,3,Loyal Customers
12347.0,3,0.54,122083.23,5,1,5,3,Loyal Customers
17449.0,3,0.54,106644.55,5,1,5,3,Loyal Customers
14907.0,4,0.54,89350.73,5,1,5,3,Loyal Customers
12766.0,4,0.54,296885.38,5,1,5,3,Loyal Customers
16905.0,6,0.54,102169.28,5,1,5,3,Loyal Customers
18245.0,8,0.54,79066.97,5,1,5,3,Loyal Customers
12388.0,16,0.55,59905.9,5,1,5,3,Loyal Customers
16655.0,18,0.55,166568.25,5,1,5,3,Loyal Customers
14595.0,20,0.55,74114.47,5,1,5,3,Loyal Customers
14639.0,53,0.55,84516.76,5,1,5,3,Loyal Customers
14841.0,54,0.55,68083.16,5,1,5,3,Loyal Customers
17863.0,60,0.55,83222.92,5,1,5,3,Loyal Customers
13317.0,67,0.55,68215.11,5,1,5,3,Loyal Customers
14719.0,2,0.56,69772.45,5,1,5,3,Loyal Customers
14546.0,6,0.56,207806.5,5,1,5,3,Loyal Customers
13883.0,11,0.56,79727.58,5,1,5,3,Loyal Customers
14903.0,22,0.56,172671.2,5,1,5,3,Loyal Customers
15493.0,33,0.56,89977.24,5,1,5,3,Loyal Customers
12408.0,33,0.56,55350.49,5,1,5,3,Loyal Customers
17667.0,67,0.56,57735.48,5,1,5,3,Loyal Customers
14978.0,73,0.56,77961.36,5,1,5,3,Loyal Customers
13901.0,73,0.56,127992.47,5,1,5,3,Loyal Customers
16735.0,79,0.56,69615.5,5,1,5,3,Loyal Customers
13141.0,85,0.56,76307.16,5,1,5,3,Loyal Customers
16550.0,109,0.56,93435.37,5,1,5,3,Loyal Customers
17085.0,124,0.56,56301.99,5,1,5,3,Loyal Customers
17400.0,127,0.56,114134.88,5,1,5,3,Loyal Customers
16358.0,2,0.57,53914.4,5,1,5,3,Loyal Customers
13510.0,2,0.57,51712.72,5,1,5,3,Loyal Customers
12615.0,3,0.57,53031.5,5,1,5,3,Loyal Customers
14591.0,16,0.57,64582.49,5,1,5,3,Loyal Customers
16341.0,25,0.57,51210.14,5,1,5,3,Loyal Customers
18079.0,46,0.57,124054.54,5,1,5,3,Loyal Customers
17589.0,61,0.57,145093.22,5,1,5,3,Loyal Customers
14844.0,64,0.57,98419.16,5,1,5,3,Loyal Customers
13771.0,65,0.57,85270.0,5,1,5,3,Loyal Customers
15674.0,74,0.57,68698.77,5,1,5,3,Loyal Customers
13908.0,80,0.57,74604.38,5,1,5,3,Loyal Customers
12916.0,139,0.57,60777.5,5,1,5,3,Loyal Customers
14653.0,2,0.58,63560.57,5,1,5,3,Loyal Customers
15443.0,2,0.58,166347.52,5,1,5,3,Loyal Customers
14572.0,4,0.58,117066.25,5,1,5,3,Loyal Customers
17288.0,10,0.58,52220.57,5,1,5,3,Loyal Customers
13758.0,12,0.58,59475.74,5,1,5,3,Loyal Customers
15351.0,13,0.58,70760.64,5,1,5,3,Loyal Customers
17685.0,17,0.58,101146.93,5,1,5,3,Loyal Customers
15727.0,17,0.58,206754.29,5,1,5,3,Loyal Customers
17596.0,24,0.58,109031.65,5,1,5,3,Loyal Customers
12867.0,27,0.58,331674.51,5,1,5,3,Loyal Customers
17191.0,29,0.58,78897.1,5,1,5,3,Loyal Customers
12726.0,29,0.58,50763.86,5,1,5,3,Loyal Customers
16743.0,30,0.58,67052.35,5,1,5,3,Loyal Customers
12472.0,33,0.58,321075.1,5,1,5,3,Loyal Customers
14422.0,1,0.6,179021.81,5,1,5,3,Loyal Customers
18210.0,2,0.6,81255.99,5,1,5,3,Loyal Customers
14418.0,4,0.6,90100.74,5,1,5,3,Loyal Customers
17426.0,9,0.6,278601.61,5,1,5,3,Loyal Customers
15755.0,11,0.6,51645.01,5,1,5,3,Loyal Customers
15382.0,15,0.6,430315.02,5,1,5,3,Loyal Customers
16464.0,20,0.6,91626.6,5,1,5,3,Loyal Customers
12477.0,23,0.6,571413.42,5,1,5,3,Loyal Customers
15506.0,23,0.6,55290.79,5,1,5,3,Loyal Customers
15051.0,24,0.6,73562.07,5,1,5,3,Loyal Customers
14530.0,26,0.6,80450.68,5,1,5,3,Loyal Customers
13381.0,32,0.6,83520.23,5,1,5,3,Loyal Customers
16497.0,50,0.6,85641.96,5,1,5,3,Loyal Customers
15296.0,51,0.6,131087.15,5,1,5,3,Loyal Customers
12473.0,54,0.6,180818.81,5,1,5,3,Loyal Customers
13517.0,60,0.6,108372.35,5,1,5,3,Loyal Customers
17284.0,61,0.6,123948.6,5,1,5,3,Loyal Customers
18235.0,72,0.6,67795.02,5,1,5,3,Loyal Customers
18204.0,72,0.6,115063.24,5,1,5,3,Loyal Customers
14038.0,79,0.6,52433.32,5,1,5,3,Loyal Customers
14307.0,89,0.6,102737.15,5,1,5,3,Loyal Customers
13722.0,132,0.6,72092.24,5,1,5,3,Loyal Customers
15245.0,135,0.6,84893.76,5,1,5,3,Loyal Customers
14461.0,149,0.6,109822.39,5,1,5,3,Loyal Customers
16889.0,195,0.6,55456.74,5,1,5,3,Loyal Customers
15750.0,3,0.62,109561.34,5,1,5,3,Loyal Customers
14769.0,3,0.62,2480490.21,5,1,5,3,Loyal Customers
16016.0,4,0.62,49996.06,5,1,5,3,Loyal Customers
17567.0,8,0.62,90854.4,5,1,5,3,Loyal Customers
14299.0,9,0.62,61318.46,5,1,5,3,Loyal Customers
12749.0,4,0.63,133472.36,5,1,5,3,Loyal Customers
16283.0,6,0.63,71602.39,5,1,5,3,Loyal Customers
14583.0,6,0.63,67923.71,5,1,5,3,Loyal Customers
16440.0,8,0.63,227873.2,5,1,5,3,Loyal Customers
12656.0,18,0.63,69123.0,5,1,5,3,Loyal Customers
13632.0,25,0.63,63991.61,5,1,5,3,Loyal Customers
16628.0,30,0.63,52699.65,5,1,5,3,Loyal Customers
14232.0,43,0.63,54193.73,5,1,5,3,Loyal Customers
13481.0,46,0.63,52135.38,5,1,5,3,Loyal Customers
12455.0,74,0.63,73465.04,5,1,5,3,Loyal Customers
17126.0,153,0.63,64375.35,5,1,5,3,Loyal Customers
17686.0,8,0.64,227305.7,5,1,5,3,Loyal Customers
12727.0,11,0.64,78031.02,5,1,5,3,Loyal Customers
14329.0,18,0.64,232901.16,5,1,5,3,Loyal Customers
15365.0,26,0.64,51117.02,5,1,5,3,Loyal Customers
16791.0,30,0.64,93068.5,5,1,5,3,Loyal Customers
13527.0,34,0.64,78732.3,5,1,5,3,Loyal Customers
15752.0,40,0.64,160061.76,5,1,5,3,Loyal Customers
15708.0,41,0.64,111364.14,5,1,5,3,Loyal Customers
17213.0,41,0.64,59343.11,5,1,5,3,Loyal Customers
16686.0,48,0.64,238744.47,5,1,5,3,Loyal Customers
16477.0,64,0.64,55363.41,5,1,5,3,Loyal Customers
16316.0,65,0.64,55056.12,5,1,5,3,Loyal Customers
16556.0,67,0.64,90401.11,5,1,5,3,Loyal Customers
18272.0,3,0.67,90669.31,5,1,5,3,Loyal Customers
17861.0,4,0.67,76672.45,5,1,5,3,Loyal Customers
13507.0,4,0.67,109511.4,5,1,5,3,Loyal Customers
14629.0,5,0.67,50168.85,5,1,5,3,Loyal Customers
17321.0,9,0.67,52928.04,5,1,5,3,Loyal Customers
14388.0,11,0.67,66958.98,5,1,5,3,Loyal Customers
13115.0,12,0.67,91596.24,5,1,5,3,Loyal Customers
17228.0,16,0.67,55647.02,5,1,5,3,Loyal Customers
12705.0,16,0.67,273699.13,5,1,5,3,Loyal Customers
15034.0,16,0.67,237522.36,5,1,5,3,Loyal Customers
16255.0,17,0.67,80922.15,5,1,5,3,Loyal Customers
16653.0,17,0.67,56160.18,5,1,5,3,Loyal Customers
14505.0,18,0.67,601914.97,5,1,5,3,Loyal Customers
17338.0,18,0.67,656968.67,5,1,5,3,Loyal Customers
14030.0,19,0.67,62988.41,5,1,5,3,Loyal Customers
13988.0,20,0.67,151085.53,5,1,5,3,Loyal Customers
12380.0,22,0.67,53842.1,5,1,5,3,Loyal Customers
16871.0,23,0.67,66540.14,5,1,5,3,Loyal Customers
12449.0,23,0.67,117026.31,5,1,5,3,Loyal Customers
16240.0,25,0.67,185767.92,5,1,5,3,Loyal Customers
17211.0,27,0.67,60377.95,5,1,5,3,Loyal Customers
12517.0,29,0.67,179289.95,5,1,5,3,Loyal Customers
13895.0,29,0.67,78287.51,5,1,5,3,Loyal Customers
13209.0,31,0.67,374891.55,5,1,5,3,Loyal Customers
13975.0,32,0.67,185351.3,5,1,5,3,Loyal Customers
17107.0,34,0.67,871719.59,5,1,5,3,Loyal Customers
12779.0,38,0.67,70832.6,5,1,5,3,Loyal Customers
13327.0,39,0.67,59209.72,5,1,5,3,Loyal Customers
16007.0,48,0.67,186811.28,5,1,5,3,Loyal Customers
13505.0,73,0.67,194751.34,5,1,5,3,Loyal Customers
16370.0,83,0.67,58719.19,5,1,5,3,Loyal Customers
13134.0,86,0.67,61249.64,5,1,5,3,Loyal Customers
12635.0,90,0.67,70016.2,5,1,5,3,Loyal Customers
17337.0,152,0.67,336501.38,5,1,5,3,Loyal Customers
15665.0,169,0.67,137507.1,5,1,5,3,Loyal Customers
14245.0,220,0.67,84971.3,5,1,5,3,Loyal Customers
14081.0,303,0.67,56472.65,5,1,5,3,Loyal Customers
14395.0,3,0.69,136503.02,5,1,5,3,Loyal Customers
17091.0,3,0.69,105110.95,5,1,5,3,Loyal Customers
15628.0,5,0.69,51125.94,5,1,5,3,Loyal Customers
15021.0,9,0.69,95974.38,5,1,5,3,Loyal Customers
15572.0,5,0.7,73337.54,5,1,5,3,Loyal Customers
16242.0,9,0.7,173791.79,5,1,5,3,Loyal Customers
12598.0,10,0.7,52401.59,5,1,5,3,Loyal Customers
16057.0,17,0.7,52213.89,5,1,5,3,Loyal Customers
13804.0,31,0.7,59838.3,5,1,5,3,Loyal Customers
14005.0,10,0.71,57880.0,5,1,5,3,Loyal Customers
13658.0,10,0.71,56878.3,5,1,5,3,Loyal Customers
16131.0,52,0.71,56069.7,5,1,5,3,Loyal Customers
13015.0,54,0.71,144466.31,5,1,5,3,Loyal Customers
14235.0,76,0.71,54007.17,5,1,5,3,Loyal Customers
12520.0,80,0.71,74856.15,5,1,5,3,Loyal Customers
12957.0,10,0.73,139830.61,5,1,5,3,Loyal Customers
12524.0,10,0.73,74533.79,5,1,5,3,Loyal Customers
17365.0,13,0.73,321906.61,5,1,5,3,Loyal Customers
15845.0,18,0.73,62356.09,5,1,5,3,Loyal Customers
17314.0,25,0.73,60494.35,5,1,5,3,Loyal Customers
15696.0,34,0.73,60591.1,5,1,5,3,Loyal Customers
18116.0,68,0.73,76288.83,5,1,5,3,Loyal Customers
17728.0,4,0.75,199721.95,5,1,5,3,Loyal Customers
14250.0,8,0.75,99201.06,5,1,5,3,Loyal Customers
14659.0,9,0.75,79566.33,5,1,5,3,Loyal Customers
15544.0,10,0.75,105050.92,5,1,5,3,Loyal Customers
16265.0,10,0.75,136997.52,5,1,5,3,Loyal Customers
14390.0,11,0.75,167817.77,5,1,5,3,Loyal Customers
14961.0,11,0.75,246430.9,5,1,5,3,Loyal Customers
15502.0,16,0.75,265890.1,5,1,5,3,Loyal Customers
16633.0,18,0.75,59619.28,5,1,5,3,Loyal Customers
14525.0,20,0.75,154091.18,5,1,5,3,Loyal Customers
17160.0,32,0.75,134631.31,5,1,5,3,Loyal Customers
14387.0,33,0.75,78211.86,5,1,5,3,Loyal Customers
13654.0,44,0.75,82575.84,5,1,5,3,Loyal Customers
14315.0,45,0.75,53057.03,5,1,5,3,Loyal Customers
16652.0,59,0.75,151390.7,5,1,5,3,Loyal Customers
12409.0,79,0.75,494628.67,5,1,5,3,Loyal Customers
17050.0,97,0.75,163437.06,5,1,5,3,Loyal Customers
15749.0,236,0.75,168837.2,5,1,5,3,Loyal Customers
14669.0,242,0.75,61440.63,5,1,5,3,Loyal Customers
15032.0,257,0.75,127826.6,5,1,5,3,Loyal Customers
13426.0,1,0.77,56117.88,5,1,5,3,Loyal Customers
17530.0,2,0.77,110742.06,5,1,5,3,Loyal Customers
15984.0,3,0.77,119884.85,5,1,5,3,Loyal Customers
18055.0,8,0.77,241729.26,5,1,5,3,Loyal Customers
14408.0,11,0.78,51557.76,5,1,5,3,Loyal Customers
15861.0,13,0.78,248869.53,5,1,5,3,Loyal Customers
13139.0,17,0.78,179843.64,5,1,5,3,Loyal Customers
14112.0,23,0.78,91049.52,5,1,5,3,Loyal Customers
17416.0,30,0.78,347425.36,5,1,5,3,Loyal Customers
17164.0,33,0.78,71727.92,5,1,5,3,Loyal Customers
15974.0,40,0.78,81660.93,5,1,5,3,Loyal Customers
14004.0,44,0.78,94057.4,5,1,5,3,Loyal Customers
15874.0,64,0.78,117900.16,5,1,5,3,Loyal Customers
14730.0,2,0.8,126950.13,5,1,5,3,Loyal Customers
15701.0,3,0.8,107092.3,5,1,5,3,Loyal Customers
14071.0,4,0.8,54879.27,5,1,5,3,Loyal Customers
16201.0,4,0.8,50754.48,5,1,5,3,Loyal Customers
16115.0,10,0.8,58249.4,5,1,5,3,Loyal Customers
13137.0,11,0.8,341405.6,5,1,5,3,Loyal Customers
13971.0,19,0.8,50315.92,5,1,5,3,Loyal Customers
12432.0,43,0.8,167414.32,5,1,5,3,Loyal Customers
14341.0,46,0.8,50283.15,5,1,5,3,Loyal Customers
12939.0,65,0.8,91864.32,5,1,5,3,Loyal Customers
15518.0,65,0.8,63958.84,5,1,5,3,Loyal Customers
12637.0,68,0.8,317500.41,5,1,5,3,Loyal Customers
18242.0,73,0.8,59122.78,5,1,5,3,Loyal Customers
13555.0,74,0.8,143334.37,5,1,5,3,Loyal Customers
14258.0,10,0.82,176858.14,5,1,5,3,Loyal Customers
14701.0,11,0.82,96313.37,5,1,5,3,Loyal Customers
14587.0,19,0.82,63799.94,5,1,5,3,Loyal Customers
14502.0,20,0.82,163566.22,5,1,5,3,Loyal Customers
12626.0,24,0.82,218322.85,5,1,5,3,Loyal Customers
14426.0,24,0.82,119294.81,5,1,5,3,Loyal Customers
17634.0,37,0.82,74247.96,5,1,5,3,Loyal Customers
12594.0,38,0.82,56947.9,5,1,5,3,Loyal Customers
12678.0,43,0.82,666896.41,5,1,5,3,Loyal Customers
16019.0,47,0.82,69079.52,5,1,5,3,Loyal Customers
13842.0,59,0.82,64785.94,5,1,5,3,Loyal Customers
15033.0,5,0.83,136653.38,5,1,5,3,Loyal Customers
12490.0,6,0.83,128652.53,5,1,5,3,Loyal Customers
14493.0,8,0.83,53443.45,5,1,5,3,Loyal Customers
12553.0,9,0.83,67847.78,5,1,5,3,Loyal Customers
14963.0,10,0.83,55016.68,5,1,5,3,Loyal Customers
17231.0,13,0.83,152946.69,5,1,5,3,Loyal Customers
12476.0,16,0.83,150945.27,5,1,5,3,Loyal Customers
16985.0,18,0.83,71831.54,5,1,5,3,Loyal Customers
16710.0,20,0.83,107058.69,5,1,5,3,Loyal Customers
12444.0,22,0.83,119518.35,5,1,5,3,Loyal Customers
12567.0,23,0.83,381722.78,5,1,5,3,Loyal Customers
12481.0,23,0.83,108272.16,5,1,5,3,Loyal Customers
17799.0,23,0.83,146027.47,5,1,5,3,Loyal Customers
13047.0,32,0.83,65233.12,5,1,5,3,Loyal Customers
15356.0,32,0.83,145467.08,5,1,5,3,Loyal Customers
13097.0,33,0.83,187027.88,5,1,5,3,Loyal Customers
13324.0,37,0.83,52634.15,5,1,5,3,Loyal Customers
16258.0,46,0.83,134686.78,5,1,5,3,Loyal Customers
13136.0,57,0.83,70399.89,5,1,5,3,Loyal Customers
12662.0,1,0.85,75935.73,5,1,5,3,Loyal Customers
17001.0,1,0.85,52643.95,5,1,5,3,Loyal Customers
18092.0,3,0.85,73444.7,5,1,5,3,Loyal Customers
15023.0,4,0.85,357283.52,5,1,5,3,Loyal Customers
17954.0,6,0.85,112347.64,5,1,5,3,Loyal Customers
17858.0,6,0.85,52332.83,5,1,5,3,Loyal Customers
18077.0,9,0.85,56768.36,5,1,5,3,Loyal Customers
16145.0,9,0.85,74759.78,5,1,5,3,Loyal Customers
14503.0,4,0.86,94681.93,5,1,5,3,Loyal Customers
14852.0,59,0.86,68025.3,5,1,5,3,Loyal Customers
15764.0,89,0.86,183473.32,5,1,5,3,Loyal Customers
18260.0,173,0.86,54997.41,5,1,5,3,Loyal Customers
12562.0,9,0.88,69511.63,5,1,5,3,Loyal Customers
16609.0,16,0.88,235187.28,5,1,5,3,Loyal Customers
15521.0,41,0.88,63955.53,5,1,5,3,Loyal Customers
13340.0,46,0.88,310022.42,5,1,5,3,Loyal Customers
14868.0,4,0.89,53424.04,5,1,5,3,Loyal Customers
14262.0,9,0.89,51919.54,5,1,5,3,Loyal Customers
15632.0,16,0.89,76844.04,5,1,5,3,Loyal Customers
12428.0,26,0.89,381794.34,5,1,5,3,Loyal Customers
14936.0,34,0.89,383440.61,5,1,5,3,Loyal Customers
14472.0,104,0.89,65776.56,5,1,5,3,Loyal Customers
17049.0,3,0.9,223023.92,5,1,5,3,Loyal Customers
14292.0,8,0.9,54983.61,5,1,5,3,Loyal Customers
14221.0,43,0.9,79999.22,5,1,5,3,Loyal Customers
15281.0,59,0.9,52817.59,5,1,5,3,Loyal Customers
12362.0,4,0.91,111543.7,5,1,5,3,Loyal Customers
16549.0,11,0.91,478275.36,5,1,5,3,Loyal Customers
17769.0,13,0.91,141088.98,5,1,5,3,Loyal Customers
13700.0,27,0.91,55467.36,5,1,5,3,Loyal Customers
17364.0,1,0.92,175958.07,5,1,5,3,Loyal Customers
17870.0,3,0.92,54547.88,5,1,5,3,Loyal Customers
15298.0,3,0.92,74111.36,5,1,5,3,Loyal Customers
18225.0,4,0.92,129534.91,5,1,5,3,Loyal Customers
15570.0,8,0.92,115307.27,5,1,5,3,Loyal Customers
14713.0,10,0.92,83081.61,5,1,5,3,Loyal Customers
14866.0,11,0.92,231582.28,5,1,5,3,Loyal Customers
13081.0,12,0.92,3742499.51,5,1,5,3,Loyal Customers
15514.0,13,0.92,92771.79,5,1,5,3,Loyal Customers
15482.0,16,0.92,88923.36,5,1,5,3,Loyal Customers
16670.0,17,0.92,117909.54,5,1,5,3,Loyal Customers
14099.0,17,0.92,68646.24,5,1,5,3,Loyal Customers
14159.0,20,0.92,580349.02,5,1,5,3,Loyal Customers
15529.0,23,0.92,305641.51,5,1,5,3,Loyal Customers
13178.0,27,0.92,152589.21,5,1,5,3,Loyal Customers
17340.0,30,0.92,780860.63,5,1,5,3,Loyal Customers
13148.0,30,0.92,88880.88,5,1,5,3,Loyal Customers
12985.0,1,1.0,50867.76,5,1,5,3,Loyal Customers
13013.0,2,1.0,84206.27,5,1,5,3,Loyal Customers
14415.0,2,1.0,340806.85,5,1,5,3,Loyal Customers
16401.0,2,1.0,70816.22,5,1,5,3,Loyal Customers
15453.0,2,1.0,55132.83,5,1,5,3,Loyal Customers
15484.0,2,1.0,215025.36,5,1,5,3,Loyal Customers
16393.0,3,1.0,85169.36,5,1,5,3,Loyal Customers
16191.0,3,1.0,67177.18,5,1,5,3,Loyal Customers
16426.0,3,1.0,71048.72,5,1,5,3,Loyal Customers
17590.0,3,1.0,112630.18,5,1,5,3,Loyal Customers
13994.0,4,1.0,85285.41,5,1,5,3,Loyal Customers
17404.0,5,1.0,664089.64,5,1,5,3,Loyal Customers
14401.0,5,1.0,57071.02,5,1,5,3,Loyal Customers
12381.0,5,1.0,54633.78,5,1,5,3,Loyal Customers
16379.0,5,1.0,61467.12,5,1,5,3,Loyal Customers
13435.0,6,1.0,54873.79,5,1,5,3,Loyal Customers
13596.0,6,1.0,56496.37,5,1,5,3,Loyal Customers
15547.0,8,1.0,242426.37,5,1,5,3,Loyal Customers
12762.0,8,1.0,69067.51,5,1,5,3,Loyal Customers
13090.0,9,1.0,65400.69,5,1,5,3,Loyal Customers
16700.0,9,1.0,121061.87,5,1,5,3,Loyal Customers
16701.0,9,1.0,73904.15,5,1,5,3,Loyal Customers
14178.0,9,1.0,75213.8,5,1,5,3,Loyal Customers
18122.0,9,1.0,122595.82,5,1,5,3,Loyal Customers
15531.0,9,1.0,264385.36,5,1,5,3,Loyal Customers
17566.0,9,1.0,59973.6,5,1,5,3,Loyal Customers
16376.0,9,1.0,87312.75,5,1,5,3,Loyal Customers
14062.0,10,1.0,114839.5,5,1,5,3,Loyal Customers
14755.0,10,1.0,87961.84,5,1,5,3,Loyal Customers
15444.0,10,1.0,159040.64,5,1,5,3,Loyal Customers
13999.0,11,1.0,62706.62,5,1,5,3,Loyal Customers
15218.0,11,1.0,88498.56,5,1,5,3,Loyal Customers
14125.0,11,1.0,154199.08,5,1,5,3,Loyal Customers
17419.0,12,1.0,62756.92,5,1,5,3,Loyal Customers
16800.0,12,1.0,141457.94,5,1,5,3,Loyal Customers
16570.0,16,1.0,56405.67,5,1,5,3,Loyal Customers
13588.0,16,1.0,63090.36,5,1,5,3,Loyal Customers
17727.0,16,1.0,59343.85,5,1,5,3,Loyal Customers
14733.0,17,1.0,172380.85,5,1,5,3,Loyal Customers
13644.0,17,1.0,83145.71,5,1,5,3,Loyal Customers
14675.0,17,1.0,55939.95,5,1,5,3,Loyal Customers
17659.0,18,1.0,50802.26,5,1,5,3,Loyal Customers
12349.0,19,1.0,84951.9,5,1,5,3,Loyal Customers
17758.0,20,1.0,222528.45,5,1,5,3,Loyal Customers
16186.0,23,1.0,90125.13,5,1,5,3,Loyal Customers
12847.0,23,1.0,79310.14,5,1,5,3,Loyal Customers
12731.0,24,1.0,427396.66,5,1,5,3,Loyal Customers
16669.0,24,1.0,90463.9,5,1,5,3,Loyal Customers
15720.0,25,1.0,59523.39,5,1,5,3,Loyal Customers
15050.0,26,1.0,79397.48,5,1,5,3,Loyal Customers
14227.0,27,1.0,92422.43,5,1,5,3,Loyal Customers
14382.0,27,1.0,79315.6,5,1,5,3,Loyal Customers
16767.0,31,1.0,154723.08,5,1,5,3,Loyal Customers
15114.0,31,1.0,61475.12,5,1,5,3,Loyal Customers
12949.0,31,1.0,176053.24,5,1,5,3,Loyal Customers
17313.0,32,1.0,55892.16,5,1,5,3,Loyal Customers
12357.0,34,1.0,619078.59,5,1,5,3,Loyal Customers
18022.0,36,1.0,120726.08,5,1,5,3,Loyal Customers
12830.0,38,1.0,60575.92,5,1,5,3,Loyal Customers
13186.0,40,1.0,57065.9,5,1,5,3,Loyal Customers
14810.0,41,1.0,49818.83,5,1,5,3,Loyal Customers
13566.0,41,1.0,82666.15,5,1,5,3,Loyal Customers
13607.0,41,1.0,57702.84,5,1,5,3,Loyal Customers
12398.0,46,1.0,120595.44,5,1,5,3,Loyal Customers
15786.0,47,1.0,575824.84,5,1,5,3,Loyal Customers
15006.0,52,1.0,63936.6,5,1,5,3,Loyal Customers
12611.0,53,1.0,66149.62,5,1,5,3,Loyal Customers
14952.0,60,1.0,103481.54,5,1,5,3,Loyal Customers
12371.0,60,1.0,86469.6,5,1,5,3,Loyal Customers
12536.0,60,1.0,943304.13,5,1,5,3,Loyal Customers
12607.0,61,1.0,156256.0,5,1,5,3,Loyal Customers
16380.0,62,1.0,56978.88,5,1,5,3,Loyal Customers
13422.0,65,1.0,297753.2,5,1,5,3,Loyal Customers
13635.0,68,1.0,63874.93,5,1,5,3,Loyal Customers
16101.0,71,1.0,95865.0,5,1,5,3,Loyal Customers
14305.0,72,1.0,94777.67,5,1,5,3,Loyal Customers
15978.0,78,1.0,50831.04,5,1,5,3,Loyal Customers
14854.0,79,1.0,61572.17,5,1,5,3,Loyal Customers
12752.0,82,1.0,201897.78,5,1,5,3,Loyal Customers
17037.0,88,1.0,82762.4,5,1,5,3,Loyal Customers
18251.0,88,1.0,69035.52,5,1,5,3,Loyal Customers
16984.0,89,1.0,840932.38,5,1,5,3,Loyal Customers
12965.0,90,1.0,64771.74,5,1,5,3,Loyal Customers
15491.0,96,1.0,73374.85,5,1,5,3,Loyal Customers
16340.0,108,1.0,74118.0,5,1,5,3,Loyal Customers
12688.0,114,1.0,642871.8,5,1,5,3,Loyal Customers
12378.0,130,1.0,789438.98,5,1,5,3,Loyal Customers
13850.0,130,1.0,134459.42,5,1,5,3,Loyal Customers
12534.0,131,1.0,50867.74,5,1,5,3,Loyal Customers
15372.0,138,1.0,54199.8,5,1,5,3,Loyal Customers
12840.0,144,1.0,82489.9,5,1,5,3,Loyal Customers
15004.0,148,1.0,138885.42,5,1,5,3,Loyal Customers
12405.0,149,1.0,69175.89,5,1,5,3,Loyal Customers
17444.0,152,1.0,134657.19,5,1,5,3,Loyal Customers
14459.0,156,1.0,51107.76,5,1,5,3,Loyal Customers
15644.0,167,1.0,66353.3,5,1,5,3,Loyal Customers
15379.0,170,1.0,129824.82,5,1,5,3,Loyal Customers
15069.0,180,1.0,60544.86,5,1,5,3,Loyal Customers
12590.0,212,1.0,625864.42,5,1,5,3,Loyal Customers
13235.0,213,1.0,52985.52,5,1,5,3,Loyal Customers
17597.0,214,1.0,86221.0,5,1,5,3,Loyal Customers
13952.0,218,1.0,171456.09,5,1,5,3,Loyal Customers
14105.0,240,1.0,77137.84,5,1,5,3,Loyal Customers
16980.0,256,1.0,58202.12,5,1,5,3,Loyal Customers
13501.0,289,1.0,58344.96,5,1,5,3,Loyal Customers
12377.0,316,1.0,58646.16,5,1,5,3,Loyal Customers
16714.0,318,1.0,79792.2,5,1,5,3,Loyal Customers
16222.0,319,1.0,88715.0,5,1,5,3,Loyal Customers
12346.0,326,1.0,77183.6,5,1,5,3,Loyal Customers
17406.0,334,1.0,74964.56,5,1,5,3,Loyal Customers
12501.0,337,1.0,271481.28,5,1,5,3,Loyal Customers
15464.0,339,1.0,109780.2,5,1,5,3,Loyal Customers
13756.0,3,1.08,53015.87,5,1,5,3,Loyal Customers
12839.0,3,1.08,128732.41,5,1,5,3,Loyal Customers
17730.0,4,1.08,91296.32,5,1,5,3,Loyal Customers
13709.0,4,1.08,176615.2,5,1,5,3,Loyal Customers
12683.0,5,1.08,189269.12,5,1,5,3,Loyal Customers
13230.0,5,1.08,138097.69,5,1,5,3,Loyal Customers
18223.0,5,1.08,160460.96,5,1,5,3,Loyal Customers
13001.0,5,1.08,366089.34,5,1,5,3,Loyal Customers
13458.0,8,1.08,295258.98,5,1,5,3,Loyal Customers
14092.0,8,1.08,70081.48,5,1,5,3,Loyal Customers
16241.0,10,1.08,154756.12,5,1,5,3,Loyal Customers
17975.0,16,1.08,98595.61,5,1,5,3,Loyal Customers
14709.0,16,1.08,79708.23,5,1,5,3,Loyal Customers
16722.0,18,1.08,81442.85,5,1,5,3,Loyal Customers
13488.0,18,1.08,278712.82,5,1,5,3,Loyal Customers
13742.0,17,1.09,81993.01,5,1,5,3,Loyal Customers
14800.0,48,1.09,167168.94,5,1,5,3,Loyal Customers
15301.0,51,1.09,109822.81,5,1,5,3,Loyal Customers
14291.0,2,1.1,116615.73,5,1,5,3,Loyal Customers
12955.0,2,1.1,100567.74,5,1,5,3,Loyal Customers
17644.0,2,1.1,56558.44,5,1,5,3,Loyal Customers
18226.0,45,1.1,112660.66,5,1,5,3,Loyal Customers
15150.0,18,1.11,275476.62,5,1,5,3,Loyal Customers
16712.0,19,1.11,143146.57,5,1,5,3,Loyal Customers
16942.0,13,1.13,61122.85,5,1,5,3,Loyal Customers
16837.0,32,1.13,55462.24,5,1,5,3,Loyal Customers
15622.0,44,1.13,140421.84,5,1,5,3,Loyal Customers
12757.0,16,1.14,362472.45,5,1,5,3,Loyal Customers
14135.0,2,1.15,51456.37,5,1,5,3,Loyal Customers
13269.0,2,1.15,129861.16,5,1,5,3,Loyal Customers
12583.0,3,1.15,107430.13,5,1,5,3,Loyal Customers
14189.0,3,1.15,76056.42,5,1,5,3,Loyal Customers
17346.0,4,1.15,76498.88,5,1,5,3,Loyal Customers
15194.0,4,1.15,174136.78,5,1,5,3,Loyal Customers
15640.0,5,1.15,381800.69,5,1,5,3,Loyal Customers
16904.0,5,1.15,191529.5,5,1,5,3,Loyal Customers
15867.0,6,1.15,112524.16,5,1,5,3,Loyal Customers
15271.0,8,1.15,56169.18,5,1,5,3,Loyal Customers
17611.0,8,1.15,180706.53,5,1,5,3,Loyal Customers
16326.0,6,1.17,71941.31,5,1,5,3,Loyal Customers
16474.0,8,1.17,134167.89,5,1,5,3,Loyal Customers
15601.0,12,1.17,206202.0,5,1,5,3,Loyal Customers
13437.0,15,1.17,90600.45,5,1,5,3,Loyal Customers
14704.0,20,1.17,128052.25,5,1,5,3,Loyal Customers
15955.0,25,1.17,80577.06,5,1,5,3,Loyal Customers
17220.0,25,1.17,122826.51,5,1,5,3,Loyal Customers
13384.0,31,1.17,110172.92,5,1,5,3,Loyal Customers
17965.0,38,1.17,75630.85,5,1,5,3,Loyal Customers
14088.0,11,1.18,2723180.46,5,1,5,3,Loyal Customers
15719.0,33,1.18,378703.93,5,1,5,3,Loyal Customers
14110.0,4,1.2,99948.51,5,1,5,3,Loyal Customers
12627.0,11,1.2,156738.1,5,1,5,3,Loyal Customers
17139.0,16,1.2,537257.03,5,1,5,3,Loyal Customers
14944.0,30,1.2,98445.78,5,1,5,3,Loyal Customers
14040.0,41,1.2,93188.36,5,1,5,3,Loyal Customers
14711.0,11,1.22,68528.01,5,1,5,3,Loyal Customers
17725.0,17,1.22,52854.23,5,1,5,3,Loyal Customers
13268.0,18,1.22,171492.91,5,1,5,3,Loyal Customers
17716.0,23,1.22,161302.95,5,1,5,3,Loyal Customers
17131.0,6,1.25,77893.31,5,1,5,3,Loyal Customers
16813.0,9,1.25,79942.35,5,1,5,3,Loyal Customers
12709.0,16,1.25,121984.84,5,1,5,3,Loyal Customers
16713.0,19,1.25,249789.91,5,1,5,3,Loyal Customers
12931.0,22,1.25,701936.32,5,1,5,3,Loyal Customers
17690.0,31,1.25,71876.7,5,1,5,3,Loyal Customers
12431.0,36,1.25,95651.16,5,1,5,3,Loyal Customers
15505.0,53,1.25,76012.56,5,1,5,3,Loyal Customers
13871.0,23,1.3,137339.4,5,1,5,3,Loyal Customers
16210.0,2,1.31,138249.79,5,1,5,3,Loyal Customers
14796.0,2,1.31,514861.14,5,1,5,3,Loyal Customers
14702.0,2,1.31,61299.18,5,1,5,3,Loyal Customers
17238.0,3,1.31,129643.23,5,1,5,3,Loyal Customers
17920.0,5,1.31,176401.95,5,1,5,3,Loyal Customers
17706.0,5,1.31,348043.84,5,1,5,3,Loyal Customers
13471.0,2,1.33,194909.0,5,1,5,3,Loyal Customers
18283.0,4,1.33,124396.42,5,1,5,3,Loyal Customers
14121.0,4,1.33,122122.84,5,1,5,3,Loyal Customers
13297.0,8,1.33,56354.44,5,1,5,3,Loyal Customers
13266.0,12,1.33,58587.96,5,1,5,3,Loyal Customers
15555.0,13,1.33,282894.96,5,1,5,3,Loyal Customers
13571.0,13,1.33,62591.13,5,1,5,3,Loyal Customers
15738.0,19,1.33,54674.43,5,1,5,3,Loyal Customers
14680.0,26,1.33,534909.37,5,1,5,3,Loyal Customers
17652.0,26,1.33,113489.85,5,1,5,3,Loyal Customers
14360.0,32,1.33,81901.78,5,1,5,3,Loyal Customers
15704.0,141,1.33,73643.86,5,1,5,3,Loyal Customers
15808.0,307,1.33,155953.57,5,1,5,3,Loyal Customers
15046.0,10,1.36,76624.15,5,1,5,3,Loyal Customers
14085.0,3,1.38,120267.48,5,1,5,3,Loyal Customers
15290.0,5,1.38,99486.87,5,1,5,3,Loyal Customers
16746.0,5,1.38,163708.46,5,1,5,3,Loyal Customers
13969.0,8,1.38,410440.4,5,1,5,3,Loyal Customers
15251.0,10,1.38,158237.76,5,1,5,3,Loyal Customers
16919.0,157,1.38,80455.82,5,1,5,3,Loyal Customers
17613.0,23,1.4,121993.65,5,1,5,3,Loyal Customers
14808.0,40,1.4,82966.06,5,1,5,3,Loyal Customers
15144.0,9,1.42,102198.04,5,1,5,3,Loyal Customers
13050.0,15,1.42,140394.22,5,1,5,3,Loyal Customers
15044.0,20,1.42,218625.48,5,1,5,3,Loyal Customers
12540.0,20,1.42,270977.05,5,1,5,3,Loyal Customers
15805.0,24,1.42,182503.88,5,1,5,3,Loyal Customers
14057.0,24,1.42,130507.42,5,1,5,3,Loyal Customers
14607.0,16,1.44,125243.54,5,1,5,3,Loyal Customers
15249.0,32,1.44,202733.12,5,1,5,3,Loyal Customers
16592.0,5,1.45,103369.79,5,1,5,3,Loyal Customers
16161.0,2,1.46,119303.13,5,1,5,3,Loyal Customers
17735.0,3,1.46,480840.46,5,1,5,3,Loyal Customers
13267.0,3,1.46,52003.68,5,1,5,3,Loyal Customers
14060.0,5,1.46,73498.24,5,1,5,3,Loyal Customers
14031.0,8,1.46,188583.1,5,1,5,3,Loyal Customers
17576.0,9,1.46,71206.12,5,1,5,3,Loyal Customers
13521.0,2,1.5,151049.79,5,1,5,3,Loyal Customers
14534.0,3,1.5,123415.4,5,1,5,3,Loyal Customers
13949.0,3,1.5,69936.58,5,1,5,3,Loyal Customers
13985.0,5,1.5,188566.24,5,1,5,3,Loyal Customers
16360.0,5,1.5,404285.23,5,1,5,3,Loyal Customers
14456.0,6,1.5,419253.79,5,1,5,3,Loyal Customers
15113.0,10,1.5,192853.78,5,1,5,3,Loyal Customers
15089.0,11,1.5,78549.8,5,1,5,3,Loyal Customers
13418.0,12,1.5,119822.6,5,1,5,3,Loyal Customers
13004.0,12,1.5,135992.47,5,1,5,3,Loyal Customers
18096.0,12,1.5,63988.13,5,1,5,3,Loyal Customers
16900.0,17,1.5,49970.18,5,1,5,3,Loyal Customers
16533.0,20,1.5,66407.76,5,1,5,3,Loyal Customers
15787.0,27,1.5,59136.23,5,1,5,3,Loyal Customers
16187.0,32,1.5,169065.69,5,1,5,3,Loyal Customers
15427.0,34,1.5,143233.21,5,1,5,3,Loyal Customers
14971.0,36,1.5,68610.51,5,1,5,3,Loyal Customers
16049.0,41,1.5,130679.21,5,1,5,3,Loyal Customers
16558.0,1,1.54,203360.83,5,1,5,3,Loyal Customers
16705.0,1,1.54,319990.38,5,1,5,3,Loyal Customers
12621.0,2,1.54,282652.68,5,1,5,3,Loyal Customers
17017.0,3,1.54,146786.5,5,1,5,3,Loyal Customers
16033.0,6,1.54,574401.93,5,1,5,3,Loyal Customers
14132.0,3,1.57,63745.75,5,1,5,3,Loyal Customers
16818.0,11,1.57,77762.75,5,1,5,3,Loyal Customers
15838.0,12,1.58,607676.0,5,1,5,3,Loyal Customers
16923.0,13,1.58,267949.56,5,1,5,3,Loyal Customers
16945.0,22,1.58,67308.81,5,1,5,3,Loyal Customers
17865.0,31,1.58,201822.96,5,1,5,3,Loyal Customers
15513.0,34,1.58,304635.46,5,1,5,3,Loyal Customers
16626.0,1,1.6,54094.67,5,1,5,3,Loyal Customers
14367.0,9,1.6,349028.75,5,1,5,3,Loyal Customers
16843.0,43,1.6,405712.27,5,1,5,3,Loyal Customers
16180.0,101,1.6,219246.09,5,1,5,3,Loyal Customers
13599.0,2,1.62,80515.36,5,1,5,3,Loyal Customers
13668.0,3,1.62,140430.9,5,1,5,3,Loyal Customers
16931.0,6,1.62,201877.97,5,1,5,3,Loyal Customers
14688.0,8,1.62,100118.91,5,1,5,3,Loyal Customers
15804.0,1,1.63,84688.81,5,1,5,3,Loyal Customers
14191.0,2,1.63,103115.15,5,1,5,3,Loyal Customers
14562.0,4,1.64,106277.24,5,1,5,3,Loyal Customers
12474.0,18,1.64,195052.64,5,1,5,3,Loyal Customers
16523.0,2,1.67,149954.42,5,1,5,3,Loyal Customers
14251.0,2,1.67,62668.86,5,1,5,3,Loyal Customers
14698.0,2,1.67,54066.95,5,1,5,3,Loyal Customers
17651.0,12,1.67,120183.09,5,1,5,3,Loyal Customers
12906.0,12,1.67,56559.7,5,1,5,3,Loyal Customers
17813.0,15,1.67,213369.91,5,1,5,3,Loyal Customers
17377.0,24,1.67,83322.23,5,1,5,3,Loyal Customers
15125.0,26,1.67,193146.84,5,1,5,3,Loyal Customers
17719.0,38,1.67,69454.37,5,1,5,3,Loyal Customers
16779.0,3,1.69,162058.52,5,1,5,3,Loyal Customers
15358.0,5,1.69,264767.04,5,1,5,3,Loyal Customers
14895.0,8,1.73,434520.3,5,1,5,3,Loyal Customers
13536.0,2,1.75,86009.18,5,1,5,3,Loyal Customers
18041.0,12,1.75,97709.16,5,1,5,3,Loyal Customers
17068.0,13,1.75,72156.27,5,1,5,3,Loyal Customers
16814.0,15,1.75,95497.1,5,1,5,3,Loyal Customers
14051.0,1,1.77,131211.4,5,1,5,3,Loyal Customers
17857.0,5,1.77,92735.22,5,1,5,3,Loyal Customers
17504.0,207,1.8,55322.14,5,1,5,3,Loyal Customers
13881.0,4,1.82,170958.84,5,1,5,3,Loyal Customers
12415.0,25,1.82,9119035.62,5,1,5,3,Loyal Customers
12681.0,15,1.83,359464.2,5,1,5,3,Loyal Customers
17581.0,1,1.85,316718.08,5,1,5,3,Loyal Customers
13069.0,1,1.85,106503.85,5,1,5,3,Loyal Customers
13113.0,1,1.85,58552.06,5,1,5,3,Loyal Customers
13102.0,2,1.85,79681.67,5,1,5,3,Loyal Customers
18172.0,15,1.9,98893.3,5,1,5,3,Loyal Customers
14194.0,5,1.91,330867.36,5,1,5,3,Loyal Customers
12720.0,3,1.92,85876.36,5,1,5,3,Loyal Customers
13534.0,3,1.92,84226.26,5,1,5,3,Loyal Customers
12841.0,5,1.92,66877.34,5,1,5,3,Loyal Customers
15615.0,11,1.92,242128.46,5,1,5,3,Loyal Customers
17243.0,2,2.0,114422.3,5,1,5,3,Loyal Customers
18109.0,2,2.0,83905.09,5,1,5,3,Loyal Customers
17528.0,2,2.0,103900.97,5,1,5,3,Loyal Customers
16525.0,3,2.0,83881.12,5,1,5,3,Loyal Customers
15498.0,3,2.0,387068.99,5,1,5,3,Loyal Customers
16672.0,3,2.0,49984.92,5,1,5,3,Loyal Customers
16000.0,3,2.0,60462.4,5,1,5,3,Loyal Customers
13078.0,4,2.0,154211.99,5,1,5,3,Loyal Customers
16910.0,5,2.0,83241.22,5,1,5,3,Loyal Customers
13319.0,6,2.0,279454.73,5,1,5,3,Loyal Customers
15769.0,8,2.0,390047.52,5,1,5,3,Loyal Customers
16333.0,8,2.0,70657.36,5,1,5,3,Loyal Customers
12856.0,8,2.0,108572.19,5,1,5,3,Loyal Customers
14432.0,10,2.0,189004.31,5,1,5,3,Loyal Customers
14554.0,11,2.0,169528.36,5,1,5,3,Loyal Customers
13467.0,11,2.0,55110.36,5,1,5,3,Loyal Customers
17100.0,19,2.0,59276.77,5,1,5,3,Loyal Customers
14234.0,23,2.0,52874.22,5,1,5,3,Loyal Customers
12685.0,29,2.0,89235.18,5,1,5,3,Loyal Customers
17084.0,36,2.0,250627.05,5,1,5,3,Loyal Customers
14179.0,41,2.0,66955.38,5,1,5,3,Loyal Customers
15700.0,173,2.0,52158.36,5,1,5,3,Loyal Customers
13093.0,276,2.0,141325.67,5,1,5,3,Loyal Customers
17677.0,2,2.08,266250.09,5,1,5,3,Loyal Customers
12471.0,3,2.08,285615.33,5,1,5,3,Loyal Customers
15856.0,5,2.08,421954.16,5,1,5,3,Loyal Customers
14667.0,11,2.08,214449.98,5,1,5,3,Loyal Customers
14849.0,22,2.08,171652.54,5,1,5,3,Loyal Customers
14056.0,2,2.09,451965.89,5,1,5,3,Loyal Customers
16745.0,87,2.13,155080.12,5,1,5,3,Loyal Customers
17428.0,1,2.15,279410.9,5,1,5,3,Loyal Customers
15159.0,2,2.15,781398.3,5,1,5,3,Loyal Customers
16684.0,5,2.15,1289672.34,5,1,5,3,Loyal Customers
16764.0,4,2.17,146793.36,5,1,5,3,Loyal Customers
15152.0,10,2.17,89578.95,5,1,5,3,Loyal Customers
18118.0,11,2.17,275240.13,5,1,5,3,Loyal Customers
17381.0,9,2.23,104436.39,5,1,5,3,Loyal Customers
17757.0,2,2.31,124927.92,5,1,5,3,Loyal Customers
13098.0,2,2.33,639862.44,5,1,5,3,Loyal Customers
15993.0,9,2.33,256277.57,5,1,5,3,Loyal Customers
15005.0,16,2.33,240301.71,5,1,5,3,Loyal Customers
17675.0,2,2.38,474216.81,5,1,5,3,Loyal Customers
17511.0,3,2.38,3446318.64,5,1,5,3,Loyal Customers
12682.0,4,2.38,204690.91,5,1,5,3,Loyal Customers
15078.0,8,2.46,193607.96,5,1,5,3,Loyal Customers
13777.0,1,2.54,328689.05,5,1,5,3,Loyal Customers
17389.0,1,2.58,253448.82,5,1,5,3,Loyal Customers
16839.0,9,2.62,110648.11,5,1,5,3,Loyal Customers
16729.0,39,2.63,253887.7,5,1,5,3,Loyal Customers
14547.0,4,2.67,191775.13,5,1,5,3,Loyal Customers
16133.0,4,2.75,159388.73,5,1,5,3,Loyal Customers
17315.0,2,2.77,78665.88,5,1,5,3,Loyal Customers
12901.0,9,2.8,76905.83,5,1,5,3,Loyal Customers
13018.0,17,2.8,142080.11,5,1,5,3,Loyal Customers
13263.0,2,2.83,394474.92,5,1,5,3,Loyal Customers
13767.0,3,2.85,146748.68,5,1,5,3,Loyal Customers
13755.0,4,3.0,101895.49,5,1,5,3,Loyal Customers
15009.0,13,3.0,72392.72,5,1,5,3,Loyal Customers
17203.0,36,3.0,79424.36,5,1,5,3,Loyal Customers
12921.0,10,3.08,373792.26,5,1,5,3,Loyal Customers
17949.0,2,3.17,217429.14,5,1,5,3,Loyal Customers
17811.0,5,3.25,255023.53,5,1,5,3,Loyal Customers
14298.0,9,3.38,4285059.37,5,1,5,3,Loyal Customers
14096.0,5,3.4,16830944.5,5,1,5,3,Loyal Customers
15189.0,2,3.42,67083.7,5,1,5,3,Loyal Customers
17450.0,9,3.54,1855866.62,5,1,5,3,Loyal Customers
16013.0,4,3.62,134319.14,5,1,5,3,Loyal Customers
15061.0,4,3.69,565292.76,5,1,5,3,Loyal Customers
15039.0,10,3.83,678961.8,5,1,5,3,Loyal Customers
13694.0,4,3.85,1042908.55,5,1,5,3,Loyal Customers
14527.0,3,4.15,90968.56,5,1,5,3,Loyal Customers
16422.0,18,4.25,368217.0,5,1,5,3,Loyal Customers
14156.0,10,4.33,3218471.7,5,1,5,3,Loyal Customers
18102.0,1,4.38,1954076.77,5,1,5,3,Loyal Customers
13798.0,2,4.38,367877.25,5,1,5,3,Loyal Customers
13408.0,2,4.69,271967.06,5,1,5,3,Loyal Customers
16029.0,39,5.17,434629.17,5,1,5,3,Loyal Customers
14646.0,2,5.54,16349866.54,5,1,5,3,Loyal Customers
18139.0,18,6.0,258669.96,5,1,5,3,Loyal Customers
14606.0,2,6.92,303722.27,5,1,5,3,Loyal Customers
15311.0,1,7.0,2075694.29,5,1,5,3,Loyal Customers
13089.0,3,7.0,1731602.17,5,1,5,3,Loyal Customers
17509.0,58,8.0,297516.51,5,1,5,3,Loyal Customers
17841.0,2,9.54,2954547.17,5,1,5,3,Loyal Customers
14911.0,2,15.15,4356322.59,5,1,5,3,Loyal Customers
12748.0,1,15.69,1417821.13,5,1,5,3,Loyal Customers
17850.0,373,34.0,69018.88,5,1,5,3,Loyal Customers