CustomerID,last_purchase_date,first_purchase_date,num_purchase,monetary
18074.0,2010-12-01,2010-12-01,1,4141.5
12791.0,2010-12-01,2010-12-01,1,177.6
17908.0,2010-12-01,2010-12-01,1,14110.24
16583.0,2010-12-01,2010-12-01,1,3268.3
17968.0,2010-12-01,2010-12-01,1,23574.75
14729.0,2010-12-01,2010-12-01,1,20064.51
14237.0,2010-12-01,2010-12-01,1,387.25
15350.0,2010-12-01,2010-12-01,1,578.25
15922.0,2010-12-01,2010-12-01,1,3440.0
15165.0,2010-12-01,2010-12-01,1,10231.2
17643.0,2010-12-01,2010-12-01,1,634.2
16274.0,2010-12-01,2010-12-01,1,12400.35
14142.0,2010-12-01,2010-12-01,1,6191.01
13065.0,2010-12-01,2010-12-01,1,1543.1
18011.0,2010-12-01,2010-12-01,1,2506.68
17732.0,2010-12-02,2010-12-02,1,3814.8
12855.0,2010-12-02,2010-12-02,1,114.3
17855.0,2010-12-02,2010-12-02,1,3184.32
17925.0,2010-12-02,2010-12-02,1,244.08
13108.0,2010-12-02,2010-12-02,1,2232.54
15070.0,2010-12-02,2010-12-02,1,106.2
15923.0,2010-12-02,2010-12-02,1,2342.6
16752.0,2010-12-02,2010-12-02,1,561.6
15363.0,2010-12-02,2010-12-02,1,5216.0
16510.0,2010-12-02,2010-12-02,1,1606.95
17976.0,2010-12-02,2010-12-02,1,19156.44
16781.0,2010-12-02,2010-12-02,1,4740.8
13011.0,2010-12-02,2010-12-02,1,151.65
16754.0,2010-12-02,2010-12-02,1,4004.8
14576.0,2010-12-02,2010-12-02,1,35.4
12738.0,2010-12-02,2010-12-02,1,883.2
12686.0,2010-12-03,2010-12-03,1,426.84
13370.0,2010-12-03,2010-12-03,1,20416.11
17967.0,2010-12-03,2010-12-03,1,4848.99
14589.0,2010-12-03,2010-12-03,1,119.25
16926.0,2010-12-03,2010-12-03,1,1282.5
12725.0,2010-12-03,2010-12-03,1,8551.4
15880.0,2010-12-05,2010-12-05,1,31562.29
16718.0,2010-12-05,2010-12-05,1,25201.0
16858.0,2010-12-06,2010-12-06,1,3756.9
15899.0,2010-12-06,2010-12-06,1,130.5
18113.0,2010-12-06,2010-12-06,1,76.32
17860.0,2010-12-06,2010-12-06,1,14662.4
16658.0,2010-12-06,2010-12-06,1,985.92
18119.0,2010-12-07,2010-12-07,1,4498.76
13786.0,2010-12-07,2010-12-07,1,1612.8
15180.0,2010-12-07,2010-12-07,1,525.0
13807.0,2010-12-07,2010-12-07,1,788.2
16125.0,2010-12-07,2010-12-07,1,3761.55
14821.0,2010-12-08,2010-12-08,1,97.6
12441.0,2010-12-08,2010-12-08,1,1555.5
15973.0,2010-12-08,2010-12-08,1,332.16
16893.0,2010-12-08,2010-12-08,1,5419.29
15221.0,2010-12-08,2010-12-08,1,325.2
16679.0,2010-12-08,2010-12-08,1,234.0
18269.0,2010-12-08,2010-12-08,1,1180.2
13270.0,2010-12-08,2010-12-08,1,590.0
15347.0,2010-12-08,2010-12-08,1,1008.0
14437.0,2010-12-09,2010-12-09,1,315.0
12797.0,2010-12-09,2010-12-09,1,2267.43
13369.0,2010-12-09,2010-12-09,1,2860.56
14932.0,2010-12-09,2010-12-09,1,3065.79
14355.0,2010-12-09,2010-12-09,1,1918.4
16065.0,2010-12-09,2010-12-09,1,26542.07
15945.0,2010-12-09,2010-12-09,1,362.0
17978.0,2010-12-09,2010-12-09,1,3611.04
16795.0,2010-12-09,2010-12-09,1,25099.52
17456.0,2010-12-09,2010-12-09,1,4247.62
17880.0,2010-12-10,2010-12-10,1,11931.92
14082.0,2010-12-10,2010-12-10,1,5285.25
15723.0,2010-12-10,2010-12-10,1,6930.0
12785.0,2010-12-10,2010-12-10,1,2868.0
16727.0,2010-12-10,2010-12-10,1,12549.72
16565.0,2010-12-10,2010-12-10,1,521.1
15503.0,2010-12-12,2010-12-12,1,8747.52
17251.0,2010-12-12,2010-12-12,1,8974.08
14413.0,2010-12-12,2010-12-12,1,2480.5
18004.0,2010-12-12,2010-12-12,1,5615.26
16665.0,2010-12-12,2010-12-12,1,548.7
15454.0,2010-12-12,2010-12-12,1,3772.8
15361.0,2010-12-13,2010-12-13,1,2932.44
17303.0,2010-12-13,2010-12-13,1,10804.5
17524.0,2010-12-13,2010-12-13,1,870.0
13948.0,2010-12-14,2010-12-14,1,306.0
16202.0,2010-12-14,2010-12-14,1,5559.34
17194.0,2010-12-14,2010-12-14,1,4868.88
16812.0,2010-12-14,2010-12-14,1,2449.8
13295.0,2010-12-15,2010-12-15,1,1657.8
17525.0,2010-12-15,2010-12-15,1,3804.3
17551.0,2010-12-15,2010-12-15,1,12530.28
18050.0,2010-12-15,2010-12-15,1,372.0
17752.0,2010-12-15,2010-12-15,1,80.64
17496.0,2010-12-16,2010-12-16,1,2259.9
15789.0,2010-12-16,2010-12-16,1,8782.5
14373.0,2010-12-16,2010-12-16,1,52.2
18176.0,2010-12-16,2010-12-16,1,12178.6
13874.0,2010-12-16,2010-12-16,1,4935.75
12551.0,2010-12-17,2010-12-17,1,1680.0
15204.0,2010-12-17,2010-12-17,1,1988.64
15160.0,2010-12-17,2010-12-17,1,632.64
13033.0,2010-12-17,2010-12-17,1,2096.05
17343.0,2010-12-19,2010-12-19,1,2827.04
15279.0,2010-12-20,2010-12-20,1,4430.37
15460.0,2010-12-20,2010-12-20,1,10205.8
16270.0,2010-12-21,2010-12-21,1,41054.03
12515.0,2010-12-21,2010-12-21,1,2098.8
12734.0,2010-12-22,2010-12-22,1,441.6
15562.0,2010-12-23,2010-12-23,1,134.55
13922.0,2010-12-23,2010-12-23,1,471.0
13304.0,2010-12-23,2010-12-23,1,5709.4
16282.0,2011-01-04,2011-01-04,1,1851.3
15266.0,2011-01-05,2011-01-05,1,397.5
15464.0,2011-01-05,2011-01-05,1,109780.2
13187.0,2011-01-06,2011-01-06,1,5691.84
12501.0,2011-01-07,2011-01-07,1,271481.28
15607.0,2011-01-07,2011-01-07,1,1053.12
12489.0,2011-01-07,2011-01-07,1,2280.63
14889.0,2011-01-07,2011-01-07,1,1359.0
17128.0,2011-01-09,2011-01-09,1,1447.49
12651.0,2011-01-09,2011-01-09,1,1026.0
18032.0,2011-01-09,2011-01-09,1,367.5
16850.0,2011-01-10,2011-01-10,1,6315.79
15326.0,2011-01-10,2011-01-10,1,9039.59
12736.0,2011-01-11,2011-01-11,1,432.0
16351.0,2011-01-11,2011-01-11,1,1231.2
13144.0,2011-01-11,2011-01-11,1,94.4
15346.0,2011-01-11,2011-01-11,1,4291.14
17569.0,2011-01-11,2011-01-11,1,6401.0
14270.0,2011-01-12,2011-01-12,1,8589.35
14185.0,2011-01-12,2011-01-12,1,12.75
12652.0,2011-01-12,2011-01-12,1,35147.68
15171.0,2011-01-12,2011-01-12,1,6447.5
13284.0,2011-01-13,2011-01-13,1,1487.4
14114.0,2011-01-13,2011-01-13,1,2146.43
15447.0,2011-01-13,2011-01-13,1,1037.36
16315.0,2011-01-13,2011-01-13,1,1555.2
12672.0,2011-01-14,2011-01-14,1,2259.0
13385.0,2011-01-14,2011-01-14,1,13480.97
18106.0,2011-01-14,2011-01-14,1,13460.4
15316.0,2011-01-17,2011-01-17,1,165.0
14238.0,2011-01-17,2011-01-17,1,819.0
13859.0,2011-01-17,2011-01-17,1,4491.76
18212.0,2011-01-17,2011-01-17,1,8846.57
12346.0,2011-01-18,2011-01-18,1,77183.6
13898.0,2011-01-18,2011-01-18,1,1528.23
15395.0,2011-01-18,2011-01-18,1,542.7
12665.0,2011-01-19,2011-01-19,1,90.0
14090.0,2011-01-19,2011-01-19,1,76.32
15262.0,2011-01-20,2011-01-20,1,1457.55
17862.0,2011-01-20,2011-01-20,1,1820.0
12402.0,2011-01-20,2011-01-20,1,1956.0
13008.0,2011-01-20,2011-01-20,1,3212.58
15174.0,2011-01-21,2011-01-21,1,1493.25
16387.0,2011-01-21,2011-01-21,1,377.44
17094.0,2011-01-21,2011-01-21,1,4228.0
17714.0,2011-01-23,2011-01-23,1,1530.0
15167.0,2011-01-23,2011-01-23,1,6180.0
14068.0,2011-01-23,2011-01-23,1,5474.7
14368.0,2011-01-24,2011-01-24,1,631.2
14782.0,2011-01-24,2011-01-24,1,1200.6
14439.0,2011-01-24,2011-01-24,1,44551.2
15820.0,2011-01-24,2011-01-24,1,3518.66
13551.0,2011-01-24,2011-01-24,1,160.65
15052.0,2011-01-24,2011-01-24,1,3940.52
14130.0,2011-01-24,2011-01-24,1,28922.24
15222.0,2011-01-25,2011-01-25,1,2925.0
13615.0,2011-01-25,2011-01-25,1,9606.87
16757.0,2011-01-25,2011-01-25,1,747.81
16222.0,2011-01-25,2011-01-25,1,88715.0
14248.0,2011-01-25,2011-01-25,1,690.06
13002.0,2011-01-25,2011-01-25,1,666.0
17118.0,2011-01-26,2011-01-26,1,1570.2
16714.0,2011-01-26,2011-01-26,1,79792.2
12591.0,2011-01-26,2011-01-26,1,7797.0
16124.0,2011-01-26,2011-01-26,1,793.8
12764.0,2011-01-27,2011-01-27,1,33479.12
13328.0,2011-01-27,2011-01-27,1,22244.16
12574.0,2011-01-28,2011-01-28,1,1462.95
13161.0,2011-01-30,2011-01-30,1,574.5
15415.0,2011-01-30,2011-01-30,1,25567.26
17431.0,2011-01-30,2011-01-30,1,17341.9
17239.0,2011-01-31,2011-01-31,1,4455.1
15448.0,2011-01-31,2011-01-31,1,9720.96
16403.0,2011-01-31,2011-01-31,1,1775.0
17619.0,2011-01-31,2011-01-31,1,16826.04
13600.0,2011-01-31,2011-01-31,1,3144.06
17356.0,2011-02-01,2011-02-01,1,3386.18
14850.0,2011-02-01,2011-02-01,1,6345.0
13494.0,2011-02-01,2011-02-01,1,5692.68
12929.0,2011-02-01,2011-02-01,1,354.75
12373.0,2011-02-01,2011-02-01,1,4219.8
14549.0,2011-02-01,2011-02-01,1,11859.54
14457.0,2011-02-02,2011-02-02,1,454.56
14411.0,2011-02-02,2011-02-02,1,8238.0
15226.0,2011-02-02,2011-02-02,1,902.37
18250.0,2011-02-02,2011-02-02,1,5292.36
12350.0,2011-02-02,2011-02-02,1,4710.4
16030.0,2011-02-03,2011-02-03,1,9605.96
13800.0,2011-02-03,2011-02-03,1,15085.22
13581.0,2011-02-03,2011-02-03,1,870.3
14497.0,2011-02-03,2011-02-03,1,9197.28
12410.0,2011-02-04,2011-02-04,1,5405.28
17929.0,2011-02-04,2011-02-04,1,392.4
17517.0,2011-02-04,2011-02-04,1,1284.4
17226.0,2011-02-04,2011-02-04,1,7614.8
17291.0,2011-02-04,2011-02-04,1,550.8
15090.0,2011-02-04,2011-02-04,1,8770.36
13584.0,2011-02-06,2011-02-06,1,1363.5
14438.0,2011-02-06,2011-02-06,1,1187.1
12956.0,2011-02-06,2011-02-06,1,1404.54
14600.0,2011-02-07,2011-02-07,1,7135.38
13809.0,2011-02-07,2011-02-07,1,673.2
14048.0,2011-02-07,2011-02-07,1,34844.05
17859.0,2011-02-08,2011-02-08,1,3705.25
15753.0,2011-02-08,2011-02-08,1,79.2
17881.0,2011-02-08,2011-02-08,1,1066.8
15843.0,2011-02-09,2011-02-09,1,403.5
15970.0,2011-02-09,2011-02-09,1,3455.1
12401.0,2011-02-09,2011-02-09,1,65.7
17843.0,2011-02-09,2011-02-09,1,6073.42
13706.0,2011-02-10,2011-02-10,1,5526.91
14431.0,2011-02-10,2011-02-10,1,4919.04
12561.0,2011-02-10,2011-02-10,1,3821.6
16425.0,2011-02-10,2011-02-10,1,5105.3
18159.0,2011-02-11,2011-02-11,1,5202.9
16084.0,2011-02-13,2011-02-13,1,14885.28
15236.0,2011-02-14,2011-02-14,1,4815.75
17829.0,2011-02-14,2011-02-14,1,26677.2
16738.0,2011-02-15,2011-02-15,1,3.75
13893.0,2011-02-15,2011-02-15,1,8096.4
14935.0,2011-02-15,2011-02-15,1,17847.1
16073.0,2011-02-15,2011-02-15,1,122.4
14760.0,2011-02-15,2011-02-15,1,446.0
16509.0,2011-02-16,2011-02-16,1,1017.0
14386.0,2011-02-16,2011-02-16,1,752.4
15670.0,2011-02-16,2011-02-16,1,2076.6
16494.0,2011-02-16,2011-02-16,1,41326.5
16148.0,2011-02-16,2011-02-16,1,76.32
13151.0,2011-02-17,2011-02-17,1,49445.79
18138.0,2011-02-17,2011-02-17,1,788.4
14371.0,2011-02-17,2011-02-17,1,402.0
12852.0,2011-02-18,2011-02-18,1,3962.25
13932.0,2011-02-18,2011-02-18,1,2328.7
12988.0,2011-02-20,2011-02-20,1,25461.59
12707.0,2011-02-21,2011-02-21,1,13002.6
12365.0,2011-02-21,2011-02-21,1,6158.8
13044.0,2011-02-21,2011-02-21,1,10968.16
18087.0,2011-02-22,2011-02-22,1,3202.92
16349.0,2011-02-22,2011-02-22,1,75.9
16913.0,2011-02-22,2011-02-22,1,907.52
18114.0,2011-02-22,2011-02-22,1,4242.5
15303.0,2011-02-22,2011-02-22,1,11952.72
17499.0,2011-02-23,2011-02-23,1,21400.84
15397.0,2011-02-23,2011-02-23,1,564.0
17171.0,2011-02-23,2011-02-23,1,2991.15
12565.0,2011-02-24,2011-02-24,1,1313.28
17117.0,2011-02-24,2011-02-24,1,624.75
12945.0,2011-02-24,2011-02-24,1,5748.55
18056.0,2011-02-24,2011-02-24,1,4992.9
16072.0,2011-02-24,2011-02-24,1,1158.96
15543.0,2011-02-24,2011-02-24,1,3183.57
13751.0,2011-02-24,2011-02-24,1,2666.25
13501.0,2011-02-24,2011-02-24,1,58344.96
13345.0,2011-02-25,2011-02-25,1,5094.9
13753.0,2011-02-25,2011-02-25,1,25944.1
12361.0,2011-02-25,2011-02-25,1,1574.1
13973.0,2011-02-25,2011-02-25,1,1680.75
13684.0,2011-02-27,2011-02-27,1,2016.9
16598.0,2011-02-27,2011-02-27,1,1450.5
14036.0,2011-02-28,2011-02-28,1,20245.75
16339.0,2011-02-28,2011-02-28,1,2199.0
12509.0,2011-02-28,2011-02-28,1,622.5
14046.0,2011-02-28,2011-02-28,1,2169.86
17165.0,2011-02-28,2011-02-28,1,1249.02
16078.0,2011-03-01,2011-03-01,1,79.2
15709.0,2011-03-01,2011-03-01,1,799.5
15319.0,2011-03-01,2011-03-01,1,1885.0
15257.0,2011-03-01,2011-03-01,1,80.4
12866.0,2011-03-01,2011-03-01,1,8287.84
13166.0,2011-03-01,2011-03-01,1,15892.0
15733.0,2011-03-02,2011-03-02,1,1026.4
12834.0,2011-03-02,2011-03-02,1,5622.84
16792.0,2011-03-02,2011-03-02,1,876.8
12873.0,2011-03-02,2011-03-02,1,918.0
17923.0,2011-03-02,2011-03-02,1,207.5
14483.0,2011-03-03,2011-03-03,1,1233.9
15087.0,2011-03-03,2011-03-03,1,4604.1
16159.0,2011-03-03,2011-03-03,1,4874.8
17995.0,2011-03-03,2011-03-03,1,152.2
17789.0,2011-03-03,2011-03-03,1,2299.8
12817.0,2011-03-03,2011-03-03,1,378.12
17508.0,2011-03-04,2011-03-04,1,8520.82
13382.0,2011-03-04,2011-03-04,1,2982.56
17325.0,2011-03-04,2011-03-04,1,580.8
17535.0,2011-03-04,2011-03-04,1,2137.2
14247.0,2011-03-06,2011-03-06,1,1770.04
15554.0,2011-03-07,2011-03-07,1,1463.0
18280.0,2011-03-07,2011-03-07,1,1446.3
12614.0,2011-03-07,2011-03-07,1,4519.45
14012.0,2011-03-07,2011-03-07,1,3616.8
17654.0,2011-03-07,2011-03-07,1,1532.35
16517.0,2011-03-07,2011-03-07,1,2765.9
15234.0,2011-03-08,2011-03-08,1,2758.0
14586.0,2011-03-08,2011-03-08,1,4509.84
15944.0,2011-03-08,2011-03-08,1,749.5
16917.0,2011-03-08,2011-03-08,1,2244.34
12623.0,2011-03-08,2011-03-08,1,4574.7
17639.0,2011-03-08,2011-03-08,1,240.8
12881.0,2011-03-09,2011-03-09,1,276.0
17138.0,2011-03-09,2011-03-09,1,6400.0
14165.0,2011-03-09,2011-03-09,1,1854.38
16471.0,2011-03-10,2011-03-10,1,2911.35
14603.0,2011-03-10,2011-03-10,1,1320.0
16625.0,2011-03-10,2011-03-10,1,7660.84
15308.0,2011-03-10,2011-03-10,1,3969.12
18086.0,2011-03-10,2011-03-10,1,709.38
14350.0,2011-03-10,2011-03-10,1,5092.74
14727.0,2011-03-10,2011-03-10,1,812.21
15049.0,2011-03-11,2011-03-11,1,363.51
13226.0,2011-03-11,2011-03-11,1,1197.14
13043.0,2011-03-11,2011-03-11,1,2630.56
13708.0,2011-03-13,2011-03-13,1,14296.5
14962.0,2011-03-14,2011-03-14,1,467.0
15388.0,2011-03-14,2011-03-14,1,1405.4
15047.0,2011-03-15,2011-03-15,1,7559.64
17542.0,2011-03-15,2011-03-15,1,3114.1
16392.0,2011-03-15,2011-03-15,1,9953.55
13716.0,2011-03-15,2011-03-15,1,2903.88
13121.0,2011-03-15,2011-03-15,1,14186.5
16297.0,2011-03-16,2011-03-16,1,5413.1
16152.0,2011-03-16,2011-03-16,1,24032.52
13358.0,2011-03-16,2011-03-16,1,10020.51
13299.0,2011-03-16,2011-03-16,1,331.2
15381.0,2011-03-16,2011-03-16,1,1976.1
13185.0,2011-03-17,2011-03-17,1,71.4
14840.0,2011-03-17,2011-03-17,1,251.4
13216.0,2011-03-17,2011-03-17,1,1668.7
16216.0,2011-03-17,2011-03-17,1,18782.28
16377.0,2011-03-17,2011-03-17,1,3381.0
16976.0,2011-03-17,2011-03-17,1,76.32
12514.0,2011-03-17,2011-03-17,1,38059.48
13072.0,2011-03-18,2011-03-18,1,1240.05
14059.0,2011-03-18,2011-03-18,1,1468.8
16256.0,2011-03-18,2011-03-18,1,9781.59
14066.0,2011-03-18,2011-03-18,1,685.8
15019.0,2011-03-18,2011-03-18,1,16255.4
14041.0,2011-03-18,2011-03-18,1,2969.61
17060.0,2011-03-18,2011-03-18,1,1171.2
14155.0,2011-03-18,2011-03-18,1,712.5
14633.0,2011-03-18,2011-03-18,1,3768.0
15703.0,2011-03-20,2011-03-20,1,1057.5
12902.0,2011-03-20,2011-03-20,1,614.46
14693.0,2011-03-20,2011-03-20,1,317.8
16096.0,2011-03-20,2011-03-20,1,1558.2
15408.0,2011-03-20,2011-03-20,1,4581.36
15445.0,2011-03-20,2011-03-20,1,204.3
16619.0,2011-03-21,2011-03-21,1,3166.94
14762.0,2011-03-21,2011-03-21,1,6310.92
13934.0,2011-03-21,2011-03-21,1,22922.2
18224.0,2011-03-21,2011-03-21,1,1589.5
17678.0,2011-03-21,2011-03-21,1,4769.76
17763.0,2011-03-21,2011-03-21,1,15.0
13262.0,2011-03-21,2011-03-21,1,1190.61
14632.0,2011-03-22,2011-03-22,1,916.48
16135.0,2011-03-22,2011-03-22,1,6262.4
12831.0,2011-03-22,2011-03-22,1,1516.4
15437.0,2011-03-22,2011-03-22,1,8433.04
15457.0,2011-03-22,2011-03-22,1,12378.69
16721.0,2011-03-22,2011-03-22,1,10821.39
13239.0,2011-03-23,2011-03-23,1,6920.76
14870.0,2011-03-23,2011-03-23,1,4254.25
12818.0,2011-03-23,2011-03-23,1,11687.28
18191.0,2011-03-23,2011-03-23,1,1454.6
13132.0,2011-03-23,2011-03-23,1,120.6
17486.0,2011-03-23,2011-03-23,1,8670.31
12564.0,2011-03-23,2011-03-23,1,6336.9
13341.0,2011-03-24,2011-03-24,1,21124.25
13512.0,2011-03-24,2011-03-24,1,2970.63
17698.0,2011-03-24,2011-03-24,1,1239.6
16022.0,2011-03-24,2011-03-24,1,39016.6
16769.0,2011-03-24,2011-03-24,1,8732.56
16063.0,2011-03-24,2011-03-24,1,7712.36
15178.0,2011-03-24,2011-03-24,1,121.5
14348.0,2011-03-24,2011-03-24,1,6624.39
14536.0,2011-03-25,2011-03-25,1,1075.9
13357.0,2011-03-27,2011-03-27,1,44767.8
14476.0,2011-03-27,2011-03-27,1,3703.5
12792.0,2011-03-28,2011-03-28,1,7580.57
15083.0,2011-03-28,2011-03-28,1,188.1
18010.0,2011-03-28,2011-03-28,1,1252.0
16692.0,2011-03-28,2011-03-28,1,1117.5
13803.0,2011-03-29,2011-03-29,1,4710.19
13439.0,2011-03-29,2011-03-29,1,15320.34
17775.0,2011-03-30,2011-03-30,1,169.2
18108.0,2011-03-30,2011-03-30,1,3992.0
15832.0,2011-03-30,2011-03-30,1,45186.66
15528.0,2011-03-30,2011-03-30,1,5484.5
17438.0,2011-03-31,2011-03-31,1,5199.75
13060.0,2011-03-31,2011-03-31,1,4612.95
14890.0,2011-03-31,2011-03-31,1,879.55
14957.0,2011-03-31,2011-03-31,1,701.88
17212.0,2011-03-31,2011-03-31,1,907.4
14886.0,2011-04-01,2011-04-01,1,5525.0
13626.0,2011-04-01,2011-04-01,1,4887.37
13462.0,2011-04-01,2011-04-01,1,1363.5
13841.0,2011-04-01,2011-04-01,1,85.0
17701.0,2011-04-01,2011-04-01,1,6164.55
16162.0,2011-04-01,2011-04-01,1,11.9
15691.0,2011-04-01,2011-04-01,1,273.6
13781.0,2011-04-03,2011-04-03,1,1385.85
16142.0,2011-04-04,2011-04-04,1,14225.28
13059.0,2011-04-04,2011-04-04,1,513.9
18185.0,2011-04-04,2011-04-04,1,2999.5
14747.0,2011-04-04,2011-04-04,1,3145.1
16586.0,2011-04-05,2011-04-05,1,2533.65
16105.0,2011-04-05,2011-04-05,1,4380.48
15442.0,2011-04-05,2011-04-05,1,1188.0
17492.0,2011-04-05,2011-04-05,1,3699.52
13863.0,2011-04-06,2011-04-06,1,4767.84
15917.0,2011-04-06,2011-04-06,1,544.95
17140.0,2011-04-06,2011-04-06,1,8356.58
14964.0,2011-04-06,2011-04-06,1,2018.61
17906.0,2011-04-06,2011-04-06,1,615.45
12580.0,2011-04-07,2011-04-07,1,8733.1
13712.0,2011-04-07,2011-04-07,1,2288.4
14981.0,2011-04-07,2011-04-07,1,816.96
14619.0,2011-04-08,2011-04-08,1,5595.38
16643.0,2011-04-08,2011-04-08,1,11052.75
15119.0,2011-04-08,2011-04-08,1,1628.0
14924.0,2011-04-08,2011-04-08,1,1344.4
15109.0,2011-04-08,2011-04-08,1,6543.0
16623.0,2011-04-08,2011-04-08,1,647.25
15775.0,2011-04-08,2011-04-08,1,527.4
13508.0,2011-04-10,2011-04-10,1,1080.42
12447.0,2011-04-10,2011-04-10,1,9878.16
13570.0,2011-04-10,2011-04-10,1,5709.34
18129.0,2011-04-10,2011-04-10,1,1297.4
15655.0,2011-04-10,2011-04-10,1,15418.47
17574.0,2011-04-11,2011-04-11,1,1090.6
14311.0,2011-04-11,2011-04-11,1,2982.14
14339.0,2011-04-11,2011-04-11,1,4333.28
12982.0,2011-04-11,2011-04-11,1,10935.12
14326.0,2011-04-11,2011-04-11,1,1470.8
17972.0,2011-04-12,2011-04-12,1,2726.92
17278.0,2011-04-12,2011-04-12,1,2885.26
15212.0,2011-04-12,2011-04-12,1,248.0
13484.0,2011-04-12,2011-04-12,1,2510.4
16697.0,2011-04-12,2011-04-12,1,1738.5
13740.0,2011-04-13,2011-04-13,1,8067.25
16097.0,2011-04-13,2011-04-13,1,662.4
17746.0,2011-04-13,2011-04-13,1,299.2
15147.0,2011-04-13,2011-04-13,1,12607.4
15935.0,2011-04-14,2011-04-14,1,910.4
14206.0,2011-04-14,2011-04-14,1,5750.54
14105.0,2011-04-14,2011-04-14,1,77137.84
17601.0,2011-04-14,2011-04-14,1,1044.09
17142.0,2011-04-14,2011-04-14,1,2567.4
15135.0,2011-04-14,2011-04-14,1,1251.45
13120.0,2011-04-15,2011-04-15,1,30.6
12769.0,2011-04-15,2011-04-15,1,30020.4
12639.0,2011-04-15,2011-04-15,1,6482.8
17367.0,2011-04-15,2011-04-15,1,5276.7
18213.0,2011-04-17,2011-04-17,1,3487.2
16193.0,2011-04-17,2011-04-17,1,5301.9
17582.0,2011-04-17,2011-04-17,1,5082.83
13474.0,2011-04-17,2011-04-17,1,11952.34
17697.0,2011-04-17,2011-04-17,1,4772.0
16947.0,2011-04-18,2011-04-18,1,7731.6
16617.0,2011-04-18,2011-04-18,1,556.4
18009.0,2011-04-18,2011-04-18,1,4946.24
15717.0,2011-04-19,2011-04-19,1,1052.1
13101.0,2011-04-19,2011-04-19,1,638.68
15225.0,2011-04-19,2011-04-19,1,8632.8
12733.0,2011-04-19,2011-04-19,1,6456.45
17217.0,2011-04-19,2011-04-19,1,1021.5
17548.0,2011-04-20,2011-04-20,1,516.5
14148.0,2011-04-20,2011-04-20,1,59.4
13485.0,2011-04-20,2011-04-20,1,9555.48
15517.0,2011-04-20,2011-04-20,1,6611.28
17120.0,2011-04-20,2011-04-20,1,3591.9
12506.0,2011-04-21,2011-04-21,1,1690.5
12354.0,2011-04-21,2011-04-21,1,45371.55
17718.0,2011-04-21,2011-04-21,1,569.25
16587.0,2011-04-21,2011-04-21,1,1022.8
12622.0,2011-04-21,2011-04-21,1,990.8
13482.0,2011-04-21,2011-04-21,1,2031.04
17670.0,2011-04-26,2011-04-26,1,2262.7
16834.0,2011-04-26,2011-04-26,1,9923.04
16823.0,2011-04-26,2011-04-26,1,11787.46
12573.0,2011-04-26,2011-04-26,1,4065.93
18220.0,2011-04-27,2011-04-27,1,610.56
16965.0,2011-04-27,2011-04-27,1,5230.94
15891.0,2011-04-27,2011-04-27,1,26602.86
17187.0,2011-04-27,2011-04-27,1,1313.2
15143.0,2011-04-28,2011-04-28,1,3114.15
13229.0,2011-04-28,2011-04-28,1,1251.45
14271.0,2011-04-28,2011-04-28,1,831.78
16227.0,2011-04-28,2011-04-28,1,1885.32
17893.0,2011-04-28,2011-04-28,1,1385.25
14022.0,2011-04-28,2011-04-28,1,12320.0
15210.0,2011-04-28,2011-04-28,1,4415.04
14304.0,2011-05-01,2011-05-01,1,5880.0
16055.0,2011-05-03,2011-05-03,1,563.4
14149.0,2011-05-03,2011-05-03,1,11370.24
17443.0,2011-05-04,2011-05-04,1,534.24
16610.0,2011-05-04,2011-05-04,1,453.96
17394.0,2011-05-04,2011-05-04,1,581.76
16990.0,2011-05-05,2011-05-05,1,179.0
13762.0,2011-05-05,2011-05-05,1,2147.04
14340.0,2011-05-05,2011-05-05,1,808.2
16457.0,2011-05-05,2011-05-05,1,1875.24
14199.0,2011-05-05,2011-05-05,1,10.2
14423.0,2011-05-05,2011-05-05,1,795.6
14393.0,2011-05-05,2011-05-05,1,339.75
17578.0,2011-05-05,2011-05-05,1,717.3
15668.0,2011-05-06,2011-05-06,1,76.32
16319.0,2011-05-06,2011-05-06,1,1213.2
17174.0,2011-05-06,2011-05-06,1,239.6
18227.0,2011-05-06,2011-05-06,1,60.0
15552.0,2011-05-06,2011-05-06,1,1532.04
13723.0,2011-05-06,2011-05-06,1,750.5
13642.0,2011-05-08,2011-05-08,1,16590.0
13561.0,2011-05-08,2011-05-08,1,1447.32
14353.0,2011-05-08,2011-05-08,1,543.6
16756.0,2011-05-09,2011-05-09,1,2566.8
18120.0,2011-05-09,2011-05-09,1,1460.0
12355.0,2011-05-09,2011-05-09,1,4554.0
14699.0,2011-05-09,2011-05-09,1,873.04
12821.0,2011-05-09,2011-05-09,1,378.6
17597.0,2011-05-10,2011-05-10,1,86221.0
14288.0,2011-05-10,2011-05-10,1,5634.0
15063.0,2011-05-10,2011-05-10,1,140.4
13990.0,2011-05-10,2011-05-10,1,4980.8
15729.0,2011-05-11,2011-05-11,1,425.0
13052.0,2011-05-11,2011-05-11,1,5749.4
18133.0,2011-05-11,2011-05-11,1,931.5
13235.0,2011-05-11,2011-05-11,1,52985.52
12976.0,2011-05-12,2011-05-12,1,16249.2
16116.0,2011-05-12,2011-05-12,1,12960.64
14988.0,2011-05-12,2011-05-12,1,12549.81
16006.0,2011-05-12,2011-05-12,1,811.2
12590.0,2011-05-12,2011-05-12,1,625864.42
14000.0,2011-05-12,2011-05-12,1,9534.9
17970.0,2011-05-12,2011-05-12,1,15867.06
12770.0,2011-05-13,2011-05-13,1,12995.4
14873.0,2011-05-13,2011-05-13,1,8358.46
14689.0,2011-05-15,2011-05-15,1,1466.4
15333.0,2011-05-15,2011-05-15,1,16456.96
17263.0,2011-05-15,2011-05-15,1,1459.12
14489.0,2011-05-16,2011-05-16,1,13901.4
14888.0,2011-05-16,2011-05-16,1,7384.0
13976.0,2011-05-17,2011-05-17,1,3579.8
12690.0,2011-05-18,2011-05-18,1,3446.43
17556.0,2011-05-18,2011-05-18,1,714.75
13572.0,2011-05-18,2011-05-18,1,35051.8
17245.0,2011-05-19,2011-05-19,1,1543.05
17871.0,2011-05-19,2011-05-19,1,1559.0
13887.0,2011-05-19,2011-05-19,1,5265.75
12353.0,2011-05-19,2011-05-19,1,58.6
17455.0,2011-05-20,2011-05-20,1,782.6
13243.0,2011-05-20,2011-05-20,1,24481.02
13227.0,2011-05-22,2011-05-22,1,2319.3
17176.0,2011-05-22,2011-05-22,1,4591.95
14647.0,2011-05-22,2011-05-22,1,7296.6
15292.0,2011-05-22,2011-05-22,1,2732.94
15705.0,2011-05-22,2011-05-22,1,858.6
13339.0,2011-05-23,2011-05-23,1,29253.76
17715.0,2011-05-23,2011-05-23,1,326.4
13737.0,2011-05-23,2011-05-23,1,8159.2
15314.0,2011-05-24,2011-05-24,1,7871.28
15042.0,2011-05-24,2011-05-24,1,140.04
16763.0,2011-05-25,2011-05-25,1,5595.3
14705.0,2011-05-25,2011-05-25,1,179.0
16448.0,2011-05-25,2011-05-25,1,3104.41
12974.0,2011-05-26,2011-05-26,1,873.95
14816.0,2011-05-26,2011-05-26,1,11.9
14280.0,2011-05-27,2011-05-27,1,759.78
13135.0,2011-05-27,2011-05-27,1,3096.0
16275.0,2011-05-27,2011-05-27,1,13278.16
16323.0,2011-05-27,2011-05-27,1,207.5
12426.0,2011-05-29,2011-05-29,1,13825.84
17051.0,2011-05-29,2011-05-29,1,9961.98
15925.0,2011-05-29,2011-05-29,1,1857.9
16483.0,2011-05-31,2011-05-31,1,1531.2
13398.0,2011-05-31,2011-05-31,1,9507.97
13070.0,2011-05-31,2011-05-31,1,2059.2
12790.0,2011-05-31,2011-05-31,1,3660.44
16810.0,2011-05-31,2011-05-31,1,4054.96
16424.0,2011-06-01,2011-06-01,1,667.8
13062.0,2011-06-01,2011-06-01,1,852.48
14453.0,2011-06-02,2011-06-02,1,2309.58
16529.0,2011-06-02,2011-06-02,1,13657.5
17531.0,2011-06-02,2011-06-02,1,4153.8
16117.0,2011-06-03,2011-06-03,1,5468.68
16967.0,2011-06-03,2011-06-03,1,6699.42
15405.0,2011-06-03,2011-06-03,1,1729.7
16659.0,2011-06-03,2011-06-03,1,78.24
16963.0,2011-06-05,2011-06-05,1,773.85
13682.0,2011-06-05,2011-06-05,1,68.0
16849.0,2011-06-06,2011-06-06,1,508.62
12802.0,2011-06-06,2011-06-06,1,9541.92
15386.0,2011-06-06,2011-06-06,1,12218.34
16611.0,2011-06-06,2011-06-06,1,1294.9
14542.0,2011-06-07,2011-06-07,1,516.25
18072.0,2011-06-07,2011-06-07,1,4453.92
14375.0,2011-06-07,2011-06-07,1,19326.0
17124.0,2011-06-07,2011-06-07,1,9564.48
17987.0,2011-06-07,2011-06-07,1,2581.41
13395.0,2011-06-07,2011-06-07,1,5516.4
14622.0,2011-06-08,2011-06-08,1,6732.18
15609.0,2011-06-08,2011-06-08,1,3762.92
13466.0,2011-06-08,2011-06-08,1,3937.5
14241.0,2011-06-09,2011-06-09,1,2137.0
16113.0,2011-06-09,2011-06-09,1,4217.47
13686.0,2011-06-10,2011-06-10,1,576.0
16581.0,2011-06-10,2011-06-10,1,952.56
17234.0,2011-06-10,2011-06-10,1,1482.52
16614.0,2011-06-10,2011-06-10,1,12017.25
15098.0,2011-06-10,2011-06-10,1,297.0
18281.0,2011-06-12,2011-06-12,1,234.6
13936.0,2011-06-13,2011-06-13,1,9791.08
12732.0,2011-06-13,2011-06-13,1,2400.86
15069.0,2011-06-13,2011-06-13,1,60544.86
17349.0,2011-06-13,2011-06-13,1,784.0
13080.0,2011-06-13,2011-06-13,1,348.48
13663.0,2011-06-13,2011-06-13,1,2463.11
12809.0,2011-06-15,2011-06-15,1,7918.02
16461.0,2011-06-15,2011-06-15,1,1993.42
13343.0,2011-06-15,2011-06-15,1,4945.81
18165.0,2011-06-15,2011-06-15,1,3024.6
14222.0,2011-06-15,2011-06-15,1,26928.8
15585.0,2011-06-16,2011-06-16,1,14114.3
16739.0,2011-06-16,2011-06-16,1,3481.8
16276.0,2011-06-16,2011-06-16,1,4863.6
13826.0,2011-06-16,2011-06-16,1,613.8
15219.0,2011-06-16,2011-06-16,1,458.4
15909.0,2011-06-19,2011-06-19,1,1343.58
13618.0,2011-06-19,2011-06-19,1,2305.42
16050.0,2011-06-19,2011-06-19,1,1379.0
17879.0,2011-06-19,2011-06-19,1,1071.12
13568.0,2011-06-19,2011-06-19,1,7864.7
12837.0,2011-06-19,2011-06-19,1,671.85
15076.0,2011-06-20,2011-06-20,1,36942.6
15921.0,2011-06-20,2011-06-20,1,7143.34
15016.0,2011-06-20,2011-06-20,1,2525.22
15825.0,2011-06-20,2011-06-20,1,4633.92
15389.0,2011-06-20,2011-06-20,1,500.0
15280.0,2011-06-20,2011-06-20,1,1809.92
15507.0,2011-06-21,2011-06-21,1,16212.42
16526.0,2011-06-21,2011-06-21,1,2614.26
17960.0,2011-06-21,2011-06-21,1,1918.28
15412.0,2011-06-21,2011-06-21,1,640.24
16114.0,2011-06-22,2011-06-22,1,1086.0
17877.0,2011-06-22,2011-06-22,1,1738.11
16247.0,2011-06-22,2011-06-22,1,1206.24
15041.0,2011-06-22,2011-06-22,1,11114.4
16287.0,2011-06-23,2011-06-23,1,1140.0
15130.0,2011-06-23,2011-06-23,1,7262.42
17709.0,2011-06-23,2011-06-23,1,373.75
13300.0,2011-06-23,2011-06-23,1,7437.8
13937.0,2011-06-23,2011-06-23,1,1429.65
14795.0,2011-06-26,2011-06-26,1,788.7
12548.0,2011-06-26,2011-06-26,1,268.8
14104.0,2011-06-27,2011-06-27,1,1392.48
17110.0,2011-06-27,2011-06-27,1,608.8
18193.0,2011-06-27,2011-06-27,1,2924.74
16545.0,2011-06-28,2011-06-28,1,1017.9
14351.0,2011-06-28,2011-06-28,1,51.0
15537.0,2011-06-29,2011-06-29,1,2161.31
14327.0,2011-06-29,2011-06-29,1,3739.8
15578.0,2011-06-30,2011-06-30,1,1652.3
13745.0,2011-06-30,2011-06-30,1,7501.0
17891.0,2011-06-30,2011-06-30,1,6931.24
17123.0,2011-07-01,2011-07-01,1,3107.7
12922.0,2011-07-01,2011-07-01,1,11350.64
17939.0,2011-07-03,2011-07-03,1,1189.68
13833.0,2011-07-03,2011-07-03,1,8382.4
17899.0,2011-07-03,2011-07-03,1,4304.35
15007.0,2011-07-03,2011-07-03,1,1616.56
17781.0,2011-07-03,2011-07-03,1,860.2
17464.0,2011-07-04,2011-07-04,1,2609.64
16344.0,2011-07-04,2011-07-04,1,202.2
13338.0,2011-07-05,2011-07-05,1,5341.05
18203.0,2011-07-05,2011-07-05,1,2413.49
16338.0,2011-07-05,2011-07-05,1,1998.5
17046.0,2011-07-05,2011-07-05,1,14124.44
16829.0,2011-07-06,2011-07-06,1,2169.42
12977.0,2011-07-06,2011-07-06,1,75.18
13291.0,2011-07-07,2011-07-07,1,13536.4
13583.0,2011-07-07,2011-07-07,1,39578.76
14459.0,2011-07-07,2011-07-07,1,51107.76
13699.0,2011-07-07,2011-07-07,1,4320.12
12461.0,2011-07-08,2011-07-08,1,20126.04
12648.0,2011-07-08,2011-07-08,1,4850.7
13678.0,2011-07-11,2011-07-11,1,3721.6
14552.0,2011-07-11,2011-07-11,1,9574.06
15895.0,2011-07-13,2011-07-13,1,1970.87
15795.0,2011-07-13,2011-07-13,1,18084.96
16450.0,2011-07-13,2011-07-13,1,3431.12
13667.0,2011-07-13,2011-07-13,1,21169.94
14400.0,2011-07-13,2011-07-13,1,14367.5
12405.0,2011-07-14,2011-07-14,1,69175.89
14847.0,2011-07-14,2011-07-14,1,3412.8
15256.0,2011-07-14,2011-07-14,1,590.7
17948.0,2011-07-15,2011-07-15,1,358.56
15004.0,2011-07-15,2011-07-15,1,138885.42
14722.0,2011-07-15,2011-07-15,1,4983.16
13967.0,2011-07-17,2011-07-17,1,161.4
16054.0,2011-07-17,2011-07-17,1,41521.4
12833.0,2011-07-17,2011-07-17,1,5812.74
17984.0,2011-07-17,2011-07-17,1,6576.71
14117.0,2011-07-19,2011-07-19,1,270.0
12521.0,2011-07-20,2011-07-20,1,19106.28
17866.0,2011-07-20,2011-07-20,1,2966.85
17962.0,2011-07-20,2011-07-20,1,3157.92
14259.0,2011-07-21,2011-07-21,1,600.0
17694.0,2011-07-21,2011-07-21,1,4246.8
17660.0,2011-07-21,2011-07-21,1,8186.2
15623.0,2011-07-21,2011-07-21,1,4440.91
18262.0,2011-07-22,2011-07-22,1,1943.24
16305.0,2011-07-24,2011-07-24,1,7946.84
12864.0,2011-07-24,2011-07-24,1,441.36
13116.0,2011-07-24,2011-07-24,1,8913.36
17649.0,2011-07-24,2011-07-24,1,39851.21
16178.0,2011-07-24,2011-07-24,1,1050.7
17040.0,2011-07-25,2011-07-25,1,1917.36
14100.0,2011-07-25,2011-07-25,1,5067.4
13296.0,2011-07-25,2011-07-25,1,213.6
17693.0,2011-07-25,2011-07-25,1,2330.58
15372.0,2011-07-25,2011-07-25,1,54199.8
13194.0,2011-07-27,2011-07-27,1,182.1
16447.0,2011-07-27,2011-07-27,1,7791.44
15261.0,2011-07-27,2011-07-27,1,4841.58
12453.0,2011-07-28,2011-07-28,1,30404.87
15639.0,2011-07-28,2011-07-28,1,3776.76
15118.0,2011-07-28,2011-07-28,1,244.8
15746.0,2011-07-28,2011-07-28,1,5512.64
15942.0,2011-07-29,2011-07-29,1,3606.48
14143.0,2011-07-29,2011-07-29,1,259.2
15120.0,2011-07-29,2011-07-29,1,4473.04
16147.0,2011-07-29,2011-07-29,1,5220.0
15149.0,2011-07-29,2011-07-29,1,7142.55
15776.0,2011-07-29,2011-07-29,1,2794.05
13106.0,2011-07-29,2011-07-29,1,76.5
14885.0,2011-07-31,2011-07-31,1,11479.8
15438.0,2011-07-31,2011-07-31,1,3153.99
17941.0,2011-08-01,2011-08-01,1,609.12
17053.0,2011-08-01,2011-08-01,1,4103.88
12534.0,2011-08-01,2011-08-01,1,50867.74
17553.0,2011-08-02,2011-08-02,1,2975.2
13075.0,2011-08-02,2011-08-02,1,20231.42
15342.0,2011-08-02,2011-08-02,1,8996.22
12644.0,2011-08-02,2011-08-02,1,12072.48
12378.0,2011-08-02,2011-08-02,1,789438.98
13850.0,2011-08-02,2011-08-02,1,134459.42
14076.0,2011-08-02,2011-08-02,1,4748.4
17887.0,2011-08-02,2011-08-02,1,503.6
12750.0,2011-08-03,2011-08-03,1,2615.76
15374.0,2011-08-03,2011-08-03,1,234.0
14972.0,2011-08-03,2011-08-03,1,1040.55
17514.0,2011-08-03,2011-08-03,1,7805.85
12917.0,2011-08-03,2011-08-03,1,1188.0
15254.0,2011-08-04,2011-08-04,1,5406.48
18099.0,2011-08-04,2011-08-04,1,3197.89
13218.0,2011-08-04,2011-08-04,1,313.2
16302.0,2011-08-05,2011-08-05,1,2565.42
13513.0,2011-08-05,2011-08-05,1,1733.4
14079.0,2011-08-07,2011-08-07,1,3332.5
15247.0,2011-08-09,2011-08-09,1,2136.0
13355.0,2011-08-09,2011-08-09,1,17753.7
16292.0,2011-08-10,2011-08-10,1,4517.6
17248.0,2011-08-11,2011-08-11,1,21986.85
13645.0,2011-08-11,2011-08-11,1,928.8
13307.0,2011-08-11,2011-08-11,1,15.0
17122.0,2011-08-12,2011-08-12,1,968.24
14406.0,2011-08-12,2011-08-12,1,957.95
15683.0,2011-08-14,2011-08-14,1,1937.5
14301.0,2011-08-14,2011-08-14,1,8321.82
13621.0,2011-08-15,2011-08-15,1,4063.15
16272.0,2011-08-15,2011-08-15,1,10292.5
17958.0,2011-08-15,2011-08-15,1,816.96
16961.0,2011-08-15,2011-08-15,1,3278.38
16902.0,2011-08-15,2011-08-15,1,45369.34
15480.0,2011-08-15,2011-08-15,1,23830.95
12641.0,2011-08-16,2011-08-16,1,1031.2
15541.0,2011-08-17,2011-08-17,1,2468.77
17070.0,2011-08-17,2011-08-17,1,18411.12
12688.0,2011-08-18,2011-08-18,1,642871.8
12729.0,2011-08-18,2011-08-18,1,8675.83
13273.0,2011-08-18,2011-08-18,1,2223.68
15472.0,2011-08-18,2011-08-18,1,26022.84
16582.0,2011-08-18,2011-08-18,1,1881.72
17747.0,2011-08-19,2011-08-19,1,71.4
12513.0,2011-08-19,2011-08-19,1,17161.32
15396.0,2011-08-19,2011-08-19,1,2862.34
12418.0,2011-08-19,2011-08-19,1,14870.4
16828.0,2011-08-19,2011-08-19,1,794.5
14772.0,2011-08-19,2011-08-19,1,1012.08
12968.0,2011-08-19,2011-08-19,1,504.0
14566.0,2011-08-21,2011-08-21,1,5728.0
16536.0,2011-08-21,2011-08-21,1,16788.62
15313.0,2011-08-21,2011-08-21,1,52.0
14523.0,2011-08-23,2011-08-23,1,2514.49
16723.0,2011-08-24,2011-08-24,1,12282.15
13411.0,2011-08-24,2011-08-24,1,3461.2
16340.0,2011-08-24,2011-08-24,1,74118.0
14196.0,2011-08-25,2011-08-25,1,1592.6
15263.0,2011-08-25,2011-08-25,1,1534.61
14314.0,2011-08-25,2011-08-25,1,960.0
16093.0,2011-08-25,2011-08-25,1,17.0
17844.0,2011-08-25,2011-08-25,1,257.8
14687.0,2011-08-25,2011-08-25,1,9425.7
16429.0,2011-08-25,2011-08-25,1,4.95
14055.0,2011-08-25,2011-08-25,1,5069.92
12715.0,2011-08-25,2011-08-25,1,5477.2
15663.0,2011-08-25,2011-08-25,1,1243.26
18200.0,2011-08-25,2011-08-25,1,5241.6
16641.0,2011-08-26,2011-08-26,1,2355.1
15074.0,2011-08-26,2011-08-26,1,31452.54
15325.0,2011-08-28,2011-08-28,1,7952.21
13778.0,2011-08-28,2011-08-28,1,1608.3
12814.0,2011-08-30,2011-08-30,1,85.92
15866.0,2011-08-30,2011-08-30,1,7546.56
16278.0,2011-08-31,2011-08-31,1,3885.28
12436.0,2011-09-01,2011-09-01,1,6435.15
13045.0,2011-09-01,2011-09-01,1,5495.04
13099.0,2011-09-01,2011-09-01,1,207.36
12739.0,2011-09-01,2011-09-01,1,18263.52
14420.0,2011-09-01,2011-09-01,1,11238.08
14436.0,2011-09-02,2011-09-02,1,612.48
18027.0,2011-09-02,2011-09-02,1,2421.51
14171.0,2011-09-02,2011-09-02,1,16964.2
16761.0,2011-09-04,2011-09-04,1,4116.06
12851.0,2011-09-04,2011-09-04,1,5197.44
15307.0,2011-09-05,2011-09-05,1,1080.8
16820.0,2011-09-05,2011-09-05,1,9456.92
17309.0,2011-09-05,2011-09-05,1,993.0
16400.0,2011-09-06,2011-09-06,1,8035.44
14208.0,2011-09-06,2011-09-06,1,934.72
13130.0,2011-09-06,2011-09-06,1,128.0
13210.0,2011-09-07,2011-09-07,1,7776.56
15885.0,2011-09-07,2011-09-07,1,3361.15
13889.0,2011-09-08,2011-09-08,1,6253.5
15488.0,2011-09-08,2011-09-08,1,76.32
18222.0,2011-09-08,2011-09-08,1,6409.85
13244.0,2011-09-08,2011-09-08,1,2274.96
13441.0,2011-09-09,2011-09-09,1,3856.32
15652.0,2011-09-09,2011-09-09,1,6356.8
15035.0,2011-09-11,2011-09-11,1,6823.71
14212.0,2011-09-11,2011-09-11,1,9634.32
13372.0,2011-09-11,2011-09-11,1,6118.8
18255.0,2011-09-11,2011-09-11,1,619.8
16796.0,2011-09-11,2011-09-11,1,5501.16
12965.0,2011-09-11,2011-09-11,1,64771.74
18215.0,2011-09-11,2011-09-11,1,3891.42
13375.0,2011-09-12,2011-09-12,1,25476.5
16211.0,2011-09-12,2011-09-12,1,6584.4
12884.0,2011-09-12,2011-09-12,1,834.3
16141.0,2011-09-12,2011-09-12,1,14253.3
17919.0,2011-09-12,2011-09-12,1,23435.28
17433.0,2011-09-12,2011-09-12,1,14729.52
16451.0,2011-09-13,2011-09-13,1,3737.58
15216.0,2011-09-13,2011-09-13,1,193.2
17037.0,2011-09-13,2011-09-13,1,82762.4
15343.0,2011-09-13,2011-09-13,1,4011.2
14753.0,2011-09-13,2011-09-13,1,15754.25
16959.0,2011-09-13,2011-09-13,1,821.45
18251.0,2011-09-13,2011-09-13,1,69035.52
17640.0,2011-09-14,2011-09-14,1,3108.3
12756.0,2011-09-14,2011-09-14,1,448.32
17347.0,2011-09-14,2011-09-14,1,228.96
12566.0,2011-09-14,2011-09-14,1,3612.75
13877.0,2011-09-14,2011-09-14,1,351.72
15322.0,2011-09-15,2011-09-15,1,25435.2
17333.0,2011-09-15,2011-09-15,1,13839.0
13518.0,2011-09-15,2011-09-15,1,19775.76
14894.0,2011-09-15,2011-09-15,1,15082.25
15466.0,2011-09-15,2011-09-15,1,18176.48
15417.0,2011-09-15,2011-09-15,1,14246.4
12995.0,2011-09-15,2011-09-15,1,633.96
14557.0,2011-09-15,2011-09-15,1,12614.08
16108.0,2011-09-16,2011-09-16,1,38798.5
15099.0,2011-09-16,2011-09-16,1,9441.04
14124.0,2011-09-16,2011-09-16,1,2097.9
15975.0,2011-09-16,2011-09-16,1,8904.24
15523.0,2011-09-16,2011-09-16,1,3631.59
16878.0,2011-09-16,2011-09-16,1,39.9
15947.0,2011-09-18,2011-09-18,1,34087.68
18194.0,2011-09-18,2011-09-18,1,6816.88
13067.0,2011-09-18,2011-09-18,1,1731.9
13325.0,2011-09-19,2011-09-19,1,8103.6
13774.0,2011-09-19,2011-09-19,1,6931.05
12497.0,2011-09-19,2011-09-19,1,12390.3
12752.0,2011-09-19,2011-09-19,1,201897.78
15504.0,2011-09-19,2011-09-19,1,686.79
13228.0,2011-09-19,2011-09-19,1,716.0
17628.0,2011-09-19,2011-09-19,1,378.75
16527.0,2011-09-19,2011-09-19,1,3192.84
15341.0,2011-09-20,2011-09-20,1,34348.84
16215.0,2011-09-20,2011-09-20,1,2638.8
15888.0,2011-09-20,2011-09-20,1,1009.91
13356.0,2011-09-20,2011-09-20,1,22038.84
12390.0,2011-09-21,2011-09-21,1,11640.78
17415.0,2011-09-21,2011-09-21,1,1107.52
12550.0,2011-09-21,2011-09-21,1,44818.4
16627.0,2011-09-21,2011-09-21,1,1992.1
17475.0,2011-09-21,2011-09-21,1,2721.18
14951.0,2011-09-21,2011-09-21,1,5195.36
14887.0,2011-09-21,2011-09-21,1,11172.0
15744.0,2011-09-23,2011-09-23,1,104.4
13127.0,2011-09-23,2011-09-23,1,3887.55
17480.0,2011-09-23,2011-09-23,1,14842.78
15075.0,2011-09-23,2011-09-23,1,15961.92
16978.0,2011-09-23,2011-09-23,1,11171.88
14014.0,2011-09-23,2011-09-23,1,19702.02
13336.0,2011-09-23,2011-09-23,1,39131.0
14652.0,2011-09-23,2011-09-23,1,2545.56
15475.0,2011-09-23,2011-09-23,1,11376.68
15978.0,2011-09-23,2011-09-23,1,50831.04
16485.0,2011-09-23,2011-09-23,1,11514.75
18053.0,2011-09-30,2011-09-30,1,5377.38
16101.0,2011-09-30,2011-09-30,1,95865.0
15593.0,2011-09-30,2011-09-30,1,999.0
13095.0,2011-09-30,2011-09-30,1,446.4
13347.0,2011-09-30,2011-09-30,1,2039.52
15185.0,2011-09-30,2011-09-30,1,4614.4
16404.0,2011-09-30,2011-09-30,1,5633.1
16613.0,2011-09-30,2011-09-30,1,18557.7
16591.0,2011-10-02,2011-10-02,1,2135.0
15774.0,2011-10-02,2011-10-02,1,4155.9
14488.0,2011-10-03,2011-10-03,1,42543.34
14333.0,2011-10-03,2011-10-03,1,1693.8
13635.0,2011-10-03,2011-10-03,1,63874.93
15091.0,2011-10-03,2011-10-03,1,12954.59
15930.0,2011-10-03,2011-10-03,1,8959.23
16183.0,2011-10-03,2011-10-03,1,5080.65
16104.0,2011-10-09,2011-10-09,1,7042.28
13259.0,2011-10-09,2011-10-09,1,21957.2
16248.0,2011-10-09,2011-10-09,1,1070.58
16595.0,2011-10-09,2011-10-09,1,29417.64
13260.0,2011-10-09,2011-10-09,1,1554.12
18088.0,2011-10-09,2011-10-09,1,4812.12
13193.0,2011-10-09,2011-10-09,1,2826.04
14801.0,2011-10-09,2011-10-09,1,10709.12
16380.0,2011-10-09,2011-10-09,1,56978.88
16921.0,2011-10-09,2011-10-09,1,10187.4
14089.0,2011-10-14,2011-10-14,1,2254.0
16413.0,2011-10-14,2011-10-14,1,7417.5
13006.0,2011-10-14,2011-10-14,1,129.96
17986.0,2011-10-14,2011-10-14,1,20.8
12454.0,2011-10-14,2011-10-14,1,35885.72
13878.0,2011-10-16,2011-10-16,1,31793.4
15994.0,2011-10-16,2011-10-16,1,13205.61
16052.0,2011-10-16,2011-10-16,1,10312.32
12403.0,2011-10-21,2011-10-21,1,1566.8
14967.0,2011-10-21,2011-10-21,1,2782.8
15286.0,2011-10-21,2011-10-21,1,721.65
17832.0,2011-10-21,2011-10-21,1,9477.57
15740.0,2011-10-21,2011-10-21,1,1393.92
13974.0,2011-10-21,2011-10-21,1,11580.52
15677.0,2011-10-21,2011-10-21,1,18520.33
15000.0,2011-10-23,2011-10-23,1,37770.04
16017.0,2011-10-23,2011-10-23,1,5160.9
13598.0,2011-10-23,2011-10-23,1,5392.96
17111.0,2011-10-23,2011-10-23,1,6963.19
17836.0,2011-10-23,2011-10-23,1,2645.04
16250.0,2011-03-23,2010-12-01,2,4798.96
18085.0,2011-01-13,2010-12-01,2,10456.1
16552.0,2011-04-11,2010-12-01,2,2669.56
16048.0,2010-12-01,2010-12-01,2,1764.84
14496.0,2011-02-01,2010-12-01,2,2982.28
16835.0,2011-08-03,2010-12-01,2,904.25
16244.0,2011-05-12,2010-12-02,2,79619.05
16546.0,2011-02-22,2010-12-02,2,9859.5
14491.0,2011-06-17,2010-12-02,2,1782.12
12915.0,2011-07-14,2010-12-02,2,1339.85
15732.0,2011-05-11,2010-12-02,2,2094.68
13402.0,2011-08-04,2010-12-02,2,10999.1
16634.0,2011-05-01,2010-12-02,2,769.5
14236.0,2011-09-20,2010-12-02,2,4186.62
12967.0,2010-12-16,2010-12-03,2,12561.6
16883.0,2011-06-05,2010-12-03,2,4246.95
12793.0,2011-01-09,2010-12-03,2,6345.68
15545.0,2011-10-16,2010-12-03,2,10128.24
14813.0,2010-12-05,2010-12-05,2,2232.26
13506.0,2011-01-27,2010-12-05,2,6075.32
17026.0,2011-06-07,2010-12-05,2,162.48
16402.0,2011-03-20,2010-12-05,2,9937.5
15894.0,2011-03-31,2010-12-05,2,6276.55
13034.0,2011-10-16,2010-12-05,2,13373.46
15889.0,2011-07-06,2010-12-05,2,20201.38
12763.0,2011-07-24,2010-12-05,2,5469.28
14081.0,2011-02-10,2010-12-05,2,56472.65
17691.0,2010-12-16,2010-12-06,2,2761.5
13497.0,2011-03-02,2010-12-06,2,3327.0
17259.0,2011-07-14,2010-12-06,2,38951.91
17223.0,2011-02-02,2010-12-06,2,5179.86
13564.0,2010-12-20,2010-12-06,2,34892.26
15649.0,2011-01-07,2010-12-07,2,816.0
15353.0,2011-03-30,2010-12-07,2,18669.69
12386.0,2011-01-06,2010-12-08,2,2357.2
17406.0,2011-01-10,2010-12-08,2,74964.56
13649.0,2011-03-28,2010-12-08,2,3781.1
13531.0,2011-05-18,2010-12-08,2,3152.45
15713.0,2011-07-19,2010-12-08,2,2024.2
18071.0,2011-03-27,2010-12-09,2,5041.6
12755.0,2011-03-04,2010-12-09,2,3809.6
14896.0,2011-05-19,2010-12-09,2,9961.42
14479.0,2011-03-31,2010-12-09,2,2878.8
12872.0,2011-01-17,2010-12-09,2,17842.86
17339.0,2011-09-06,2010-12-09,2,1156.8
16163.0,2011-04-21,2010-12-09,2,1365.4
16499.0,2010-12-14,2010-12-10,2,2356.4
14037.0,2011-06-16,2010-12-10,2,2977.6
14256.0,2011-03-24,2010-12-10,2,20499.3
12875.0,2011-07-19,2010-12-12,2,343.23
15224.0,2010-12-16,2010-12-12,2,2668.93
15689.0,2011-08-12,2010-12-13,2,1072.8
17890.0,2011-01-21,2010-12-13,2,30715.16
17969.0,2011-06-26,2010-12-13,2,1063.2
14625.0,2011-05-27,2010-12-13,2,20050.28
16083.0,2011-08-31,2010-12-14,2,19460.62
16805.0,2011-06-19,2010-12-14,2,22382.61
12829.0,2011-01-07,2010-12-14,2,529.2
15384.0,2011-06-23,2010-12-15,2,12450.2
15512.0,2011-07-07,2010-12-15,2,627.0
13221.0,2011-04-13,2010-12-15,2,15176.32
17189.0,2011-08-25,2010-12-15,2,11393.28
15246.0,2011-04-15,2010-12-16,2,7846.5
15759.0,2011-02-16,2010-12-16,2,192.12
14643.0,2011-06-22,2010-12-16,2,10743.02
14220.0,2011-04-06,2010-12-16,2,6636.98
17392.0,2011-02-06,2010-12-16,2,11820.54
14985.0,2011-05-25,2010-12-16,2,11986.32
17358.0,2011-02-09,2010-12-19,2,11513.4
12377.0,2011-01-28,2010-12-20,2,58646.16
12585.0,2011-04-19,2010-12-23,2,70915.0
13253.0,2011-07-06,2011-01-04,2,17628.6
15661.0,2011-01-26,2011-01-05,2,891.2
13368.0,2011-03-28,2011-01-06,2,13142.0
12735.0,2011-01-28,2011-01-06,2,5595.72
13656.0,2011-06-28,2011-01-06,2,8393.55
16567.0,2011-05-29,2011-01-07,2,17268.92
15139.0,2011-04-14,2011-01-07,2,1261.1
17707.0,2011-06-07,2011-01-07,2,388.5
14672.0,2011-04-19,2011-01-07,2,18776.12
14320.0,2011-05-17,2011-01-11,2,8319.66
17742.0,2011-08-18,2011-01-11,2,1544.8
18095.0,2011-01-31,2011-01-11,2,6213.6
13672.0,2011-02-11,2011-01-11,2,559.17
18190.0,2011-05-31,2011-01-13,2,1359.12
15213.0,2011-01-25,2011-01-14,2,6920.7
13929.0,2011-06-23,2011-01-17,2,1638.45
14242.0,2011-04-19,2011-01-18,2,1646.05
12356.0,2011-04-08,2011-01-18,2,54613.48
12510.0,2011-07-20,2011-01-18,2,17369.96
17708.0,2011-06-05,2011-01-19,2,3960.82
17771.0,2011-10-14,2011-01-20,2,6707.92
15422.0,2011-01-20,2011-01-20,2,293.1
14770.0,2011-04-21,2011-01-20,2,19458.77
17277.0,2011-04-26,2011-01-21,2,38265.88
17889.0,2011-05-11,2011-01-21,2,1902.36
13659.0,2011-05-18,2011-01-23,2,68389.55
12559.0,2011-02-02,2011-01-24,2,7004.97
14501.0,2011-06-09,2011-01-24,2,1373.4
12625.0,2011-05-12,2011-01-24,2,87309.18
14548.0,2011-07-12,2011-01-26,2,1305.6
13837.0,2011-05-12,2011-01-26,2,2598.7
17786.0,2011-09-15,2011-01-26,2,9755.26
13754.0,2011-07-11,2011-01-26,2,1291.8
14442.0,2011-05-19,2011-01-27,2,19430.76
12468.0,2011-06-05,2011-01-27,2,12336.6
15057.0,2011-03-09,2011-01-28,2,17791.8
13707.0,2011-03-17,2011-01-28,2,17617.6
16897.0,2011-02-13,2011-01-30,2,4222.5
15579.0,2011-10-02,2011-01-30,2,7324.8
12908.0,2011-06-16,2011-01-31,2,750.0
17256.0,2011-08-24,2011-01-31,2,1983.2
17604.0,2011-05-06,2011-01-31,2,9332.56
17035.0,2011-04-08,2011-02-01,2,5369.96
17376.0,2011-09-30,2011-02-01,2,2221.65
16716.0,2011-03-18,2011-02-01,2,901.2
17446.0,2011-06-16,2011-02-02,2,551.7
16405.0,2011-02-10,2011-02-02,2,341.35
17362.0,2011-04-14,2011-02-03,2,4578.16
17507.0,2011-03-23,2011-02-03,2,24458.32
17334.0,2011-02-10,2011-02-04,2,2975.7
14778.0,2011-08-04,2011-02-04,2,11368.05
12842.0,2011-09-30,2011-02-04,2,17865.03
16109.0,2011-05-05,2011-02-04,2,4820.4
17105.0,2011-07-03,2011-02-06,2,27687.3
13955.0,2011-07-08,2011-02-07,2,3159.99
13133.0,2011-03-11,2011-02-08,2,212.25
12857.0,2011-05-13,2011-02-10,2,19582.3
12897.0,2011-05-19,2011-02-11,2,433.0
14644.0,2011-10-03,2011-02-14,2,5181.08
14346.0,2011-08-11,2011-02-15,2,29770.64
12616.0,2011-09-05,2011-02-15,2,8353.8
12653.0,2011-07-14,2011-02-16,2,37147.6
13718.0,2011-04-07,2011-02-17,2,1275.8
13085.0,2011-07-05,2011-02-17,2,4343.16
13799.0,2011-08-15,2011-02-18,2,12026.72
14162.0,2011-06-19,2011-02-20,2,2867.64
13744.0,2011-09-05,2011-02-20,2,46821.0
16980.0,2011-03-29,2011-02-21,2,58202.12
15146.0,2011-06-28,2011-02-21,2,63696.22
16441.0,2011-10-03,2011-02-21,2,4072.75
16573.0,2011-09-16,2011-02-22,2,11492.86
18196.0,2011-09-05,2011-02-22,2,43029.95
18151.0,2011-07-28,2011-02-23,2,10458.0
13453.0,2011-06-27,2011-02-23,2,1941.66
12582.0,2011-04-15,2011-02-24,2,3492.56
16838.0,2011-05-26,2011-02-24,2,3801.96
14481.0,2011-06-28,2011-02-25,2,9640.02
13493.0,2011-03-09,2011-02-25,2,1305.54
13261.0,2011-03-16,2011-02-27,2,5300.7
15724.0,2011-05-22,2011-02-28,2,1205.85
13675.0,2011-07-11,2011-02-28,2,6410.4
16667.0,2011-10-02,2011-02-28,2,12204.92
16427.0,2011-03-21,2011-02-28,2,1095.5
12811.0,2011-03-23,2011-02-28,2,6174.75
16518.0,2011-10-09,2011-02-28,2,10081.06
14620.0,2011-05-18,2011-03-01,2,4569.28
15092.0,2011-05-08,2011-03-01,2,6165.78
14656.0,2011-06-23,2011-03-01,2,9723.5
14934.0,2011-09-19,2011-03-02,2,65508.45
15104.0,2011-05-27,2011-03-02,2,19760.97
15636.0,2011-09-11,2011-03-02,2,8752.72
16217.0,2011-04-18,2011-03-02,2,2498.0
16957.0,2011-04-14,2011-03-03,2,3341.36
18218.0,2011-05-12,2011-03-03,2,6713.58
17374.0,2011-05-05,2011-03-03,2,6194.85
13476.0,2011-06-14,2011-03-03,2,18878.63
13931.0,2011-09-05,2011-03-04,2,29924.04
14570.0,2011-03-04,2011-03-04,2,3569.95
16449.0,2011-05-26,2011-03-04,2,11176.3
12547.0,2011-05-26,2011-03-04,2,677.4
14670.0,2011-03-04,2011-03-04,2,31407.98
14915.0,2011-09-09,2011-03-07,2,1478.26
14817.0,2011-05-23,2011-03-07,2,29775.88
15869.0,2011-03-07,2011-03-07,2,1188.45
12758.0,2011-08-15,2011-03-08,2,138008.04
14645.0,2011-07-06,2011-03-09,2,6805.56
15071.0,2011-09-07,2011-03-09,2,9292.7
18183.0,2011-04-26,2011-03-10,2,9513.36
16080.0,2011-09-19,2011-03-10,2,1085.8
16808.0,2011-09-01,2011-03-10,2,2796.18
16766.0,2011-03-11,2011-03-11,2,19475.2
16693.0,2011-10-02,2011-03-13,2,11089.11
15918.0,2011-06-02,2011-03-13,2,6584.14
14193.0,2011-10-03,2011-03-15,2,17904.57
15182.0,2011-07-08,2011-03-16,2,8752.12
12435.0,2011-09-21,2011-03-17,2,103245.56
18189.0,2011-09-23,2011-03-17,2,35029.54
15433.0,2011-05-10,2011-03-17,2,12946.46
15648.0,2011-05-19,2011-03-17,2,5676.35
15695.0,2011-03-18,2011-03-18,2,5937.39
12878.0,2011-04-17,2011-03-18,2,21103.1
17134.0,2011-08-25,2011-03-20,2,5277.3
17795.0,2011-06-13,2011-03-20,2,7540.57
16384.0,2011-09-11,2011-03-21,2,9678.9
14245.0,2011-05-04,2011-03-21,2,84971.3
16036.0,2011-09-13,2011-03-21,2,27164.39
13900.0,2011-05-31,2011-03-22,2,13402.53
14875.0,2011-08-24,2011-03-22,2,32544.79
14377.0,2011-06-01,2011-03-22,2,1372.8
13821.0,2011-07-18,2011-03-23,2,10715.84
12604.0,2011-09-21,2011-03-23,2,1898.58
16859.0,2011-07-18,2011-03-23,2,16834.75
12434.0,2011-09-16,2011-03-24,2,21079.67
17946.0,2011-04-20,2011-03-25,2,986.1
18078.0,2011-05-06,2011-03-25,2,5262.26
16780.0,2011-08-31,2011-03-25,2,12920.47
15045.0,2011-07-11,2011-03-27,2,1370.16
16777.0,2011-09-20,2011-03-27,2,6109.85
12669.0,2011-07-12,2011-03-28,2,72551.12
13760.0,2011-10-16,2011-03-28,2,8181.82
17749.0,2011-06-14,2011-03-28,2,9011.3
17931.0,2011-07-28,2011-03-29,2,12385.74
12888.0,2011-05-09,2011-03-29,2,294.48
17594.0,2011-09-15,2011-03-30,2,28824.48
15424.0,2011-03-30,2011-03-30,2,3260.22
16788.0,2011-08-08,2011-03-30,2,44165.66
16584.0,2011-09-20,2011-03-30,2,13105.12
15364.0,2011-09-05,2011-03-30,2,16111.54
16398.0,2011-07-08,2011-03-31,2,53449.9
16698.0,2011-04-27,2011-03-31,2,5544.0
13918.0,2011-10-21,2011-03-31,2,22475.14
14195.0,2011-05-22,2011-04-01,2,2580.0
15223.0,2011-04-28,2011-04-04,2,3661.55
13294.0,2011-06-03,2011-04-04,2,19704.9
17409.0,2011-06-08,2011-04-05,2,2204.25
16031.0,2011-09-08,2011-04-06,2,21228.76
13731.0,2011-05-04,2011-04-07,2,8422.89
15800.0,2011-08-24,2011-04-07,2,46144.26
13005.0,2011-06-19,2011-04-07,2,4315.5
12999.0,2011-05-18,2011-04-08,2,6585.96
12717.0,2011-07-11,2011-04-08,2,20066.64
14264.0,2011-07-08,2011-04-08,2,2841.97
13548.0,2011-09-04,2011-04-10,2,33982.27
15665.0,2011-06-24,2011-04-10,2,137507.1
12701.0,2011-09-21,2011-04-11,2,17972.77
12363.0,2011-08-22,2011-04-11,2,6555.9
14628.0,2011-09-09,2011-04-11,2,7545.49
13655.0,2011-08-17,2011-04-12,2,21898.38
14998.0,2011-06-22,2011-04-12,2,12973.36
15230.0,2011-04-14,2011-04-13,2,8203.8
16309.0,2011-08-25,2011-04-13,2,13337.03
13122.0,2011-09-06,2011-04-13,2,42849.54
15813.0,2011-05-16,2011-04-14,2,18509.35
17704.0,2011-06-24,2011-04-14,2,12174.85
14154.0,2011-04-14,2011-04-14,2,14588.28
13811.0,2011-06-09,2011-04-14,2,2598.75
13952.0,2011-05-06,2011-04-15,2,171456.09
14323.0,2011-08-17,2011-04-15,2,8835.36
17029.0,2011-08-21,2011-04-17,2,716.0
15985.0,2011-08-08,2011-04-17,2,24826.64
15265.0,2011-07-11,2011-04-18,2,49565.77
18064.0,2011-07-29,2011-04-18,2,2846.0
13479.0,2011-05-23,2011-04-19,2,1574.55
14905.0,2011-07-05,2011-04-20,2,5237.75
15912.0,2011-06-14,2011-04-20,2,2405.27
17630.0,2011-06-23,2011-04-21,2,3108.1
13223.0,2011-05-23,2011-04-21,2,350.4
14512.0,2011-06-05,2011-04-21,2,1636.76
17854.0,2011-06-07,2011-04-26,2,1349.37
17991.0,2011-04-28,2011-04-27,2,135.7
17501.0,2011-05-03,2011-05-03,2,3778.95
16230.0,2011-06-03,2011-05-03,2,8765.34
18146.0,2011-07-22,2011-05-03,2,808.8
15976.0,2011-06-27,2011-05-03,2,19164.25
12886.0,2011-10-03,2011-05-04,2,44023.3
13711.0,2011-05-05,2011-05-05,2,1722.24
13888.0,2011-08-12,2011-05-05,2,10214.61
14697.0,2011-05-05,2011-05-05,2,1914.57
16832.0,2011-05-20,2011-05-06,2,339.9
15258.0,2011-06-24,2011-05-06,2,6568.58
18142.0,2011-07-05,2011-05-08,2,6964.56
12592.0,2011-09-08,2011-05-10,2,3212.8
16320.0,2011-06-20,2011-05-10,2,36755.56
16229.0,2011-09-13,2011-05-11,2,23930.0
14920.0,2011-05-11,2011-05-11,2,24022.18
16644.0,2011-06-15,2011-05-11,2,38123.99
14651.0,2011-10-03,2011-05-12,2,29093.86
12871.0,2011-09-16,2011-05-16,2,2268.48
17898.0,2011-09-15,2011-05-16,2,2414.56
17505.0,2011-07-01,2011-05-18,2,24633.65
14009.0,2011-05-25,2011-05-18,2,14202.74
13192.0,2011-09-05,2011-05-18,2,26678.62
16647.0,2011-06-23,2011-05-19,2,1581.3
17926.0,2011-07-29,2011-05-20,2,3773.9
18048.0,2011-05-20,2011-05-20,2,1014.74
13972.0,2011-09-30,2011-05-22,2,1579.2
14682.0,2011-06-05,2011-05-22,2,52.0
13885.0,2011-06-03,2011-05-23,2,7473.5
15734.0,2011-08-17,2011-05-23,2,9824.85
18018.0,2011-08-23,2011-05-24,2,1557.25
16091.0,2011-07-08,2011-05-25,2,2834.98
12815.0,2011-07-15,2011-05-25,2,16105.62
15852.0,2011-06-06,2011-05-26,2,997.28
16624.0,2011-09-20,2011-05-26,2,15782.98
12493.0,2011-06-27,2011-05-26,2,3444.66
14338.0,2011-07-01,2011-05-27,2,12795.99
15402.0,2011-07-14,2011-05-27,2,13970.35
15897.0,2011-05-29,2011-05-29,2,2560.38
13917.0,2011-10-21,2011-06-01,2,2868.5
16484.0,2011-06-19,2011-06-02,2,4961.4
17900.0,2011-06-02,2011-06-02,2,259.2
16239.0,2011-10-14,2011-06-03,2,4421.8
14500.0,2011-09-12,2011-06-03,2,1109.4
13248.0,2011-08-07,2011-06-03,2,7885.45
14891.0,2011-07-14,2011-06-05,2,12763.26
15349.0,2011-07-04,2011-06-05,2,19320.56
12535.0,2011-09-09,2011-06-06,2,9131.4
18248.0,2011-08-09,2011-06-06,2,15491.04
17252.0,2011-08-15,2011-06-06,2,25917.03
12694.0,2011-09-30,2011-06-09,2,7478.04
12516.0,2011-09-23,2011-06-12,2,14232.72
17265.0,2011-07-24,2011-06-12,2,36172.25
17242.0,2011-08-23,2011-06-12,2,25255.36
12624.0,2011-08-25,2011-06-15,2,9722.4
17642.0,2011-08-12,2011-06-16,2,14715.66
12816.0,2011-09-05,2011-06-16,2,4156.0
12450.0,2011-07-06,2011-06-19,2,803.28
15700.0,2011-06-20,2011-06-19,2,52158.36
17444.0,2011-07-11,2011-06-20,2,134657.19
17695.0,2011-07-31,2011-06-21,2,13364.38
13420.0,2011-07-13,2011-06-22,2,286.8
12379.0,2011-09-19,2011-06-22,2,14767.56
13791.0,2011-08-04,2011-06-24,2,8875.0
17391.0,2011-06-29,2011-06-28,2,915.84
12424.0,2011-06-30,2011-06-30,2,35787.84
16498.0,2011-07-01,2011-06-30,2,1286.83
13730.0,2011-07-27,2011-07-01,2,10410.3
14053.0,2011-08-07,2011-07-03,2,568.75
14002.0,2011-07-28,2011-07-06,2,11694.42
17045.0,2011-08-18,2011-07-06,2,2522.2
18013.0,2011-07-07,2011-07-07,2,5326.38
12635.0,2011-09-11,2011-07-08,2,70016.2
18121.0,2011-07-13,2011-07-08,2,19542.0
14918.0,2011-08-16,2011-07-08,2,32751.0
17353.0,2011-08-02,2011-07-08,2,6960.0
18024.0,2011-07-10,2011-07-10,2,5643.54
14265.0,2011-08-22,2011-07-14,2,4778.76
13933.0,2011-08-22,2011-07-14,2,6984.06
17229.0,2011-09-04,2011-07-20,2,6996.31
18143.0,2011-08-15,2011-07-21,2,29767.15
17935.0,2011-07-24,2011-07-21,2,3300.26
15829.0,2011-09-01,2011-07-22,2,15266.0
15232.0,2011-08-18,2011-07-22,2,9508.58
13563.0,2011-09-16,2011-07-22,2,10823.75
13814.0,2011-09-08,2011-07-25,2,36467.58
14331.0,2011-08-07,2011-07-27,2,8568.18
14855.0,2011-08-12,2011-07-28,2,6390.6
12743.0,2011-07-28,2011-07-28,2,28851.37
13388.0,2011-07-31,2011-07-31,2,16099.25
14567.0,2011-10-14,2011-08-01,2,20403.96
16984.0,2011-09-12,2011-08-01,2,840932.38
15205.0,2011-09-15,2011-08-04,2,7860.57
17267.0,2011-08-04,2011-08-04,2,11514.34
17298.0,2011-08-30,2011-08-07,2,10590.84
14024.0,2011-08-10,2011-08-07,2,3192.15
15198.0,2011-09-08,2011-08-07,2,968.2
15653.0,2011-09-08,2011-08-16,2,1850.88
13470.0,2011-09-01,2011-08-16,2,957.0
16952.0,2011-08-22,2011-08-22,2,1002.6
14660.0,2011-09-14,2011-08-31,2,3519.75
16674.0,2011-10-16,2011-09-02,2,15871.62
14965.0,2011-09-04,2011-09-04,2,37213.5
13431.0,2011-10-03,2011-09-12,2,28949.0
12940.0,2011-10-16,2011-09-13,2,34703.49
12822.0,2011-09-30,2011-09-13,2,24861.82
14356.0,2011-09-21,2011-09-19,2,8025.37
14164.0,2011-09-30,2011-09-20,2,36023.56
18228.0,2011-10-14,2011-09-21,2,11204.41
14780.0,2011-10-16,2011-09-21,2,5781.04
16685.0,2011-10-09,2011-10-09,2,13873.2
16934.0,2011-10-16,2011-10-16,2,36702.94
14045.0,2011-01-06,2010-12-01,3,1322.55
17897.0,2011-06-20,2010-12-01,3,15702.71
17802.0,2011-09-18,2010-12-02,3,71456.92
15646.0,2011-07-05,2010-12-02,3,4861.5
14161.0,2011-05-08,2010-12-05,3,37549.34
17320.0,2011-08-31,2010-12-06,3,25694.28
17616.0,2011-06-19,2010-12-07,3,571.2
16950.0,2011-10-14,2010-12-07,3,19258.68
17341.0,2011-07-06,2010-12-08,3,82788.55
15032.0,2011-03-28,2010-12-08,3,127826.6
13848.0,2011-09-08,2010-12-08,3,2485.0
13140.0,2011-08-23,2010-12-08,3,6018.75
15079.0,2011-05-11,2010-12-09,3,13776.83
12942.0,2011-07-31,2010-12-09,3,13288.12
16520.0,2011-06-06,2010-12-09,3,47227.6
17646.0,2011-05-04,2010-12-09,3,14785.09
15192.0,2011-08-12,2010-12-09,3,17797.18
13000.0,2011-08-25,2010-12-10,3,6738.51
16010.0,2011-04-08,2010-12-12,3,12880.1
13959.0,2011-09-21,2010-12-12,3,17215.91
16927.0,2011-08-16,2010-12-13,3,1007.85
17990.0,2011-04-17,2010-12-13,3,7268.28
17179.0,2011-06-14,2010-12-13,3,18496.76
17375.0,2011-05-24,2010-12-13,3,8130.24
13611.0,2011-09-11,2010-12-15,3,32691.3
17033.0,2011-09-14,2010-12-15,3,10172.76
13124.0,2011-09-11,2010-12-15,3,239379.54
15456.0,2011-03-01,2010-12-15,3,10915.31
17980.0,2011-06-27,2010-12-15,3,7951.65
16037.0,2011-03-15,2010-12-16,3,8476.68
17146.0,2011-08-26,2010-12-16,3,6512.9
15620.0,2011-10-14,2010-12-16,3,44990.84
17580.0,2011-04-01,2010-12-16,3,5156.22
15780.0,2011-06-09,2010-12-17,3,4652.8
15164.0,2011-10-02,2011-01-04,3,29951.8
18062.0,2011-06-19,2011-01-06,3,6707.58
13764.0,2011-09-30,2011-01-06,3,94055.43
13280.0,2011-08-09,2011-01-06,3,24581.4
14828.0,2011-05-27,2011-01-07,3,11814.48
16551.0,2011-09-05,2011-01-07,3,8226.2
16889.0,2011-05-29,2011-01-07,3,55456.74
16473.0,2011-06-28,2011-01-07,3,1568.26
14867.0,2011-06-07,2011-01-07,3,8202.62
16034.0,2011-05-27,2011-01-11,3,3207.3
14669.0,2011-04-12,2011-01-11,3,61440.63
15749.0,2011-04-18,2011-01-11,3,168837.2
14514.0,2011-10-09,2011-01-12,3,24043.24
17048.0,2011-08-14,2011-01-12,3,14537.69
16948.0,2011-07-24,2011-01-18,3,2953.02
16997.0,2011-02-24,2011-01-18,3,2808.0
12527.0,2011-09-19,2011-01-18,3,1852.26
12422.0,2011-09-05,2011-01-19,3,8639.72
14779.0,2011-03-04,2011-01-20,3,3037.8
14450.0,2011-06-12,2011-01-23,3,6706.97
13819.0,2011-02-11,2011-01-24,3,13071.2
16943.0,2011-05-12,2011-01-25,3,5971.08
14616.0,2011-04-11,2011-01-26,3,406.08
15549.0,2011-09-23,2011-01-27,3,72537.4
13330.0,2011-09-08,2011-01-28,3,19903.26
16755.0,2011-08-17,2011-01-28,3,85723.38
14133.0,2011-08-02,2011-01-28,3,6114.09
14006.0,2011-08-16,2011-01-31,3,9232.48
13802.0,2011-07-24,2011-02-01,3,77474.64
18202.0,2011-05-24,2011-02-01,3,24247.57
15589.0,2011-03-29,2011-02-02,3,5040.24
14460.0,2011-08-21,2011-02-02,3,3195.66
14127.0,2011-08-09,2011-02-02,3,11393.2
16378.0,2011-04-06,2011-02-02,3,3098.2
18017.0,2011-09-19,2011-02-02,3,523.0
12414.0,2011-05-06,2011-02-02,3,2123.01
13873.0,2011-08-12,2011-02-03,3,2432.75
13539.0,2011-09-15,2011-02-03,3,6931.06
12754.0,2011-04-18,2011-02-04,3,43166.37
13334.0,2011-09-18,2011-02-07,3,322515.42
15577.0,2011-07-11,2011-02-07,3,3633.64
15797.0,2011-08-18,2011-02-08,3,8173.2
16951.0,2011-07-28,2011-02-08,3,68846.92
17083.0,2011-08-22,2011-02-09,3,25468.12
14465.0,2011-04-07,2011-02-10,3,27761.04
16842.0,2011-08-31,2011-02-10,3,20025.92
15133.0,2011-08-04,2011-02-11,3,9012.94
17282.0,2011-08-01,2011-02-13,3,60961.05
17472.0,2011-06-01,2011-02-13,3,40854.6
12507.0,2011-07-28,2011-02-14,3,7484.67
15122.0,2011-08-17,2011-02-15,3,37875.12
16431.0,2011-05-10,2011-02-15,3,17485.04
16317.0,2011-08-12,2011-02-15,3,25458.22
13414.0,2011-07-29,2011-02-16,3,12449.1
13425.0,2011-08-23,2011-02-18,3,38089.77
13951.0,2011-06-16,2011-02-18,3,8037.97
12891.0,2011-06-07,2011-02-20,3,331.0
14803.0,2011-06-30,2011-02-20,3,9407.6
17361.0,2011-10-21,2011-02-21,3,4741.34
15321.0,2011-09-30,2011-02-21,3,93894.32
13038.0,2011-09-20,2011-02-22,3,8801.62
17002.0,2011-09-15,2011-02-22,3,16563.88
14276.0,2011-09-02,2011-02-23,3,22821.24
14513.0,2011-08-31,2011-02-24,3,1463.89
14231.0,2011-06-09,2011-02-24,3,12479.86
14880.0,2011-09-23,2011-02-24,3,9437.43
13851.0,2011-09-05,2011-02-24,3,69990.56
14740.0,2011-05-26,2011-03-01,3,36700.5
13722.0,2011-07-31,2011-03-02,3,72092.24
15643.0,2011-06-01,2011-03-02,3,5133.05
15675.0,2011-09-19,2011-03-04,3,2143.84
13344.0,2011-10-03,2011-03-07,3,78733.6
16356.0,2011-05-26,2011-03-07,3,3147.15
15026.0,2011-09-20,2011-03-07,3,9734.74
15834.0,2011-09-30,2011-03-07,3,166032.47
14013.0,2011-08-21,2011-03-09,3,5644.6
16572.0,2011-08-04,2011-03-09,3,17164.04
14930.0,2011-08-23,2011-03-10,3,81976.19
16475.0,2011-07-19,2011-03-11,3,6739.3
16768.0,2011-10-23,2011-03-13,3,5410.81
16807.0,2011-07-20,2011-03-14,3,25564.1
16214.0,2011-06-22,2011-03-15,3,13207.8
13946.0,2011-09-21,2011-03-17,3,2371.2
13533.0,2011-06-10,2011-03-17,3,9291.0
14223.0,2011-09-08,2011-03-20,3,16956.31
17152.0,2011-05-29,2011-03-21,3,7585.6
14461.0,2011-07-14,2011-03-23,3,109822.39
15245.0,2011-07-28,2011-03-23,3,84893.76
13249.0,2011-09-08,2011-03-23,3,3241.5
14267.0,2011-06-30,2011-03-24,3,16033.5
13662.0,2011-09-15,2011-03-25,3,11832.76
17765.0,2011-07-04,2011-03-28,3,5732.63
14021.0,2011-07-07,2011-03-28,3,3925.9
13037.0,2011-07-24,2011-03-28,3,12051.0
17398.0,2011-08-17,2011-03-29,3,5548.99
15980.0,2011-09-12,2011-03-30,3,43787.02
16092.0,2011-08-17,2011-03-30,3,12134.84
17440.0,2011-07-06,2011-04-06,3,365.82
14403.0,2011-07-21,2011-04-06,3,9753.83
14246.0,2011-08-21,2011-04-08,3,32658.64
14958.0,2011-07-15,2011-04-08,3,2194.46
13562.0,2011-09-19,2011-04-08,3,49164.22
17550.0,2011-05-26,2011-04-10,3,4353.91
17058.0,2011-09-19,2011-04-14,3,21696.7
16226.0,2011-05-20,2011-04-18,3,844.68
13376.0,2011-09-01,2011-04-19,3,13651.18
17588.0,2011-08-31,2011-04-21,3,8884.28
16146.0,2011-07-05,2011-04-21,3,9864.07
15108.0,2011-07-21,2011-04-26,3,22380.1
15768.0,2011-08-16,2011-04-28,3,2770.64
14973.0,2011-08-24,2011-04-28,3,6822.48
17615.0,2011-08-01,2011-05-01,3,1250.3
12593.0,2011-08-23,2011-05-05,3,2910.5
17429.0,2011-08-03,2011-05-05,3,6077.14
13003.0,2011-08-26,2011-05-09,3,326.2
13492.0,2011-07-26,2011-05-09,3,22482.18
13242.0,2011-08-19,2011-05-10,3,1601.6
14731.0,2011-10-23,2011-05-11,3,5435.0
12649.0,2011-08-24,2011-05-11,3,8021.82
15826.0,2011-10-14,2011-05-13,3,43134.73
15440.0,2011-10-16,2011-05-15,3,6571.74
14463.0,2011-09-02,2011-05-18,3,455.34
17047.0,2011-09-15,2011-05-18,3,21417.12
13856.0,2011-06-24,2011-05-20,3,1712.6
12710.0,2011-09-04,2011-05-22,3,32801.08
14823.0,2011-06-12,2011-05-29,3,5427.76
15462.0,2011-09-06,2011-06-05,3,913.8
16872.0,2011-09-23,2011-06-08,3,1394.04
16324.0,2011-08-03,2011-06-15,3,22105.65
15334.0,2011-07-06,2011-06-19,3,11264.13
16866.0,2011-07-22,2011-07-01,3,332.85
17312.0,2011-07-24,2011-07-03,3,2463.9
13217.0,2011-08-09,2011-07-06,3,930.94
17892.0,2011-10-14,2011-07-07,3,2652.7
16174.0,2011-08-05,2011-07-11,3,4738.2
12722.0,2011-09-15,2011-07-12,3,20995.16
14937.0,2011-10-14,2011-08-01,3,18807.16
16955.0,2011-06-08,2010-12-01,4,3116.85
15658.0,2011-06-02,2010-12-02,4,8375.25
15107.0,2011-02-01,2010-12-02,4,432.6
15574.0,2011-06-15,2010-12-02,4,39492.0
17787.0,2011-07-10,2010-12-03,4,61644.5
17062.0,2011-01-30,2010-12-05,4,9030.19
15332.0,2010-12-08,2010-12-05,4,32208.5
15716.0,2011-07-17,2010-12-05,4,36088.97
15808.0,2011-02-06,2010-12-05,4,155953.57
15882.0,2011-05-25,2010-12-06,4,4809.62
16654.0,2011-07-21,2010-12-06,4,3925.65
13963.0,2011-02-04,2010-12-07,4,5734.3
14176.0,2011-02-15,2010-12-07,4,4398.9
15002.0,2011-08-16,2010-12-07,4,49668.37
17722.0,2011-09-04,2010-12-08,4,60995.66
13240.0,2011-09-04,2010-12-09,4,10449.4
18178.0,2011-08-03,2010-12-10,4,39971.61
14565.0,2011-09-05,2010-12-13,4,97055.04
15777.0,2011-04-12,2010-12-13,4,4390.92
16503.0,2011-08-25,2010-12-14,4,24960.68
17454.0,2011-05-31,2010-12-15,4,7245.69
17692.0,2011-08-04,2010-12-15,4,11365.26
15641.0,2011-08-26,2010-12-15,4,58602.05
16816.0,2011-08-28,2010-12-16,4,4493.26
14016.0,2011-07-01,2010-12-17,4,124114.24
13869.0,2011-08-08,2010-12-17,4,295136.54
14532.0,2011-04-17,2010-12-22,4,15234.9
16112.0,2011-07-19,2011-01-05,4,849.44
17585.0,2011-08-22,2011-01-05,4,57857.52
13162.0,2011-08-09,2011-01-09,4,45027.92
17849.0,2011-05-05,2011-01-10,4,1192.9
16493.0,2011-09-21,2011-01-14,4,22803.54
16206.0,2011-10-16,2011-01-16,4,8279.43
12924.0,2011-09-12,2011-01-16,4,7648.18
15535.0,2011-06-19,2011-01-16,4,10164.69
15673.0,2011-09-12,2011-01-16,4,93130.12
14916.0,2011-09-30,2011-01-19,4,23718.36
14692.0,2011-07-25,2011-01-21,4,11513.45
12916.0,2011-07-24,2011-01-23,4,60777.5
14224.0,2011-08-21,2011-01-23,4,19553.43
12693.0,2011-08-04,2011-01-24,4,4687.27
13158.0,2011-09-06,2011-01-25,4,23847.44
12744.0,2011-10-14,2011-01-25,4,478115.91
14233.0,2011-10-21,2011-01-26,4,14571.05
14970.0,2011-10-02,2011-01-27,4,11499.88
17180.0,2011-10-14,2011-01-27,4,26108.33
17560.0,2011-09-06,2011-02-02,4,5478.49
17337.0,2011-07-11,2011-02-02,4,336501.38
12464.0,2011-07-13,2011-02-03,4,76.5
17774.0,2011-09-04,2011-02-07,4,39797.99
16998.0,2011-07-13,2011-02-08,4,295.0
18093.0,2011-09-07,2011-02-10,4,27336.12
13475.0,2011-06-01,2011-02-14,4,31692.54
13157.0,2011-10-21,2011-02-14,4,46733.22
13489.0,2011-08-26,2011-02-18,4,1314.96
13301.0,2011-08-28,2011-02-20,4,10589.23
17994.0,2011-08-10,2011-02-22,4,19445.96
12845.0,2011-03-17,2011-02-22,4,1222.81
16045.0,2011-08-12,2011-02-22,4,30781.25
17388.0,2011-09-23,2011-02-25,4,2394.1
14504.0,2011-10-23,2011-03-06,4,14466.58
15819.0,2011-10-21,2011-03-08,4,59605.08
13908.0,2011-09-21,2011-03-08,4,74604.38
18173.0,2011-09-14,2011-03-10,4,19016.88
16801.0,2011-06-29,2011-03-11,4,32458.54
14352.0,2011-07-05,2011-03-11,4,14475.96
15483.0,2011-07-01,2011-03-18,4,7613.94
17204.0,2011-06-17,2011-03-21,4,26023.24
12399.0,2011-08-12,2011-03-23,4,17257.99
15644.0,2011-06-26,2011-03-23,4,66353.3
14758.0,2011-07-18,2011-03-25,4,9563.53
15624.0,2011-08-15,2011-03-28,4,4836.34
13720.0,2011-08-15,2011-03-30,4,9225.3
15756.0,2011-10-09,2011-04-04,4,24128.0
16906.0,2011-09-19,2011-04-05,4,11524.58
16696.0,2011-07-27,2011-04-05,4,2716.8
17268.0,2011-08-24,2011-04-08,4,1250.8
13134.0,2011-09-15,2011-04-13,4,61249.64
16175.0,2011-09-06,2011-04-13,4,12197.33
14163.0,2011-09-13,2011-04-14,4,26010.39
16806.0,2011-08-28,2011-04-14,4,17772.12
15625.0,2011-08-28,2011-04-18,4,32818.9
12840.0,2011-07-19,2011-04-27,4,82489.9
16370.0,2011-09-18,2011-04-28,4,58719.19
17955.0,2011-05-25,2011-05-04,4,3333.25
15704.0,2011-07-22,2011-05-08,4,73643.86
16007.0,2011-10-23,2011-05-08,4,186811.28
15095.0,2011-08-28,2011-05-20,4,24113.3
14837.0,2011-09-11,2011-05-22,4,46223.02
14584.0,2011-06-23,2011-05-25,4,20903.27
18232.0,2011-09-19,2011-05-26,4,5452.45
17731.0,2011-09-21,2011-06-09,4,11601.42
14177.0,2011-09-14,2011-06-13,4,4305.26
16774.0,2011-10-03,2011-06-14,4,7368.92
15920.0,2011-07-08,2011-07-08,4,3603.88
13925.0,2011-09-08,2011-07-28,4,7163.52
13748.0,2011-09-05,2010-12-01,5,5438.9
16456.0,2011-09-01,2010-12-01,5,47956.25
17873.0,2011-09-20,2010-12-01,5,15461.98
13715.0,2011-03-03,2010-12-02,5,34503.33
17460.0,2011-09-06,2010-12-02,5,3066.86
18239.0,2011-05-05,2010-12-02,5,32303.45
16550.0,2011-08-23,2010-12-06,5,93435.37
17869.0,2011-08-24,2010-12-06,5,3047.1
16081.0,2011-10-14,2010-12-08,5,172853.56
15596.0,2011-08-31,2010-12-09,5,19561.92
17912.0,2011-02-02,2010-12-10,5,2285.58
15881.0,2011-01-31,2010-12-10,5,7636.48
17126.0,2011-07-10,2010-12-12,5,64375.35
17085.0,2011-08-08,2010-12-12,5,56301.99
13092.0,2011-09-30,2010-12-15,5,953.02
16153.0,2011-10-21,2010-12-20,5,38905.14
17400.0,2011-08-05,2010-12-21,5,114134.88
12383.0,2011-06-08,2010-12-22,5,38040.68
16875.0,2011-10-03,2011-01-04,5,60733.68
17457.0,2011-08-05,2011-01-04,5,5749.56
13593.0,2011-08-23,2011-01-07,5,46375.57
12601.0,2011-06-03,2011-01-11,5,2152.48
15569.0,2011-08-28,2011-01-11,5,9459.84
15938.0,2011-08-19,2011-01-20,5,1296.5
15812.0,2011-08-24,2011-01-26,5,9353.54
13141.0,2011-09-16,2011-01-28,5,76307.16
12502.0,2011-09-05,2011-02-03,5,46113.32
16394.0,2011-10-14,2011-02-23,5,25784.14
18231.0,2011-05-31,2011-02-24,5,47489.96
14745.0,2011-08-19,2011-02-27,5,21348.93
17770.0,2011-05-25,2011-03-02,5,6723.92
16709.0,2011-09-16,2011-03-03,5,40810.06
15400.0,2011-09-08,2011-03-06,5,2383.7
14407.0,2011-08-24,2011-03-08,5,24703.38
12520.0,2011-09-21,2011-03-11,5,74856.15
12407.0,2011-10-21,2011-03-20,5,25211.72
15855.0,2011-07-26,2011-03-21,5,12565.9
15201.0,2011-09-13,2011-04-06,5,20274.97
16209.0,2011-09-12,2011-04-07,5,12740.36
16172.0,2011-09-05,2011-04-12,5,18373.79
13136.0,2011-10-14,2011-05-11,5,70399.89
13213.0,2011-10-14,2011-05-24,5,34220.48
14307.0,2011-09-12,2010-12-01,6,102737.15
12868.0,2011-06-07,2010-12-01,6,28810.7
14078.0,2011-08-30,2010-12-01,6,11234.91
12947.0,2011-07-19,2010-12-01,6,26477.34
15299.0,2011-10-03,2010-12-02,6,3907.01
18168.0,2011-06-16,2010-12-02,6,19299.58
14210.0,2011-08-26,2010-12-03,6,27270.04
16306.0,2011-05-10,2010-12-07,6,8934.81
15996.0,2011-09-12,2010-12-08,6,21060.84
18037.0,2011-07-08,2010-12-12,6,133.15
18260.0,2011-06-20,2010-12-16,6,54997.41
13027.0,2011-08-18,2010-12-20,6,34176.0
16497.0,2011-10-21,2011-01-10,6,85641.96
12643.0,2011-08-03,2011-01-11,6,11532.88
16918.0,2011-10-21,2011-01-26,6,28829.54
12853.0,2011-07-28,2011-01-28,6,30069.6
16419.0,2011-08-19,2011-02-01,6,5957.65
16027.0,2011-09-09,2011-02-10,6,1612.44
17050.0,2011-09-04,2011-02-13,6,163437.06
15764.0,2011-09-12,2011-03-08,6,183473.32
17874.0,2011-06-07,2011-03-29,6,9735.26
13752.0,2011-08-07,2011-04-07,6,14377.0
15491.0,2011-09-05,2011-04-18,6,73374.85
15508.0,2011-06-03,2011-04-18,6,14416.98
17723.0,2011-08-04,2011-05-09,6,4933.9
16098.0,2011-09-13,2010-12-01,7,12862.61
15260.0,2011-08-31,2010-12-02,7,19677.59
16725.0,2011-02-10,2010-12-03,7,17305.43
14414.0,2011-09-09,2010-12-16,7,22023.62
12980.0,2011-06-16,2010-12-16,7,5423.4
15379.0,2011-06-23,2010-12-16,7,129824.82
17848.0,2011-08-03,2010-12-16,7,3161.83
16686.0,2011-10-23,2010-12-19,7,238744.47
13725.0,2011-10-21,2011-02-04,7,22748.34
18094.0,2011-09-19,2011-02-21,7,34690.44
12843.0,2011-07-03,2011-03-20,7,26537.86
13093.0,2011-03-09,2010-12-01,8,141325.67
14344.0,2011-08-04,2010-12-06,8,6706.4
18116.0,2011-10-03,2010-12-10,8,76288.83
17230.0,2011-03-20,2010-12-15,8,45220.9
14472.0,2011-08-28,2010-12-19,8,65776.56
13082.0,2011-08-05,2011-01-05,8,35542.34
12637.0,2011-10-03,2011-01-20,8,317500.41
15410.0,2011-09-16,2011-03-23,8,46776.3
16180.0,2011-08-31,2011-04-01,8,219246.09
14364.0,2011-08-23,2011-05-12,8,27518.4
14573.0,2011-06-13,2010-12-02,9,32197.0
15606.0,2011-10-09,2011-01-19,9,23337.14
17504.0,2011-05-17,2011-01-21,9,55322.14
18008.0,2011-09-30,2011-01-25,9,3410.68
14410.0,2011-09-08,2011-02-07,9,30677.77
17940.0,2011-10-21,2011-02-10,9,7444.18
15581.0,2011-07-06,2010-12-08,10,15765.06
13631.0,2011-09-01,2011-03-17,10,2220.42
16919.0,2011-07-06,2010-12-06,11,80455.82
15235.0,2011-05-06,2010-12-01,12,38082.39
14800.0,2011-10-23,2010-12-05,12,167168.94
16553.0,2011-06-29,2010-12-14,12,47099.12
18073.0,2011-08-17,2011-05-26,12,34007.68
15939.0,2011-09-11,2011-01-12,14,48791.21
16928.0,2011-09-20,2010-12-01,17,38856.68
16745.0,2011-09-14,2011-02-01,17,155080.12
17850.0,2010-12-02,2010-12-01,34,69018.88
17172.0,2011-09-22,2011-09-22,1,4766.4
16213.0,2011-09-22,2011-09-22,1,412.5
15603.0,2011-09-22,2011-09-22,1,96.96
16236.0,2011-09-22,2011-09-22,1,8644.0
17603.0,2011-09-22,2011-09-22,1,1447.2
17079.0,2011-09-22,2011-09-22,1,237.6
12579.0,2011-09-22,2011-09-22,1,9383.92
13279.0,2011-09-22,2011-09-22,1,1239.75
12425.0,2011-09-22,2011-09-22,1,24979.8
16715.0,2011-09-22,2011-09-22,1,5732.68
13519.0,2011-09-22,2011-09-22,1,473.7
17311.0,2011-09-22,2011-01-27,2,30661.34
14147.0,2011-09-22,2011-02-27,2,240.0
13529.0,2011-09-22,2011-05-19,2,1410.28
12930.0,2011-09-22,2011-06-21,2,4851.17
12854.0,2011-09-22,2011-01-25,3,44897.41
12609.0,2011-09-22,2011-01-25,3,19413.67
15067.0,2011-09-22,2011-03-02,3,39900.73
13055.0,2011-09-22,2011-05-10,3,43164.4
14038.0,2011-09-22,2011-05-16,3,52433.32
12409.0,2011-09-22,2011-06-10,3,494628.67
13486.0,2011-09-22,2011-07-07,3,24913.64
15810.0,2011-09-22,2011-02-16,4,35047.26
13220.0,2011-09-22,2011-04-17,4,2944.08
13320.0,2011-09-22,2011-05-10,4,46439.2
16735.0,2011-09-22,2011-01-09,5,69615.5
17027.0,2011-09-22,2011-01-26,6,29845.46
14854.0,2011-09-22,2011-03-10,7,61572.17
17506.0,2011-09-25,2011-09-25,1,4230.8
16480.0,2011-09-25,2011-09-25,1,29130.13
17498.0,2011-09-25,2011-09-25,1,4627.74
17154.0,2011-09-25,2011-09-25,1,7574.82
16594.0,2011-09-25,2011-09-25,1,6857.06
14757.0,2011-09-25,2011-09-25,1,7119.0
16198.0,2011-09-25,2011-09-25,1,4150.64
13670.0,2011-09-25,2011-09-25,1,8742.5
18066.0,2011-09-25,2011-09-25,1,3180.0
14806.0,2011-09-25,2011-09-25,1,1844.4
15154.0,2011-09-25,2011-09-25,1,17937.6
13787.0,2011-09-25,2010-12-10,2,4708.98
15366.0,2011-09-25,2010-12-16,2,16041.48
12545.0,2011-09-25,2011-03-25,2,18102.42
14152.0,2011-09-25,2011-04-19,2,15256.39
16689.0,2011-09-25,2011-09-18,2,2611.32
15799.0,2011-09-25,2011-01-09,3,28170.06
18155.0,2011-09-25,2011-02-21,3,3220.73
14561.0,2011-09-25,2011-06-08,3,26178.79
12348.0,2011-09-25,2010-12-16,4,13230.0
15312.0,2011-09-25,2010-12-20,4,11624.47
16342.0,2011-09-25,2011-06-13,4,908.34
14235.0,2011-09-25,2011-03-24,5,54007.17
13390.0,2011-09-26,2011-09-26,1,5096.16
13927.0,2011-09-26,2011-09-26,1,7328.79
14908.0,2011-09-26,2011-09-26,1,1262.1
13639.0,2011-09-26,2011-09-26,1,41333.6
15958.0,2011-09-26,2011-09-26,1,730.45
15243.0,2011-09-26,2011-09-26,1,6966.96
16468.0,2011-09-26,2011-09-26,1,62.4
13866.0,2011-09-26,2011-09-26,1,1019.69
14473.0,2011-09-26,2011-09-26,1,896.04
12612.0,2011-09-26,2011-09-26,1,12024.72
17674.0,2011-09-26,2010-12-06,2,7313.34
13233.0,2011-09-26,2011-01-07,2,12994.96
15626.0,2011-09-26,2011-01-14,2,16023.2
16778.0,2011-09-26,2011-03-10,2,1823.5
16383.0,2011-09-26,2011-03-16,2,33220.58
13434.0,2011-09-26,2011-09-04,2,2671.2
16603.0,2011-09-26,2011-09-09,2,8294.99
13405.0,2011-09-26,2011-01-26,3,5057.25
12412.0,2011-09-26,2011-06-23,3,23243.44
12823.0,2011-09-26,2011-02-16,5,1759.5
17997.0,2011-09-26,2011-06-28,8,37621.04
13514.0,2011-09-27,2011-09-27,1,608.8
17805.0,2011-09-27,2011-09-27,1,5123.1
18278.0,2011-09-27,2011-09-27,1,1565.1
13979.0,2011-09-27,2011-09-27,1,46972.98
16181.0,2011-09-27,2011-09-27,1,3360.94
13035.0,2011-09-27,2011-03-24,2,12829.2
14272.0,2011-09-27,2011-03-30,2,7787.01
12987.0,2011-09-27,2011-05-26,2,4491.85
17788.0,2011-09-27,2011-08-02,2,2218.8
16629.0,2011-09-27,2011-09-04,2,12503.89
14818.0,2011-09-27,2011-03-31,3,7898.67
13016.0,2011-09-27,2011-08-08,3,14887.9
16122.0,2011-09-27,2010-12-08,4,7729.74
15674.0,2011-09-27,2011-03-30,4,68698.77
13555.0,2011-09-27,2011-05-22,4,143334.37
12455.0,2011-09-27,2011-02-16,5,73465.04
17656.0,2011-09-27,2011-08-03,5,32915.4
14101.0,2011-09-27,2011-01-17,6,35893.92
17591.0,2011-09-27,2010-12-07,7,36050.87
16266.0,2011-09-27,2011-05-17,7,5919.44
17061.0,2011-09-27,2011-04-21,11,46780.85
15827.0,2011-09-27,2010-12-02,14,14720.56
14109.0,2011-09-28,2011-09-28,1,1297.8
15348.0,2011-09-28,2011-09-28,1,1422.36
16281.0,2011-09-28,2011-09-28,1,35055.02
13061.0,2011-09-28,2011-09-28,1,2486.1
17513.0,2011-09-28,2011-09-28,1,3079.2
16909.0,2011-09-28,2011-09-28,1,6824.52
17783.0,2011-09-28,2011-04-06,2,9342.61
16690.0,2011-09-28,2011-05-22,2,1165.28
18265.0,2011-09-28,2011-07-04,2,13538.93
14947.0,2011-09-28,2011-08-01,2,2076.96
13321.0,2011-09-28,2011-09-14,2,2948.0
17950.0,2011-09-28,2010-12-09,3,9172.91
15036.0,2011-09-28,2011-06-13,3,24526.48
15841.0,2011-09-28,2011-01-05,4,14120.18
12393.0,2011-09-28,2011-01-11,4,29523.2
14609.0,2011-09-28,2011-02-16,4,601.56
16182.0,2011-09-28,2011-02-18,4,47179.0
13515.0,2011-09-28,2011-04-06,4,14758.52
13505.0,2011-09-28,2011-04-21,4,194751.34
18242.0,2011-09-28,2011-05-10,4,59122.78
17370.0,2011-09-28,2011-06-23,4,3457.68
13397.0,2011-09-28,2011-01-04,5,9564.65
14978.0,2011-09-28,2011-01-13,5,77961.36
16321.0,2011-09-28,2011-01-20,5,754.5
13901.0,2011-09-28,2011-01-25,5,127992.47
16681.0,2011-09-28,2011-03-31,6,15324.38
16650.0,2011-09-29,2011-09-29,1,11532.66
18192.0,2011-09-29,2011-09-29,1,38692.26
17427.0,2011-09-29,2011-09-29,1,201.6
15175.0,2011-09-29,2011-09-29,1,5155.22
13886.0,2011-09-29,2011-09-29,1,3059.84
13354.0,2011-09-29,2011-09-29,1,37920.03
13503.0,2011-09-29,2011-09-29,1,3087.2
16574.0,2011-09-29,2011-09-29,1,12640.32
12718.0,2011-09-29,2011-09-29,1,3099.95
12703.0,2011-09-29,2011-09-29,1,5311.0
13364.0,2011-09-29,2011-09-29,1,1349.6
16233.0,2011-09-29,2011-01-14,2,3986.04
12458.0,2011-09-29,2011-02-28,2,12506.24
15030.0,2011-09-29,2011-03-16,2,1920.36
16268.0,2011-09-29,2011-09-29,2,18362.94
14475.0,2011-09-29,2011-02-08,3,9331.46
12372.0,2011-09-29,2011-02-16,3,19773.22
18235.0,2011-09-29,2011-05-06,3,67795.02
13741.0,2011-09-29,2011-05-06,3,3983.29
14681.0,2011-09-29,2011-05-12,3,168.0
18204.0,2011-09-29,2011-05-31,3,115063.24
16589.0,2011-09-29,2011-07-01,3,6043.2
17724.0,2011-09-29,2011-07-24,3,10948.2
14305.0,2011-09-29,2011-07-27,3,94777.67
17572.0,2011-09-29,2010-12-01,4,616.8
17905.0,2011-09-29,2010-12-01,4,5128.85
15062.0,2011-09-29,2010-12-15,4,15074.68
12728.0,2011-09-29,2011-01-11,4,6926.65
17819.0,2011-09-29,2010-12-03,6,17428.23
14409.0,2011-09-29,2010-12-06,6,28862.62
17894.0,2011-09-29,2010-12-08,8,23190.8
13801.0,2011-10-04,2011-10-04,1,4997.0
16881.0,2011-10-04,2011-10-04,1,432.0
15255.0,2011-10-04,2011-10-04,1,39806.1
14184.0,2011-10-04,2011-10-04,1,5016.53
13351.0,2011-10-04,2011-10-04,1,4859.1
15739.0,2011-10-04,2011-10-04,1,3592.96
17957.0,2011-10-04,2011-10-04,1,3462.08
15276.0,2011-10-04,2011-10-04,1,6467.31
15339.0,2011-10-04,2011-01-25,2,23863.65
13792.0,2011-10-04,2011-02-25,2,1166.0
16374.0,2011-10-04,2011-03-22,2,27251.99
16253.0,2011-10-04,2011-03-29,2,228963.4
12512.0,2011-10-04,2011-10-04,2,3945.96
12413.0,2011-10-04,2011-01-06,3,8895.4
16882.0,2011-10-04,2011-01-26,3,11401.56
15181.0,2011-10-04,2011-03-15,3,2668.08
15228.0,2011-10-04,2011-02-18,4,107195.09
17667.0,2011-10-04,2011-02-14,5,57735.48
13317.0,2011-10-04,2010-12-16,6,68215.11
12457.0,2011-10-04,2011-04-14,6,30802.99
16556.0,2011-10-04,2010-12-14,7,90401.11
15241.0,2011-10-04,2011-03-01,8,26417.19
14462.0,2011-10-04,2011-01-04,11,44270.85
13552.0,2011-10-04,2011-01-28,12,33148.68
15127.0,2011-10-05,2011-10-05,1,6504.48
16106.0,2011-10-05,2011-10-05,1,650.28
13483.0,2011-10-05,2011-10-05,1,1403.4
17382.0,2011-10-05,2011-10-05,1,50.4
17222.0,2011-10-05,2011-10-05,1,9916.2
16803.0,2011-10-05,2011-10-05,1,7975.2
13947.0,2011-10-05,2011-10-05,1,453.0
16758.0,2011-10-05,2011-10-05,1,5526.72
17647.0,2011-10-05,2011-10-05,1,328.44
14054.0,2011-10-05,2011-10-05,1,554.76
18033.0,2011-10-05,2011-10-05,1,3330.98
16140.0,2011-10-05,2010-12-03,2,16638.06
14396.0,2011-10-05,2010-12-03,2,17236.37
15244.0,2011-10-05,2011-04-05,2,9862.44
13989.0,2011-10-05,2011-04-14,2,23860.49
15757.0,2011-10-05,2011-05-06,2,16871.64
14389.0,2011-10-05,2011-06-02,2,24415.84
16160.0,2011-10-05,2011-09-15,2,13146.6
15762.0,2011-10-05,2011-09-23,2,7943.57
16040.0,2011-10-05,2011-03-16,3,21239.01
15730.0,2011-10-05,2011-05-17,3,24605.37
17483.0,2011-10-05,2011-06-09,3,2917.94
15048.0,2011-10-05,2010-12-06,4,9313.12
16059.0,2011-10-05,2010-12-07,6,45040.92
13845.0,2011-10-06,2011-10-06,1,2816.82
15837.0,2011-10-06,2011-10-06,1,6652.6
13177.0,2011-10-06,2011-10-06,1,4801.65
14317.0,2011-10-06,2011-10-06,1,10077.76
13602.0,2011-10-06,2011-10-06,1,9864.47
16895.0,2011-10-06,2011-10-06,1,13416.08
13504.0,2011-10-06,2011-10-06,1,4949.12
13422.0,2011-10-06,2011-10-06,1,297753.2
15264.0,2011-10-06,2011-10-06,1,9056.02
16432.0,2011-10-06,2011-10-06,1,2299.2
14518.0,2011-10-06,2011-10-06,1,2084.88
15937.0,2011-10-06,2011-10-06,1,1017.45
12923.0,2011-10-06,2011-10-06,1,4397.96
15766.0,2011-10-06,2011-10-06,1,2895.6
15300.0,2011-10-06,2011-10-06,1,11815.44
13348.0,2011-10-06,2011-10-06,1,3272.64
13049.0,2011-10-06,2011-01-25,2,3363.96
14538.0,2011-10-06,2011-03-28,2,3509.4
14819.0,2011-10-06,2011-05-31,2,1481.31
13023.0,2011-10-06,2011-08-02,2,10783.6
15315.0,2011-10-06,2011-08-15,2,10812.8
13591.0,2011-10-06,2011-03-18,3,14461.99
15306.0,2011-10-06,2011-07-14,3,19876.7
15706.0,2011-10-06,2011-08-15,3,15976.92
14959.0,2011-10-06,2011-02-16,4,11490.52
15416.0,2011-10-06,2011-03-02,4,154411.29
17921.0,2011-10-06,2011-03-18,4,30013.92
13771.0,2011-10-06,2011-04-06,4,85270.0
14257.0,2011-10-06,2011-01-25,5,82477.0
16184.0,2011-10-06,2011-05-12,6,10172.15
16316.0,2011-10-06,2010-12-16,7,55056.12
12939.0,2011-10-06,2011-01-09,8,91864.32
15518.0,2011-10-06,2011-01-11,8,63958.84
17030.0,2011-10-07,2011-10-07,1,1298.7
12420.0,2011-10-07,2011-10-07,1,11379.36
14792.0,2011-10-07,2011-10-07,1,12.4
12519.0,2011-10-07,2011-10-07,1,4045.44
13359.0,2011-10-07,2011-10-07,1,8570.32
13876.0,2011-10-07,2011-10-07,1,592.8
12740.0,2011-10-07,2011-10-07,1,10675.6
13806.0,2011-10-07,2011-10-07,1,1963.17
13587.0,2011-10-07,2011-10-07,1,2891.0
13419.0,2011-10-07,2011-10-07,1,3536.96
13689.0,2011-10-07,2011-10-07,1,5460.0
13763.0,2011-10-07,2011-10-07,1,25724.4
12781.0,2011-10-07,2011-02-28,2,10376.22
13169.0,2011-10-07,2011-04-01,2,2250.56
12394.0,2011-10-07,2011-05-06,2,9939.42
14029.0,2011-10-07,2011-07-18,2,2974.94
12492.0,2011-10-07,2011-08-26,2,2055.32
13276.0,2011-10-07,2011-09-01,2,9713.99
14067.0,2011-10-07,2011-09-04,2,8586.87
16354.0,2011-10-07,2011-09-27,2,12913.1
18136.0,2011-10-07,2011-01-24,3,10090.75
12885.0,2011-10-07,2011-08-08,3,29503.58
14844.0,2011-10-07,2011-04-12,4,98419.16
15815.0,2011-10-07,2011-03-25,5,20717.44
16477.0,2011-10-07,2010-12-03,7,55363.41
16455.0,2011-10-07,2010-12-03,7,32184.28
15874.0,2011-10-07,2011-02-28,7,117900.16
15193.0,2011-10-10,2011-10-10,1,4775.81
14027.0,2011-10-10,2011-10-10,1,628.92
16179.0,2011-10-10,2011-10-10,1,1775.8
18169.0,2011-10-10,2011-10-10,1,1213.2
18126.0,2011-10-10,2011-10-10,1,11582.48
16982.0,2011-10-10,2011-10-10,1,8449.32
16776.0,2011-10-10,2011-10-10,1,27999.75
13980.0,2011-10-10,2011-10-10,1,1218.06
13352.0,2011-10-10,2011-10-10,1,8003.54
15553.0,2011-10-10,2011-10-10,1,21140.64
15886.0,2011-10-10,2011-10-10,1,1882.54
12607.0,2011-10-10,2011-10-10,1,156256.0
15211.0,2011-10-10,2010-12-09,2,13966.08
13473.0,2011-10-10,2011-01-11,2,3427.9
17462.0,2011-10-10,2011-02-28,2,8143.04
14128.0,2011-10-10,2011-03-29,2,14069.46
14451.0,2011-10-10,2011-05-29,2,34740.63
13224.0,2011-10-10,2011-07-11,2,103295.01
17025.0,2011-10-10,2010-12-01,3,1377.53
16385.0,2011-10-10,2010-12-08,3,9277.24
13666.0,2011-10-10,2011-02-25,3,333.15
13373.0,2011-10-10,2011-03-08,3,156410.01
14535.0,2011-10-10,2011-04-05,3,304545.32
14529.0,2011-10-10,2011-08-21,3,47306.64
17552.0,2011-10-10,2010-12-02,4,24469.97
17648.0,2011-10-10,2011-04-04,4,32986.14
17589.0,2011-10-10,2011-04-13,4,145093.22
15128.0,2011-10-10,2011-05-04,4,35505.56
15304.0,2011-10-10,2010-12-06,5,750.25
16395.0,2011-10-10,2011-01-13,5,64818.34
14665.0,2011-10-10,2011-02-02,5,30018.0
17214.0,2011-10-10,2010-12-15,6,12091.75
17284.0,2011-10-10,2011-01-07,6,123948.6
14201.0,2011-10-10,2010-12-15,7,4013.3
12772.0,2011-10-11,2011-10-11,1,27689.4
12371.0,2011-10-11,2011-10-11,1,86469.6
17620.0,2011-10-11,2011-10-11,1,142.32
12824.0,2011-10-11,2011-10-11,1,9928.0
16171.0,2011-10-11,2011-10-11,1,219.6
12536.0,2011-10-11,2011-10-11,1,943304.13
13690.0,2011-10-11,2011-10-11,1,682.5
13283.0,2011-10-11,2011-06-07,2,391.8
16861.0,2011-10-11,2011-07-04,2,553.44
13109.0,2011-10-11,2011-07-05,2,18460.27
14857.0,2011-10-11,2011-07-14,2,27706.98
13919.0,2011-10-11,2011-08-10,2,4185.06
14175.0,2011-10-11,2011-01-14,3,155491.36
16136.0,2011-10-11,2011-03-07,3,9303.72
13517.0,2011-10-11,2011-06-13,3,108372.35
12530.0,2011-10-11,2011-01-07,4,21237.47
12836.0,2011-10-11,2011-02-01,4,76807.89
15199.0,2011-10-11,2011-02-04,4,3551.1
16120.0,2011-10-11,2011-10-11,4,22733.28
16086.0,2011-10-11,2010-12-07,5,7719.5
13627.0,2011-10-11,2010-12-17,5,26593.45
17863.0,2011-10-11,2010-12-05,6,83222.92
15370.0,2011-10-11,2011-01-11,6,31413.14
14952.0,2011-10-11,2010-12-10,11,103481.54
14642.0,2011-10-12,2011-10-12,1,192.24
12602.0,2011-10-12,2011-10-12,1,1421.42
17190.0,2011-10-12,2011-10-12,1,4495.32
16753.0,2011-10-12,2011-10-12,1,7108.86
13464.0,2011-10-12,2011-10-12,1,22449.01
18277.0,2011-10-12,2011-10-12,1,883.04
12667.0,2011-10-12,2011-10-12,1,12783.9
17913.0,2011-10-12,2010-12-19,2,12178.95
14761.0,2011-10-12,2011-01-09,2,1316.1
17489.0,2011-10-12,2011-05-11,2,5522.0
15840.0,2011-10-12,2011-06-20,2,4980.96
14775.0,2011-10-12,2010-12-02,3,20238.0
17064.0,2011-10-12,2011-01-16,3,13434.7
15831.0,2011-10-12,2011-01-19,3,18029.3
16203.0,2011-10-12,2010-12-02,4,5806.7
15421.0,2011-10-12,2011-02-02,4,16669.66
13865.0,2011-10-12,2011-02-23,4,3178.69
12633.0,2011-10-12,2011-02-25,4,55879.93
12679.0,2011-10-12,2011-03-01,4,24543.64
18171.0,2011-10-12,2011-01-10,5,10786.96
13520.0,2011-10-12,2010-12-03,6,46622.84
15038.0,2011-10-12,2010-12-05,6,10433.37
13208.0,2011-10-12,2011-02-03,6,36043.99
16652.0,2011-10-12,2011-03-11,6,151390.7
14852.0,2011-10-12,2011-04-01,6,68025.3
14541.0,2011-10-12,2011-01-24,8,27608.56
13842.0,2011-10-12,2010-12-08,9,64785.94
15281.0,2011-10-12,2011-01-10,9,52817.59
14537.0,2011-10-13,2011-10-13,1,3555.6
17279.0,2011-10-13,2011-10-13,1,611.58
12446.0,2011-10-13,2011-10-13,1,37625.28
12631.0,2011-10-13,2011-10-13,1,10725.0
14975.0,2011-10-13,2011-10-13,1,3079.34
13853.0,2011-10-13,2011-10-13,1,15906.8
16773.0,2011-10-13,2011-10-13,1,4041.0
16430.0,2011-10-13,2011-10-13,1,1805.1
16793.0,2011-10-13,2011-10-13,1,3402.6
17614.0,2011-10-13,2011-10-13,1,34766.74
13858.0,2011-10-13,2011-10-13,1,1991.7
17181.0,2011-10-13,2010-12-01,2,1113.84
14555.0,2011-10-13,2011-02-10,2,3798.04
16121.0,2011-10-13,2011-05-08,2,97187.78
14421.0,2011-10-13,2011-05-12,2,9715.68
18160.0,2011-10-13,2011-05-23,2,11178.25
12876.0,2011-10-13,2011-05-27,2,78920.65
17169.0,2011-10-13,2011-06-09,2,21705.2
13930.0,2011-10-13,2011-07-26,2,2991.38
15272.0,2011-10-13,2011-09-14,2,15955.57
14624.0,2011-10-13,2011-10-11,2,2538.6
13487.0,2011-10-13,2010-12-21,3,6201.95
13827.0,2011-10-13,2011-07-19,3,7217.99
12359.0,2011-10-13,2011-01-12,4,229789.61
15367.0,2011-10-13,2011-03-09,4,53518.45
12613.0,2011-10-13,2011-03-22,4,169464.21
16224.0,2011-10-13,2011-04-04,4,31156.14
16770.0,2011-10-13,2010-12-02,5,22389.66
14976.0,2011-10-13,2011-01-17,6,8641.22
17509.0,2011-10-13,2011-10-07,8,297516.51
13911.0,2011-10-13,2011-02-04,9,43080.18
12475.0,2011-10-17,2011-10-17,1,23428.3
16542.0,2011-10-17,2011-10-17,1,598.1
18042.0,2011-10-17,2011-10-17,1,560.1
16563.0,2011-10-17,2011-10-17,1,15551.04
17201.0,2011-10-17,2011-10-17,1,13705.2
17520.0,2011-10-17,2011-10-17,1,11835.46
13923.0,2011-10-17,2011-10-17,1,6348.47
16412.0,2011-10-17,2011-10-17,1,5314.05
17205.0,2011-10-17,2011-10-17,1,4993.04
17534.0,2011-10-17,2011-10-17,1,2010.24
15335.0,2011-10-17,2011-10-17,1,5791.45
16737.0,2011-10-17,2011-10-17,1,417.6
15066.0,2011-10-17,2011-10-17,1,29757.42
17206.0,2011-10-17,2011-10-17,1,1429.68
17785.0,2011-10-17,2011-10-17,1,1481.28
16932.0,2011-10-17,2011-10-17,1,8582.82
16363.0,2011-10-17,2011-10-17,1,301.44
14830.0,2011-10-17,2011-10-17,1,7885.2
17244.0,2011-10-17,2011-10-17,1,29601.9
15598.0,2011-10-17,2011-10-17,1,2907.84
15012.0,2011-10-17,2010-12-01,2,23221.02
12794.0,2011-10-17,2011-09-02,2,18904.24
17734.0,2011-10-17,2011-04-20,3,12376.62
12473.0,2011-10-17,2011-06-01,3,180818.81
14443.0,2011-10-17,2010-12-06,4,32545.39
16389.0,2011-10-17,2011-03-01,4,10506.74
12463.0,2011-10-17,2011-04-12,4,22253.06
17527.0,2011-10-17,2011-05-05,4,8687.51
13750.0,2011-10-17,2011-01-07,5,7871.45
13875.0,2011-10-17,2011-02-11,5,34224.0
13265.0,2011-10-17,2011-03-11,5,39210.28
13015.0,2011-10-17,2011-04-04,5,144466.31
14841.0,2011-10-17,2010-12-16,6,68083.16
17612.0,2011-10-17,2011-02-15,6,43621.29
14211.0,2011-10-17,2011-02-17,9,32264.36
15637.0,2011-10-18,2011-10-18,1,3350.4
16848.0,2011-10-18,2011-10-18,1,3939.88
15678.0,2011-10-18,2011-10-18,1,4232.4
14015.0,2011-10-18,2011-10-18,1,18346.8
13594.0,2011-10-18,2011-10-18,1,10321.22
15327.0,2011-10-18,2011-10-18,1,875.7
14861.0,2011-10-18,2011-10-18,1,754.74
12611.0,2011-10-18,2011-10-18,1,66149.62
12863.0,2011-10-18,2011-10-18,1,724.8
15604.0,2011-10-18,2011-10-18,1,3678.63
14381.0,2011-10-18,2011-10-18,1,11350.08
13805.0,2011-10-18,2011-08-02,2,5971.96
13032.0,2011-10-18,2011-09-13,2,30524.85
17679.0,2011-10-18,2011-09-15,2,33352.32
16730.0,2011-10-18,2011-01-24,3,21176.09
14798.0,2011-10-18,2011-02-02,3,802.88
16940.0,2011-10-18,2011-02-23,3,311519.06
12759.0,2011-10-18,2011-03-09,3,39567.77
13637.0,2011-10-18,2011-04-27,3,31996.85
12360.0,2011-10-18,2011-05-23,3,82183.76
16734.0,2011-10-18,2011-08-17,3,12736.64
17262.0,2011-10-18,2010-12-08,5,2486.32
16515.0,2011-10-18,2011-02-01,5,31475.27
16249.0,2011-10-18,2011-04-14,5,24944.37
15505.0,2011-10-18,2011-07-07,5,76012.56
14639.0,2011-10-18,2010-12-13,6,84516.76
15140.0,2011-10-18,2011-03-20,7,29402.77
16123.0,2011-10-19,2011-10-19,1,4318.2
17148.0,2011-10-19,2011-10-19,1,1123.92
17973.0,2011-10-19,2011-10-19,1,5055.6
15610.0,2011-10-19,2011-10-19,1,674.76
15853.0,2011-10-19,2011-10-19,1,3324.0
18019.0,2011-10-19,2011-10-19,1,114.0
15468.0,2011-10-19,2011-10-19,1,9389.82
16826.0,2011-10-19,2011-10-19,1,6907.95
17824.0,2011-10-19,2011-10-19,1,3879.2
15803.0,2011-10-19,2011-10-19,1,3326.56
15006.0,2011-10-19,2011-10-19,1,63936.6
14799.0,2011-10-19,2011-10-19,1,1406.35
12596.0,2011-10-19,2011-04-11,2,4715.85
13849.0,2011-10-19,2011-06-22,2,67145.63
14306.0,2011-10-19,2011-09-15,2,38914.64
17934.0,2011-10-19,2011-10-12,2,10484.6
14229.0,2011-10-19,2011-01-10,3,15755.29
15754.0,2011-10-19,2011-04-07,3,4698.21
12370.0,2011-10-19,2010-12-14,4,190508.16
16470.0,2011-10-19,2010-12-16,4,34142.34
16621.0,2011-10-19,2011-03-07,4,2209.59
14273.0,2011-10-19,2011-04-11,4,4516.57
16131.0,2011-10-19,2011-04-14,5,56069.7
15220.0,2011-10-19,2011-03-04,6,37184.78
14107.0,2011-10-19,2010-12-10,7,47613.29
13491.0,2011-10-19,2010-12-02,10,10535.32
14776.0,2011-10-19,2011-01-31,11,38529.06
16260.0,2011-10-20,2011-10-20,1,12156.75
14638.0,2011-10-20,2011-10-20,1,5622.4
17354.0,2011-10-20,2011-10-20,1,22288.96
15664.0,2011-10-20,2011-10-20,1,4671.45
13245.0,2011-10-20,2011-10-20,1,2858.35
14923.0,2011-10-20,2011-10-20,1,26227.5
16177.0,2011-10-20,2011-10-20,1,2318.25
13366.0,2011-10-20,2011-10-20,1,56.16
16846.0,2011-10-20,2011-10-20,1,2357.52
14484.0,2011-10-20,2011-10-20,1,4506.88
13897.0,2011-10-20,2011-10-20,1,5289.72
14585.0,2011-10-20,2011-10-20,1,4159.4
17125.0,2011-10-20,2011-10-20,1,6961.5
15836.0,2011-10-20,2011-10-20,1,199.88
17672.0,2011-10-20,2011-02-03,2,134222.64
15121.0,2011-10-20,2011-02-24,2,5695.91
13573.0,2011-10-20,2011-03-31,2,5323.17
17764.0,2011-10-20,2011-05-12,2,30479.79
13761.0,2011-10-20,2011-06-13,2,37734.44
18252.0,2011-10-20,2011-06-21,2,34297.8
12556.0,2011-10-20,2011-07-11,2,32768.97
13669.0,2011-10-20,2011-07-13,2,1093.2
14495.0,2011-10-20,2011-08-10,2,414.0
15469.0,2011-10-20,2011-08-11,2,4159.25
14261.0,2011-10-20,2011-09-22,2,27919.4
15565.0,2011-10-20,2011-09-30,2,692.64
14427.0,2011-10-20,2011-10-07,2,5189.44
17420.0,2011-10-20,2010-12-01,3,4461.98
16593.0,2011-10-20,2011-01-16,3,2661.1
14631.0,2011-10-20,2011-02-14,3,13415.44
18149.0,2011-10-20,2011-03-11,3,3397.34
16099.0,2011-10-20,2011-04-28,3,10585.7
15807.0,2011-10-20,2011-09-23,3,25015.3
15587.0,2011-10-20,2010-12-23,4,2172.24
17571.0,2011-10-20,2011-02-14,4,159434.34
17092.0,2011-10-20,2011-03-07,4,66493.44
17007.0,2011-10-20,2010-12-17,6,8040.63
15296.0,2011-10-20,2011-01-17,6,131087.15
16170.0,2011-10-20,2011-04-05,6,36798.11
15129.0,2011-10-20,2011-02-21,11,28002.48
15301.0,2011-10-20,2010-12-06,12,109822.81
15592.0,2011-10-24,2011-10-24,1,9325.92
15277.0,2011-10-24,2011-10-24,1,3070.8
16491.0,2011-10-24,2011-10-24,1,25980.6
14764.0,2011-10-24,2011-10-24,1,1669.8
15142.0,2011-10-24,2011-10-24,1,12967.24
17344.0,2011-10-24,2011-10-24,1,4202.67
18240.0,2011-10-24,2011-10-24,1,2535.48
14474.0,2011-10-24,2011-10-24,1,8532.92
14139.0,2011-10-24,2011-10-24,1,9798.0
15844.0,2011-10-24,2011-10-24,1,1088.4
13176.0,2011-10-24,2011-10-24,1,31118.31
13165.0,2011-10-24,2010-12-23,2,23948.68
15068.0,2011-10-24,2011-03-28,2,24206.0
17423.0,2011-10-24,2011-05-06,2,8678.47
17004.0,2011-10-24,2011-09-08,2,31702.0
12546.0,2011-10-24,2011-09-23,2,35990.8
17186.0,2011-10-24,2011-10-10,2,144.0
15806.0,2011-10-24,2011-03-08,3,8458.0
16023.0,2011-10-24,2011-03-18,3,18845.46
16325.0,2011-10-24,2011-04-08,3,3302.6
14997.0,2011-10-24,2011-06-14,3,5300.92
14019.0,2011-10-24,2011-07-24,3,28920.55
15786.0,2011-10-24,2011-08-17,3,575824.84
15801.0,2011-10-24,2011-08-22,3,41269.02
15215.0,2011-10-24,2011-09-04,3,7551.68
17317.0,2011-10-24,2011-09-11,3,14767.98
16444.0,2011-10-24,2011-03-20,4,13007.9
16728.0,2011-10-24,2011-03-20,4,68833.93
14145.0,2011-10-24,2011-05-06,4,11167.2
14312.0,2011-10-24,2011-01-06,6,24540.43
16019.0,2011-10-24,2010-12-10,9,69079.52
12398.0,2011-10-25,2011-10-25,1,120595.44
15345.0,2011-10-25,2011-10-25,1,2995.07
16708.0,2011-10-25,2011-10-25,1,15070.75
18045.0,2011-10-25,2011-10-25,1,8321.4
13182.0,2011-10-25,2011-10-25,1,1332.98
15158.0,2011-10-25,2011-10-25,1,2809.8
16056.0,2011-10-25,2011-10-25,1,32343.0
17928.0,2011-10-25,2011-04-07,2,1546.08
13601.0,2011-10-25,2011-05-12,2,33921.24
15630.0,2011-10-25,2011-05-19,2,31244.44
18147.0,2011-10-25,2011-08-23,2,636.9
14001.0,2011-10-25,2010-12-01,3,24843.6
13652.0,2011-10-25,2010-12-06,3,23568.2
17917.0,2011-10-25,2010-12-12,3,10148.55
16110.0,2011-10-25,2011-02-01,3,156691.27
17024.0,2011-10-25,2011-07-05,3,95.85
15656.0,2011-10-25,2011-02-28,4,7328.41
18079.0,2011-10-25,2011-04-15,4,124054.54
13481.0,2011-10-25,2011-03-28,5,52135.38
16258.0,2011-10-25,2011-05-04,5,134686.78
13340.0,2011-10-25,2011-03-08,7,310022.42
14341.0,2011-10-25,2011-01-25,8,50283.15
12812.0,2011-10-26,2011-10-26,1,3444.6
16071.0,2011-10-26,2011-10-26,1,5686.51
17712.0,2011-10-26,2011-10-26,1,10483.46
14598.0,2011-10-26,2011-10-26,1,11098.5
15320.0,2011-10-26,2011-10-26,1,9052.05
16415.0,2011-10-26,2011-10-26,1,10621.2
12448.0,2011-10-26,2011-10-26,1,6009.0
16345.0,2011-10-26,2011-10-26,1,14620.34
17895.0,2011-10-26,2011-10-26,1,1568.0
14754.0,2011-10-26,2011-02-17,2,13235.04
14379.0,2011-10-26,2011-02-17,2,8763.14
16208.0,2011-10-26,2011-02-23,2,17204.4
15990.0,2011-10-26,2011-02-25,2,16375.55
14690.0,2011-10-26,2011-07-11,2,9539.38
16454.0,2011-10-26,2011-10-06,2,6.9
15821.0,2011-10-26,2011-10-09,2,12126.15
12456.0,2011-10-26,2011-03-30,3,88547.34
16418.0,2011-10-26,2011-04-27,3,18722.12
12879.0,2011-10-26,2011-09-09,3,1860.16
15516.0,2011-10-26,2011-10-24,3,481.83
13107.0,2011-10-26,2011-01-10,4,26773.74
15835.0,2011-10-26,2011-01-13,4,9752.2
17175.0,2011-10-26,2011-02-16,4,21354.46
16188.0,2011-10-26,2011-04-11,4,18061.53
17470.0,2011-10-26,2010-12-07,5,18857.14
15240.0,2011-10-26,2011-02-01,5,25396.51
16225.0,2011-10-26,2011-03-07,5,40410.81
16750.0,2011-10-26,2011-04-21,5,10032.88
14315.0,2011-10-26,2011-03-18,6,53057.03
18226.0,2011-10-26,2011-01-06,11,112660.66
15659.0,2011-10-27,2011-10-27,1,3370.95
18276.0,2011-10-27,2011-10-27,1,4702.04
17684.0,2011-10-27,2011-10-27,1,3045.14
17878.0,2011-10-27,2011-10-27,1,8629.2
14752.0,2011-10-27,2011-10-27,1,1948.2
16847.0,2011-10-27,2011-10-27,1,2321.28
16026.0,2011-10-27,2011-10-27,1,7554.88
12430.0,2011-10-27,2011-10-27,1,1517.4
14357.0,2011-10-27,2011-10-27,1,8632.8
16680.0,2011-10-27,2011-10-27,1,1197.6
15791.0,2011-10-27,2011-05-19,2,59204.11
17414.0,2011-10-27,2011-06-08,2,3170.0
15014.0,2011-10-27,2011-06-16,2,4911.27
14716.0,2011-10-27,2011-07-14,2,8852.72
18261.0,2011-10-27,2011-09-05,2,3604.54
13416.0,2011-10-27,2011-09-19,2,4208.5
17459.0,2011-10-27,2011-10-10,2,30354.33
17545.0,2011-10-27,2011-10-27,3,29146.38
14842.0,2011-10-27,2011-02-04,4,140796.72
16232.0,2011-10-27,2011-05-08,4,9349.0
15288.0,2011-10-27,2010-12-09,5,42871.09
13654.0,2011-10-27,2011-03-11,6,82575.84
13538.0,2011-10-27,2011-01-28,7,5237.25
14004.0,2011-10-27,2011-02-24,7,94057.4
15622.0,2011-10-27,2011-03-02,9,140421.84
14239.0,2011-10-27,2011-01-27,11,26613.47
16648.0,2011-10-28,2011-10-28,1,5522.54
14218.0,2011-10-28,2011-10-28,1,2033.76
15096.0,2011-10-28,2011-10-28,1,2068.9
17839.0,2011-10-28,2011-10-28,1,18972.8
17418.0,2011-10-28,2011-01-20,2,7337.94
12895.0,2011-10-28,2011-09-14,2,3850.7
14412.0,2011-10-28,2011-09-28,2,15555.96
16554.0,2011-10-28,2011-01-12,3,19217.77
18287.0,2011-10-28,2011-05-22,3,58738.04
16102.0,2011-10-28,2011-08-03,3,33558.68
13812.0,2011-10-28,2011-08-26,3,6319.5
17272.0,2011-10-28,2011-03-22,4,74547.78
12432.0,2011-10-28,2011-06-20,4,167414.32
16150.0,2011-10-28,2010-12-02,5,44896.04
14498.0,2011-10-28,2010-12-13,5,88306.31
14232.0,2011-10-28,2011-03-20,5,54193.73
14738.0,2011-10-28,2011-01-27,7,10533.06
17669.0,2011-10-28,2011-04-04,7,35717.12
17837.0,2011-10-28,2011-06-29,8,29271.33
12678.0,2011-10-28,2010-12-21,9,666896.41
14221.0,2011-10-28,2011-01-04,9,79999.22
13993.0,2011-10-28,2011-01-13,9,35227.91
16843.0,2011-10-28,2011-01-16,16,405712.27
16601.0,2011-10-30,2011-10-30,1,4957.4
13278.0,2011-10-30,2011-10-30,1,23750.1
14582.0,2011-10-30,2011-10-30,1,471.05
15748.0,2011-10-30,2011-10-30,1,2787.2
14158.0,2011-10-30,2011-10-30,1,16486.68
15385.0,2011-10-30,2011-10-30,1,3802.56
14295.0,2011-10-30,2011-10-30,1,831.0
18067.0,2011-10-30,2011-10-30,1,11166.05
16190.0,2011-10-30,2011-10-30,1,626.15
13607.0,2011-10-30,2011-10-30,1,57702.84
17018.0,2011-10-30,2011-01-18,2,6390.9
17255.0,2011-10-30,2011-02-13,2,11137.48
13421.0,2011-10-30,2011-02-22,2,92215.87
13566.0,2011-10-30,2011-09-18,2,82666.15
17447.0,2011-10-30,2011-09-29,2,11781.84
15478.0,2011-10-30,2011-10-14,2,23817.99
14179.0,2011-10-30,2011-10-18,2,66955.38
15376.0,2011-10-30,2011-05-01,3,49398.99
15865.0,2011-10-30,2011-05-10,3,4822.46
13617.0,2011-10-30,2011-06-12,3,7665.87
16049.0,2011-10-30,2011-09-25,3,130679.21
17796.0,2011-10-30,2010-12-05,4,13997.0
16235.0,2011-10-30,2011-01-11,4,6798.29
17373.0,2011-10-30,2011-01-31,4,9481.42
15669.0,2011-10-30,2011-03-21,4,5589.62
17609.0,2011-10-30,2011-01-16,5,66536.55
14077.0,2011-10-30,2011-03-10,5,4194.51
13524.0,2011-10-30,2011-05-04,5,3667.02
15708.0,2011-10-30,2010-12-05,7,111364.14
17213.0,2011-10-30,2010-12-08,7,59343.11
15521.0,2011-10-30,2011-03-30,7,63955.53
15860.0,2011-10-30,2010-12-06,8,14714.93
17372.0,2011-10-30,2010-12-12,8,41332.82
15059.0,2011-10-30,2011-01-09,9,30844.71
14810.0,2011-10-30,2010-12-05,11,49818.83
14040.0,2011-10-30,2011-01-12,12,93188.36
12581.0,2011-10-31,2011-10-31,1,2206.88
15360.0,2011-10-31,2011-10-31,1,5563.09
13103.0,2011-10-31,2011-10-31,1,851.64
15667.0,2011-10-31,2011-10-31,1,3917.16
13651.0,2011-10-31,2011-10-31,1,396.0
12552.0,2011-10-31,2011-10-31,1,2364.67
16127.0,2011-10-31,2011-10-31,1,26250.0
12588.0,2011-10-31,2011-10-31,1,398.25
13544.0,2011-10-31,2011-04-13,2,11207.68
16018.0,2011-10-31,2011-06-12,2,4405.0
12571.0,2011-10-31,2011-08-10,2,8902.1
16836.0,2011-10-31,2011-08-15,2,1627.59
12522.0,2011-10-31,2011-10-19,2,783.6
17951.0,2011-10-31,2010-12-01,3,8023.44
16969.0,2011-10-31,2011-06-01,3,11888.71
15329.0,2011-10-31,2011-06-21,3,17207.1
13186.0,2011-10-31,2011-08-03,3,57065.9
13145.0,2011-10-31,2011-08-04,3,495.36
13982.0,2011-10-31,2010-12-09,4,54875.2
14167.0,2011-10-31,2011-01-12,4,6264.91
13813.0,2011-10-31,2011-07-28,4,17478.02
12909.0,2011-10-31,2011-03-31,5,21793.8
15752.0,2011-10-31,2010-12-02,7,160061.76
17396.0,2011-10-31,2010-12-03,7,25210.2
15974.0,2011-10-31,2011-02-24,7,81660.93
14808.0,2011-10-31,2011-06-20,7,82966.06
18257.0,2011-10-31,2011-02-16,8,43281.22
13697.0,2011-11-01,2011-11-01,1,1815.6
14345.0,2011-11-01,2011-11-01,1,653.88
16830.0,2011-11-01,2011-11-01,1,7495.93
12491.0,2011-11-01,2011-11-01,1,9541.2
14485.0,2011-11-01,2011-11-01,1,6628.5
15423.0,2011-11-01,2011-11-01,1,87.0
16971.0,2011-11-01,2011-11-01,1,3858.26
15847.0,2011-11-01,2011-02-24,2,3537.26
13292.0,2011-11-01,2011-02-28,2,5820.03
14995.0,2011-11-01,2011-03-04,2,6303.07
18270.0,2011-11-01,2011-03-18,2,1322.0
17733.0,2011-11-01,2011-03-23,2,8998.11
17166.0,2011-11-01,2011-05-20,2,1433.4
16825.0,2011-11-01,2011-06-07,2,8513.12
13726.0,2011-11-01,2011-08-31,2,21684.26
15018.0,2011-11-01,2010-12-07,3,2787.08
16960.0,2011-11-01,2011-04-01,3,16472.6
14383.0,2011-11-01,2011-06-29,3,22659.72
13461.0,2011-11-01,2011-06-29,3,14063.8
12674.0,2011-11-01,2011-05-16,4,31189.46
13327.0,2011-11-01,2010-12-09,8,59209.72
17696.0,2011-11-01,2010-12-10,8,35657.21
16729.0,2011-11-01,2011-04-12,21,253887.7
16029.0,2011-11-01,2010-12-01,62,434629.17
15830.0,2011-11-02,2011-11-02,1,20054.0
15275.0,2011-11-02,2011-11-02,1,19706.04
15576.0,2011-11-02,2011-11-02,1,33168.33
18105.0,2011-11-02,2011-11-02,1,1760.01
18164.0,2011-11-02,2011-11-02,1,8898.7
14974.0,2011-11-02,2011-11-02,1,1795.31
17947.0,2011-11-02,2011-11-02,1,1590.12
18104.0,2011-11-02,2011-11-02,1,28676.32
13271.0,2011-11-02,2011-11-02,1,20868.48
14528.0,2011-11-02,2011-11-02,1,5902.74
17999.0,2011-11-02,2010-12-08,2,16327.64
16367.0,2011-11-02,2010-12-12,2,57335.51
13904.0,2011-11-02,2011-02-18,2,4602.72
16747.0,2011-11-02,2011-10-03,2,16885.94
16884.0,2011-11-02,2011-11-02,2,6078.96
16014.0,2011-11-02,2011-02-21,3,33635.1
16706.0,2011-11-02,2011-08-17,3,18924.32
16043.0,2011-11-02,2011-01-26,4,6432.79
15065.0,2011-11-02,2011-02-21,4,95807.32
16308.0,2011-11-02,2011-03-23,4,2560.0
13316.0,2011-11-02,2011-03-30,4,135778.9
17966.0,2011-11-02,2011-03-23,5,11188.78
13477.0,2011-11-02,2011-02-21,6,22070.24
12830.0,2011-11-02,2011-06-21,6,60575.92
12779.0,2011-11-02,2010-12-03,8,70832.6
17800.0,2011-11-02,2011-01-09,9,13178.65
12594.0,2011-11-02,2011-01-21,9,56947.9
17965.0,2011-11-02,2010-12-05,14,75630.85
17719.0,2011-11-02,2011-03-29,15,69454.37
16337.0,2011-11-03,2011-11-03,1,1198.35
14098.0,2011-11-03,2011-11-03,1,3094.35
15551.0,2011-11-03,2011-11-03,1,7838.64
13721.0,2011-11-03,2011-11-03,1,13590.18
17403.0,2011-11-03,2011-11-03,1,8693.44
16914.0,2011-11-03,2011-11-03,1,6251.35
16602.0,2011-11-03,2011-11-03,1,14311.64
12544.0,2011-11-03,2011-11-03,1,5700.6
14636.0,2011-11-03,2011-03-16,2,8518.96
15252.0,2011-11-03,2011-06-09,2,17414.6
18205.0,2011-11-03,2011-09-26,2,6460.28
14815.0,2011-11-03,2011-10-03,2,24688.5
15612.0,2011-11-03,2011-10-09,2,429.95
17078.0,2011-11-03,2011-11-03,2,10008.6
12808.0,2011-11-03,2010-12-06,3,4091.8
16221.0,2011-11-03,2010-12-07,3,36320.13
17076.0,2011-11-03,2010-12-10,3,4457.06
17351.0,2011-11-03,2011-03-11,3,5155.85
15651.0,2011-11-03,2011-03-24,3,7560.7
18081.0,2011-11-03,2011-07-29,3,1549.8
14856.0,2011-11-03,2011-10-14,3,38691.74
17816.0,2011-11-03,2010-12-09,4,215.72
13168.0,2011-11-03,2011-01-25,4,52905.35
17653.0,2011-11-03,2011-08-11,4,15003.5
15605.0,2011-11-03,2010-12-01,5,14670.86
15998.0,2011-11-03,2010-12-12,5,311861.7
16409.0,2011-11-03,2011-01-26,5,93319.54
15227.0,2011-11-03,2011-01-26,5,11856.9
15809.0,2011-11-03,2011-02-10,5,4002.74
13636.0,2011-11-03,2011-02-27,5,9720.29
13728.0,2011-11-03,2011-02-02,6,10131.01
17442.0,2011-11-03,2011-02-22,6,49108.64
16841.0,2011-11-03,2011-02-25,6,36228.9
12352.0,2011-11-03,2011-02-16,7,12528.2
17634.0,2011-11-03,2011-01-06,9,74247.96
13324.0,2011-11-03,2010-12-14,10,52634.15
15010.0,2011-11-04,2011-11-04,1,5627.61
18022.0,2011-11-04,2011-11-04,1,120726.08
16318.0,2011-11-04,2011-11-04,1,6234.85
17274.0,2011-11-04,2011-11-04,1,3023.46
15597.0,2011-11-04,2011-11-04,1,7140.54
17233.0,2011-11-04,2011-11-04,1,3981.12
16887.0,2011-11-04,2011-11-04,1,7210.56
13938.0,2011-11-04,2011-11-04,1,501.62
14150.0,2011-11-04,2010-12-15,2,8608.6
12944.0,2011-11-04,2010-12-20,2,7115.4
12397.0,2011-11-04,2011-07-27,2,99472.55
16555.0,2011-11-04,2011-08-22,2,2439.1
17084.0,2011-11-04,2011-11-04,2,250627.05
12577.0,2011-11-04,2010-12-15,3,33574.65
13592.0,2011-11-04,2011-03-20,3,610.07
16012.0,2011-11-04,2011-07-07,3,32308.94
17703.0,2011-11-04,2011-07-24,3,14717.78
14592.0,2011-11-04,2011-10-06,3,31542.22
14971.0,2011-11-04,2011-10-27,3,68610.51
18035.0,2011-11-04,2011-10-27,3,11416.54
14913.0,2011-11-04,2010-12-15,4,25859.32
12484.0,2011-11-04,2011-01-07,4,309265.75
17979.0,2011-11-04,2011-03-25,4,30117.48
15707.0,2011-11-04,2011-09-14,4,47481.28
12928.0,2011-11-04,2010-12-15,5,33373.24
12576.0,2011-11-04,2011-02-08,5,22837.63
15722.0,2011-11-04,2011-02-22,5,30059.09
17930.0,2011-11-04,2011-04-14,5,13548.96
17203.0,2011-11-04,2011-10-10,6,79424.36
17193.0,2011-11-04,2011-06-16,7,13536.08
12431.0,2011-11-04,2010-12-01,15,95651.16
15017.0,2011-11-06,2011-11-06,1,2196.97
13532.0,2011-11-06,2011-11-06,1,13880.46
16445.0,2011-11-06,2011-11-06,1,12691.66
12638.0,2011-11-06,2011-11-06,1,19444.22
14174.0,2011-11-06,2011-11-06,1,3112.75
14039.0,2011-11-06,2011-11-06,1,913.2
15526.0,2011-11-06,2011-11-06,1,18.28
17831.0,2011-11-06,2011-11-06,1,70.8
15025.0,2011-11-06,2011-11-06,1,25919.26
12357.0,2011-11-06,2011-11-06,1,619078.59
12838.0,2011-11-06,2010-12-01,2,35667.21
17082.0,2011-11-06,2011-01-25,2,79742.76
13365.0,2011-11-06,2011-05-06,2,122344.04
14517.0,2011-11-06,2011-07-21,2,2831.4
13759.0,2011-11-06,2011-09-29,2,11429.22
16243.0,2011-11-06,2011-10-16,2,5271.7
16372.0,2011-11-06,2011-11-06,2,28752.06
17608.0,2011-11-06,2011-11-06,2,10887.76
13772.0,2011-11-06,2011-04-14,3,65459.29
18170.0,2011-11-06,2011-05-06,3,9103.39
16357.0,2011-11-06,2011-05-10,3,7729.72
16488.0,2011-11-06,2011-07-14,3,3990.94
15839.0,2011-11-06,2011-07-14,3,23583.51
15427.0,2011-11-06,2011-10-23,3,143233.21
13155.0,2011-11-06,2010-12-06,4,23858.8
16676.0,2011-11-06,2011-01-06,4,23817.16
12645.0,2011-11-06,2011-01-27,4,28553.18
15407.0,2011-11-06,2011-02-07,4,33519.64
15952.0,2011-11-06,2011-04-28,4,15837.48
13523.0,2011-11-06,2010-12-08,5,92405.3
16771.0,2011-11-06,2011-01-05,5,112470.09
13634.0,2011-11-06,2011-01-16,5,57806.78
14404.0,2011-11-06,2010-12-05,6,20058.87
17107.0,2011-11-06,2011-03-06,6,871719.59
13527.0,2011-11-06,2011-01-17,7,78732.3
16466.0,2011-11-06,2011-02-20,7,32986.36
15696.0,2011-11-06,2011-01-17,8,60591.1
14936.0,2011-11-06,2011-03-09,8,383440.61
15513.0,2011-11-06,2010-12-01,19,304635.46
17761.0,2011-11-07,2011-11-07,1,7646.08
15870.0,2011-11-07,2011-11-07,1,25919.25
14080.0,2011-11-07,2011-11-07,1,182.4
17623.0,2011-11-07,2011-11-07,1,16100.8
14073.0,2011-11-07,2011-11-07,1,1963.52
14929.0,2011-11-07,2011-11-07,1,1728.8
17430.0,2011-11-07,2010-12-09,2,1941.44
16053.0,2011-11-07,2011-08-09,2,67693.82
12832.0,2011-11-07,2011-09-02,2,5857.47
15522.0,2011-11-07,2011-09-13,2,12999.9
15330.0,2011-11-07,2011-10-10,2,4536.0
17158.0,2011-11-07,2010-12-14,3,27839.88
18036.0,2011-11-07,2011-04-08,3,12745.68
14700.0,2011-11-07,2011-04-15,3,78790.75
18150.0,2011-11-07,2011-05-22,3,7100.82
14387.0,2011-11-07,2011-08-22,3,78211.86
16612.0,2011-11-07,2011-02-01,4,19896.59
17043.0,2011-11-07,2011-03-18,4,42263.59
16637.0,2011-11-07,2011-04-28,4,17001.14
15618.0,2011-11-07,2011-07-26,4,10645.39
18016.0,2011-11-07,2010-12-10,5,36526.0
13824.0,2011-11-07,2011-02-02,5,17348.98
15785.0,2011-11-07,2011-02-17,5,35896.89
15493.0,2011-11-07,2011-03-14,5,89977.24
12408.0,2011-11-07,2011-03-24,5,55350.49
14623.0,2011-11-07,2011-04-18,5,21203.87
16362.0,2011-11-07,2011-09-09,5,17354.25
13717.0,2011-11-07,2011-02-14,6,21118.35
12472.0,2011-11-07,2010-12-05,7,321075.1
17164.0,2011-11-07,2011-03-11,7,71727.92
16348.0,2011-11-07,2011-04-13,7,38096.44
13097.0,2011-11-07,2010-12-14,10,187027.88
15719.0,2011-11-07,2011-01-06,13,378703.93
13710.0,2011-11-08,2011-11-08,1,1443.84
16732.0,2011-11-08,2011-11-08,1,16905.0
17219.0,2011-11-08,2011-11-08,1,2855.75
16505.0,2011-11-08,2011-11-08,1,3110.4
15957.0,2011-11-08,2011-11-08,1,15961.6
15043.0,2011-11-08,2011-11-08,1,1611.0
17313.0,2011-11-08,2011-11-08,1,55892.16
18216.0,2011-11-08,2011-11-08,1,7924.35
17022.0,2011-11-08,2011-11-08,1,497.0
15153.0,2011-11-08,2011-11-08,1,5318.1
17964.0,2011-11-08,2010-12-02,2,17068.14
16863.0,2011-11-08,2010-12-08,2,7233.6
13329.0,2011-11-08,2010-12-08,2,5884.8
15406.0,2011-11-08,2011-02-11,2,7917.23
12849.0,2011-11-08,2011-03-16,2,26519.47
17637.0,2011-11-08,2011-08-16,2,8305.59
14050.0,2011-11-08,2011-08-25,2,22407.72
13272.0,2011-11-08,2011-09-11,2,1386.48
15103.0,2011-11-08,2011-09-14,2,9815.76
15573.0,2011-11-08,2011-09-15,2,24704.3
15763.0,2011-11-08,2011-09-23,2,17423.76
16284.0,2011-11-08,2011-10-20,2,44136.39
12990.0,2011-11-08,2011-02-02,3,1831.7
17886.0,2011-11-08,2011-04-04,3,31291.79
16639.0,2011-11-08,2011-04-18,3,19698.72
13867.0,2011-11-08,2011-05-05,3,21274.71
13643.0,2011-11-08,2011-06-07,3,4890.96
17289.0,2011-11-08,2011-06-12,3,36764.38
15950.0,2011-11-08,2010-12-15,4,44275.53
16618.0,2011-11-08,2011-01-21,4,58478.68
17515.0,2011-11-08,2011-01-25,4,8525.2
17633.0,2011-11-08,2011-08-11,4,22652.75
14360.0,2011-11-08,2011-09-06,4,81901.78
12721.0,2011-11-08,2010-12-20,6,56648.83
13381.0,2011-11-08,2011-02-14,6,83520.23
14676.0,2011-11-08,2011-03-01,6,18501.24
13975.0,2011-11-08,2011-03-08,6,185351.3
18177.0,2011-11-08,2011-03-29,6,19610.39
17160.0,2011-11-08,2011-04-12,6,134631.31
13110.0,2011-11-08,2011-02-01,7,26567.58
14524.0,2011-11-08,2010-12-14,9,33834.7
16837.0,2011-11-08,2011-04-08,9,55462.24
13047.0,2011-11-08,2010-12-01,10,65233.12
15356.0,2011-11-08,2010-12-06,10,145467.08
15249.0,2011-11-08,2011-03-28,13,202733.12
16187.0,2011-11-08,2011-02-28,15,169065.69
13695.0,2011-11-08,2011-03-25,15,19613.86
16751.0,2011-11-09,2011-11-09,1,44118.0
12893.0,2011-11-09,2011-11-09,1,6396.76
17011.0,2011-11-09,2011-11-09,1,4063.5
12532.0,2011-11-09,2011-11-09,1,4707.45
17038.0,2011-11-09,2011-11-09,1,2472.8
14968.0,2011-11-09,2011-11-09,1,5007.24
12504.0,2011-11-09,2011-11-09,1,120.0
16516.0,2011-11-09,2011-11-09,1,610.2
13522.0,2011-11-09,2011-11-09,1,629.0
15986.0,2011-11-09,2011-11-09,1,2353.68
13992.0,2011-11-09,2011-11-09,1,384.0
16953.0,2011-11-09,2011-11-09,1,20.8
18274.0,2011-11-09,2011-11-09,1,1631.7
15450.0,2011-11-09,2011-11-09,1,11740.36
13046.0,2011-11-09,2011-03-18,2,8412.37
14240.0,2011-11-09,2011-04-28,2,20351.25
14921.0,2011-11-09,2011-05-22,2,58186.03
13029.0,2011-11-09,2011-07-24,2,506.9
14108.0,2011-11-09,2011-08-30,2,8435.43
14284.0,2011-11-09,2011-09-14,2,8131.65
15485.0,2011-11-09,2010-12-01,3,56246.55
16041.0,2011-11-09,2011-07-21,3,5860.8
15027.0,2011-11-09,2011-04-15,4,6983.49
17702.0,2011-11-09,2011-05-17,4,34228.3
17867.0,2011-11-09,2011-05-20,4,18009.78
16205.0,2011-11-09,2011-06-13,4,20529.18
13623.0,2011-11-09,2011-02-15,5,7279.61
14214.0,2011-11-09,2011-03-07,5,24199.9
14691.0,2011-11-09,2011-05-11,5,36418.3
16996.0,2011-11-09,2010-12-21,6,11443.74
14188.0,2011-11-09,2011-02-02,6,21635.86
13804.0,2011-11-09,2011-02-23,7,59838.3
16880.0,2011-11-09,2011-06-03,7,34817.09
13384.0,2011-11-09,2011-06-14,7,110172.92
13209.0,2011-11-09,2010-12-13,8,374891.55
12949.0,2011-11-09,2011-04-01,8,176053.24
15114.0,2011-11-09,2011-02-11,10,61475.12
16767.0,2011-11-09,2011-01-27,11,154723.08
17690.0,2011-11-09,2010-12-01,15,71876.7
17865.0,2011-11-09,2010-12-10,19,201822.96
17500.0,2011-11-10,2011-11-10,1,66.0
17197.0,2011-11-10,2011-11-10,1,11025.21
16025.0,2011-11-10,2011-11-10,1,12310.48
12659.0,2011-11-10,2011-11-10,1,294.72
17791.0,2011-11-10,2011-11-10,1,1061.0
15463.0,2011-11-10,2011-11-10,1,882.98
17977.0,2011-11-10,2011-11-10,1,3788.41
12617.0,2011-11-10,2011-11-10,1,13425.2
14863.0,2011-11-10,2011-11-10,1,2934.36
16903.0,2011-11-10,2011-11-10,1,20493.72
12538.0,2011-11-10,2011-11-10,1,6483.0
17901.0,2011-11-10,2011-11-10,1,696.22
13817.0,2011-11-10,2010-12-23,2,3941.52
13396.0,2011-11-10,2011-01-24,2,27754.55
17537.0,2011-11-10,2011-02-09,2,39774.08
15184.0,2011-11-10,2011-06-02,2,8477.98
12981.0,2011-11-10,2011-07-29,2,3724.34
12844.0,2011-11-10,2011-08-01,2,8522.56
18217.0,2011-11-10,2011-09-30,2,9686.3
15355.0,2011-11-10,2011-10-17,2,1914.8
13460.0,2011-11-10,2011-10-21,2,1637.94
16986.0,2011-11-10,2011-11-09,2,1956.4
15111.0,2011-11-10,2010-12-02,3,51530.88
13606.0,2011-11-10,2011-02-01,3,5644.92
12541.0,2011-11-10,2011-03-04,3,13900.68
15452.0,2011-11-10,2011-03-20,3,11248.67
15289.0,2011-11-10,2011-04-04,3,18904.92
17932.0,2011-11-10,2011-05-12,3,36908.78
17521.0,2011-11-10,2011-05-24,3,11435.3
15238.0,2011-11-10,2011-06-08,3,15739.77
14765.0,2011-11-10,2011-06-16,3,4826.8
14712.0,2011-11-10,2011-08-19,3,6994.07
17573.0,2011-11-10,2011-09-07,3,4508.38
14829.0,2011-11-10,2010-12-02,4,8038.71
18125.0,2011-11-10,2011-01-27,4,63867.72
16126.0,2011-11-10,2011-02-16,4,190452.36
14226.0,2011-11-10,2011-03-15,4,39489.76
17059.0,2011-11-10,2010-12-05,5,308746.82
14748.0,2011-11-10,2010-12-06,5,30343.55
16907.0,2011-11-10,2010-12-09,5,21575.68
16003.0,2011-11-10,2010-12-15,5,43965.74
14064.0,2011-11-10,2011-03-10,5,20495.32
16628.0,2011-11-10,2011-04-19,5,52699.65
18135.0,2011-11-10,2011-06-02,5,2447.44
18236.0,2011-11-10,2011-04-13,6,7407.66
17109.0,2011-11-10,2011-04-21,6,28491.11
16218.0,2011-11-10,2010-12-01,7,44329.56
14466.0,2011-11-10,2010-12-02,7,14289.15
16743.0,2011-11-10,2010-12-16,7,67052.35
16791.0,2011-11-10,2011-01-11,7,93068.5
12599.0,2011-11-10,2011-02-08,7,7643.06
16434.0,2011-11-10,2011-02-13,7,20516.51
17416.0,2011-11-10,2011-03-03,7,347425.36
12708.0,2011-11-10,2010-12-06,10,31327.05
13983.0,2011-11-10,2010-12-08,10,22710.89
17340.0,2011-11-10,2010-12-08,11,780860.63
13148.0,2011-11-10,2010-12-10,11,88880.88
14944.0,2011-11-10,2011-02-16,12,98445.78
14789.0,2011-11-11,2011-11-11,1,1185.84
18209.0,2011-11-11,2011-11-11,1,1112.8
15557.0,2011-11-11,2011-11-11,1,6307.0
16433.0,2011-11-11,2011-11-11,1,3132.42
15692.0,2011-11-11,2011-11-11,1,2292.48
17052.0,2011-11-11,2011-11-11,1,35217.0
18014.0,2011-11-11,2011-11-11,1,5325.44
13732.0,2011-11-11,2011-11-11,1,16231.38
13091.0,2011-11-11,2011-11-11,1,7262.22
13557.0,2011-11-11,2011-03-04,2,10031.72
16386.0,2011-11-11,2011-03-31,2,19502.1
12589.0,2011-11-11,2011-07-18,2,6872.32
12384.0,2011-11-11,2011-08-10,2,3705.88
15492.0,2011-11-11,2011-09-26,2,9181.66
13810.0,2011-11-11,2011-10-14,2,9734.72
13727.0,2011-11-11,2011-11-06,2,3785.52
13310.0,2011-11-11,2011-01-19,3,22895.77
17015.0,2011-11-11,2011-06-07,3,141386.68
12697.0,2011-11-11,2011-06-23,3,9980.17
16671.0,2011-11-11,2011-06-28,3,4614.78
16460.0,2011-11-11,2011-09-19,3,33394.57
17295.0,2011-11-11,2011-10-06,3,10449.52
12480.0,2011-11-11,2011-01-07,4,101950.37
14662.0,2011-11-11,2011-01-27,4,33594.9
17088.0,2011-11-11,2011-03-31,4,53602.9
12517.0,2011-11-11,2011-06-02,4,179289.95
13895.0,2011-11-11,2011-06-28,4,78287.51
15608.0,2011-11-11,2011-08-11,4,23937.6
12691.0,2011-11-11,2010-12-17,5,5459.5
14035.0,2011-11-11,2011-02-15,5,17096.1
17054.0,2011-11-11,2011-04-08,5,15747.31
12685.0,2011-11-11,2011-09-07,6,89235.18
17191.0,2011-11-11,2010-12-06,7,78897.1
12726.0,2011-11-11,2010-12-17,7,50763.86
16332.0,2011-11-11,2011-02-07,7,38218.83
17069.0,2011-11-11,2010-12-01,9,49438.82
17071.0,2011-11-11,2011-02-03,9,36784.38
12600.0,2011-11-11,2010-12-03,10,14546.58
17162.0,2011-11-11,2011-02-07,10,23252.31
17512.0,2011-11-11,2011-02-11,10,42574.29
16912.0,2011-11-11,2011-01-20,11,24804.47
12712.0,2011-11-11,2010-12-03,13,29770.76
14543.0,2011-11-11,2010-12-10,16,9988.61
14661.0,2011-11-13,2011-11-13,1,123.15
13170.0,2011-11-13,2011-11-13,1,3712.32
13146.0,2011-11-13,2011-11-13,1,3891.47
13603.0,2011-11-13,2011-11-13,1,3236.0
14382.0,2011-11-13,2011-11-13,1,79315.6
16720.0,2011-11-13,2011-11-13,1,4191.48
16560.0,2011-11-13,2010-12-16,2,17838.34
14784.0,2011-11-13,2011-01-20,2,1812.32
15599.0,2011-11-13,2011-05-19,2,18512.09
12865.0,2011-11-13,2011-08-08,2,64839.52
15429.0,2011-11-13,2011-09-25,2,15543.92
14882.0,2011-11-13,2011-11-06,2,3196.4
12508.0,2011-11-13,2011-11-10,2,16402.24
16898.0,2011-11-13,2010-12-06,3,26503.42
17041.0,2011-11-13,2010-12-14,3,24090.75
16571.0,2011-11-13,2011-03-03,3,39740.22
14499.0,2011-11-13,2011-03-06,3,63424.4
15449.0,2011-11-13,2011-03-23,3,18839.1
13379.0,2011-11-13,2011-07-26,3,19846.15
16930.0,2011-11-13,2011-10-02,3,7901.83
15787.0,2011-11-13,2011-10-09,3,59136.23
16416.0,2011-11-13,2011-10-14,3,19684.4
17720.0,2011-11-13,2010-12-07,4,11657.64
14044.0,2011-11-13,2011-02-03,4,29561.04
13892.0,2011-11-13,2011-04-07,4,7742.25
15411.0,2011-11-13,2011-06-10,4,34693.18
17838.0,2011-11-13,2010-12-02,5,62134.48
13984.0,2011-11-13,2010-12-08,5,2335.2
16726.0,2011-11-13,2010-12-13,5,79794.15
13451.0,2011-11-13,2011-01-09,5,251504.31
18069.0,2011-11-13,2011-01-16,5,198383.09
14487.0,2011-11-13,2010-12-06,6,32951.89
13450.0,2011-11-13,2011-05-05,6,24863.76
17287.0,2011-11-13,2010-12-02,7,15490.89
12867.0,2011-11-13,2010-12-14,7,331674.51
17211.0,2011-11-13,2010-12-05,8,60377.95
13700.0,2011-11-13,2011-01-16,10,55467.36
14227.0,2011-11-13,2011-02-28,10,92422.43
13178.0,2011-11-13,2010-12-14,11,152589.21
17790.0,2011-11-13,2010-12-10,14,32867.98
14494.0,2011-11-14,2011-11-14,1,976.92
14902.0,2011-11-14,2011-11-14,1,6653.2
16936.0,2011-11-14,2011-11-14,1,14208.88
12938.0,2011-11-14,2011-11-14,1,1027.26
15168.0,2011-11-14,2011-11-14,1,532.8
17538.0,2011-11-14,2011-11-14,1,885.78
18082.0,2011-11-14,2011-11-14,1,46126.57
18117.0,2011-11-14,2011-11-14,1,23733.28
15458.0,2011-11-14,2011-11-14,1,1131.48
16207.0,2011-11-14,2011-11-14,1,5276.46
17793.0,2011-11-14,2011-11-14,1,13519.77
17044.0,2011-11-14,2011-11-14,1,5690.88
14953.0,2011-11-14,2011-11-14,1,14575.68
16504.0,2011-11-14,2011-11-14,1,41656.68
12374.0,2011-11-14,2011-11-14,1,16905.9
17235.0,2011-11-14,2010-12-02,2,7374.04
16519.0,2011-11-14,2010-12-09,2,261.82
17658.0,2011-11-14,2011-05-12,2,4480.18
15863.0,2011-11-14,2011-05-31,2,595.06
14862.0,2011-11-14,2011-07-14,2,19729.3
12689.0,2011-11-14,2011-08-04,2,33966.43
17081.0,2011-11-14,2011-10-24,2,7196.58
16303.0,2011-11-14,2011-01-10,3,343182.05
15781.0,2011-11-14,2011-02-07,3,1871.79
18263.0,2011-11-14,2011-04-01,3,26156.16
12642.0,2011-11-14,2011-08-24,3,12037.14
15050.0,2011-11-14,2011-09-29,3,79397.48
16478.0,2011-11-14,2011-10-05,3,2740.4
15532.0,2011-11-14,2010-12-16,4,72029.71
13577.0,2011-11-14,2011-04-12,4,34162.75
13835.0,2011-11-14,2011-05-08,4,12035.05
14684.0,2011-11-14,2010-12-12,5,114471.9
15681.0,2011-11-14,2011-03-04,5,17760.96
18211.0,2011-11-14,2011-03-06,5,5159.89
15203.0,2011-11-14,2011-02-01,6,46978.08
14530.0,2011-11-14,2011-02-16,6,80450.68
15365.0,2011-11-14,2011-01-28,7,51117.02
17663.0,2011-11-14,2011-02-25,7,20805.18
13549.0,2011-11-14,2011-04-11,7,6661.1
12428.0,2011-11-14,2011-03-01,8,381794.34
15660.0,2011-11-14,2010-12-09,9,24208.43
15058.0,2011-11-14,2011-01-31,11,44445.3
17652.0,2011-11-14,2011-03-03,12,113489.85
15291.0,2011-11-14,2010-12-01,14,27514.84
15125.0,2011-11-14,2011-03-14,15,193146.84
14680.0,2011-11-14,2010-12-03,16,534909.37
16423.0,2011-11-15,2011-11-15,1,6230.16
15419.0,2011-11-15,2011-11-15,1,1086.88
17510.0,2011-11-15,2011-11-15,1,5376.62
15758.0,2011-11-15,2011-11-15,1,1847.25
14725.0,2011-11-15,2011-11-15,1,23803.78
14666.0,2011-11-15,2011-11-15,1,2279.55
14714.0,2011-11-15,2011-11-15,1,1020.32
17153.0,2011-11-15,2011-11-15,1,2992.92
15720.0,2011-11-15,2011-11-15,1,59523.39
18181.0,2011-11-15,2011-11-15,1,13954.35
15556.0,2011-11-15,2011-11-15,1,7289.73
12890.0,2011-11-15,2011-11-15,1,31198.54
13455.0,2011-11-15,2010-12-08,2,13857.36
14544.0,2011-11-15,2010-12-13,2,106194.0
17540.0,2011-11-15,2011-01-27,2,6568.0
13692.0,2011-11-15,2011-04-17,2,33951.6
14853.0,2011-11-15,2011-05-12,2,226.2
16557.0,2011-11-15,2011-07-25,2,980.3
13236.0,2011-11-15,2011-08-25,2,10567.11
16240.0,2011-11-15,2011-09-23,2,185767.92
13066.0,2011-11-15,2011-11-07,2,8000.15
18123.0,2011-11-15,2011-11-08,2,10437.36
17357.0,2011-11-15,2011-11-15,2,14166.89
18043.0,2011-11-15,2010-12-08,3,22100.52
18259.0,2011-11-15,2010-12-08,3,36349.6
13846.0,2011-11-15,2010-12-14,3,14714.32
12933.0,2011-11-15,2011-03-01,3,23511.2
15582.0,2011-11-15,2011-05-03,3,10419.71
17974.0,2011-11-15,2011-05-04,3,58519.08
13058.0,2011-11-15,2011-07-11,3,536.85
17777.0,2011-11-15,2011-08-31,3,41350.72
17564.0,2011-11-15,2011-09-20,3,7302.71
14715.0,2011-11-15,2011-01-12,4,15526.89
13614.0,2011-11-15,2011-01-13,4,74728.25
13735.0,2011-11-15,2011-04-19,4,93572.25
16341.0,2011-11-15,2011-05-22,4,51210.14
14522.0,2011-11-15,2011-05-25,4,6020.81
15679.0,2011-11-15,2011-06-10,4,43091.3
12883.0,2011-11-15,2011-09-11,4,6403.6
13410.0,2011-11-15,2011-02-21,5,5895.68
13632.0,2011-11-15,2011-04-10,5,63991.61
12676.0,2011-11-15,2011-02-01,6,8745.3
14640.0,2011-11-15,2011-04-26,6,31152.38
14533.0,2011-11-15,2010-12-22,7,20942.2
17314.0,2011-11-15,2011-01-31,8,60494.35
15981.0,2011-11-15,2011-02-01,8,44244.8
15955.0,2011-11-15,2010-12-02,14,80577.06
17220.0,2011-11-15,2010-12-10,14,122826.51
12415.0,2011-11-15,2011-01-06,20,9119035.62
13449.0,2011-11-16,2011-11-16,1,5545.72
15269.0,2011-11-16,2011-11-16,1,118.8
15900.0,2011-11-16,2011-11-16,1,17906.61
17680.0,2011-11-16,2011-11-16,1,2028.4
13926.0,2011-11-16,2011-11-16,1,1494.0
16204.0,2011-11-16,2011-11-16,1,23125.47
17896.0,2011-11-16,2011-11-16,1,512.64
15432.0,2011-11-16,2011-11-16,1,1711.9
18006.0,2011-11-16,2011-11-16,1,9782.96
16916.0,2011-11-16,2010-12-02,2,43792.98
15967.0,2011-11-16,2011-01-25,2,16335.84
14851.0,2011-11-16,2011-03-28,2,7158.9
18246.0,2011-11-16,2011-04-20,2,669.8
12991.0,2011-11-16,2011-08-19,2,8480.12
16999.0,2011-11-16,2011-09-26,2,5613.05
13816.0,2011-11-16,2011-10-06,2,5985.9
17549.0,2011-11-16,2011-10-19,2,539.04
16855.0,2011-11-16,2011-10-27,2,2303.0
17198.0,2011-11-16,2010-12-03,3,15601.87
13939.0,2011-11-16,2011-02-01,3,8268.02
13894.0,2011-11-16,2011-02-02,3,5626.94
16804.0,2011-11-16,2011-03-14,3,17639.66
16245.0,2011-11-16,2011-03-28,3,39997.09
14286.0,2011-11-16,2011-04-11,3,479892.39
16008.0,2011-11-16,2011-05-19,3,5311.18
13131.0,2011-11-16,2011-06-05,3,9304.1
15051.0,2011-11-16,2011-07-12,3,73562.07
13500.0,2011-11-16,2011-08-09,3,23822.12
18167.0,2011-11-16,2011-08-26,3,15055.98
12640.0,2011-11-16,2011-09-19,3,19220.08
16669.0,2011-11-16,2011-09-22,3,90463.9
18059.0,2011-11-16,2011-10-03,3,1847.94
13447.0,2011-11-16,2011-11-04,3,20967.88
15110.0,2011-11-16,2011-01-25,4,3820.55
12993.0,2011-11-16,2011-02-14,4,3605.08
13285.0,2011-11-16,2011-02-22,4,126437.1
16469.0,2011-11-16,2011-04-07,4,28786.03
14626.0,2011-11-16,2011-04-20,4,68272.16
15584.0,2011-11-16,2011-06-30,4,19425.94
16085.0,2011-11-16,2011-01-23,5,31219.53
16809.0,2011-11-16,2011-03-22,5,29655.06
13575.0,2011-11-16,2011-06-16,5,6963.5
14898.0,2011-11-16,2010-12-03,6,32574.63
16717.0,2011-11-16,2010-12-08,6,203553.04
14507.0,2011-11-16,2011-03-08,6,20207.6
14948.0,2011-11-16,2011-05-04,6,12761.83
17596.0,2011-11-16,2010-12-06,7,109031.65
17368.0,2011-11-16,2011-01-06,8,22538.04
12910.0,2011-11-16,2011-04-12,8,40613.6
12626.0,2011-11-16,2011-01-17,9,218322.85
14426.0,2011-11-16,2011-01-31,9,119294.81
18075.0,2011-11-16,2010-12-14,10,31719.74
13629.0,2011-11-16,2011-01-05,11,34629.18
12500.0,2011-11-16,2011-01-10,11,15516.71
12731.0,2011-11-16,2010-12-10,12,427396.66
15805.0,2011-11-16,2010-12-10,17,182503.88
14057.0,2011-11-16,2010-12-14,17,130507.42
17377.0,2011-11-16,2010-12-01,20,83322.23
15657.0,2011-11-17,2011-11-17,1,30.0
13160.0,2011-11-17,2011-11-17,1,367.2
12847.0,2011-11-17,2011-11-17,1,79310.14
17985.0,2011-11-17,2011-11-17,1,12262.95
14362.0,2011-11-17,2011-11-17,1,5938.0
13828.0,2011-11-17,2011-11-17,1,3142.35
15435.0,2011-11-17,2011-11-17,1,3397.68
12445.0,2011-11-17,2011-11-17,1,232.2
17080.0,2011-11-17,2011-03-15,2,1224.72
15124.0,2011-11-17,2011-06-01,2,1014.1
12406.0,2011-11-17,2011-06-09,2,166791.9
14508.0,2011-11-17,2011-09-11,2,6059.68
15287.0,2011-11-17,2011-09-30,2,5843.25
17330.0,2011-11-17,2011-10-03,2,1423.5
13028.0,2011-11-17,2011-10-25,2,14955.54
14416.0,2011-11-17,2011-10-28,2,4358.66
16070.0,2011-11-17,2011-11-07,2,15364.35
17397.0,2011-11-17,2011-11-17,2,29964.57
17095.0,2011-11-17,2011-01-09,3,34912.92
15489.0,2011-11-17,2011-05-12,3,15002.6
13308.0,2011-11-17,2011-05-20,3,26285.19
16298.0,2011-11-17,2011-06-06,3,4600.14
17797.0,2011-11-17,2011-06-10,3,31687.54
14034.0,2011-11-17,2011-07-05,3,16514.22
14332.0,2011-11-17,2011-07-15,3,9575.98
15506.0,2011-11-17,2011-07-24,3,55290.79
17461.0,2011-11-17,2011-11-10,3,38288.36
15983.0,2011-11-17,2010-12-01,4,38306.26
15563.0,2011-11-17,2010-12-16,4,49777.47
12539.0,2011-11-17,2011-01-10,4,285704.92
13815.0,2011-11-17,2011-01-25,4,210796.87
12997.0,2011-11-17,2011-01-26,4,15041.17
17147.0,2011-11-17,2011-02-01,4,26106.95
12449.0,2011-11-17,2011-06-05,4,117026.31
17828.0,2011-11-17,2011-06-08,4,27119.71
16869.0,2011-11-17,2011-06-17,4,25222.42
16009.0,2011-11-17,2011-07-03,4,26075.36
12610.0,2011-11-17,2011-08-05,4,43977.68
14234.0,2011-11-17,2011-10-13,4,52874.22
15081.0,2011-11-17,2010-12-07,5,2219.6
13313.0,2011-11-17,2011-01-04,5,24286.48
16042.0,2011-11-17,2011-01-11,5,23194.29
18221.0,2011-11-17,2011-05-12,5,12434.98
15267.0,2011-11-17,2011-06-10,5,6362.0
13138.0,2011-11-17,2010-12-02,6,10721.02
15811.0,2011-11-17,2010-12-09,6,50766.56
12753.0,2011-11-17,2010-12-12,6,794789.7
15864.0,2011-11-17,2011-01-27,6,6930.84
12477.0,2011-11-17,2011-02-11,6,571413.42
16871.0,2011-11-17,2011-03-14,6,66540.14
16531.0,2011-11-17,2010-12-14,7,12880.9
14112.0,2011-11-17,2011-03-09,7,91049.52
12567.0,2011-11-17,2010-12-05,10,381722.78
16638.0,2011-11-17,2010-12-06,10,22413.81
12481.0,2011-11-17,2010-12-09,10,108272.16
17799.0,2011-11-17,2010-12-13,10,146027.47
15529.0,2011-11-17,2010-12-08,11,305641.51
17716.0,2011-11-17,2011-03-17,11,161302.95
16186.0,2011-11-17,2010-12-02,12,90125.13
12647.0,2011-11-17,2010-12-05,12,22349.51
13871.0,2011-11-17,2011-02-04,13,137339.4
17613.0,2011-11-17,2011-02-07,14,121993.65
16656.0,2011-11-17,2010-12-10,15,47892.36
14641.0,2011-11-18,2011-11-18,1,773.22
12618.0,2011-11-18,2011-11-18,1,1373.1
12391.0,2011-11-18,2011-11-18,1,42531.02
17286.0,2011-11-18,2011-11-18,1,6398.48
17904.0,2011-11-18,2011-11-18,1,4422.95
17301.0,2011-11-18,2011-11-18,1,10485.09
15368.0,2011-11-18,2011-11-18,1,1787.76
14793.0,2011-11-18,2011-11-18,1,3205.86
17650.0,2011-11-18,2011-11-18,1,1328.64
17760.0,2011-11-18,2010-12-01,2,3153.12
16134.0,2011-11-18,2010-12-15,2,10893.12
12578.0,2011-11-18,2011-01-13,2,135082.84
16414.0,2011-11-18,2011-03-04,2,258.3
13962.0,2011-11-18,2011-04-08,2,246.3
15494.0,2011-11-18,2011-08-10,2,98364.93
17163.0,2011-11-18,2011-09-22,2,709.3
13960.0,2011-11-18,2011-09-29,2,1329.36
15088.0,2011-11-18,2011-10-03,2,33996.36
18034.0,2011-11-18,2011-11-18,2,24951.12
12427.0,2011-11-18,2010-12-03,3,5447.0
17621.0,2011-11-18,2010-12-20,3,13503.1
13171.0,2011-11-18,2011-02-13,3,4246.08
16511.0,2011-11-18,2011-03-18,3,44620.27
13516.0,2011-11-18,2011-04-15,3,18649.3
14593.0,2011-11-18,2011-05-25,3,29695.44
16279.0,2011-11-18,2011-06-16,3,54497.78
17159.0,2011-11-18,2011-06-21,3,50126.76
17779.0,2011-11-18,2011-07-19,3,17350.03
15933.0,2011-11-18,2011-09-14,3,26759.49
16924.0,2011-11-18,2011-09-16,3,23876.1
12498.0,2011-11-18,2011-10-13,3,3351.9
16350.0,2011-11-18,2011-01-10,4,16111.18
15530.0,2011-11-18,2011-04-07,4,38639.81
14342.0,2011-11-18,2011-05-13,4,2465.22
16463.0,2011-11-18,2011-05-19,4,28560.19
12380.0,2011-11-18,2011-06-07,4,53842.1
14285.0,2011-11-18,2011-06-16,4,11844.38
14820.0,2011-11-18,2011-06-19,4,3221.7
13941.0,2011-11-18,2010-12-02,5,44106.7
14903.0,2011-11-18,2011-03-06,5,172671.2
12444.0,2011-11-18,2011-06-21,5,119518.35
14434.0,2011-11-18,2011-09-28,6,3126.0
17063.0,2011-11-18,2011-02-23,7,21754.76
13117.0,2011-11-18,2010-12-02,8,8984.52
17888.0,2011-11-18,2010-12-17,8,6750.4
16293.0,2011-11-18,2010-12-07,10,25017.33
18061.0,2011-11-18,2010-12-08,10,9842.43
13094.0,2011-11-18,2010-12-06,12,4408.2
13880.0,2011-11-18,2010-12-07,13,41266.66
12931.0,2011-11-18,2010-12-17,15,701936.32
16945.0,2011-11-18,2010-12-16,19,67308.81
14849.0,2011-11-18,2010-12-01,25,171652.54
17961.0,2011-11-18,2010-12-02,38,14772.03
12702.0,2011-11-20,2011-11-20,1,2211.0
14881.0,2011-11-20,2011-11-20,1,4341.8
16784.0,2011-11-20,2011-11-20,1,322.8
14052.0,2011-11-20,2011-11-20,1,10714.14
18110.0,2011-11-20,2011-11-20,1,9609.6
17561.0,2011-11-20,2011-11-20,1,6980.4
15988.0,2011-11-20,2011-11-20,1,2817.12
14950.0,2011-11-20,2011-11-20,1,2922.0
16666.0,2011-11-20,2011-11-20,1,3807.36
14860.0,2011-11-20,2011-11-20,1,1873.52
17636.0,2011-11-20,2011-11-20,1,5711.2
13832.0,2011-11-20,2011-11-20,1,156.6
13142.0,2011-11-20,2011-11-20,1,6099.28
16411.0,2011-11-20,2010-12-05,2,4757.1
15919.0,2011-11-20,2010-12-06,2,45200.1
17555.0,2011-11-20,2011-01-09,2,25378.77
13565.0,2011-11-20,2011-01-09,2,4683.34
14157.0,2011-11-20,2011-02-27,2,12211.02
16212.0,2011-11-20,2011-03-01,2,13251.3
18040.0,2011-11-20,2011-04-08,2,3475.2
16399.0,2011-11-20,2011-04-18,2,11809.98
17384.0,2011-11-20,2011-05-04,2,1987.95
14984.0,2011-11-20,2011-06-12,2,3348.88
15850.0,2011-11-20,2011-06-24,2,10978.34
17425.0,2011-11-20,2011-10-10,2,29006.94
15963.0,2011-11-20,2011-10-25,2,6329.58
16506.0,2011-11-20,2011-10-30,2,145.5
17387.0,2011-11-20,2011-11-06,2,26811.32
14664.0,2011-11-20,2011-11-06,2,29140.36
13427.0,2011-11-20,2011-05-08,3,5924.74
16762.0,2011-11-20,2011-07-18,3,47194.7
16464.0,2011-11-20,2011-07-20,3,91626.6
18127.0,2011-11-20,2011-07-29,3,5312.83
15533.0,2011-11-20,2011-09-11,3,18789.17
14359.0,2011-11-20,2011-09-13,3,14842.5
16533.0,2011-11-20,2011-10-02,3,66407.76
13212.0,2011-11-20,2011-10-09,3,35703.96
14477.0,2011-11-20,2011-02-15,4,3682.0
17738.0,2011-11-20,2011-03-02,4,37054.0
12597.0,2011-11-20,2011-03-16,4,206606.85
15745.0,2011-11-20,2011-04-17,4,13676.07
13200.0,2011-11-20,2011-08-05,4,10053.94
15426.0,2011-11-20,2010-12-05,5,86272.4
14553.0,2011-11-20,2011-01-04,5,14306.51
13118.0,2011-11-20,2011-02-24,5,20990.91
14116.0,2011-11-20,2011-08-10,5,17238.14
14595.0,2011-11-20,2011-01-30,6,74114.47
12778.0,2011-11-20,2011-01-31,6,4951.8
13988.0,2011-11-20,2011-03-30,6,151085.53
15906.0,2011-11-20,2011-03-29,7,46413.92
14704.0,2011-11-20,2011-06-12,7,128052.25
17758.0,2011-11-20,2011-04-03,8,222528.45
14525.0,2011-11-20,2010-12-13,9,154091.18
14502.0,2011-11-20,2011-01-30,9,163566.22
16710.0,2011-11-20,2010-12-06,10,107058.69
14159.0,2011-11-20,2010-12-12,11,580349.02
12523.0,2011-11-20,2011-01-12,11,11487.85
12395.0,2011-11-20,2010-12-03,12,27938.95
15044.0,2011-11-20,2010-12-12,17,218625.48
12540.0,2011-11-20,2010-12-13,17,270977.05
15465.0,2011-11-20,2010-12-05,18,16176.49
16366.0,2011-11-21,2011-11-21,1,4510.4
14300.0,2011-11-21,2011-11-21,1,129.6
12349.0,2011-11-21,2011-11-21,1,84951.9
12658.0,2011-11-21,2011-11-21,1,16539.0
12795.0,2011-11-21,2011-11-21,1,1730.97
15567.0,2011-11-21,2011-11-21,1,1026.36
15645.0,2011-11-21,2011-11-21,1,31824.52
16406.0,2011-11-21,2011-11-21,1,10110.34
15857.0,2011-11-21,2011-11-21,1,4158.0
12984.0,2011-11-21,2011-11-21,1,390.0
17253.0,2011-11-21,2011-11-21,1,1804.74
13739.0,2011-11-21,2011-11-21,1,650.7
17010.0,2011-11-21,2011-11-21,1,2148.96
15115.0,2011-11-21,2011-11-21,1,4298.58
12462.0,2011-11-21,2011-02-09,2,20247.81
18080.0,2011-11-21,2011-04-11,2,1231.5
17664.0,2011-11-21,2011-05-11,2,13071.37
14551.0,2011-11-21,2011-05-19,2,619.55
15163.0,2011-11-21,2011-05-31,2,3934.46
12904.0,2011-11-21,2011-06-20,2,12140.96
13189.0,2011-11-21,2011-08-16,2,3756.48
13823.0,2011-11-21,2011-09-09,2,20463.04
13430.0,2011-11-21,2011-09-14,2,14705.51
17432.0,2011-11-21,2011-11-02,2,8904.06
13673.0,2011-11-21,2011-11-07,2,8985.83
17100.0,2011-11-21,2011-11-21,2,59276.77
15676.0,2011-11-21,2011-03-01,3,307651.96
13282.0,2011-11-21,2011-05-03,3,8730.74
16139.0,2011-11-21,2011-05-17,3,7602.57
16369.0,2011-11-21,2011-05-27,3,61327.97
14449.0,2011-11-21,2010-12-02,4,60670.52
17625.0,2011-11-21,2011-03-27,4,164782.88
14198.0,2011-11-21,2011-04-14,4,4956.9
13167.0,2011-11-21,2011-07-19,4,9715.68
15179.0,2011-11-21,2011-01-24,5,68208.69
14447.0,2011-11-21,2011-03-04,5,19876.46
15132.0,2011-11-21,2011-03-22,5,15470.61
15093.0,2011-11-21,2010-12-02,6,64864.11
17227.0,2011-11-21,2010-12-06,6,7195.95
13246.0,2011-11-21,2011-01-13,6,46473.12
14482.0,2011-11-21,2011-04-14,6,48677.35
14883.0,2011-11-21,2011-05-12,6,10053.43
15671.0,2011-11-21,2011-03-14,7,26226.09
15105.0,2011-11-21,2011-07-28,7,47478.37
14030.0,2011-11-21,2010-12-08,8,62988.41
15527.0,2011-11-21,2010-12-20,8,30757.28
13862.0,2011-11-21,2011-01-11,8,41280.46
13971.0,2011-11-21,2011-02-27,8,50315.92
14587.0,2011-11-21,2011-01-12,9,63799.94
16712.0,2011-11-21,2011-03-08,10,143146.57
16713.0,2011-11-21,2010-12-08,15,249789.91
15738.0,2011-11-21,2010-12-02,16,54674.43
15699.0,2011-11-22,2011-11-22,1,3036.6
13403.0,2011-11-22,2011-11-22,1,225.0
16956.0,2011-11-22,2011-11-22,1,3150.56
17600.0,2011-11-22,2011-11-22,1,1740.24
14424.0,2011-11-22,2011-11-22,1,322.08
13322.0,2011-11-22,2011-11-22,1,4987.0
17297.0,2011-11-22,2011-11-22,1,4962.24
13986.0,2011-11-22,2011-11-22,1,4165.98
12920.0,2011-11-22,2011-11-22,1,3388.58
18249.0,2011-11-22,2011-11-22,1,762.72
12586.0,2011-11-22,2011-11-22,1,1865.4
15634.0,2011-11-22,2011-11-22,1,3653.25
13569.0,2011-11-22,2010-12-07,2,15547.11
15497.0,2011-11-22,2011-01-24,2,8616.6
17155.0,2011-11-22,2011-06-15,2,2274.2
12465.0,2011-11-22,2011-06-23,2,14809.96
14768.0,2011-11-22,2011-08-04,2,592.2
17453.0,2011-11-22,2011-10-06,2,4265.73
16311.0,2011-11-22,2011-10-21,2,11861.13
13363.0,2011-11-22,2011-10-27,2,26933.79
15977.0,2011-11-22,2011-10-31,2,28939.72
16352.0,2011-11-22,2011-11-02,2,6922.16
17371.0,2011-11-22,2010-12-13,3,11825.18
16532.0,2011-11-22,2011-01-05,3,9355.2
17360.0,2011-11-22,2011-06-08,3,25843.45
17759.0,2011-11-22,2011-06-23,3,49958.2
16330.0,2011-11-22,2011-08-19,3,4496.73
16164.0,2011-11-22,2011-10-28,3,8627.54
15965.0,2011-11-22,2010-12-07,4,50192.4
17324.0,2011-11-22,2010-12-08,4,11824.28
13238.0,2011-11-22,2010-12-14,4,5097.26
14657.0,2011-11-22,2011-01-17,4,28502.22
17075.0,2011-11-22,2011-01-26,4,12653.74
14467.0,2011-11-22,2011-01-31,4,12039.04
14297.0,2011-11-22,2011-03-10,4,27941.73
16261.0,2011-11-22,2011-04-07,4,19065.91
15116.0,2011-11-22,2011-05-19,4,15142.3
13681.0,2011-11-22,2011-07-07,4,12883.56
13940.0,2011-11-22,2011-07-18,4,9828.04
17073.0,2011-11-22,2011-08-22,4,46786.83
13247.0,2011-11-22,2011-09-18,4,5093.13
12936.0,2011-11-22,2011-09-22,4,28685.58
14506.0,2011-11-22,2010-12-05,5,145352.03
16748.0,2011-11-22,2011-01-09,5,22705.5
12775.0,2011-11-22,2011-02-01,5,14458.6
16128.0,2011-11-22,2011-03-02,5,41404.7
13499.0,2011-11-22,2011-03-15,5,8973.93
15106.0,2011-11-22,2011-03-15,5,28070.83
12656.0,2011-11-22,2011-04-20,5,69123.0
17519.0,2011-11-22,2010-12-06,6,23086.75
16655.0,2011-11-22,2011-01-12,6,166568.25
14834.0,2011-11-22,2011-04-13,6,17546.4
16633.0,2011-11-22,2011-04-19,6,59619.28
14515.0,2011-11-22,2011-05-05,6,44802.21
13456.0,2011-11-22,2011-05-16,6,16384.58
18139.0,2011-11-22,2011-11-21,6,258669.96
14329.0,2011-11-22,2011-01-14,7,232901.16
16107.0,2011-11-22,2011-06-09,7,11657.9
16365.0,2011-11-22,2010-12-07,8,6853.6
14505.0,2011-11-22,2010-12-12,8,601914.97
17338.0,2011-11-22,2010-12-13,8,656968.67
12483.0,2011-11-22,2011-01-04,8,20842.77
15845.0,2011-11-22,2011-01-06,8,62356.09
16985.0,2011-11-22,2010-12-16,10,71831.54
15150.0,2011-11-22,2011-03-15,10,275476.62
13268.0,2011-11-22,2011-03-17,11,171492.91
17659.0,2011-11-22,2010-12-02,12,50802.26
15971.0,2011-11-22,2011-02-01,12,13078.1
16722.0,2011-11-22,2010-12-06,13,81442.85
13488.0,2011-11-22,2010-12-07,13,278712.82
16607.0,2011-11-22,2010-12-16,13,40539.63
12474.0,2011-11-22,2011-01-14,18,195052.64
16422.0,2011-11-22,2010-12-05,51,368217.0
12452.0,2011-11-23,2011-11-23,1,6671.4
14581.0,2011-11-23,2011-11-23,1,2356.2
14675.0,2011-11-23,2011-11-23,1,55939.95
18084.0,2011-11-23,2011-11-23,1,90.48
15393.0,2011-11-23,2011-03-03,2,1423.84
13899.0,2011-11-23,2011-03-10,2,3825.08
14205.0,2011-11-23,2011-03-20,2,5558.6
14912.0,2011-11-23,2011-04-07,2,11764.84
16185.0,2011-11-23,2011-04-21,2,7048.92
14335.0,2011-11-23,2011-09-04,2,15639.21
14020.0,2011-11-23,2011-09-12,2,10327.05
13350.0,2011-11-23,2011-09-21,2,10914.36
15398.0,2011-11-23,2011-09-22,2,46169.83
16653.0,2011-11-23,2011-09-29,2,56160.18
15949.0,2011-11-23,2011-09-29,2,3738.24
16343.0,2011-11-23,2011-11-23,2,6710.39
13174.0,2011-11-23,2010-12-05,3,268328.97
13502.0,2011-11-23,2011-01-20,3,1602.6
17034.0,2011-11-23,2011-02-25,3,7123.08
15901.0,2011-11-23,2011-07-08,3,12111.65
16020.0,2011-11-23,2011-10-05,3,17738.28
16900.0,2011-11-23,2011-10-07,3,49970.18
16079.0,2011-11-23,2011-10-30,3,8388.78
16660.0,2011-11-23,2011-01-24,4,5950.26
14049.0,2011-11-23,2011-01-26,4,812665.95
17700.0,2011-11-23,2011-03-03,4,88302.38
14336.0,2011-11-23,2011-03-08,4,39086.33
14790.0,2011-11-23,2011-03-31,4,8470.18
15743.0,2011-11-23,2011-06-08,4,13869.5
13644.0,2011-11-23,2011-08-26,4,83145.71
15814.0,2011-11-23,2011-10-20,4,30418.71
17135.0,2011-11-23,2010-12-03,5,10309.52
12557.0,2011-11-23,2010-12-03,5,95011.08
17463.0,2011-11-23,2011-01-30,5,96014.73
17410.0,2011-11-23,2011-05-08,5,15108.03
17469.0,2011-11-23,2011-05-19,5,31001.16
15253.0,2011-11-23,2011-06-23,5,14389.5
16066.0,2011-11-23,2011-08-07,5,27660.98
13448.0,2011-11-23,2010-12-01,6,143847.36
13831.0,2011-11-23,2010-12-05,6,17699.32
17422.0,2011-11-23,2011-02-16,6,39177.84
13650.0,2011-11-23,2011-03-17,6,27350.87
17685.0,2011-11-23,2010-12-02,7,101146.93
14744.0,2011-11-23,2010-12-08,7,4176.3
15916.0,2011-11-23,2010-12-08,7,27980.2
15727.0,2011-11-23,2010-12-15,7,206754.29
16057.0,2011-11-23,2011-02-28,7,52213.89
12948.0,2011-11-23,2011-03-20,7,38756.26
13139.0,2011-11-23,2011-03-25,7,179843.64
16255.0,2011-11-23,2010-12-09,8,80922.15
14334.0,2011-11-23,2010-12-16,8,48393.0
12619.0,2011-11-23,2011-03-31,8,31792.88
16670.0,2011-11-23,2010-12-16,11,117909.54
14099.0,2011-11-23,2010-12-20,11,68646.24
17725.0,2011-11-23,2011-03-17,11,52854.23
17809.0,2011-11-23,2010-12-01,12,49120.04
14733.0,2011-11-23,2010-12-07,12,172380.85
13742.0,2011-11-23,2011-01-23,12,81993.01
13018.0,2011-11-23,2011-02-17,28,142080.11
13638.0,2011-11-24,2011-11-24,1,679.98
16482.0,2011-11-24,2011-11-24,1,3971.16
12784.0,2011-11-24,2011-11-24,1,27835.92
17458.0,2011-11-24,2011-11-24,1,17091.0
17767.0,2011-11-24,2011-11-24,1,5695.2
15725.0,2011-11-24,2011-11-24,1,13288.0
17247.0,2011-11-24,2011-11-24,1,10817.0
18184.0,2011-11-24,2011-11-24,1,49.8
15428.0,2011-11-24,2011-11-24,1,562.68
17727.0,2011-11-24,2011-11-24,1,59343.85
14756.0,2011-11-24,2011-11-24,1,20062.68
16596.0,2011-11-24,2010-12-08,2,1181.25
14987.0,2011-11-24,2010-12-09,2,652.8
16824.0,2011-11-24,2011-06-28,2,5459.42
16616.0,2011-11-24,2011-07-05,2,7689.04
13207.0,2011-11-24,2011-07-12,2,1145.82
16189.0,2011-11-24,2011-09-15,2,990.18
14539.0,2011-11-24,2011-10-26,2,11265.31
16885.0,2011-11-24,2010-12-17,3,12034.59
18188.0,2011-11-24,2011-02-22,3,59756.84
14277.0,2011-11-24,2011-05-11,3,283375.39
16157.0,2011-11-24,2011-09-28,3,3947.73
18130.0,2011-11-24,2011-10-13,3,23023.22
17671.0,2011-11-24,2010-12-09,4,17625.77
16271.0,2011-11-24,2010-12-16,4,56245.52
12421.0,2011-11-24,2011-01-24,4,6303.14
14805.0,2011-11-24,2011-01-30,4,5003.1
12937.0,2011-11-24,2011-03-17,4,55942.04
17096.0,2011-11-24,2011-03-23,4,8548.41
14591.0,2011-11-24,2011-05-10,4,64582.49
17345.0,2011-11-24,2011-05-27,4,16074.51
13277.0,2011-11-24,2011-07-29,4,550.3
15858.0,2011-11-24,2010-12-07,5,47274.27
18161.0,2011-11-24,2011-01-24,5,22829.84
16566.0,2011-11-24,2011-02-20,5,2170.92
17516.0,2011-11-24,2011-02-27,5,26262.05
13995.0,2011-11-24,2011-04-08,5,25518.95
15594.0,2011-11-24,2011-04-19,5,49186.86
13719.0,2011-11-24,2011-04-19,5,12806.81
12388.0,2011-11-24,2011-01-17,6,59905.9
16668.0,2011-11-24,2011-02-28,6,1125.36
16173.0,2011-11-24,2011-09-02,6,18503.17
12494.0,2011-11-24,2010-12-09,7,13496.49
15270.0,2011-11-24,2011-02-02,7,11781.99
17323.0,2011-11-24,2011-02-20,7,32144.1
17133.0,2011-11-24,2011-03-18,7,26957.32
16609.0,2011-11-24,2011-04-01,7,235187.28
17228.0,2011-11-24,2010-12-02,8,55647.02
15953.0,2011-11-24,2010-12-05,8,19645.92
12705.0,2011-11-24,2010-12-17,8,273699.13
15034.0,2011-11-24,2010-12-21,8,237522.36
15632.0,2011-11-24,2011-03-10,8,76844.04
12757.0,2011-11-24,2011-05-12,8,362472.45
15502.0,2011-11-24,2010-12-05,9,265890.1
13588.0,2011-11-24,2011-03-29,9,63090.36
12476.0,2011-11-24,2010-12-13,10,150945.27
16570.0,2011-11-24,2011-02-01,10,56405.67
15482.0,2011-11-24,2010-12-16,11,88923.36
17139.0,2011-11-24,2011-02-24,12,537257.03
17975.0,2011-11-24,2010-12-08,13,98595.61
14709.0,2011-11-24,2010-12-16,13,79708.23
14607.0,2011-11-24,2011-03-23,13,125243.54
12709.0,2011-11-24,2010-12-08,15,121984.84
15005.0,2011-11-24,2010-12-08,28,240301.71
16856.0,2011-11-25,2011-11-25,1,70.8
14703.0,2011-11-25,2011-11-25,1,6999.74
17385.0,2011-11-25,2011-11-25,1,11553.36
12531.0,2011-11-25,2011-11-25,1,1524.32
14966.0,2011-11-25,2011-11-25,1,7270.16
13332.0,2011-11-25,2011-11-25,1,6768.0
14946.0,2011-11-25,2011-11-25,1,302.7
13579.0,2011-11-25,2010-12-05,2,5478.76
17329.0,2011-11-25,2011-01-28,2,8649.51
13525.0,2011-11-25,2011-04-05,2,1531.76
17624.0,2011-11-25,2011-05-05,2,16971.87
13589.0,2011-11-25,2011-06-13,2,2191.0
15186.0,2011-11-25,2011-06-24,2,3545.8
12438.0,2011-11-25,2011-07-22,2,91848.04
13978.0,2011-11-25,2011-10-25,2,2263.66
15872.0,2011-11-25,2011-11-25,2,38018.94
15793.0,2011-11-25,2011-03-16,3,3457.6
12620.0,2011-11-25,2011-05-19,3,37014.05
17557.0,2011-11-25,2011-09-19,3,7297.1
13048.0,2011-11-25,2011-01-16,4,61035.95
13149.0,2011-11-25,2011-02-23,4,32094.62
14111.0,2011-11-25,2011-04-12,4,1967.4
14710.0,2011-11-25,2011-10-11,4,23879.67
17302.0,2011-11-25,2011-02-07,5,16051.61
17348.0,2011-11-25,2011-02-15,5,51260.25
15117.0,2011-11-25,2011-05-08,5,30660.43
17813.0,2011-11-25,2011-09-29,5,213369.91
16327.0,2011-11-25,2010-12-05,6,193889.87
15382.0,2011-11-25,2011-02-17,6,430315.02
16719.0,2011-11-25,2010-12-06,7,36660.99
15737.0,2011-11-25,2011-04-11,7,16712.83
13437.0,2011-11-25,2011-06-02,7,90600.45
17562.0,2011-11-25,2011-06-19,7,12238.56
15473.0,2011-11-25,2011-10-10,7,3477.6
15134.0,2011-11-25,2011-04-13,8,13733.71
13184.0,2011-11-25,2011-02-22,10,37955.85
13050.0,2011-11-25,2010-12-08,17,140394.22
18172.0,2011-11-25,2011-02-23,19,98893.3
16814.0,2011-11-25,2010-12-05,21,95497.1
12681.0,2011-11-25,2010-12-07,22,359464.2
16024.0,2011-11-27,2011-11-27,1,16079.36
14954.0,2011-11-27,2011-11-27,1,15410.52
17885.0,2011-11-27,2011-11-27,1,11446.47
14093.0,2011-11-27,2011-11-27,1,46499.25
18156.0,2011-11-27,2010-12-05,2,52200.23
18112.0,2011-11-27,2011-06-26,2,2936.36
18001.0,2011-11-27,2011-09-14,2,10462.2
15054.0,2011-11-27,2011-10-30,2,17567.1
17595.0,2011-11-27,2011-11-02,2,16195.96
17864.0,2011-11-27,2011-03-09,3,23648.21
17411.0,2011-11-27,2011-03-23,3,10412.46
15436.0,2011-11-27,2011-04-19,3,113891.53
13546.0,2011-11-27,2011-05-23,3,17723.12
15747.0,2011-11-27,2011-06-20,3,28467.12
15009.0,2011-11-27,2011-11-14,3,72392.72
17812.0,2011-11-27,2010-12-06,4,23108.72
14577.0,2011-11-27,2010-12-12,4,28121.79
13064.0,2011-11-27,2011-01-16,4,15996.5
18145.0,2011-11-27,2011-01-31,4,171773.49
16005.0,2011-11-27,2011-03-14,4,32899.52
14859.0,2011-11-27,2011-05-19,4,23056.6
17236.0,2011-11-27,2010-12-12,6,16343.24
13782.0,2011-11-27,2011-01-16,6,14572.67
16877.0,2011-11-27,2011-05-15,6,23671.89
13991.0,2011-11-27,2011-07-19,6,14921.75
15351.0,2011-11-27,2010-12-05,7,70760.64
16983.0,2011-11-27,2010-12-05,7,38501.71
15987.0,2011-11-27,2010-12-06,7,27932.86
13610.0,2011-11-27,2011-02-27,7,35019.51
15861.0,2011-11-27,2011-03-17,7,248869.53
13232.0,2011-11-27,2011-04-10,7,33118.1
17365.0,2011-11-27,2011-01-11,8,321906.61
14878.0,2011-11-27,2010-12-16,9,20010.73
16942.0,2011-11-27,2011-04-26,9,61122.85
17231.0,2011-11-27,2010-12-13,10,152946.69
17769.0,2011-11-27,2011-01-23,10,141088.98
16407.0,2011-11-27,2011-01-31,10,42052.54
15514.0,2011-11-27,2010-12-10,11,92771.79
13571.0,2011-11-27,2011-03-31,12,62591.13
15555.0,2011-11-27,2010-12-05,16,282894.96
16923.0,2011-11-27,2010-12-12,19,267949.56
17068.0,2011-11-27,2010-12-06,21,72156.27
15721.0,2011-11-28,2011-11-28,1,44872.2
13844.0,2011-11-28,2011-11-28,1,7232.4
12479.0,2011-11-28,2011-11-28,1,11937.8
12660.0,2011-11-28,2011-11-28,1,2725.2
15540.0,2011-11-28,2011-11-28,1,3199.5
17379.0,2011-11-28,2011-11-28,1,33586.78
16800.0,2011-11-28,2011-11-28,1,141457.94
17806.0,2011-11-28,2011-11-28,1,23479.72
17359.0,2011-11-28,2011-11-28,1,1511.44
13188.0,2011-11-28,2011-11-28,1,99.6
14480.0,2011-11-28,2011-11-28,1,3627.65
13030.0,2011-11-28,2010-12-06,2,27414.11
14470.0,2011-11-28,2011-02-25,2,8141.55
14597.0,2011-11-28,2011-06-01,2,37833.9
17031.0,2011-11-28,2011-07-08,2,4326.95
18101.0,2011-11-28,2011-07-19,2,3731.59
16364.0,2011-11-28,2011-07-25,2,12308.93
15714.0,2011-11-28,2011-09-23,2,4268.6
16347.0,2011-11-28,2011-11-03,2,35957.2
13914.0,2011-11-28,2011-11-03,2,9823.2
17237.0,2011-11-28,2011-11-17,2,3420.83
17852.0,2011-11-28,2011-11-28,2,1474.64
13389.0,2011-11-28,2011-04-21,3,11016.3
13258.0,2011-11-28,2011-05-18,3,10820.54
12657.0,2011-11-28,2011-09-22,3,12519.22
18096.0,2011-11-28,2011-10-07,3,63988.13
15022.0,2011-11-28,2011-10-23,3,36995.41
17019.0,2011-11-28,2010-12-06,4,63481.19
12668.0,2011-11-28,2010-12-19,4,120382.87
13196.0,2011-11-28,2011-03-22,4,80615.47
13950.0,2011-11-28,2011-04-07,4,4438.46
16094.0,2011-11-28,2011-05-04,4,15296.14
15561.0,2011-11-28,2011-05-08,4,4901.59
13115.0,2011-11-28,2011-06-08,4,91596.24
17299.0,2011-11-28,2011-06-19,4,12585.58
15571.0,2011-11-28,2011-09-22,4,10116.85
17523.0,2011-11-28,2011-11-20,4,4628.07
14290.0,2011-11-28,2010-12-13,5,51024.74
14511.0,2011-11-28,2011-07-29,5,18002.06
15511.0,2011-11-28,2011-09-15,5,21370.32
12906.0,2011-11-28,2011-09-22,5,56559.7
14741.0,2011-11-28,2010-12-02,6,13643.74
14215.0,2011-11-28,2010-12-06,6,38924.5
13590.0,2011-11-28,2011-02-09,6,29871.69
17924.0,2011-11-28,2010-12-01,7,30979.92
13758.0,2011-11-28,2010-12-01,7,59475.74
17188.0,2011-11-28,2010-12-12,7,24640.91
17739.0,2011-11-28,2010-12-14,7,18868.94
17988.0,2011-11-28,2011-01-17,7,831.81
16744.0,2011-11-28,2011-06-19,7,41141.63
14901.0,2011-11-28,2010-12-02,9,12598.51
17651.0,2011-11-28,2011-06-15,10,120183.09
13081.0,2011-11-28,2010-12-03,11,3742499.51
17419.0,2011-11-28,2010-12-07,12,62756.92
13266.0,2011-11-28,2011-03-28,12,58587.96
15601.0,2011-11-28,2010-12-02,14,206202.0
13418.0,2011-11-28,2010-12-02,18,119822.6
13004.0,2011-11-28,2010-12-17,18,135992.47
15838.0,2011-11-28,2010-12-07,19,607676.0
18229.0,2011-11-28,2010-12-01,20,39609.0
18041.0,2011-11-28,2010-12-02,21,97709.16
13349.0,2011-11-29,2011-11-29,1,2959.8
15619.0,2011-11-29,2011-11-29,1,1009.2
15148.0,2011-11-29,2011-11-29,1,6025.8
14601.0,2011-11-29,2011-11-29,1,1497.72
15783.0,2011-11-29,2011-11-29,1,3448.2
13428.0,2011-11-29,2011-11-29,1,13700.87
15790.0,2011-11-29,2011-11-29,1,5747.4
14349.0,2011-11-29,2011-11-29,1,3750.0
13496.0,2011-11-29,2010-12-15,2,10419.7
13068.0,2011-11-29,2011-01-24,2,344.0
17711.0,2011-11-29,2011-02-23,2,4512.59
13657.0,2011-11-29,2011-05-22,2,2659.86
16852.0,2011-11-29,2011-06-16,2,295.4
12375.0,2011-11-29,2011-09-02,2,2839.0
14452.0,2011-11-29,2011-09-07,2,7199.4
17466.0,2011-11-29,2011-09-22,2,9631.02
15239.0,2011-11-29,2011-09-22,2,18956.11
14550.0,2011-11-29,2011-10-26,2,17364.07
13467.0,2011-11-29,2011-11-03,2,55110.36
14785.0,2011-11-29,2011-11-24,2,116.88
17468.0,2011-11-29,2011-11-25,2,458.0
17772.0,2011-11-29,2011-11-29,2,5978.62
16479.0,2011-11-29,2011-11-29,2,4807.02
13211.0,2011-11-29,2010-12-13,3,37470.56
15197.0,2011-11-29,2010-12-16,3,7586.07
12798.0,2011-11-29,2011-06-22,3,15012.24
14125.0,2011-11-29,2011-09-22,3,154199.08
15297.0,2011-11-29,2011-10-07,3,8244.84
14836.0,2011-11-29,2011-11-09,3,330.6
15206.0,2011-11-29,2011-03-09,4,1190.1
14173.0,2011-11-29,2011-05-04,4,2338.02
17101.0,2011-11-29,2011-06-14,4,17348.66
13928.0,2011-11-29,2011-07-29,4,2089.42
13147.0,2011-11-29,2011-09-01,4,712.8
14824.0,2011-11-29,2011-09-09,4,10524.55
13429.0,2011-11-29,2011-09-25,4,17939.43
14554.0,2011-11-29,2011-10-18,4,169528.36
14321.0,2011-11-29,2011-01-10,5,36395.68
12451.0,2011-11-29,2011-01-19,5,722818.03
12654.0,2011-11-29,2011-02-17,5,3646.29
16992.0,2011-11-29,2011-02-28,5,24549.71
13883.0,2011-11-29,2011-03-31,5,79727.58
12670.0,2011-11-29,2011-04-21,5,46921.41
14723.0,2011-11-29,2010-12-03,6,54887.57
17682.0,2011-11-29,2010-12-06,6,47030.1
14419.0,2011-11-29,2010-12-10,6,38099.62
13198.0,2011-11-29,2010-12-13,6,141925.14
14209.0,2011-11-29,2011-01-11,6,20537.66
15755.0,2011-11-29,2011-02-18,6,51645.01
12627.0,2011-11-29,2011-07-22,6,156738.1
15089.0,2011-11-29,2011-08-03,6,78549.8
17655.0,2011-11-29,2010-12-08,7,26050.22
12727.0,2011-11-29,2011-01-23,7,78031.02
14408.0,2011-11-29,2011-03-20,7,51557.76
14388.0,2011-11-29,2010-12-02,8,66958.98
13137.0,2011-11-29,2011-02-04,8,341405.6
14390.0,2011-11-29,2010-12-02,9,167817.77
14961.0,2011-11-29,2010-12-14,9,246430.9
14701.0,2011-11-29,2011-01-27,9,96313.37
13014.0,2011-11-29,2011-03-03,9,17561.71
16549.0,2011-11-29,2011-01-09,10,478275.36
16775.0,2011-11-29,2010-12-07,11,19351.14
14866.0,2011-11-29,2010-12-08,11,231582.28
15218.0,2011-11-29,2011-01-25,11,88498.56
14711.0,2011-11-29,2011-03-22,11,68528.01
16818.0,2011-11-29,2011-05-18,11,77762.75
13999.0,2011-11-29,2010-12-13,12,62706.62
16782.0,2011-11-29,2010-12-09,13,32337.63
14088.0,2011-11-29,2011-01-21,13,2723180.46
13576.0,2011-11-29,2010-12-01,18,45715.58
17306.0,2011-11-29,2010-12-21,19,35081.79
15615.0,2011-11-29,2010-12-15,23,242128.46
14180.0,2011-11-29,2010-12-02,25,14308.59
14667.0,2011-11-29,2010-12-06,25,214449.98
18118.0,2011-11-29,2010-12-05,26,275240.13
16168.0,2011-11-29,2010-12-05,27,14193.71
18058.0,2011-11-30,2011-11-30,1,510.48
12953.0,2011-11-30,2011-11-30,1,4124.25
12966.0,2011-11-30,2011-11-30,1,1329.12
17911.0,2011-11-30,2011-11-30,1,12947.74
13255.0,2011-11-30,2010-12-01,2,1537.56
14448.0,2011-11-30,2010-12-10,2,2116.8
17736.0,2011-11-30,2011-08-18,2,3667.62
18158.0,2011-11-30,2011-09-12,2,9347.2
17737.0,2011-11-30,2011-10-12,2,847.74
12630.0,2011-11-30,2011-10-27,2,26214.94
15444.0,2011-11-30,2011-10-30,2,159040.64
12882.0,2011-11-30,2011-11-06,2,10288.8
15654.0,2011-11-30,2011-11-13,2,8792.79
14893.0,2011-11-30,2011-11-28,2,42005.58
15680.0,2011-11-30,2010-12-08,3,36191.87
14618.0,2011-11-30,2011-01-06,3,2894.28
14540.0,2011-11-30,2011-02-03,3,26384.43
15414.0,2011-11-30,2011-04-11,3,12098.6
12787.0,2011-11-30,2011-05-31,3,2514.62
15073.0,2011-11-30,2011-06-06,3,20777.62
15467.0,2011-11-30,2011-07-10,3,10956.28
15782.0,2011-11-30,2011-09-11,3,27276.54
12488.0,2011-11-30,2011-09-25,3,21199.79
15113.0,2011-11-30,2011-10-16,3,192853.78
14385.0,2011-11-30,2011-11-16,3,955.39
12429.0,2011-11-30,2010-12-09,4,75857.08
16062.0,2011-11-30,2010-12-10,4,10776.64
15394.0,2011-11-30,2010-12-16,4,36576.3
13362.0,2011-11-30,2011-02-25,4,112355.79
16657.0,2011-11-30,2011-03-30,4,45460.98
13203.0,2011-11-30,2011-04-11,4,14207.78
13647.0,2011-11-30,2011-04-19,4,28125.94
16361.0,2011-11-30,2011-09-29,4,21770.82
16295.0,2011-11-30,2011-10-06,4,20729.22
17502.0,2011-11-30,2011-11-10,4,6075.6
12714.0,2011-11-30,2011-02-18,5,221286.79
15712.0,2011-11-30,2011-02-25,5,12498.89
14005.0,2011-11-30,2011-05-08,5,57880.0
13658.0,2011-11-30,2011-05-19,5,56878.3
14963.0,2011-11-30,2011-06-09,5,55016.68
18179.0,2011-11-30,2011-01-07,6,23554.76
12528.0,2011-11-30,2011-01-31,6,16442.1
16915.0,2011-11-30,2011-03-01,6,3829.91
14432.0,2011-11-30,2011-09-11,6,189004.31
17288.0,2011-11-30,2010-12-16,7,52220.57
18230.0,2011-11-30,2011-02-10,7,35417.46
15903.0,2011-11-30,2011-02-17,7,49188.96
12598.0,2011-11-30,2011-02-28,7,52401.59
12957.0,2011-11-30,2011-01-04,8,139830.61
12524.0,2011-11-30,2011-01-10,8,74533.79
13012.0,2011-11-30,2011-02-18,8,21354.8
16115.0,2011-11-30,2011-02-20,8,58249.4
15544.0,2011-11-30,2010-12-02,9,105050.92
15024.0,2011-11-30,2010-12-07,9,41704.85
16265.0,2011-11-30,2010-12-10,9,136997.52
14258.0,2011-11-30,2011-01-06,9,176858.14
14713.0,2011-11-30,2010-12-09,11,83081.61
15611.0,2011-11-30,2011-01-09,11,4829.1
14755.0,2011-11-30,2011-01-09,11,87961.84
13784.0,2011-11-30,2011-01-11,11,7815.84
15251.0,2011-11-30,2011-04-12,11,158237.76
14062.0,2011-11-30,2010-12-10,12,114839.5
16241.0,2011-11-30,2010-12-05,13,154756.12
15152.0,2011-11-30,2011-06-05,13,89578.95
15046.0,2011-11-30,2011-01-05,15,76624.15
18241.0,2011-11-30,2011-05-06,17,16663.51
12921.0,2011-11-30,2010-12-01,37,373792.26
15039.0,2011-11-30,2010-12-06,46,678961.8
14156.0,2011-11-30,2010-12-03,52,3218471.7
14804.0,2011-12-01,2011-12-01,1,2725.2
15904.0,2011-12-01,2011-12-01,1,4197.17
16789.0,2011-12-01,2011-12-01,1,404.0
15101.0,2011-12-01,2010-12-15,2,1270.12
15951.0,2011-12-01,2011-02-27,2,10827.93
14960.0,2011-12-01,2011-06-21,2,3129.08
14869.0,2011-12-01,2011-08-28,2,22451.13
16119.0,2011-12-01,2011-09-28,2,3973.68
17321.0,2011-12-01,2011-10-03,2,52928.04
12572.0,2011-12-01,2011-10-19,2,20085.26
15948.0,2011-12-01,2011-10-27,2,31989.6
13040.0,2011-12-01,2011-11-06,2,14590.53
15531.0,2011-12-01,2011-11-09,2,264385.36
17566.0,2011-12-01,2011-11-14,2,59973.6
16376.0,2011-12-01,2011-11-22,2,87312.75
16496.0,2011-12-01,2011-01-27,3,43547.04
17115.0,2011-12-01,2011-04-20,3,7609.17
14287.0,2011-12-01,2011-05-25,3,682.03
17768.0,2011-12-01,2011-06-26,3,77701.51
17014.0,2011-12-01,2011-10-04,3,11637.21
15862.0,2011-12-01,2010-12-01,4,30345.1
15028.0,2011-12-01,2010-12-06,4,11811.71
16938.0,2011-12-01,2011-02-04,4,423214.38
14655.0,2011-12-01,2011-05-01,4,23960.07
13159.0,2011-12-01,2011-08-16,4,39786.17
15500.0,2011-12-01,2011-09-19,4,14831.67
16169.0,2011-12-01,2011-09-25,4,40499.76
17350.0,2011-12-01,2011-10-19,4,26948.06
15060.0,2011-12-01,2011-11-30,4,14664.84
14047.0,2011-12-01,2010-12-02,5,7321.53
14440.0,2011-12-01,2010-12-09,5,22328.16
15380.0,2011-12-01,2010-12-09,5,7332.7
14146.0,2011-12-01,2010-12-17,5,173964.71
15172.0,2011-12-01,2011-04-17,5,35221.04
15434.0,2011-12-01,2011-05-23,5,13516.4
14766.0,2011-12-01,2010-12-08,6,60914.96
12951.0,2011-12-01,2011-01-13,6,11401.25
14289.0,2011-12-01,2011-02-23,6,8410.44
13509.0,2011-12-01,2011-02-28,6,9324.84
17426.0,2011-12-01,2011-03-02,6,278601.61
12919.0,2011-12-01,2011-06-23,6,12326.4
18122.0,2011-12-01,2011-07-12,6,122595.82
17937.0,2011-12-01,2010-12-12,7,17540.76
16242.0,2011-12-01,2011-03-07,7,173791.79
16966.0,2011-12-01,2011-04-13,7,10128.49
12562.0,2011-12-01,2011-05-25,7,69511.63
14178.0,2011-12-01,2011-06-10,7,75213.8
15993.0,2011-12-01,2011-10-26,7,256277.57
12963.0,2011-12-01,2010-12-09,8,24491.91
14299.0,2011-12-01,2010-12-09,8,61318.46
17293.0,2011-12-01,2010-12-13,8,32176.32
14732.0,2011-12-01,2011-01-04,8,43269.12
14262.0,2011-12-01,2011-04-13,8,51919.54
15602.0,2011-12-01,2010-12-06,9,9918.32
15021.0,2011-12-01,2010-12-08,9,95974.38
14309.0,2011-12-01,2010-12-16,9,29369.78
15687.0,2011-12-01,2011-01-13,9,44742.35
12664.0,2011-12-01,2011-01-21,9,15247.92
14659.0,2011-12-01,2011-01-28,9,79566.33
16156.0,2011-12-01,2011-02-02,9,46948.74
15373.0,2011-12-01,2010-12-03,10,18801.87
14243.0,2011-12-01,2010-12-09,10,33255.43
12553.0,2011-12-01,2011-01-14,10,67847.78
16813.0,2011-12-01,2011-05-19,10,79942.35
18077.0,2011-12-01,2010-12-08,11,56768.36
16145.0,2011-12-01,2010-12-15,11,74759.78
13090.0,2011-12-01,2010-12-02,13,65400.69
16700.0,2011-12-01,2010-12-08,13,121061.87
16701.0,2011-12-01,2010-12-13,13,73904.15
16011.0,2011-12-01,2010-12-08,16,46299.53
14367.0,2011-12-01,2011-03-08,16,349028.75
15144.0,2011-12-01,2011-01-31,17,102198.04
17576.0,2011-12-01,2010-12-09,19,71206.12
13854.0,2011-12-01,2010-12-09,25,19226.16
12901.0,2011-12-01,2011-03-14,28,76905.83
17381.0,2011-12-01,2010-12-02,29,104436.39
16839.0,2011-12-01,2010-12-05,34,110648.11
14298.0,2011-12-01,2010-12-14,44,4285059.37
17450.0,2011-12-01,2010-12-07,46,1855866.62
12558.0,2011-12-02,2011-12-02,1,2969.56
17942.0,2011-12-02,2011-12-02,1,155.0
12587.0,2011-12-02,2011-12-02,1,312.0
13560.0,2011-12-02,2011-12-02,1,5754.21
15539.0,2011-12-02,2011-12-02,1,22076.86
13017.0,2011-12-02,2011-12-02,1,204.0
18174.0,2011-12-02,2011-12-02,1,104.0
14594.0,2011-12-02,2010-12-01,2,9886.26
14865.0,2011-12-02,2010-12-02,2,126.6
14023.0,2011-12-02,2011-04-03,2,8462.55
15123.0,2011-12-02,2011-05-17,2,100751.49
17157.0,2011-12-02,2011-06-16,2,2079.38
13780.0,2011-12-02,2011-06-22,2,11020.7
17584.0,2011-12-02,2011-08-04,2,17026.65
18282.0,2011-12-02,2011-08-05,2,582.91
12962.0,2011-12-02,2011-08-18,2,1929.65
17495.0,2011-12-02,2011-11-01,2,6069.02
13868.0,2011-12-02,2011-11-01,2,18023.49
17221.0,2011-12-02,2011-11-03,2,10059.6
14788.0,2011-12-02,2011-11-13,2,8819.35
12762.0,2011-12-02,2011-11-14,2,69067.51
13705.0,2011-12-02,2010-12-01,3,4952.46
16038.0,2011-12-02,2011-05-22,3,5252.42
14250.0,2011-12-02,2011-09-11,3,99201.06
16759.0,2011-12-02,2011-11-09,3,11041.16
14126.0,2011-12-02,2011-11-29,3,3257.06
12970.0,2011-12-02,2011-01-21,4,42635.12
14897.0,2011-12-02,2011-02-16,4,8997.74
13884.0,2011-12-02,2011-03-01,4,15595.15
12700.0,2011-12-02,2011-05-08,4,281527.13
12695.0,2011-12-02,2011-05-13,4,4555.65
12364.0,2011-12-02,2011-08-19,4,31218.02
13297.0,2011-12-02,2011-10-03,4,56354.44
13495.0,2011-12-02,2010-12-06,5,22691.34
14428.0,2011-12-02,2011-01-18,5,36876.16
13309.0,2011-12-02,2011-02-04,5,33913.11
16440.0,2011-12-02,2011-05-09,5,227873.2
14493.0,2011-12-02,2011-07-07,5,53443.45
16899.0,2011-12-02,2010-12-14,6,24649.63
18097.0,2011-12-02,2010-12-20,6,54421.24
16103.0,2011-12-02,2011-04-20,6,12428.42
12684.0,2011-12-02,2011-05-10,6,38003.16
17386.0,2011-12-02,2011-06-27,6,21328.58
16989.0,2011-12-02,2011-07-12,6,6279.45
17183.0,2011-12-02,2011-08-26,6,37192.44
17086.0,2011-12-02,2011-10-07,6,31276.64
12856.0,2011-12-02,2011-10-07,6,108572.19
18245.0,2011-12-02,2010-12-19,7,79066.97
13953.0,2011-12-02,2010-12-22,7,8464.12
17686.0,2011-12-02,2011-02-10,7,227305.7
16474.0,2011-12-02,2011-07-17,7,134167.89
17567.0,2011-12-02,2010-12-02,8,90854.4
12704.0,2011-12-02,2011-06-23,8,18588.58
13183.0,2011-12-02,2011-01-09,9,40524.82
16359.0,2011-12-02,2011-01-12,9,6638.5
14292.0,2011-12-02,2011-03-02,9,54983.61
18055.0,2011-12-02,2010-12-05,10,241729.26
18144.0,2011-12-02,2010-12-01,12,8672.65
15570.0,2011-12-02,2010-12-05,12,115307.27
15547.0,2011-12-02,2010-12-12,13,242426.37
13458.0,2011-12-02,2010-12-15,14,295258.98
14092.0,2011-12-02,2010-12-16,14,70081.48
15271.0,2011-12-02,2010-12-09,15,56169.18
17611.0,2011-12-02,2010-12-13,15,180706.53
14560.0,2011-12-02,2010-12-17,17,5642.55
13969.0,2011-12-02,2010-12-09,18,410440.4
14031.0,2011-12-02,2010-12-02,19,188583.1
14895.0,2011-12-02,2011-02-22,19,434520.3
14688.0,2011-12-02,2010-12-01,21,100118.91
16333.0,2011-12-02,2011-02-03,22,70657.36
15769.0,2011-12-02,2010-12-03,26,390047.52
15078.0,2011-12-02,2010-12-06,32,193607.96
13153.0,2011-12-04,2011-12-04,1,7293.3
15773.0,2011-12-04,2011-12-04,1,6356.8
17936.0,2011-12-04,2011-12-04,1,26787.26
16535.0,2011-12-04,2011-12-04,1,12579.0
16988.0,2011-12-04,2011-12-04,1,504.35
12673.0,2011-12-04,2011-01-17,2,11445.86
13736.0,2011-12-04,2011-03-24,2,52238.36
12560.0,2011-12-04,2011-07-19,2,107513.18
14658.0,2011-12-04,2011-08-14,2,1644.97
12719.0,2011-12-04,2011-10-05,2,8512.7
16561.0,2011-12-04,2011-10-11,2,7447.6
13822.0,2011-12-04,2011-10-30,2,37278.06
14354.0,2011-12-04,2011-11-09,2,754.2
13596.0,2011-12-04,2011-11-27,2,56496.37
17618.0,2011-12-04,2010-12-12,3,18190.4
14720.0,2011-12-04,2011-08-05,3,5665.42
12827.0,2011-12-04,2011-10-26,3,4328.25
13838.0,2011-12-04,2010-12-05,4,26033.56
12724.0,2011-12-04,2011-01-11,4,16054.5
12952.0,2011-12-04,2011-09-22,4,30437.77
13558.0,2011-12-04,2011-10-02,4,24930.35
17827.0,2011-12-04,2010-12-10,5,120237.83
13956.0,2011-12-04,2011-03-13,5,28029.82
14546.0,2011-12-04,2011-04-05,5,207806.5
16283.0,2011-12-04,2011-05-15,5,71602.39
14583.0,2011-12-04,2011-05-18,5,67923.71
13808.0,2011-12-04,2011-09-04,5,23307.3
16438.0,2011-12-04,2011-09-18,5,20010.41
17131.0,2011-12-04,2011-09-25,5,77893.31
14102.0,2011-12-04,2011-10-26,5,25119.47
16905.0,2011-12-04,2010-12-03,7,102169.28
13630.0,2011-12-04,2011-02-27,7,24471.62
13435.0,2011-12-04,2011-06-03,7,54873.79
17629.0,2011-12-04,2010-12-15,8,32581.0
17114.0,2011-12-04,2011-01-09,8,9172.73
17173.0,2011-12-04,2011-07-31,8,40411.74
17750.0,2011-12-04,2011-06-28,9,45430.55
14456.0,2011-12-04,2011-07-20,9,419253.79
13704.0,2011-12-04,2011-09-12,9,29655.48
12490.0,2011-12-04,2011-01-14,10,128652.53
17954.0,2011-12-04,2010-12-03,11,112347.64
17858.0,2011-12-04,2010-12-05,11,52332.83
18065.0,2011-12-04,2010-12-10,14,35427.25
16326.0,2011-12-04,2011-01-09,14,71941.31
15867.0,2011-12-04,2010-12-05,15,112524.16
16033.0,2011-12-04,2010-12-05,20,574401.93
16931.0,2011-12-04,2010-12-05,21,201877.97
13319.0,2011-12-04,2010-12-09,26,279454.73
15097.0,2011-12-05,2011-12-05,1,6202.0
18015.0,2011-12-05,2011-12-05,1,5521.38
16597.0,2011-12-05,2011-12-05,1,630.28
13790.0,2011-12-05,2011-12-05,1,15696.0
14219.0,2011-12-05,2011-12-05,1,629.58
12367.0,2011-12-05,2011-12-05,1,1509.0
17383.0,2011-12-05,2011-12-05,1,10163.79
13173.0,2011-12-05,2010-12-07,2,7570.82
17817.0,2011-12-05,2011-03-07,2,1649.74
16642.0,2011-12-05,2011-05-16,2,10458.39
13417.0,2011-12-05,2011-05-18,2,5208.74
16200.0,2011-12-05,2011-06-28,2,85281.15
13311.0,2011-12-05,2011-07-12,2,8013.76
16149.0,2011-12-05,2011-07-20,2,2618.36
16968.0,2011-12-05,2011-08-24,2,5791.25
15690.0,2011-12-05,2011-08-31,2,2304.36
13083.0,2011-12-05,2011-09-25,2,2133.36
12925.0,2011-12-05,2011-09-26,2,14353.36
12646.0,2011-12-05,2011-10-21,2,27300.96
14629.0,2011-12-05,2011-10-23,2,50168.85
18030.0,2011-12-05,2011-10-28,2,371.85
15274.0,2011-12-05,2011-11-21,2,16916.51
16811.0,2011-12-05,2011-11-22,2,7531.56
17254.0,2011-12-05,2011-11-24,2,14329.65
15053.0,2011-12-05,2011-03-03,3,16366.89
12994.0,2011-12-05,2011-03-16,3,15000.14
14075.0,2011-12-05,2011-03-23,3,13475.32
14759.0,2011-12-05,2011-04-21,3,41230.89
17579.0,2011-12-05,2011-06-13,3,7580.58
12628.0,2011-12-05,2011-10-06,3,9042.3
16851.0,2011-12-05,2011-10-19,3,2294.16
17526.0,2011-12-05,2010-12-09,4,2635.0
14608.0,2011-12-05,2010-12-12,4,10277.85
15392.0,2011-12-05,2010-12-14,4,31486.5
15550.0,2011-12-05,2011-02-11,4,7300.2
15031.0,2011-12-05,2011-03-02,4,16344.44
15145.0,2011-12-05,2011-04-05,4,14193.72
14931.0,2011-12-05,2011-04-13,4,7821.09
14649.0,2011-12-05,2011-05-11,4,70762.1
16379.0,2011-12-05,2011-09-22,4,61467.12
17006.0,2011-12-05,2011-09-25,4,7816.82
16513.0,2011-12-05,2011-10-27,4,17180.7
15621.0,2011-12-05,2011-11-18,4,5513.62
12913.0,2011-12-05,2010-12-06,5,33058.1
12782.0,2011-12-05,2010-12-17,5,38450.81
16682.0,2011-12-05,2011-06-05,5,6780.28
13079.0,2011-12-05,2011-07-22,5,333.0
12381.0,2011-12-05,2011-08-12,5,54633.78
16500.0,2011-12-05,2011-11-03,5,484.62
17676.0,2011-12-05,2010-12-08,6,21680.66
16873.0,2011-12-05,2010-12-10,6,318226.36
16600.0,2011-12-05,2011-01-05,6,9085.46
18180.0,2011-12-05,2011-07-20,6,35931.13
16360.0,2011-12-05,2011-09-12,6,404285.23
14696.0,2011-12-05,2010-12-01,7,35007.44
14739.0,2011-12-05,2010-12-07,7,35935.76
17090.0,2011-12-05,2010-12-20,7,31808.76
15572.0,2011-12-05,2011-03-06,7,73337.54
13126.0,2011-12-05,2010-12-08,8,38666.91
15932.0,2011-12-05,2011-02-23,8,35183.1
16910.0,2011-12-05,2011-09-09,8,83241.22
14083.0,2011-12-05,2010-12-03,9,49446.83
15628.0,2011-12-05,2010-12-08,9,51125.94
13021.0,2011-12-05,2010-12-16,9,37234.19
13305.0,2011-12-05,2010-12-02,10,17540.34
17218.0,2011-12-05,2010-12-06,10,48677.3
18044.0,2011-12-05,2010-12-14,10,19687.78
15033.0,2011-12-05,2011-01-14,10,136653.38
17402.0,2011-12-05,2010-12-05,12,5758.48
15854.0,2011-12-05,2010-12-13,12,29021.48
17404.0,2011-12-05,2010-12-14,13,664089.64
14401.0,2011-12-05,2010-12-15,13,57071.02
13001.0,2011-12-05,2011-01-17,13,366089.34
12683.0,2011-12-05,2010-12-09,14,189269.12
13230.0,2011-12-05,2010-12-09,14,138097.69
18223.0,2011-12-05,2010-12-16,14,160460.96
15640.0,2011-12-05,2010-12-02,15,381800.69
16904.0,2011-12-05,2010-12-07,15,191529.5
13985.0,2011-12-05,2011-03-20,15,188566.24
16592.0,2011-12-05,2011-02-25,16,103369.79
17920.0,2011-12-05,2010-12-01,17,176401.95
17706.0,2011-12-05,2010-12-08,17,348043.84
18198.0,2011-12-05,2011-01-07,17,48976.64
14096.0,2011-12-05,2011-08-30,17,16830944.5
15290.0,2011-12-05,2010-12-15,18,99486.87
16746.0,2011-12-05,2010-12-16,18,163708.46
14060.0,2011-12-05,2010-12-02,19,73498.24
14194.0,2011-12-05,2011-02-04,21,330867.36
15358.0,2011-12-05,2010-12-09,22,264767.04
17857.0,2011-12-05,2010-12-09,23,92735.22
12841.0,2011-12-05,2010-12-03,25,66877.34
15856.0,2011-12-05,2010-12-09,27,421954.16
16684.0,2011-12-05,2010-12-16,28,1289672.34
17811.0,2011-12-05,2011-01-10,39,255023.53
12478.0,2011-12-06,2011-12-06,1,17407.66
15992.0,2011-12-06,2011-12-06,1,54.08
15318.0,2011-12-06,2011-12-06,1,10316.46
17914.0,2011-12-06,2011-12-06,1,24689.34
16528.0,2011-12-06,2011-12-06,1,2646.84
12442.0,2011-12-06,2011-12-06,1,1584.66
16569.0,2011-12-06,2011-12-06,1,621.0
12650.0,2011-12-06,2011-12-06,1,4606.36
14578.0,2011-12-06,2011-12-06,1,4047.12
15822.0,2011-12-06,2010-12-15,2,13277.09
16495.0,2011-12-06,2011-03-08,2,23561.7
17250.0,2011-12-06,2011-03-23,2,7555.97
16620.0,2011-12-06,2011-03-24,2,579.84
12716.0,2011-12-06,2011-07-29,2,33068.98
17666.0,2011-12-06,2011-10-05,2,6133.86
17119.0,2011-12-06,2011-10-11,2,12025.74
16313.0,2011-12-06,2011-10-21,2,1994.76
18005.0,2011-12-06,2011-10-23,2,5281.4
18154.0,2011-12-06,2011-10-27,2,3456.2
14140.0,2011-12-06,2011-11-08,2,30846.92
17290.0,2011-12-06,2011-11-23,2,23649.36
15157.0,2011-12-06,2010-12-16,3,82312.12
14737.0,2011-12-06,2010-12-21,3,5475.1
15907.0,2011-12-06,2011-05-13,3,81188.94
14418.0,2011-12-06,2011-08-23,3,90100.74
17728.0,2011-12-06,2011-09-14,3,199721.95
16015.0,2011-12-06,2011-10-21,3,44780.67
17884.0,2011-12-06,2010-12-03,4,20103.74
14293.0,2011-12-06,2010-12-06,4,17090.67
14871.0,2011-12-06,2010-12-14,4,13513.23
14113.0,2011-12-06,2010-12-20,4,14930.88
12820.0,2011-12-06,2011-01-17,4,15010.76
17883.0,2011-12-06,2011-04-07,4,21531.8
13507.0,2011-12-06,2011-07-17,4,109511.4
16201.0,2011-12-06,2011-08-22,4,50754.48
17481.0,2011-12-06,2011-09-07,4,25336.02
12723.0,2011-12-06,2011-10-05,4,14733.36
14121.0,2011-12-06,2011-10-11,4,122122.84
14216.0,2011-12-06,2011-11-02,4,23498.98
14673.0,2011-12-06,2010-12-07,5,25663.92
16711.0,2011-12-06,2010-12-17,5,5477.78
17593.0,2011-12-06,2010-12-22,5,159921.07
12749.0,2011-12-06,2011-05-10,5,133472.36
13323.0,2011-12-06,2011-09-16,5,3331.75
16143.0,2011-12-06,2010-12-05,6,41177.82
17744.0,2011-12-06,2010-12-16,6,63669.88
13104.0,2011-12-06,2010-12-20,6,4209.36
16949.0,2011-12-06,2011-01-27,6,8895.14
16979.0,2011-12-06,2011-02-15,6,24971.53
16987.0,2011-12-06,2011-05-18,6,32019.71
14503.0,2011-12-06,2011-06-14,6,94681.93
13994.0,2011-12-06,2011-07-14,6,85285.41
16790.0,2011-12-06,2011-11-02,6,36853.79
14907.0,2011-12-06,2010-12-07,7,89350.73
12766.0,2011-12-06,2010-12-08,7,296885.38
13225.0,2011-12-06,2010-12-13,7,33347.48
14572.0,2011-12-06,2011-01-19,7,117066.25
16929.0,2011-12-06,2011-07-07,7,15288.78
16016.0,2011-12-06,2010-12-08,8,49996.06
17861.0,2011-12-06,2011-01-24,8,76672.45
12584.0,2011-12-06,2011-03-04,8,15579.8
14071.0,2011-12-06,2011-03-20,8,54879.27
14868.0,2011-12-06,2011-04-20,8,53424.04
14547.0,2011-12-06,2011-10-16,8,191775.13
12417.0,2011-12-06,2010-12-17,9,44973.31
17705.0,2011-12-06,2011-02-11,9,18247.52
13755.0,2011-12-06,2011-10-07,9,101895.49
12362.0,2011-12-06,2011-02-17,10,111543.7
16076.0,2011-12-06,2011-05-15,10,38074.02
15023.0,2011-12-06,2010-12-05,11,357283.52
14825.0,2011-12-06,2010-12-06,12,22354.28
18225.0,2011-12-06,2010-12-09,12,129534.91
12877.0,2011-12-06,2010-12-16,12,27919.58
14110.0,2011-12-06,2011-03-18,12,99948.51
17730.0,2011-12-06,2011-01-17,13,91296.32
13709.0,2011-12-06,2011-01-28,13,176615.2
16764.0,2011-12-06,2011-07-19,13,146793.36
17346.0,2011-12-06,2010-12-01,15,76498.88
15194.0,2011-12-06,2010-12-06,15,174136.78
14282.0,2011-12-06,2010-12-07,15,46300.86
12989.0,2011-12-06,2010-12-10,15,19719.17
18283.0,2011-12-06,2011-01-06,16,124396.42
14562.0,2011-12-06,2011-02-08,18,106277.24
13881.0,2011-12-06,2011-02-01,20,170958.84
16353.0,2011-12-06,2010-12-05,23,40192.51
13078.0,2011-12-06,2010-12-08,26,154211.99
12682.0,2011-12-06,2010-12-03,31,204690.91
14735.0,2011-12-06,2010-12-16,31,42437.58
16133.0,2011-12-06,2011-01-25,33,159388.73
13199.0,2011-12-06,2010-12-08,37,33862.08
16013.0,2011-12-06,2010-12-03,47,134319.14
15061.0,2011-12-06,2010-12-02,48,565292.76
13694.0,2011-12-06,2010-12-01,50,1042908.55
12971.0,2011-12-06,2010-12-02,86,41519.33
15195.0,2011-12-07,2011-12-07,1,3861.0
14087.0,2011-12-07,2011-12-07,1,13414.98
14204.0,2011-12-07,2011-12-07,1,5820.36
15471.0,2011-12-07,2011-12-07,1,35034.48
17503.0,2011-12-07,2011-11-01,2,9652.08
15883.0,2011-12-07,2011-11-06,2,8541.24
16368.0,2011-12-07,2011-11-11,2,15540.65
14904.0,2011-12-07,2011-11-14,2,38271.68
17232.0,2011-12-07,2011-11-25,2,7592.8
16000.0,2011-12-07,2011-12-07,2,60462.4
15525.0,2011-12-07,2010-12-01,3,37622.24
14708.0,2011-12-07,2010-12-06,3,8309.85
18273.0,2011-12-07,2011-03-27,3,204.0
15969.0,2011-12-07,2011-06-07,3,1416.3
17266.0,2011-12-07,2011-07-15,3,10410.31
15568.0,2011-12-07,2011-09-27,3,12678.94
17590.0,2011-12-07,2011-10-30,3,112630.18
12950.0,2011-12-07,2011-11-15,3,17678.0
17835.0,2011-12-07,2011-11-16,3,7168.8
16539.0,2011-12-07,2010-12-01,4,16830.73
12615.0,2011-12-07,2011-06-24,4,53031.5
15701.0,2011-12-07,2011-08-21,4,107092.3
14141.0,2011-12-07,2011-08-26,4,9174.99
15136.0,2011-12-07,2011-09-04,4,30077.5
12783.0,2011-12-07,2011-09-25,4,22348.5
14910.0,2011-12-07,2011-10-16,4,3348.96
17042.0,2011-12-07,2011-04-06,5,22237.41
18237.0,2011-12-07,2011-07-28,5,11255.53
13882.0,2011-12-07,2011-10-06,5,16707.84
12912.0,2011-12-07,2011-10-30,5,10029.3
14794.0,2011-12-07,2011-01-09,6,14617.09
17602.0,2011-12-07,2011-01-19,6,530309.39
18272.0,2011-12-07,2011-04-07,6,90669.31
12828.0,2011-12-07,2011-08-01,6,10064.7
13949.0,2011-12-07,2011-09-06,6,69936.58
17412.0,2011-12-07,2010-12-02,7,11524.58
12347.0,2011-12-07,2010-12-07,7,122083.23
12826.0,2011-12-07,2010-12-09,7,21786.98
17449.0,2011-12-07,2010-12-15,7,106644.55
12935.0,2011-12-07,2011-01-24,7,43152.6
13743.0,2011-12-07,2011-03-25,7,8271.36
17434.0,2011-12-07,2011-09-15,7,38056.89
13685.0,2011-12-07,2011-10-10,7,13194.2
15750.0,2011-12-07,2010-12-08,8,109561.34
17097.0,2011-12-07,2010-12-09,8,25963.45
14769.0,2011-12-07,2010-12-17,8,2480490.21
13870.0,2011-12-07,2011-02-25,8,43288.81
14395.0,2011-12-07,2010-12-02,9,136503.02
16817.0,2011-12-07,2010-12-06,9,13820.19
17091.0,2011-12-07,2010-12-07,9,105110.95
17049.0,2011-12-07,2011-03-09,9,223023.92
18219.0,2011-12-07,2010-12-06,10,21296.45
15984.0,2011-12-07,2010-12-06,10,119884.85
13769.0,2011-12-07,2010-12-07,10,37308.45
16426.0,2011-12-07,2011-03-08,10,71048.72
12747.0,2011-12-07,2010-12-05,11,32540.99
14032.0,2011-12-07,2010-12-08,11,36126.88
18092.0,2011-12-07,2010-12-09,11,73444.7
14132.0,2011-12-07,2011-06-09,11,63745.75
17870.0,2011-12-07,2010-12-08,12,54547.88
15298.0,2011-12-07,2010-12-08,12,74111.36
16678.0,2011-12-07,2011-03-02,12,44539.04
16393.0,2011-12-07,2010-12-05,13,85169.36
16191.0,2011-12-07,2010-12-14,13,67177.18
13756.0,2011-12-07,2010-12-07,14,53015.87
12839.0,2011-12-07,2010-12-07,14,128732.41
12583.0,2011-12-07,2010-12-01,15,107430.13
14189.0,2011-12-07,2010-12-06,15,76056.42
17238.0,2011-12-07,2010-12-03,17,129643.23
14085.0,2011-12-07,2010-12-06,18,120267.48
16458.0,2011-12-07,2010-12-14,18,39910.88
14534.0,2011-12-07,2011-01-25,18,123415.4
17735.0,2011-12-07,2010-12-07,19,480840.46
13267.0,2011-12-07,2010-12-08,19,52003.68
14397.0,2011-12-07,2011-05-10,19,14071.8
17017.0,2011-12-07,2010-12-02,20,146786.5
16672.0,2011-12-07,2011-03-18,20,49984.92
13668.0,2011-12-07,2010-12-12,21,140430.9
16779.0,2011-12-07,2010-12-08,22,162058.52
12720.0,2011-12-07,2010-12-05,25,85876.36
13534.0,2011-12-07,2010-12-16,25,84226.26
16525.0,2011-12-07,2010-12-08,26,83881.12
15498.0,2011-12-07,2010-12-08,26,387068.99
12471.0,2011-12-07,2010-12-10,27,285615.33
12569.0,2011-12-07,2011-04-01,28,17883.62
17511.0,2011-12-07,2010-12-01,31,3446318.64
13767.0,2011-12-07,2010-12-01,37,146748.68
14527.0,2011-12-07,2010-12-05,54,90968.56
13089.0,2011-12-07,2010-12-05,91,1731602.17
13436.0,2011-12-08,2011-12-08,1,908.32
15520.0,2011-12-08,2011-12-08,1,6183.0
13298.0,2011-12-08,2011-12-08,1,720.0
14569.0,2011-12-08,2011-12-08,1,2024.9
14520.0,2011-12-08,2011-02-22,2,481.8
16933.0,2011-12-08,2011-04-14,2,11219.57
17436.0,2011-12-08,2011-04-27,2,959.1
13404.0,2011-12-08,2011-05-11,2,2029.65
12358.0,2011-12-08,2011-07-12,2,6988.8
17144.0,2011-12-08,2011-09-16,2,18404.26
13954.0,2011-12-08,2011-09-30,2,3578.76
14138.0,2011-12-08,2011-10-07,2,25879.31
17668.0,2011-12-08,2011-11-01,2,506.0
16322.0,2011-12-08,2011-11-03,2,6238.89
15877.0,2011-12-08,2011-11-22,2,30341.5
16442.0,2011-12-08,2010-12-14,3,33196.56
17830.0,2011-12-08,2011-02-24,3,2416.35
17631.0,2011-12-08,2011-04-21,3,5651.5
17405.0,2011-12-08,2011-07-12,3,22775.56
15399.0,2011-12-08,2011-09-21,3,13524.39
13314.0,2011-12-08,2011-09-27,3,18297.78
13318.0,2011-12-08,2011-11-02,3,4000.8
15156.0,2011-12-08,2011-11-06,3,14672.67
13521.0,2011-12-08,2011-11-29,3,151049.79
13077.0,2011-12-08,2010-12-08,4,23305.55
13680.0,2011-12-08,2011-01-04,4,155868.32
16833.0,2011-12-08,2011-01-09,4,14281.77
17856.0,2011-12-08,2011-03-03,4,4501.88
15237.0,2011-12-08,2011-04-26,4,59886.14
16358.0,2011-12-08,2011-06-08,4,53914.4
13510.0,2011-12-08,2011-06-09,4,51712.72
15484.0,2011-12-08,2011-09-22,4,215025.36
16688.0,2011-12-08,2011-10-10,4,27675.54
13471.0,2011-12-08,2011-10-23,4,194909.0
16891.0,2011-12-08,2010-12-03,5,29109.19
15898.0,2011-12-08,2010-12-06,5,26892.62
14621.0,2011-12-08,2010-12-16,5,28181.26
15208.0,2011-12-08,2010-12-21,5,3981.13
13026.0,2011-12-08,2011-03-09,5,8889.48
14129.0,2011-12-08,2011-03-24,5,14304.89
14719.0,2011-12-08,2011-04-04,5,69772.45
17522.0,2011-12-08,2011-05-05,5,25006.65
16892.0,2011-12-08,2011-06-09,5,9748.07
17554.0,2011-12-08,2011-07-14,5,36701.52
13860.0,2011-12-08,2011-09-14,5,19909.27
14251.0,2011-12-08,2011-10-13,5,62668.86
14698.0,2011-12-08,2011-10-19,5,54066.95
17673.0,2011-12-08,2011-01-23,6,69228.17
18210.0,2011-12-08,2011-03-17,6,81255.99
13924.0,2011-12-08,2011-09-28,6,41748.74
14653.0,2011-12-08,2011-01-05,7,63560.57
15443.0,2011-12-08,2011-01-23,7,166347.52
15453.0,2011-12-08,2011-06-05,7,55132.83
17451.0,2011-12-08,2011-08-26,7,34256.17
13536.0,2011-12-08,2011-09-25,7,86009.18
13394.0,2011-12-08,2011-02-03,8,47975.05
15796.0,2011-12-08,2011-02-10,8,32681.54
14730.0,2011-12-08,2011-03-08,8,126950.13
15214.0,2011-12-08,2011-04-11,8,28585.23
17528.0,2011-12-08,2011-09-29,8,103900.97
17491.0,2011-12-08,2010-12-07,10,39721.0
17530.0,2011-12-08,2010-12-09,10,110742.06
13890.0,2011-12-08,2010-12-16,10,22781.59
16794.0,2011-12-08,2011-06-12,10,47002.02
14291.0,2011-12-08,2011-03-09,11,116615.73
12955.0,2011-12-08,2011-03-17,11,100567.74
17644.0,2011-12-08,2011-03-24,11,56558.44
16401.0,2011-12-08,2011-01-16,12,70816.22
13013.0,2011-12-08,2010-12-03,13,84206.27
14415.0,2011-12-08,2010-12-14,13,340806.85
14191.0,2011-12-08,2011-05-03,13,103115.15
15187.0,2011-12-08,2011-05-11,13,25453.0
14135.0,2011-12-08,2010-12-02,15,51456.37
13269.0,2011-12-08,2010-12-05,15,129861.16
16210.0,2011-12-08,2010-12-01,17,138249.79
14796.0,2011-12-08,2010-12-08,17,514861.14
14217.0,2011-12-08,2010-12-08,17,7876.61
14702.0,2011-12-08,2010-12-09,17,61299.18
12437.0,2011-12-08,2011-01-12,18,47349.64
16161.0,2011-12-08,2010-12-06,19,119303.13
12621.0,2011-12-08,2010-12-09,20,282652.68
16523.0,2011-12-08,2011-01-28,20,149954.42
13599.0,2011-12-08,2010-12-08,21,80515.36
14056.0,2011-12-08,2011-02-28,23,451965.89
13102.0,2011-12-08,2010-12-09,24,79681.67
17243.0,2011-12-08,2010-12-05,26,114422.3
18109.0,2011-12-08,2010-12-05,26,83905.09
17677.0,2011-12-08,2010-12-06,27,266250.09
15159.0,2011-12-08,2010-12-13,28,781398.3
13098.0,2011-12-08,2011-01-26,28,639862.44
17757.0,2011-12-08,2010-12-02,30,124927.92
17675.0,2011-12-08,2010-12-07,31,474216.81
13263.0,2011-12-08,2011-01-18,34,394474.92
17315.0,2011-12-08,2010-12-17,36,78665.88
13468.0,2011-12-08,2010-12-01,37,42983.1
17949.0,2011-12-08,2011-01-06,38,217429.14
15189.0,2011-12-08,2011-01-11,41,67083.7
13798.0,2011-12-08,2010-12-02,57,367877.25
13408.0,2011-12-08,2010-12-01,61,271967.06
14646.0,2011-12-08,2010-12-20,72,16349866.54
14606.0,2011-12-08,2010-12-01,90,303722.27
17841.0,2011-12-08,2010-12-01,124,2954547.17
14911.0,2011-12-08,2010-12-01,197,4356322.59
12713.0,2011-12-09,2011-12-09,1,26022.6
16446.0,2011-12-09,2011-05-18,2,168475.4
12985.0,2011-12-09,2011-11-11,2,50867.76
12526.0,2011-12-09,2011-09-06,3,27990.04
15344.0,2011-12-09,2011-09-26,3,2401.68
14441.0,2011-12-09,2011-03-29,4,14828.17
14446.0,2011-12-09,2011-04-07,4,80652.24
12680.0,2011-12-09,2011-08-18,4,10467.65
17754.0,2011-12-09,2011-03-24,5,32307.68
12518.0,2011-12-09,2011-08-21,5,41264.65
14422.0,2011-12-09,2011-03-17,6,179021.81
12433.0,2011-12-09,2010-12-01,7,892967.84
16954.0,2011-12-09,2010-12-15,7,11752.98
17490.0,2011-12-09,2011-06-16,7,17335.24
12423.0,2011-12-09,2010-12-21,8,24254.74
15910.0,2011-12-09,2011-01-27,8,41179.87
13426.0,2011-12-09,2010-12-15,10,56117.88
12662.0,2011-12-09,2010-12-01,11,75935.73
17001.0,2011-12-09,2010-12-16,11,52643.95
17364.0,2011-12-09,2011-01-12,11,175958.07
15694.0,2011-12-09,2010-12-02,13,31742.31
15804.0,2011-12-09,2011-05-25,13,84688.81
16626.0,2011-12-09,2011-03-18,16,54094.67
16558.0,2011-12-09,2010-12-08,20,203360.83
16705.0,2011-12-09,2010-12-16,20,319990.38
14051.0,2011-12-09,2010-12-08,23,131211.4
17581.0,2011-12-09,2010-12-02,24,316718.08
13069.0,2011-12-09,2010-12-05,24,106503.85
13113.0,2011-12-09,2010-12-08,24,58552.06
17428.0,2011-12-09,2010-12-06,28,279410.9
17389.0,2011-12-09,2011-01-12,31,253448.82
13777.0,2011-12-09,2010-12-01,33,328689.05
18102.0,2011-12-09,2010-12-07,57,1954076.77
15311.0,2011-12-09,2010-12-01,91,2075694.29
12748.0,2011-12-09,2010-12-01,204,1417821.13