CustomerID,last_purchase_date,first_purchase_date,num_purchase,monetary,reference_date,month_cust,recency,frequency,m20,m40,m60,m80,m100,f20,f40,f60,f80,f100,d20,d40,d60,d80,d100
15822.0,2011-12-06,2010-12-15,2,13277.09,2011-12-10,13,4,0.15,2394.1,7374.04,17904.57,49668.37,16830944.5,0.5,0.75,1.0,1.0,34.0,15,33,72,179,374
13173.0,2011-12-05,2010-12-07,2,7570.82,2011-12-10,13,5,0.15,2394.1,7374.04,17904.57,49668.37,16830944.5,0.5,0.75,1.0,1.0,34.0,15,33,72,179,374
14594.0,2011-12-02,2010-12-01,2,9886.26,2011-12-10,13,8,0.15,2394.1,7374.04,17904.57,49668.37,16830944.5,0.5,0.75,1.0,1.0,34.0,15,33,72,179,374
14865.0,2011-12-02,2010-12-02,2,126.6,2011-12-10,13,8,0.15,2394.1,7374.04,17904.57,49668.37,16830944.5,0.5,0.75,1.0,1.0,34.0,15,33,72,179,374
15101.0,2011-12-01,2010-12-15,2,1270.12,2011-12-10,13,9,0.15,2394.1,7374.04,17904.57,49668.37,16830944.5,0.5,0.75,1.0,1.0,34.0,15,33,72,179,374
12673.0,2011-12-04,2011-01-17,2,11445.86,2011-12-10,12,6,0.17,2394.1,7374.04,17904.57,49668.37,16830944.5,0.5,0.75,1.0,1.0,34.0,15,33,72,179,374
13255.0,2011-11-30,2010-12-01,2,1537.56,2011-12-10,12,10,0.17,2394.1,7374.04,17904.57,49668.37,16830944.5,0.5,0.75,1.0,1.0,34.0,15,33,72,179,374
14448.0,2011-11-30,2010-12-10,2,2116.8,2011-12-10,12,10,0.17,2394.1,7374.04,17904.57,49668.37,16830944.5,0.5,0.75,1.0,1.0,34.0,15,33,72,179,374
13496.0,2011-11-29,2010-12-15,2,10419.7,2011-12-10,12,11,0.17,2394.1,7374.04,17904.57,49668.37,16830944.5,0.5,0.75,1.0,1.0,34.0,15,33,72,179,374
13030.0,2011-11-28,2010-12-06,2,27414.11,2011-12-10,12,12,0.17,2394.1,7374.04,17904.57,49668.37,16830944.5,0.5,0.75,1.0,1.0,34.0,15,33,72,179,374
18156.0,2011-11-27,2010-12-05,2,52200.23,2011-12-10,12,13,0.17,2394.1,7374.04,17904.57,49668.37,16830944.5,0.5,0.75,1.0,1.0,34.0,15,33,72,179,374
13579.0,2011-11-25,2010-12-05,2,5478.76,2011-12-10,12,15,0.17,2394.1,7374.04,17904.57,49668.37,16830944.5,0.5,0.75,1.0,1.0,34.0,15,33,72,179,374
16596.0,2011-11-24,2010-12-08,2,1181.25,2011-12-10,12,16,0.17,2394.1,7374.04,17904.57,49668.37,16830944.5,0.5,0.75,1.0,1.0,34.0,15,33,72,179,374
14987.0,2011-11-24,2010-12-09,2,652.8,2011-12-10,12,16,0.17,2394.1,7374.04,17904.57,49668.37,16830944.5,0.5,0.75,1.0,1.0,34.0,15,33,72,179,374
13569.0,2011-11-22,2010-12-07,2,15547.11,2011-12-10,12,18,0.17,2394.1,7374.04,17904.57,49668.37,16830944.5,0.5,0.75,1.0,1.0,34.0,15,33,72,179,374
16411.0,2011-11-20,2010-12-05,2,4757.1,2011-12-10,12,20,0.17,2394.1,7374.04,17904.57,49668.37,16830944.5,0.5,0.75,1.0,1.0,34.0,15,33,72,179,374
15919.0,2011-11-20,2010-12-06,2,45200.1,2011-12-10,12,20,0.17,2394.1,7374.04,17904.57,49668.37,16830944.5,0.5,0.75,1.0,1.0,34.0,15,33,72,179,374
17760.0,2011-11-18,2010-12-01,2,3153.12,2011-12-10,12,22,0.17,2394.1,7374.04,17904.57,49668.37,16830944.5,0.5,0.75,1.0,1.0,34.0,15,33,72,179,374
16134.0,2011-11-18,2010-12-15,2,10893.12,2011-12-10,12,22,0.17,2394.1,7374.04,17904.57,49668.37,16830944.5,0.5,0.75,1.0,1.0,34.0,15,33,72,179,374
16916.0,2011-11-16,2010-12-02,2,43792.98,2011-12-10,12,24,0.17,2394.1,7374.04,17904.57,49668.37,16830944.5,0.5,0.75,1.0,1.0,34.0,15,33,72,179,374
13455.0,2011-11-15,2010-12-08,2,13857.36,2011-12-10,12,25,0.17,2394.1,7374.04,17904.57,49668.37,16830944.5,0.5,0.75,1.0,1.0,34.0,15,33,72,179,374
14544.0,2011-11-15,2010-12-13,2,106194.0,2011-12-10,12,25,0.17,2394.1,7374.04,17904.57,49668.37,16830944.5,0.5,0.75,1.0,1.0,34.0,15,33,72,179,374
17235.0,2011-11-14,2010-12-02,2,7374.04,2011-12-10,12,26,0.17,2394.1,7374.04,17904.57,49668.37,16830944.5,0.5,0.75,1.0,1.0,34.0,15,33,72,179,374
16519.0,2011-11-14,2010-12-09,2,261.82,2011-12-10,12,26,0.17,2394.1,7374.04,17904.57,49668.37,16830944.5,0.5,0.75,1.0,1.0,34.0,15,33,72,179,374
16560.0,2011-11-13,2010-12-16,2,17838.34,2011-12-10,12,27,0.17,2394.1,7374.04,17904.57,49668.37,16830944.5,0.5,0.75,1.0,1.0,34.0,15,33,72,179,374
13817.0,2011-11-10,2010-12-23,2,3941.52,2011-12-10,12,30,0.17,2394.1,7374.04,17904.57,49668.37,16830944.5,0.5,0.75,1.0,1.0,34.0,15,33,72,179,374
17964.0,2011-11-08,2010-12-02,2,17068.14,2011-12-10,12,32,0.17,2394.1,7374.04,17904.57,49668.37,16830944.5,0.5,0.75,1.0,1.0,34.0,15,33,72,179,374
16863.0,2011-11-08,2010-12-08,2,7233.6,2011-12-10,12,32,0.17,2394.1,7374.04,17904.57,49668.37,16830944.5,0.5,0.75,1.0,1.0,34.0,15,33,72,179,374
13329.0,2011-11-08,2010-12-08,2,5884.8,2011-12-10,12,32,0.17,2394.1,7374.04,17904.57,49668.37,16830944.5,0.5,0.75,1.0,1.0,34.0,15,33,72,179,374
17430.0,2011-11-07,2010-12-09,2,1941.44,2011-12-10,12,33,0.17,2394.1,7374.04,17904.57,49668.37,16830944.5,0.5,0.75,1.0,1.0,34.0,15,33,72,179,374
12838.0,2011-11-06,2010-12-01,2,35667.21,2011-12-10,12,34,0.17,2394.1,7374.04,17904.57,49668.37,16830944.5,0.5,0.75,1.0,1.0,34.0,15,33,72,179,374
14150.0,2011-11-04,2010-12-15,2,8608.6,2011-12-10,12,36,0.17,2394.1,7374.04,17904.57,49668.37,16830944.5,0.5,0.75,1.0,1.0,34.0,15,33,72,179,374
12944.0,2011-11-04,2010-12-20,2,7115.4,2011-12-10,12,36,0.17,2394.1,7374.04,17904.57,49668.37,16830944.5,0.5,0.75,1.0,1.0,34.0,15,33,72,179,374
17999.0,2011-11-02,2010-12-08,2,16327.64,2011-12-10,12,38,0.17,2394.1,7374.04,17904.57,49668.37,16830944.5,0.5,0.75,1.0,1.0,34.0,15,33,72,179,374
16367.0,2011-11-02,2010-12-12,2,57335.51,2011-12-10,12,38,0.17,2394.1,7374.04,17904.57,49668.37,16830944.5,0.5,0.75,1.0,1.0,34.0,15,33,72,179,374
14520.0,2011-12-08,2011-02-22,2,481.8,2011-12-10,11,2,0.18,2394.1,7374.04,17904.57,49668.37,16830944.5,0.5,0.75,1.0,1.0,34.0,15,33,72,179,374
15951.0,2011-12-01,2011-02-27,2,10827.93,2011-12-10,11,9,0.18,2394.1,7374.04,17904.57,49668.37,16830944.5,0.5,0.75,1.0,1.0,34.0,15,33,72,179,374
13068.0,2011-11-29,2011-01-24,2,344.0,2011-12-10,11,11,0.18,2394.1,7374.04,17904.57,49668.37,16830944.5,0.5,0.75,1.0,1.0,34.0,15,33,72,179,374
17329.0,2011-11-25,2011-01-28,2,8649.51,2011-12-10,11,15,0.18,2394.1,7374.04,17904.57,49668.37,16830944.5,0.5,0.75,1.0,1.0,34.0,15,33,72,179,374
15497.0,2011-11-22,2011-01-24,2,8616.6,2011-12-10,11,18,0.18,2394.1,7374.04,17904.57,49668.37,16830944.5,0.5,0.75,1.0,1.0,34.0,15,33,72,179,374
17555.0,2011-11-20,2011-01-09,2,25378.77,2011-12-10,11,20,0.18,2394.1,7374.04,17904.57,49668.37,16830944.5,0.5,0.75,1.0,1.0,34.0,15,33,72,179,374
13565.0,2011-11-20,2011-01-09,2,4683.34,2011-12-10,11,20,0.18,2394.1,7374.04,17904.57,49668.37,16830944.5,0.5,0.75,1.0,1.0,34.0,15,33,72,179,374
12578.0,2011-11-18,2011-01-13,2,135082.84,2011-12-10,11,22,0.18,2394.1,7374.04,17904.57,49668.37,16830944.5,0.5,0.75,1.0,1.0,34.0,15,33,72,179,374
15967.0,2011-11-16,2011-01-25,2,16335.84,2011-12-10,11,24,0.18,2394.1,7374.04,17904.57,49668.37,16830944.5,0.5,0.75,1.0,1.0,34.0,15,33,72,179,374
17540.0,2011-11-15,2011-01-27,2,6568.0,2011-12-10,11,25,0.18,2394.1,7374.04,17904.57,49668.37,16830944.5,0.5,0.75,1.0,1.0,34.0,15,33,72,179,374
14784.0,2011-11-13,2011-01-20,2,1812.32,2011-12-10,11,27,0.18,2394.1,7374.04,17904.57,49668.37,16830944.5,0.5,0.75,1.0,1.0,34.0,15,33,72,179,374
13396.0,2011-11-10,2011-01-24,2,27754.55,2011-12-10,11,30,0.18,2394.1,7374.04,17904.57,49668.37,16830944.5,0.5,0.75,1.0,1.0,34.0,15,33,72,179,374
17082.0,2011-11-06,2011-01-25,2,79742.76,2011-12-10,11,34,0.18,2394.1,7374.04,17904.57,49668.37,16830944.5,0.5,0.75,1.0,1.0,34.0,15,33,72,179,374
13165.0,2011-10-24,2010-12-23,2,23948.68,2011-12-10,11,47,0.18,2394.1,7374.04,17904.57,49668.37,16830944.5,0.5,0.75,1.0,1.0,34.0,15,33,72,179,374
15012.0,2011-10-17,2010-12-01,2,23221.02,2011-12-10,11,54,0.18,2394.1,7374.04,17904.57,49668.37,16830944.5,0.5,0.75,1.0,1.0,34.0,15,33,72,179,374
15545.0,2011-10-16,2010-12-03,2,10128.24,2011-12-10,11,55,0.18,2394.1,7374.04,17904.57,49668.37,16830944.5,0.5,0.75,1.0,1.0,34.0,15,33,72,179,374
13034.0,2011-10-16,2010-12-05,2,13373.46,2011-12-10,11,55,0.18,2394.1,7374.04,17904.57,49668.37,16830944.5,0.5,0.75,1.0,1.0,34.0,15,33,72,179,374
17181.0,2011-10-13,2010-12-01,2,1113.84,2011-12-10,11,58,0.18,2394.1,7374.04,17904.57,49668.37,16830944.5,0.5,0.75,1.0,1.0,34.0,15,33,72,179,374
17913.0,2011-10-12,2010-12-19,2,12178.95,2011-12-10,11,59,0.18,2394.1,7374.04,17904.57,49668.37,16830944.5,0.5,0.75,1.0,1.0,34.0,15,33,72,179,374
15211.0,2011-10-10,2010-12-09,2,13966.08,2011-12-10,11,61,0.18,2394.1,7374.04,17904.57,49668.37,16830944.5,0.5,0.75,1.0,1.0,34.0,15,33,72,179,374
16140.0,2011-10-05,2010-12-03,2,16638.06,2011-12-10,11,66,0.18,2394.1,7374.04,17904.57,49668.37,16830944.5,0.5,0.75,1.0,1.0,34.0,15,33,72,179,374
14396.0,2011-10-05,2010-12-03,2,17236.37,2011-12-10,11,66,0.18,2394.1,7374.04,17904.57,49668.37,16830944.5,0.5,0.75,1.0,1.0,34.0,15,33,72,179,374
16495.0,2011-12-06,2011-03-08,2,23561.7,2011-12-10,10,4,0.2,2394.1,7374.04,17904.57,49668.37,16830944.5,0.5,0.75,1.0,1.0,34.0,15,33,72,179,374
17250.0,2011-12-06,2011-03-23,2,7555.97,2011-12-10,10,4,0.2,2394.1,7374.04,17904.57,49668.37,16830944.5,0.5,0.75,1.0,1.0,34.0,15,33,72,179,374
16620.0,2011-12-06,2011-03-24,2,579.84,2011-12-10,10,4,0.2,2394.1,7374.04,17904.57,49668.37,16830944.5,0.5,0.75,1.0,1.0,34.0,15,33,72,179,374
17817.0,2011-12-05,2011-03-07,2,1649.74,2011-12-10,10,5,0.2,2394.1,7374.04,17904.57,49668.37,16830944.5,0.5,0.75,1.0,1.0,34.0,15,33,72,179,374
13736.0,2011-12-04,2011-03-24,2,52238.36,2011-12-10,10,6,0.2,2394.1,7374.04,17904.57,49668.37,16830944.5,0.5,0.75,1.0,1.0,34.0,15,33,72,179,374
17711.0,2011-11-29,2011-02-23,2,4512.59,2011-12-10,10,11,0.2,2394.1,7374.04,17904.57,49668.37,16830944.5,0.5,0.75,1.0,1.0,34.0,15,33,72,179,374
14470.0,2011-11-28,2011-02-25,2,8141.55,2011-12-10,10,12,0.2,2394.1,7374.04,17904.57,49668.37,16830944.5,0.5,0.75,1.0,1.0,34.0,15,33,72,179,374
12462.0,2011-11-21,2011-02-09,2,20247.81,2011-12-10,10,19,0.2,2394.1,7374.04,17904.57,49668.37,16830944.5,0.5,0.75,1.0,1.0,34.0,15,33,72,179,374
14157.0,2011-11-20,2011-02-27,2,12211.02,2011-12-10,10,20,0.2,2394.1,7374.04,17904.57,49668.37,16830944.5,0.5,0.75,1.0,1.0,34.0,15,33,72,179,374
17537.0,2011-11-10,2011-02-09,2,39774.08,2011-12-10,10,30,0.2,2394.1,7374.04,17904.57,49668.37,16830944.5,0.5,0.75,1.0,1.0,34.0,15,33,72,179,374
15406.0,2011-11-08,2011-02-11,2,7917.23,2011-12-10,10,32,0.2,2394.1,7374.04,17904.57,49668.37,16830944.5,0.5,0.75,1.0,1.0,34.0,15,33,72,179,374
13904.0,2011-11-02,2011-02-18,2,4602.72,2011-12-10,10,38,0.2,2394.1,7374.04,17904.57,49668.37,16830944.5,0.5,0.75,1.0,1.0,34.0,15,33,72,179,374
15847.0,2011-11-01,2011-02-24,2,3537.26,2011-12-10,10,39,0.2,2394.1,7374.04,17904.57,49668.37,16830944.5,0.5,0.75,1.0,1.0,34.0,15,33,72,179,374
13292.0,2011-11-01,2011-02-28,2,5820.03,2011-12-10,10,39,0.2,2394.1,7374.04,17904.57,49668.37,16830944.5,0.5,0.75,1.0,1.0,34.0,15,33,72,179,374
17018.0,2011-10-30,2011-01-18,2,6390.9,2011-12-10,10,41,0.2,2394.1,7374.04,17904.57,49668.37,16830944.5,0.5,0.75,1.0,1.0,34.0,15,33,72,179,374
17418.0,2011-10-28,2011-01-20,2,7337.94,2011-12-10,10,43,0.2,2394.1,7374.04,17904.57,49668.37,16830944.5,0.5,0.75,1.0,1.0,34.0,15,33,72,179,374
17771.0,2011-10-14,2011-01-20,2,6707.92,2011-12-10,10,57,0.2,2394.1,7374.04,17904.57,49668.37,16830944.5,0.5,0.75,1.0,1.0,34.0,15,33,72,179,374
14761.0,2011-10-12,2011-01-09,2,1316.1,2011-12-10,10,59,0.2,2394.1,7374.04,17904.57,49668.37,16830944.5,0.5,0.75,1.0,1.0,34.0,15,33,72,179,374
13473.0,2011-10-10,2011-01-11,2,3427.9,2011-12-10,10,61,0.2,2394.1,7374.04,17904.57,49668.37,16830944.5,0.5,0.75,1.0,1.0,34.0,15,33,72,179,374
13049.0,2011-10-06,2011-01-25,2,3363.96,2011-12-10,10,65,0.2,2394.1,7374.04,17904.57,49668.37,16830944.5,0.5,0.75,1.0,1.0,34.0,15,33,72,179,374
15339.0,2011-10-04,2011-01-25,2,23863.65,2011-12-10,10,67,0.2,2394.1,7374.04,17904.57,49668.37,16830944.5,0.5,0.75,1.0,1.0,34.0,15,33,72,179,374
15579.0,2011-10-02,2011-01-30,2,7324.8,2011-12-10,10,69,0.2,2394.1,7374.04,17904.57,49668.37,16830944.5,0.5,0.75,1.0,1.0,34.0,15,33,72,179,374
17674.0,2011-09-26,2010-12-06,2,7313.34,2011-12-10,10,75,0.2,2394.1,7374.04,17904.57,49668.37,16830944.5,0.5,0.75,1.0,1.0,34.0,15,33,72,179,374
13787.0,2011-09-25,2010-12-10,2,4708.98,2011-12-10,10,76,0.2,2394.1,7374.04,17904.57,49668.37,16830944.5,0.5,0.75,1.0,1.0,34.0,15,33,72,179,374
15366.0,2011-09-25,2010-12-16,2,16041.48,2011-12-10,10,76,0.2,2394.1,7374.04,17904.57,49668.37,16830944.5,0.5,0.75,1.0,1.0,34.0,15,33,72,179,374
14236.0,2011-09-20,2010-12-02,2,4186.62,2011-12-10,10,81,0.2,2394.1,7374.04,17904.57,49668.37,16830944.5,0.5,0.75,1.0,1.0,34.0,15,33,72,179,374
17339.0,2011-09-06,2010-12-09,2,1156.8,2011-12-10,10,95,0.2,2394.1,7374.04,17904.57,49668.37,16830944.5,0.5,0.75,1.0,1.0,34.0,15,33,72,179,374
16933.0,2011-12-08,2011-04-14,2,11219.57,2011-12-10,9,2,0.22,2394.1,7374.04,17904.57,49668.37,16830944.5,0.5,0.75,1.0,1.0,34.0,15,33,72,179,374
17436.0,2011-12-08,2011-04-27,2,959.1,2011-12-10,9,2,0.22,2394.1,7374.04,17904.57,49668.37,16830944.5,0.5,0.75,1.0,1.0,34.0,15,33,72,179,374
14023.0,2011-12-02,2011-04-03,2,8462.55,2011-12-10,9,8,0.22,2394.1,7374.04,17904.57,49668.37,16830944.5,0.5,0.75,1.0,1.0,34.0,15,33,72,179,374
15393.0,2011-11-23,2011-03-03,2,1423.84,2011-12-10,9,17,0.22,2394.1,7374.04,17904.57,49668.37,16830944.5,0.5,0.75,1.0,1.0,34.0,15,33,72,179,374
13899.0,2011-11-23,2011-03-10,2,3825.08,2011-12-10,9,17,0.22,2394.1,7374.04,17904.57,49668.37,16830944.5,0.5,0.75,1.0,1.0,34.0,15,33,72,179,374
14205.0,2011-11-23,2011-03-20,2,5558.6,2011-12-10,9,17,0.22,2394.1,7374.04,17904.57,49668.37,16830944.5,0.5,0.75,1.0,1.0,34.0,15,33,72,179,374
16212.0,2011-11-20,2011-03-01,2,13251.3,2011-12-10,9,20,0.22,2394.1,7374.04,17904.57,49668.37,16830944.5,0.5,0.75,1.0,1.0,34.0,15,33,72,179,374
16414.0,2011-11-18,2011-03-04,2,258.3,2011-12-10,9,22,0.22,2394.1,7374.04,17904.57,49668.37,16830944.5,0.5,0.75,1.0,1.0,34.0,15,33,72,179,374
17080.0,2011-11-17,2011-03-15,2,1224.72,2011-12-10,9,23,0.22,2394.1,7374.04,17904.57,49668.37,16830944.5,0.5,0.75,1.0,1.0,34.0,15,33,72,179,374
14851.0,2011-11-16,2011-03-28,2,7158.9,2011-12-10,9,24,0.22,2394.1,7374.04,17904.57,49668.37,16830944.5,0.5,0.75,1.0,1.0,34.0,15,33,72,179,374
13557.0,2011-11-11,2011-03-04,2,10031.72,2011-12-10,9,29,0.22,2394.1,7374.04,17904.57,49668.37,16830944.5,0.5,0.75,1.0,1.0,34.0,15,33,72,179,374
16386.0,2011-11-11,2011-03-31,2,19502.1,2011-12-10,9,29,0.22,2394.1,7374.04,17904.57,49668.37,16830944.5,0.5,0.75,1.0,1.0,34.0,15,33,72,179,374
13046.0,2011-11-09,2011-03-18,2,8412.37,2011-12-10,9,31,0.22,2394.1,7374.04,17904.57,49668.37,16830944.5,0.5,0.75,1.0,1.0,34.0,15,33,72,179,374
12849.0,2011-11-08,2011-03-16,2,26519.47,2011-12-10,9,32,0.22,2394.1,7374.04,17904.57,49668.37,16830944.5,0.5,0.75,1.0,1.0,34.0,15,33,72,179,374
14636.0,2011-11-03,2011-03-16,2,8518.96,2011-12-10,9,37,0.22,2394.1,7374.04,17904.57,49668.37,16830944.5,0.5,0.75,1.0,1.0,34.0,15,33,72,179,374
14995.0,2011-11-01,2011-03-04,2,6303.07,2011-12-10,9,39,0.22,2394.1,7374.04,17904.57,49668.37,16830944.5,0.5,0.75,1.0,1.0,34.0,15,33,72,179,374
18270.0,2011-11-01,2011-03-18,2,1322.0,2011-12-10,9,39,0.22,2394.1,7374.04,17904.57,49668.37,16830944.5,0.5,0.75,1.0,1.0,34.0,15,33,72,179,374
17733.0,2011-11-01,2011-03-23,2,8998.11,2011-12-10,9,39,0.22,2394.1,7374.04,17904.57,49668.37,16830944.5,0.5,0.75,1.0,1.0,34.0,15,33,72,179,374
17255.0,2011-10-30,2011-02-13,2,11137.48,2011-12-10,9,41,0.22,2394.1,7374.04,17904.57,49668.37,16830944.5,0.5,0.75,1.0,1.0,34.0,15,33,72,179,374
13421.0,2011-10-30,2011-02-22,2,92215.87,2011-12-10,9,41,0.22,2394.1,7374.04,17904.57,49668.37,16830944.5,0.5,0.75,1.0,1.0,34.0,15,33,72,179,374
14754.0,2011-10-26,2011-02-17,2,13235.04,2011-12-10,9,45,0.22,2394.1,7374.04,17904.57,49668.37,16830944.5,0.5,0.75,1.0,1.0,34.0,15,33,72,179,374
14379.0,2011-10-26,2011-02-17,2,8763.14,2011-12-10,9,45,0.22,2394.1,7374.04,17904.57,49668.37,16830944.5,0.5,0.75,1.0,1.0,34.0,15,33,72,179,374
16208.0,2011-10-26,2011-02-23,2,17204.4,2011-12-10,9,45,0.22,2394.1,7374.04,17904.57,49668.37,16830944.5,0.5,0.75,1.0,1.0,34.0,15,33,72,179,374
15990.0,2011-10-26,2011-02-25,2,16375.55,2011-12-10,9,45,0.22,2394.1,7374.04,17904.57,49668.37,16830944.5,0.5,0.75,1.0,1.0,34.0,15,33,72,179,374
17672.0,2011-10-20,2011-02-03,2,134222.64,2011-12-10,9,51,0.22,2394.1,7374.04,17904.57,49668.37,16830944.5,0.5,0.75,1.0,1.0,34.0,15,33,72,179,374
15121.0,2011-10-20,2011-02-24,2,5695.91,2011-12-10,9,51,0.22,2394.1,7374.04,17904.57,49668.37,16830944.5,0.5,0.75,1.0,1.0,34.0,15,33,72,179,374
14555.0,2011-10-13,2011-02-10,2,3798.04,2011-12-10,9,58,0.22,2394.1,7374.04,17904.57,49668.37,16830944.5,0.5,0.75,1.0,1.0,34.0,15,33,72,179,374
17462.0,2011-10-10,2011-02-28,2,8143.04,2011-12-10,9,61,0.22,2394.1,7374.04,17904.57,49668.37,16830944.5,0.5,0.75,1.0,1.0,34.0,15,33,72,179,374
16518.0,2011-10-09,2011-02-28,2,10081.06,2011-12-10,9,62,0.22,2394.1,7374.04,17904.57,49668.37,16830944.5,0.5,0.75,1.0,1.0,34.0,15,33,72,179,374
12781.0,2011-10-07,2011-02-28,2,10376.22,2011-12-10,9,64,0.22,2394.1,7374.04,17904.57,49668.37,16830944.5,0.5,0.75,1.0,1.0,34.0,15,33,72,179,374
13792.0,2011-10-04,2011-02-25,2,1166.0,2011-12-10,9,67,0.22,2394.1,7374.04,17904.57,49668.37,16830944.5,0.5,0.75,1.0,1.0,34.0,15,33,72,179,374
14644.0,2011-10-03,2011-02-14,2,5181.08,2011-12-10,9,68,0.22,2394.1,7374.04,17904.57,49668.37,16830944.5,0.5,0.75,1.0,1.0,34.0,15,33,72,179,374
16441.0,2011-10-03,2011-02-21,2,4072.75,2011-12-10,9,68,0.22,2394.1,7374.04,17904.57,49668.37,16830944.5,0.5,0.75,1.0,1.0,34.0,15,33,72,179,374
16667.0,2011-10-02,2011-02-28,2,12204.92,2011-12-10,9,69,0.22,2394.1,7374.04,17904.57,49668.37,16830944.5,0.5,0.75,1.0,1.0,34.0,15,33,72,179,374
16233.0,2011-09-29,2011-01-14,2,3986.04,2011-12-10,9,72,0.22,2394.1,7374.04,17904.57,49668.37,16830944.5,0.5,0.75,1.0,1.0,34.0,15,33,72,179,374
13233.0,2011-09-26,2011-01-07,2,12994.96,2011-12-10,9,75,0.22,2394.1,7374.04,17904.57,49668.37,16830944.5,0.5,0.75,1.0,1.0,34.0,15,33,72,179,374
15626.0,2011-09-26,2011-01-14,2,16023.2,2011-12-10,9,75,0.22,2394.1,7374.04,17904.57,49668.37,16830944.5,0.5,0.75,1.0,1.0,34.0,15,33,72,179,374
17311.0,2011-09-22,2011-01-27,2,30661.34,2011-12-10,9,79,0.22,2394.1,7374.04,17904.57,49668.37,16830944.5,0.5,0.75,1.0,1.0,34.0,15,33,72,179,374
17786.0,2011-09-15,2011-01-26,2,9755.26,2011-12-10,9,86,0.22,2394.1,7374.04,17904.57,49668.37,16830944.5,0.5,0.75,1.0,1.0,34.0,15,33,72,179,374
16083.0,2011-08-31,2010-12-14,2,19460.62,2011-12-10,9,101,0.22,2394.1,7374.04,17904.57,49668.37,16830944.5,0.5,0.75,1.0,1.0,34.0,15,33,72,179,374
17189.0,2011-08-25,2010-12-15,2,11393.28,2011-12-10,9,107,0.22,2394.1,7374.04,17904.57,49668.37,16830944.5,0.5,0.75,1.0,1.0,34.0,15,33,72,179,374
15689.0,2011-08-12,2010-12-13,2,1072.8,2011-12-10,9,120,0.22,2394.1,7374.04,17904.57,49668.37,16830944.5,0.5,0.75,1.0,1.0,34.0,15,33,72,179,374
13402.0,2011-08-04,2010-12-02,2,10999.1,2011-12-10,9,128,0.22,2394.1,7374.04,17904.57,49668.37,16830944.5,0.5,0.75,1.0,1.0,34.0,15,33,72,179,374
16835.0,2011-08-03,2010-12-01,2,904.25,2011-12-10,9,129,0.22,2394.1,7374.04,17904.57,49668.37,16830944.5,0.5,0.75,1.0,1.0,34.0,15,33,72,179,374
16442.0,2011-12-08,2010-12-14,3,33196.56,2011-12-10,13,2,0.23,2394.1,7374.04,17904.57,49668.37,16830944.5,0.5,0.75,1.0,1.0,34.0,15,33,72,179,374
15525.0,2011-12-07,2010-12-01,3,37622.24,2011-12-10,13,3,0.23,2394.1,7374.04,17904.57,49668.37,16830944.5,0.5,0.75,1.0,1.0,34.0,15,33,72,179,374
14708.0,2011-12-07,2010-12-06,3,8309.85,2011-12-10,13,3,0.23,2394.1,7374.04,17904.57,49668.37,16830944.5,0.5,0.75,1.0,1.0,34.0,15,33,72,179,374
15157.0,2011-12-06,2010-12-16,3,82312.12,2011-12-10,13,4,0.23,2394.1,7374.04,17904.57,49668.37,16830944.5,0.5,0.75,1.0,1.0,34.0,15,33,72,179,374
14737.0,2011-12-06,2010-12-21,3,5475.1,2011-12-10,13,4,0.23,2394.1,7374.04,17904.57,49668.37,16830944.5,0.5,0.75,1.0,1.0,34.0,15,33,72,179,374
17618.0,2011-12-04,2010-12-12,3,18190.4,2011-12-10,13,6,0.23,2394.1,7374.04,17904.57,49668.37,16830944.5,0.5,0.75,1.0,1.0,34.0,15,33,72,179,374
13705.0,2011-12-02,2010-12-01,3,4952.46,2011-12-10,13,8,0.23,2394.1,7374.04,17904.57,49668.37,16830944.5,0.5,0.75,1.0,1.0,34.0,15,33,72,179,374
16446.0,2011-12-09,2011-05-18,2,168475.4,2011-12-10,8,1,0.25,2394.1,7374.04,17904.57,49668.37,16830944.5,0.5,0.75,1.0,1.0,34.0,15,33,72,179,374
13404.0,2011-12-08,2011-05-11,2,2029.65,2011-12-10,8,2,0.25,2394.1,7374.04,17904.57,49668.37,16830944.5,0.5,0.75,1.0,1.0,34.0,15,33,72,179,374
16642.0,2011-12-05,2011-05-16,2,10458.39,2011-12-10,8,5,0.25,2394.1,7374.04,17904.57,49668.37,16830944.5,0.5,0.75,1.0,1.0,34.0,15,33,72,179,374
13417.0,2011-12-05,2011-05-18,2,5208.74,2011-12-10,8,5,0.25,2394.1,7374.04,17904.57,49668.37,16830944.5,0.5,0.75,1.0,1.0,34.0,15,33,72,179,374
15123.0,2011-12-02,2011-05-17,2,100751.49,2011-12-10,8,8,0.25,2394.1,7374.04,17904.57,49668.37,16830944.5,0.5,0.75,1.0,1.0,34.0,15,33,72,179,374
16496.0,2011-12-01,2011-01-27,3,43547.04,2011-12-10,12,9,0.25,2394.1,7374.04,17904.57,49668.37,16830944.5,0.5,0.75,1.0,1.0,34.0,15,33,72,179,374
15680.0,2011-11-30,2010-12-08,3,36191.87,2011-12-10,12,10,0.25,2394.1,7374.04,17904.57,49668.37,16830944.5,0.5,0.75,1.0,1.0,34.0,15,33,72,179,374
13211.0,2011-11-29,2010-12-13,3,37470.56,2011-12-10,12,11,0.25,2394.1,7374.04,17904.57,49668.37,16830944.5,0.5,0.75,1.0,1.0,34.0,15,33,72,179,374
15197.0,2011-11-29,2010-12-16,3,7586.07,2011-12-10,12,11,0.25,2394.1,7374.04,17904.57,49668.37,16830944.5,0.5,0.75,1.0,1.0,34.0,15,33,72,179,374
13525.0,2011-11-25,2011-04-05,2,1531.76,2011-12-10,8,15,0.25,2394.1,7374.04,17904.57,49668.37,16830944.5,0.5,0.75,1.0,1.0,34.0,15,33,72,179,374
16885.0,2011-11-24,2010-12-17,3,12034.59,2011-12-10,12,16,0.25,2394.1,7374.04,17904.57,49668.37,16830944.5,0.5,0.75,1.0,1.0,34.0,15,33,72,179,374
13174.0,2011-11-23,2010-12-05,3,268328.97,2011-12-10,12,17,0.25,2394.1,7374.04,17904.57,49668.37,16830944.5,0.5,0.75,1.0,1.0,34.0,15,33,72,179,374
14912.0,2011-11-23,2011-04-07,2,11764.84,2011-12-10,8,17,0.25,2394.1,7374.04,17904.57,49668.37,16830944.5,0.5,0.75,1.0,1.0,34.0,15,33,72,179,374
16185.0,2011-11-23,2011-04-21,2,7048.92,2011-12-10,8,17,0.25,2394.1,7374.04,17904.57,49668.37,16830944.5,0.5,0.75,1.0,1.0,34.0,15,33,72,179,374
17371.0,2011-11-22,2010-12-13,3,11825.18,2011-12-10,12,18,0.25,2394.1,7374.04,17904.57,49668.37,16830944.5,0.5,0.75,1.0,1.0,34.0,15,33,72,179,374
18080.0,2011-11-21,2011-04-11,2,1231.5,2011-12-10,8,19,0.25,2394.1,7374.04,17904.57,49668.37,16830944.5,0.5,0.75,1.0,1.0,34.0,15,33,72,179,374
18040.0,2011-11-20,2011-04-08,2,3475.2,2011-12-10,8,20,0.25,2394.1,7374.04,17904.57,49668.37,16830944.5,0.5,0.75,1.0,1.0,34.0,15,33,72,179,374
16399.0,2011-11-20,2011-04-18,2,11809.98,2011-12-10,8,20,0.25,2394.1,7374.04,17904.57,49668.37,16830944.5,0.5,0.75,1.0,1.0,34.0,15,33,72,179,374
12427.0,2011-11-18,2010-12-03,3,5447.0,2011-12-10,12,22,0.25,2394.1,7374.04,17904.57,49668.37,16830944.5,0.5,0.75,1.0,1.0,34.0,15,33,72,179,374
17621.0,2011-11-18,2010-12-20,3,13503.1,2011-12-10,12,22,0.25,2394.1,7374.04,17904.57,49668.37,16830944.5,0.5,0.75,1.0,1.0,34.0,15,33,72,179,374
13962.0,2011-11-18,2011-04-08,2,246.3,2011-12-10,8,22,0.25,2394.1,7374.04,17904.57,49668.37,16830944.5,0.5,0.75,1.0,1.0,34.0,15,33,72,179,374
17198.0,2011-11-16,2010-12-03,3,15601.87,2011-12-10,12,24,0.25,2394.1,7374.04,17904.57,49668.37,16830944.5,0.5,0.75,1.0,1.0,34.0,15,33,72,179,374
18246.0,2011-11-16,2011-04-20,2,669.8,2011-12-10,8,24,0.25,2394.1,7374.04,17904.57,49668.37,16830944.5,0.5,0.75,1.0,1.0,34.0,15,33,72,179,374
18043.0,2011-11-15,2010-12-08,3,22100.52,2011-12-10,12,25,0.25,2394.1,7374.04,17904.57,49668.37,16830944.5,0.5,0.75,1.0,1.0,34.0,15,33,72,179,374
18259.0,2011-11-15,2010-12-08,3,36349.6,2011-12-10,12,25,0.25,2394.1,7374.04,17904.57,49668.37,16830944.5,0.5,0.75,1.0,1.0,34.0,15,33,72,179,374
13846.0,2011-11-15,2010-12-14,3,14714.32,2011-12-10,12,25,0.25,2394.1,7374.04,17904.57,49668.37,16830944.5,0.5,0.75,1.0,1.0,34.0,15,33,72,179,374
13692.0,2011-11-15,2011-04-17,2,33951.6,2011-12-10,8,25,0.25,2394.1,7374.04,17904.57,49668.37,16830944.5,0.5,0.75,1.0,1.0,34.0,15,33,72,179,374
16898.0,2011-11-13,2010-12-06,3,26503.42,2011-12-10,12,27,0.25,2394.1,7374.04,17904.57,49668.37,16830944.5,0.5,0.75,1.0,1.0,34.0,15,33,72,179,374
17041.0,2011-11-13,2010-12-14,3,24090.75,2011-12-10,12,27,0.25,2394.1,7374.04,17904.57,49668.37,16830944.5,0.5,0.75,1.0,1.0,34.0,15,33,72,179,374
15111.0,2011-11-10,2010-12-02,3,51530.88,2011-12-10,12,30,0.25,2394.1,7374.04,17904.57,49668.37,16830944.5,0.5,0.75,1.0,1.0,34.0,15,33,72,179,374
15485.0,2011-11-09,2010-12-01,3,56246.55,2011-12-10,12,31,0.25,2394.1,7374.04,17904.57,49668.37,16830944.5,0.5,0.75,1.0,1.0,34.0,15,33,72,179,374
14240.0,2011-11-09,2011-04-28,2,20351.25,2011-12-10,8,31,0.25,2394.1,7374.04,17904.57,49668.37,16830944.5,0.5,0.75,1.0,1.0,34.0,15,33,72,179,374
17158.0,2011-11-07,2010-12-14,3,27839.88,2011-12-10,12,33,0.25,2394.1,7374.04,17904.57,49668.37,16830944.5,0.5,0.75,1.0,1.0,34.0,15,33,72,179,374
12577.0,2011-11-04,2010-12-15,3,33574.65,2011-12-10,12,36,0.25,2394.1,7374.04,17904.57,49668.37,16830944.5,0.5,0.75,1.0,1.0,34.0,15,33,72,179,374
12808.0,2011-11-03,2010-12-06,3,4091.8,2011-12-10,12,37,0.25,2394.1,7374.04,17904.57,49668.37,16830944.5,0.5,0.75,1.0,1.0,34.0,15,33,72,179,374
16221.0,2011-11-03,2010-12-07,3,36320.13,2011-12-10,12,37,0.25,2394.1,7374.04,17904.57,49668.37,16830944.5,0.5,0.75,1.0,1.0,34.0,15,33,72,179,374
17076.0,2011-11-03,2010-12-10,3,4457.06,2011-12-10,12,37,0.25,2394.1,7374.04,17904.57,49668.37,16830944.5,0.5,0.75,1.0,1.0,34.0,15,33,72,179,374
15018.0,2011-11-01,2010-12-07,3,2787.08,2011-12-10,12,39,0.25,2394.1,7374.04,17904.57,49668.37,16830944.5,0.5,0.75,1.0,1.0,34.0,15,33,72,179,374
15068.0,2011-10-24,2011-03-28,2,24206.0,2011-12-10,8,47,0.25,2394.1,7374.04,17904.57,49668.37,16830944.5,0.5,0.75,1.0,1.0,34.0,15,33,72,179,374
13918.0,2011-10-21,2011-03-31,2,22475.14,2011-12-10,8,50,0.25,2394.1,7374.04,17904.57,49668.37,16830944.5,0.5,0.75,1.0,1.0,34.0,15,33,72,179,374
13573.0,2011-10-20,2011-03-31,2,5323.17,2011-12-10,8,51,0.25,2394.1,7374.04,17904.57,49668.37,16830944.5,0.5,0.75,1.0,1.0,34.0,15,33,72,179,374
13760.0,2011-10-16,2011-03-28,2,8181.82,2011-12-10,8,55,0.25,2394.1,7374.04,17904.57,49668.37,16830944.5,0.5,0.75,1.0,1.0,34.0,15,33,72,179,374
14128.0,2011-10-10,2011-03-29,2,14069.46,2011-12-10,8,61,0.25,2394.1,7374.04,17904.57,49668.37,16830944.5,0.5,0.75,1.0,1.0,34.0,15,33,72,179,374
14538.0,2011-10-06,2011-03-28,2,3509.4,2011-12-10,8,65,0.25,2394.1,7374.04,17904.57,49668.37,16830944.5,0.5,0.75,1.0,1.0,34.0,15,33,72,179,374
16374.0,2011-10-04,2011-03-22,2,27251.99,2011-12-10,8,67,0.25,2394.1,7374.04,17904.57,49668.37,16830944.5,0.5,0.75,1.0,1.0,34.0,15,33,72,179,374
16253.0,2011-10-04,2011-03-29,2,228963.4,2011-12-10,8,67,0.25,2394.1,7374.04,17904.57,49668.37,16830944.5,0.5,0.75,1.0,1.0,34.0,15,33,72,179,374
14193.0,2011-10-03,2011-03-15,2,17904.57,2011-12-10,8,68,0.25,2394.1,7374.04,17904.57,49668.37,16830944.5,0.5,0.75,1.0,1.0,34.0,15,33,72,179,374
16693.0,2011-10-02,2011-03-13,2,11089.11,2011-12-10,8,69,0.25,2394.1,7374.04,17904.57,49668.37,16830944.5,0.5,0.75,1.0,1.0,34.0,15,33,72,179,374
17376.0,2011-09-30,2011-02-01,2,2221.65,2011-12-10,8,71,0.25,2394.1,7374.04,17904.57,49668.37,16830944.5,0.5,0.75,1.0,1.0,34.0,15,33,72,179,374
12842.0,2011-09-30,2011-02-04,2,17865.03,2011-12-10,8,71,0.25,2394.1,7374.04,17904.57,49668.37,16830944.5,0.5,0.75,1.0,1.0,34.0,15,33,72,179,374
12458.0,2011-09-29,2011-02-28,2,12506.24,2011-12-10,8,72,0.25,2394.1,7374.04,17904.57,49668.37,16830944.5,0.5,0.75,1.0,1.0,34.0,15,33,72,179,374
14147.0,2011-09-22,2011-02-27,2,240.0,2011-12-10,8,79,0.25,2394.1,7374.04,17904.57,49668.37,16830944.5,0.5,0.75,1.0,1.0,34.0,15,33,72,179,374
16573.0,2011-09-16,2011-02-22,2,11492.86,2011-12-10,8,85,0.25,2394.1,7374.04,17904.57,49668.37,16830944.5,0.5,0.75,1.0,1.0,34.0,15,33,72,179,374
12616.0,2011-09-05,2011-02-15,2,8353.8,2011-12-10,8,96,0.25,2394.1,7374.04,17904.57,49668.37,16830944.5,0.5,0.75,1.0,1.0,34.0,15,33,72,179,374
13744.0,2011-09-05,2011-02-20,2,46821.0,2011-12-10,8,96,0.25,2394.1,7374.04,17904.57,49668.37,16830944.5,0.5,0.75,1.0,1.0,34.0,15,33,72,179,374
18196.0,2011-09-05,2011-02-22,2,43029.95,2011-12-10,8,96,0.25,2394.1,7374.04,17904.57,49668.37,16830944.5,0.5,0.75,1.0,1.0,34.0,15,33,72,179,374
17256.0,2011-08-24,2011-01-31,2,1983.2,2011-12-10,8,108,0.25,2394.1,7374.04,17904.57,49668.37,16830944.5,0.5,0.75,1.0,1.0,34.0,15,33,72,179,374
17742.0,2011-08-18,2011-01-11,2,1544.8,2011-12-10,8,114,0.25,2394.1,7374.04,17904.57,49668.37,16830944.5,0.5,0.75,1.0,1.0,34.0,15,33,72,179,374
12763.0,2011-07-24,2010-12-05,2,5469.28,2011-12-10,8,139,0.25,2394.1,7374.04,17904.57,49668.37,16830944.5,0.5,0.75,1.0,1.0,34.0,15,33,72,179,374
15713.0,2011-07-19,2010-12-08,2,2024.2,2011-12-10,8,144,0.25,2394.1,7374.04,17904.57,49668.37,16830944.5,0.5,0.75,1.0,1.0,34.0,15,33,72,179,374
12875.0,2011-07-19,2010-12-12,2,343.23,2011-12-10,8,144,0.25,2394.1,7374.04,17904.57,49668.37,16830944.5,0.5,0.75,1.0,1.0,34.0,15,33,72,179,374
12915.0,2011-07-14,2010-12-02,2,1339.85,2011-12-10,8,149,0.25,2394.1,7374.04,17904.57,49668.37,16830944.5,0.5,0.75,1.0,1.0,34.0,15,33,72,179,374
17259.0,2011-07-14,2010-12-06,2,38951.91,2011-12-10,8,149,0.25,2394.1,7374.04,17904.57,49668.37,16830944.5,0.5,0.75,1.0,1.0,34.0,15,33,72,179,374
15512.0,2011-07-07,2010-12-15,2,627.0,2011-12-10,8,156,0.25,2394.1,7374.04,17904.57,49668.37,16830944.5,0.5,0.75,1.0,1.0,34.0,15,33,72,179,374
15889.0,2011-07-06,2010-12-05,2,20201.38,2011-12-10,8,157,0.25,2394.1,7374.04,17904.57,49668.37,16830944.5,0.5,0.75,1.0,1.0,34.0,15,33,72,179,374
17830.0,2011-12-08,2011-02-24,3,2416.35,2011-12-10,11,2,0.27,2394.1,7374.04,17904.57,49668.37,16830944.5,0.5,0.75,1.0,1.0,34.0,15,33,72,179,374
14618.0,2011-11-30,2011-01-06,3,2894.28,2011-12-10,11,10,0.27,2394.1,7374.04,17904.57,49668.37,16830944.5,0.5,0.75,1.0,1.0,34.0,15,33,72,179,374
13502.0,2011-11-23,2011-01-20,3,1602.6,2011-12-10,11,17,0.27,2394.1,7374.04,17904.57,49668.37,16830944.5,0.5,0.75,1.0,1.0,34.0,15,33,72,179,374
16532.0,2011-11-22,2011-01-05,3,9355.2,2011-12-10,11,18,0.27,2394.1,7374.04,17904.57,49668.37,16830944.5,0.5,0.75,1.0,1.0,34.0,15,33,72,179,374
17095.0,2011-11-17,2011-01-09,3,34912.92,2011-12-10,11,23,0.27,2394.1,7374.04,17904.57,49668.37,16830944.5,0.5,0.75,1.0,1.0,34.0,15,33,72,179,374
16303.0,2011-11-14,2011-01-10,3,343182.05,2011-12-10,11,26,0.27,2394.1,7374.04,17904.57,49668.37,16830944.5,0.5,0.75,1.0,1.0,34.0,15,33,72,179,374
13310.0,2011-11-11,2011-01-19,3,22895.77,2011-12-10,11,29,0.27,2394.1,7374.04,17904.57,49668.37,16830944.5,0.5,0.75,1.0,1.0,34.0,15,33,72,179,374
17951.0,2011-10-31,2010-12-01,3,8023.44,2011-12-10,11,40,0.27,2394.1,7374.04,17904.57,49668.37,16830944.5,0.5,0.75,1.0,1.0,34.0,15,33,72,179,374
14001.0,2011-10-25,2010-12-01,3,24843.6,2011-12-10,11,46,0.27,2394.1,7374.04,17904.57,49668.37,16830944.5,0.5,0.75,1.0,1.0,34.0,15,33,72,179,374
13652.0,2011-10-25,2010-12-06,3,23568.2,2011-12-10,11,46,0.27,2394.1,7374.04,17904.57,49668.37,16830944.5,0.5,0.75,1.0,1.0,34.0,15,33,72,179,374
17917.0,2011-10-25,2010-12-12,3,10148.55,2011-12-10,11,46,0.27,2394.1,7374.04,17904.57,49668.37,16830944.5,0.5,0.75,1.0,1.0,34.0,15,33,72,179,374
17420.0,2011-10-20,2010-12-01,3,4461.98,2011-12-10,11,51,0.27,2394.1,7374.04,17904.57,49668.37,16830944.5,0.5,0.75,1.0,1.0,34.0,15,33,72,179,374
16950.0,2011-10-14,2010-12-07,3,19258.68,2011-12-10,11,57,0.27,2394.1,7374.04,17904.57,49668.37,16830944.5,0.5,0.75,1.0,1.0,34.0,15,33,72,179,374
15620.0,2011-10-14,2010-12-16,3,44990.84,2011-12-10,11,57,0.27,2394.1,7374.04,17904.57,49668.37,16830944.5,0.5,0.75,1.0,1.0,34.0,15,33,72,179,374
13487.0,2011-10-13,2010-12-21,3,6201.95,2011-12-10,11,58,0.27,2394.1,7374.04,17904.57,49668.37,16830944.5,0.5,0.75,1.0,1.0,34.0,15,33,72,179,374
14775.0,2011-10-12,2010-12-02,3,20238.0,2011-12-10,11,59,0.27,2394.1,7374.04,17904.57,49668.37,16830944.5,0.5,0.75,1.0,1.0,34.0,15,33,72,179,374
17025.0,2011-10-10,2010-12-01,3,1377.53,2011-12-10,11,61,0.27,2394.1,7374.04,17904.57,49668.37,16830944.5,0.5,0.75,1.0,1.0,34.0,15,33,72,179,374
16385.0,2011-10-10,2010-12-08,3,9277.24,2011-12-10,11,61,0.27,2394.1,7374.04,17904.57,49668.37,16830944.5,0.5,0.75,1.0,1.0,34.0,15,33,72,179,374
16200.0,2011-12-05,2011-06-28,2,85281.15,2011-12-10,7,5,0.29,2394.1,7374.04,17904.57,49668.37,16830944.5,0.5,0.75,1.0,1.0,34.0,15,33,72,179,374
17157.0,2011-12-02,2011-06-16,2,2079.38,2011-12-10,7,8,0.29,2394.1,7374.04,17904.57,49668.37,16830944.5,0.5,0.75,1.0,1.0,34.0,15,33,72,179,374
13780.0,2011-12-02,2011-06-22,2,11020.7,2011-12-10,7,8,0.29,2394.1,7374.04,17904.57,49668.37,16830944.5,0.5,0.75,1.0,1.0,34.0,15,33,72,179,374
14960.0,2011-12-01,2011-06-21,2,3129.08,2011-12-10,7,9,0.29,2394.1,7374.04,17904.57,49668.37,16830944.5,0.5,0.75,1.0,1.0,34.0,15,33,72,179,374
13657.0,2011-11-29,2011-05-22,2,2659.86,2011-12-10,7,11,0.29,2394.1,7374.04,17904.57,49668.37,16830944.5,0.5,0.75,1.0,1.0,34.0,15,33,72,179,374
17624.0,2011-11-25,2011-05-05,2,16971.87,2011-12-10,7,15,0.29,2394.1,7374.04,17904.57,49668.37,16830944.5,0.5,0.75,1.0,1.0,34.0,15,33,72,179,374
17664.0,2011-11-21,2011-05-11,2,13071.37,2011-12-10,7,19,0.29,2394.1,7374.04,17904.57,49668.37,16830944.5,0.5,0.75,1.0,1.0,34.0,15,33,72,179,374
14551.0,2011-11-21,2011-05-19,2,619.55,2011-12-10,7,19,0.29,2394.1,7374.04,17904.57,49668.37,16830944.5,0.5,0.75,1.0,1.0,34.0,15,33,72,179,374
15163.0,2011-11-21,2011-05-31,2,3934.46,2011-12-10,7,19,0.29,2394.1,7374.04,17904.57,49668.37,16830944.5,0.5,0.75,1.0,1.0,34.0,15,33,72,179,374
17384.0,2011-11-20,2011-05-04,2,1987.95,2011-12-10,7,20,0.29,2394.1,7374.04,17904.57,49668.37,16830944.5,0.5,0.75,1.0,1.0,34.0,15,33,72,179,374
14853.0,2011-11-15,2011-05-12,2,226.2,2011-12-10,7,25,0.29,2394.1,7374.04,17904.57,49668.37,16830944.5,0.5,0.75,1.0,1.0,34.0,15,33,72,179,374
17658.0,2011-11-14,2011-05-12,2,4480.18,2011-12-10,7,26,0.29,2394.1,7374.04,17904.57,49668.37,16830944.5,0.5,0.75,1.0,1.0,34.0,15,33,72,179,374
15863.0,2011-11-14,2011-05-31,2,595.06,2011-12-10,7,26,0.29,2394.1,7374.04,17904.57,49668.37,16830944.5,0.5,0.75,1.0,1.0,34.0,15,33,72,179,374
15599.0,2011-11-13,2011-05-19,2,18512.09,2011-12-10,7,27,0.29,2394.1,7374.04,17904.57,49668.37,16830944.5,0.5,0.75,1.0,1.0,34.0,15,33,72,179,374
14921.0,2011-11-09,2011-05-22,2,58186.03,2011-12-10,7,31,0.29,2394.1,7374.04,17904.57,49668.37,16830944.5,0.5,0.75,1.0,1.0,34.0,15,33,72,179,374
13365.0,2011-11-06,2011-05-06,2,122344.04,2011-12-10,7,34,0.29,2394.1,7374.04,17904.57,49668.37,16830944.5,0.5,0.75,1.0,1.0,34.0,15,33,72,179,374
17166.0,2011-11-01,2011-05-20,2,1433.4,2011-12-10,7,39,0.29,2394.1,7374.04,17904.57,49668.37,16830944.5,0.5,0.75,1.0,1.0,34.0,15,33,72,179,374
13544.0,2011-10-31,2011-04-13,2,11207.68,2011-12-10,7,40,0.29,2394.1,7374.04,17904.57,49668.37,16830944.5,0.5,0.75,1.0,1.0,34.0,15,33,72,179,374
17928.0,2011-10-25,2011-04-07,2,1546.08,2011-12-10,7,46,0.29,2394.1,7374.04,17904.57,49668.37,16830944.5,0.5,0.75,1.0,1.0,34.0,15,33,72,179,374
12596.0,2011-10-19,2011-04-11,2,4715.85,2011-12-10,7,52,0.29,2394.1,7374.04,17904.57,49668.37,16830944.5,0.5,0.75,1.0,1.0,34.0,15,33,72,179,374
13169.0,2011-10-07,2011-04-01,2,2250.56,2011-12-10,7,64,0.29,2394.1,7374.04,17904.57,49668.37,16830944.5,0.5,0.75,1.0,1.0,34.0,15,33,72,179,374
15244.0,2011-10-05,2011-04-05,2,9862.44,2011-12-10,7,66,0.29,2394.1,7374.04,17904.57,49668.37,16830944.5,0.5,0.75,1.0,1.0,34.0,15,33,72,179,374
13989.0,2011-10-05,2011-04-14,2,23860.49,2011-12-10,7,66,0.29,2394.1,7374.04,17904.57,49668.37,16830944.5,0.5,0.75,1.0,1.0,34.0,15,33,72,179,374
15030.0,2011-09-29,2011-03-16,2,1920.36,2011-12-10,7,72,0.29,2394.1,7374.04,17904.57,49668.37,16830944.5,0.5,0.75,1.0,1.0,34.0,15,33,72,179,374
13035.0,2011-09-27,2011-03-24,2,12829.2,2011-12-10,7,74,0.29,2394.1,7374.04,17904.57,49668.37,16830944.5,0.5,0.75,1.0,1.0,34.0,15,33,72,179,374
14272.0,2011-09-27,2011-03-30,2,7787.01,2011-12-10,7,74,0.29,2394.1,7374.04,17904.57,49668.37,16830944.5,0.5,0.75,1.0,1.0,34.0,15,33,72,179,374
16778.0,2011-09-26,2011-03-10,2,1823.5,2011-12-10,7,75,0.29,2394.1,7374.04,17904.57,49668.37,16830944.5,0.5,0.75,1.0,1.0,34.0,15,33,72,179,374
16383.0,2011-09-26,2011-03-16,2,33220.58,2011-12-10,7,75,0.29,2394.1,7374.04,17904.57,49668.37,16830944.5,0.5,0.75,1.0,1.0,34.0,15,33,72,179,374
12545.0,2011-09-25,2011-03-25,2,18102.42,2011-12-10,7,76,0.29,2394.1,7374.04,17904.57,49668.37,16830944.5,0.5,0.75,1.0,1.0,34.0,15,33,72,179,374
18189.0,2011-09-23,2011-03-17,2,35029.54,2011-12-10,7,78,0.29,2394.1,7374.04,17904.57,49668.37,16830944.5,0.5,0.75,1.0,1.0,34.0,15,33,72,179,374
12435.0,2011-09-21,2011-03-17,2,103245.56,2011-12-10,7,80,0.29,2394.1,7374.04,17904.57,49668.37,16830944.5,0.5,0.75,1.0,1.0,34.0,15,33,72,179,374
12604.0,2011-09-21,2011-03-23,2,1898.58,2011-12-10,7,80,0.29,2394.1,7374.04,17904.57,49668.37,16830944.5,0.5,0.75,1.0,1.0,34.0,15,33,72,179,374
16777.0,2011-09-20,2011-03-27,2,6109.85,2011-12-10,7,81,0.29,2394.1,7374.04,17904.57,49668.37,16830944.5,0.5,0.75,1.0,1.0,34.0,15,33,72,179,374
16584.0,2011-09-20,2011-03-30,2,13105.12,2011-12-10,7,81,0.29,2394.1,7374.04,17904.57,49668.37,16830944.5,0.5,0.75,1.0,1.0,34.0,15,33,72,179,374
14934.0,2011-09-19,2011-03-02,2,65508.45,2011-12-10,7,82,0.29,2394.1,7374.04,17904.57,49668.37,16830944.5,0.5,0.75,1.0,1.0,34.0,15,33,72,179,374
16080.0,2011-09-19,2011-03-10,2,1085.8,2011-12-10,7,82,0.29,2394.1,7374.04,17904.57,49668.37,16830944.5,0.5,0.75,1.0,1.0,34.0,15,33,72,179,374
12434.0,2011-09-16,2011-03-24,2,21079.67,2011-12-10,7,85,0.29,2394.1,7374.04,17904.57,49668.37,16830944.5,0.5,0.75,1.0,1.0,34.0,15,33,72,179,374
17594.0,2011-09-15,2011-03-30,2,28824.48,2011-12-10,7,86,0.29,2394.1,7374.04,17904.57,49668.37,16830944.5,0.5,0.75,1.0,1.0,34.0,15,33,72,179,374
16036.0,2011-09-13,2011-03-21,2,27164.39,2011-12-10,7,88,0.29,2394.1,7374.04,17904.57,49668.37,16830944.5,0.5,0.75,1.0,1.0,34.0,15,33,72,179,374
15636.0,2011-09-11,2011-03-02,2,8752.72,2011-12-10,7,90,0.29,2394.1,7374.04,17904.57,49668.37,16830944.5,0.5,0.75,1.0,1.0,34.0,15,33,72,179,374
16384.0,2011-09-11,2011-03-21,2,9678.9,2011-12-10,7,90,0.29,2394.1,7374.04,17904.57,49668.37,16830944.5,0.5,0.75,1.0,1.0,34.0,15,33,72,179,374
14915.0,2011-09-09,2011-03-07,2,1478.26,2011-12-10,7,92,0.29,2394.1,7374.04,17904.57,49668.37,16830944.5,0.5,0.75,1.0,1.0,34.0,15,33,72,179,374
15071.0,2011-09-07,2011-03-09,2,9292.7,2011-12-10,7,94,0.29,2394.1,7374.04,17904.57,49668.37,16830944.5,0.5,0.75,1.0,1.0,34.0,15,33,72,179,374
13931.0,2011-09-05,2011-03-04,2,29924.04,2011-12-10,7,96,0.29,2394.1,7374.04,17904.57,49668.37,16830944.5,0.5,0.75,1.0,1.0,34.0,15,33,72,179,374
15364.0,2011-09-05,2011-03-30,2,16111.54,2011-12-10,7,96,0.29,2394.1,7374.04,17904.57,49668.37,16830944.5,0.5,0.75,1.0,1.0,34.0,15,33,72,179,374
16808.0,2011-09-01,2011-03-10,2,2796.18,2011-12-10,7,100,0.29,2394.1,7374.04,17904.57,49668.37,16830944.5,0.5,0.75,1.0,1.0,34.0,15,33,72,179,374
13799.0,2011-08-15,2011-02-18,2,12026.72,2011-12-10,7,117,0.29,2394.1,7374.04,17904.57,49668.37,16830944.5,0.5,0.75,1.0,1.0,34.0,15,33,72,179,374
14346.0,2011-08-11,2011-02-15,2,29770.64,2011-12-10,7,121,0.29,2394.1,7374.04,17904.57,49668.37,16830944.5,0.5,0.75,1.0,1.0,34.0,15,33,72,179,374
14778.0,2011-08-04,2011-02-04,2,11368.05,2011-12-10,7,128,0.29,2394.1,7374.04,17904.57,49668.37,16830944.5,0.5,0.75,1.0,1.0,34.0,15,33,72,179,374
12510.0,2011-07-20,2011-01-18,2,17369.96,2011-12-10,7,143,0.29,2394.1,7374.04,17904.57,49668.37,16830944.5,0.5,0.75,1.0,1.0,34.0,15,33,72,179,374
14548.0,2011-07-12,2011-01-26,2,1305.6,2011-12-10,7,151,0.29,2394.1,7374.04,17904.57,49668.37,16830944.5,0.5,0.75,1.0,1.0,34.0,15,33,72,179,374
13754.0,2011-07-11,2011-01-26,2,1291.8,2011-12-10,7,152,0.29,2394.1,7374.04,17904.57,49668.37,16830944.5,0.5,0.75,1.0,1.0,34.0,15,33,72,179,374
13253.0,2011-07-06,2011-01-04,2,17628.6,2011-12-10,7,157,0.29,2394.1,7374.04,17904.57,49668.37,16830944.5,0.5,0.75,1.0,1.0,34.0,15,33,72,179,374
17969.0,2011-06-26,2010-12-13,2,1063.2,2011-12-10,7,167,0.29,2394.1,7374.04,17904.57,49668.37,16830944.5,0.5,0.75,1.0,1.0,34.0,15,33,72,179,374
15384.0,2011-06-23,2010-12-15,2,12450.2,2011-12-10,7,170,0.29,2394.1,7374.04,17904.57,49668.37,16830944.5,0.5,0.75,1.0,1.0,34.0,15,33,72,179,374
14643.0,2011-06-22,2010-12-16,2,10743.02,2011-12-10,7,171,0.29,2394.1,7374.04,17904.57,49668.37,16830944.5,0.5,0.75,1.0,1.0,34.0,15,33,72,179,374
16805.0,2011-06-19,2010-12-14,2,22382.61,2011-12-10,7,174,0.29,2394.1,7374.04,17904.57,49668.37,16830944.5,0.5,0.75,1.0,1.0,34.0,15,33,72,179,374
14491.0,2011-06-17,2010-12-02,2,1782.12,2011-12-10,7,176,0.29,2394.1,7374.04,17904.57,49668.37,16830944.5,0.5,0.75,1.0,1.0,34.0,15,33,72,179,374
14037.0,2011-06-16,2010-12-10,2,2977.6,2011-12-10,7,177,0.29,2394.1,7374.04,17904.57,49668.37,16830944.5,0.5,0.75,1.0,1.0,34.0,15,33,72,179,374
17026.0,2011-06-07,2010-12-05,2,162.48,2011-12-10,7,186,0.29,2394.1,7374.04,17904.57,49668.37,16830944.5,0.5,0.75,1.0,1.0,34.0,15,33,72,179,374
16883.0,2011-06-05,2010-12-03,2,4246.95,2011-12-10,7,188,0.29,2394.1,7374.04,17904.57,49668.37,16830944.5,0.5,0.75,1.0,1.0,34.0,15,33,72,179,374
18273.0,2011-12-07,2011-03-27,3,204.0,2011-12-10,10,3,0.3,2394.1,7374.04,17904.57,49668.37,16830944.5,0.5,0.75,1.0,1.0,34.0,15,33,72,179,374
15053.0,2011-12-05,2011-03-03,3,16366.89,2011-12-10,10,5,0.3,2394.1,7374.04,17904.57,49668.37,16830944.5,0.5,0.75,1.0,1.0,34.0,15,33,72,179,374
12994.0,2011-12-05,2011-03-16,3,15000.14,2011-12-10,10,5,0.3,2394.1,7374.04,17904.57,49668.37,16830944.5,0.5,0.75,1.0,1.0,34.0,15,33,72,179,374
14075.0,2011-12-05,2011-03-23,3,13475.32,2011-12-10,10,5,0.3,2394.1,7374.04,17904.57,49668.37,16830944.5,0.5,0.75,1.0,1.0,34.0,15,33,72,179,374
14540.0,2011-11-30,2011-02-03,3,26384.43,2011-12-10,10,10,0.3,2394.1,7374.04,17904.57,49668.37,16830944.5,0.5,0.75,1.0,1.0,34.0,15,33,72,179,374
18188.0,2011-11-24,2011-02-22,3,59756.84,2011-12-10,10,16,0.3,2394.1,7374.04,17904.57,49668.37,16830944.5,0.5,0.75,1.0,1.0,34.0,15,33,72,179,374
17034.0,2011-11-23,2011-02-25,3,7123.08,2011-12-10,10,17,0.3,2394.1,7374.04,17904.57,49668.37,16830944.5,0.5,0.75,1.0,1.0,34.0,15,33,72,179,374
13171.0,2011-11-18,2011-02-13,3,4246.08,2011-12-10,10,22,0.3,2394.1,7374.04,17904.57,49668.37,16830944.5,0.5,0.75,1.0,1.0,34.0,15,33,72,179,374
13939.0,2011-11-16,2011-02-01,3,8268.02,2011-12-10,10,24,0.3,2394.1,7374.04,17904.57,49668.37,16830944.5,0.5,0.75,1.0,1.0,34.0,15,33,72,179,374
13894.0,2011-11-16,2011-02-02,3,5626.94,2011-12-10,10,24,0.3,2394.1,7374.04,17904.57,49668.37,16830944.5,0.5,0.75,1.0,1.0,34.0,15,33,72,179,374
15781.0,2011-11-14,2011-02-07,3,1871.79,2011-12-10,10,26,0.3,2394.1,7374.04,17904.57,49668.37,16830944.5,0.5,0.75,1.0,1.0,34.0,15,33,72,179,374
13606.0,2011-11-10,2011-02-01,3,5644.92,2011-12-10,10,30,0.3,2394.1,7374.04,17904.57,49668.37,16830944.5,0.5,0.75,1.0,1.0,34.0,15,33,72,179,374
12990.0,2011-11-08,2011-02-02,3,1831.7,2011-12-10,10,32,0.3,2394.1,7374.04,17904.57,49668.37,16830944.5,0.5,0.75,1.0,1.0,34.0,15,33,72,179,374
16014.0,2011-11-02,2011-02-21,3,33635.1,2011-12-10,10,38,0.3,2394.1,7374.04,17904.57,49668.37,16830944.5,0.5,0.75,1.0,1.0,34.0,15,33,72,179,374
16554.0,2011-10-28,2011-01-12,3,19217.77,2011-12-10,10,43,0.3,2394.1,7374.04,17904.57,49668.37,16830944.5,0.5,0.75,1.0,1.0,34.0,15,33,72,179,374
16593.0,2011-10-20,2011-01-16,3,2661.1,2011-12-10,10,51,0.3,2394.1,7374.04,17904.57,49668.37,16830944.5,0.5,0.75,1.0,1.0,34.0,15,33,72,179,374
14229.0,2011-10-19,2011-01-10,3,15755.29,2011-12-10,10,52,0.3,2394.1,7374.04,17904.57,49668.37,16830944.5,0.5,0.75,1.0,1.0,34.0,15,33,72,179,374
16730.0,2011-10-18,2011-01-24,3,21176.09,2011-12-10,10,53,0.3,2394.1,7374.04,17904.57,49668.37,16830944.5,0.5,0.75,1.0,1.0,34.0,15,33,72,179,374
17064.0,2011-10-12,2011-01-16,3,13434.7,2011-12-10,10,59,0.3,2394.1,7374.04,17904.57,49668.37,16830944.5,0.5,0.75,1.0,1.0,34.0,15,33,72,179,374
15831.0,2011-10-12,2011-01-19,3,18029.3,2011-12-10,10,59,0.3,2394.1,7374.04,17904.57,49668.37,16830944.5,0.5,0.75,1.0,1.0,34.0,15,33,72,179,374
14175.0,2011-10-11,2011-01-14,3,155491.36,2011-12-10,10,60,0.3,2394.1,7374.04,17904.57,49668.37,16830944.5,0.5,0.75,1.0,1.0,34.0,15,33,72,179,374
14514.0,2011-10-09,2011-01-12,3,24043.24,2011-12-10,10,62,0.3,2394.1,7374.04,17904.57,49668.37,16830944.5,0.5,0.75,1.0,1.0,34.0,15,33,72,179,374
18136.0,2011-10-07,2011-01-24,3,10090.75,2011-12-10,10,64,0.3,2394.1,7374.04,17904.57,49668.37,16830944.5,0.5,0.75,1.0,1.0,34.0,15,33,72,179,374
12413.0,2011-10-04,2011-01-06,3,8895.4,2011-12-10,10,67,0.3,2394.1,7374.04,17904.57,49668.37,16830944.5,0.5,0.75,1.0,1.0,34.0,15,33,72,179,374
16882.0,2011-10-04,2011-01-26,3,11401.56,2011-12-10,10,67,0.3,2394.1,7374.04,17904.57,49668.37,16830944.5,0.5,0.75,1.0,1.0,34.0,15,33,72,179,374
15164.0,2011-10-02,2011-01-04,3,29951.8,2011-12-10,10,69,0.3,2394.1,7374.04,17904.57,49668.37,16830944.5,0.5,0.75,1.0,1.0,34.0,15,33,72,179,374
17950.0,2011-09-28,2010-12-09,3,9172.91,2011-12-10,10,73,0.3,2394.1,7374.04,17904.57,49668.37,16830944.5,0.5,0.75,1.0,1.0,34.0,15,33,72,179,374
13959.0,2011-09-21,2010-12-12,3,17215.91,2011-12-10,10,80,0.3,2394.1,7374.04,17904.57,49668.37,16830944.5,0.5,0.75,1.0,1.0,34.0,15,33,72,179,374
17802.0,2011-09-18,2010-12-02,3,71456.92,2011-12-10,10,83,0.3,2394.1,7374.04,17904.57,49668.37,16830944.5,0.5,0.75,1.0,1.0,34.0,15,33,72,179,374
17033.0,2011-09-14,2010-12-15,3,10172.76,2011-12-10,10,87,0.3,2394.1,7374.04,17904.57,49668.37,16830944.5,0.5,0.75,1.0,1.0,34.0,15,33,72,179,374
13611.0,2011-09-11,2010-12-15,3,32691.3,2011-12-10,10,90,0.3,2394.1,7374.04,17904.57,49668.37,16830944.5,0.5,0.75,1.0,1.0,34.0,15,33,72,179,374
13124.0,2011-09-11,2010-12-15,3,239379.54,2011-12-10,10,90,0.3,2394.1,7374.04,17904.57,49668.37,16830944.5,0.5,0.75,1.0,1.0,34.0,15,33,72,179,374
13848.0,2011-09-08,2010-12-08,3,2485.0,2011-12-10,10,93,0.3,2394.1,7374.04,17904.57,49668.37,16830944.5,0.5,0.75,1.0,1.0,34.0,15,33,72,179,374
13077.0,2011-12-08,2010-12-08,4,23305.55,2011-12-10,13,2,0.31,2394.1,7374.04,17904.57,49668.37,16830944.5,0.5,0.75,1.0,1.0,34.0,15,33,72,179,374
16539.0,2011-12-07,2010-12-01,4,16830.73,2011-12-10,13,3,0.31,2394.1,7374.04,17904.57,49668.37,16830944.5,0.5,0.75,1.0,1.0,34.0,15,33,72,179,374
17884.0,2011-12-06,2010-12-03,4,20103.74,2011-12-10,13,4,0.31,2394.1,7374.04,17904.57,49668.37,16830944.5,0.5,0.75,1.0,1.0,34.0,15,33,72,179,374
14293.0,2011-12-06,2010-12-06,4,17090.67,2011-12-10,13,4,0.31,2394.1,7374.04,17904.57,49668.37,16830944.5,0.5,0.75,1.0,1.0,34.0,15,33,72,179,374
14871.0,2011-12-06,2010-12-14,4,13513.23,2011-12-10,13,4,0.31,2394.1,7374.04,17904.57,49668.37,16830944.5,0.5,0.75,1.0,1.0,34.0,15,33,72,179,374
14113.0,2011-12-06,2010-12-20,4,14930.88,2011-12-10,13,4,0.31,2394.1,7374.04,17904.57,49668.37,16830944.5,0.5,0.75,1.0,1.0,34.0,15,33,72,179,374
17526.0,2011-12-05,2010-12-09,4,2635.0,2011-12-10,13,5,0.31,2394.1,7374.04,17904.57,49668.37,16830944.5,0.5,0.75,1.0,1.0,34.0,15,33,72,179,374
14608.0,2011-12-05,2010-12-12,4,10277.85,2011-12-10,13,5,0.31,2394.1,7374.04,17904.57,49668.37,16830944.5,0.5,0.75,1.0,1.0,34.0,15,33,72,179,374
15392.0,2011-12-05,2010-12-14,4,31486.5,2011-12-10,13,5,0.31,2394.1,7374.04,17904.57,49668.37,16830944.5,0.5,0.75,1.0,1.0,34.0,15,33,72,179,374
13838.0,2011-12-04,2010-12-05,4,26033.56,2011-12-10,13,6,0.31,2394.1,7374.04,17904.57,49668.37,16830944.5,0.5,0.75,1.0,1.0,34.0,15,33,72,179,374
15862.0,2011-12-01,2010-12-01,4,30345.1,2011-12-10,13,9,0.31,2394.1,7374.04,17904.57,49668.37,16830944.5,0.5,0.75,1.0,1.0,34.0,15,33,72,179,374
15028.0,2011-12-01,2010-12-06,4,11811.71,2011-12-10,13,9,0.31,2394.1,7374.04,17904.57,49668.37,16830944.5,0.5,0.75,1.0,1.0,34.0,15,33,72,179,374
13680.0,2011-12-08,2011-01-04,4,155868.32,2011-12-10,12,2,0.33,2394.1,7374.04,17904.57,49668.37,16830944.5,0.5,0.75,1.0,1.0,34.0,15,33,72,179,374
16833.0,2011-12-08,2011-01-09,4,14281.77,2011-12-10,12,2,0.33,2394.1,7374.04,17904.57,49668.37,16830944.5,0.5,0.75,1.0,1.0,34.0,15,33,72,179,374
17631.0,2011-12-08,2011-04-21,3,5651.5,2011-12-10,9,2,0.33,2394.1,7374.04,17904.57,49668.37,16830944.5,0.5,0.75,1.0,1.0,34.0,15,33,72,179,374
12358.0,2011-12-08,2011-07-12,2,6988.8,2011-12-10,6,2,0.33,2394.1,7374.04,17904.57,49668.37,16830944.5,0.5,0.75,1.0,1.0,34.0,15,33,72,179,374
12820.0,2011-12-06,2011-01-17,4,15010.76,2011-12-10,12,4,0.33,2394.1,7374.04,17904.57,49668.37,16830944.5,0.5,0.75,1.0,1.0,34.0,15,33,72,179,374
12716.0,2011-12-06,2011-07-29,2,33068.98,2011-12-10,6,4,0.33,2394.1,7374.04,17904.57,49668.37,16830944.5,0.5,0.75,1.0,1.0,34.0,15,33,72,179,374
14759.0,2011-12-05,2011-04-21,3,41230.89,2011-12-10,9,5,0.33,2394.1,7374.04,17904.57,49668.37,16830944.5,0.5,0.75,1.0,1.0,34.0,15,33,72,179,374
13311.0,2011-12-05,2011-07-12,2,8013.76,2011-12-10,6,5,0.33,2394.1,7374.04,17904.57,49668.37,16830944.5,0.5,0.75,1.0,1.0,34.0,15,33,72,179,374
16149.0,2011-12-05,2011-07-20,2,2618.36,2011-12-10,6,5,0.33,2394.1,7374.04,17904.57,49668.37,16830944.5,0.5,0.75,1.0,1.0,34.0,15,33,72,179,374
12724.0,2011-12-04,2011-01-11,4,16054.5,2011-12-10,12,6,0.33,2394.1,7374.04,17904.57,49668.37,16830944.5,0.5,0.75,1.0,1.0,34.0,15,33,72,179,374
12560.0,2011-12-04,2011-07-19,2,107513.18,2011-12-10,6,6,0.33,2394.1,7374.04,17904.57,49668.37,16830944.5,0.5,0.75,1.0,1.0,34.0,15,33,72,179,374
12970.0,2011-12-02,2011-01-21,4,42635.12,2011-12-10,12,8,0.33,2394.1,7374.04,17904.57,49668.37,16830944.5,0.5,0.75,1.0,1.0,34.0,15,33,72,179,374
17115.0,2011-12-01,2011-04-20,3,7609.17,2011-12-10,9,9,0.33,2394.1,7374.04,17904.57,49668.37,16830944.5,0.5,0.75,1.0,1.0,34.0,15,33,72,179,374
12429.0,2011-11-30,2010-12-09,4,75857.08,2011-12-10,12,10,0.33,2394.1,7374.04,17904.57,49668.37,16830944.5,0.5,0.75,1.0,1.0,34.0,15,33,72,179,374
16062.0,2011-11-30,2010-12-10,4,10776.64,2011-12-10,12,10,0.33,2394.1,7374.04,17904.57,49668.37,16830944.5,0.5,0.75,1.0,1.0,34.0,15,33,72,179,374
15394.0,2011-11-30,2010-12-16,4,36576.3,2011-12-10,12,10,0.33,2394.1,7374.04,17904.57,49668.37,16830944.5,0.5,0.75,1.0,1.0,34.0,15,33,72,179,374
16852.0,2011-11-29,2011-06-16,2,295.4,2011-12-10,6,11,0.33,2394.1,7374.04,17904.57,49668.37,16830944.5,0.5,0.75,1.0,1.0,34.0,15,33,72,179,374
17019.0,2011-11-28,2010-12-06,4,63481.19,2011-12-10,12,12,0.33,2394.1,7374.04,17904.57,49668.37,16830944.5,0.5,0.75,1.0,1.0,34.0,15,33,72,179,374
12668.0,2011-11-28,2010-12-19,4,120382.87,2011-12-10,12,12,0.33,2394.1,7374.04,17904.57,49668.37,16830944.5,0.5,0.75,1.0,1.0,34.0,15,33,72,179,374
14597.0,2011-11-28,2011-06-01,2,37833.9,2011-12-10,6,12,0.33,2394.1,7374.04,17904.57,49668.37,16830944.5,0.5,0.75,1.0,1.0,34.0,15,33,72,179,374
17812.0,2011-11-27,2010-12-06,4,23108.72,2011-12-10,12,13,0.33,2394.1,7374.04,17904.57,49668.37,16830944.5,0.5,0.75,1.0,1.0,34.0,15,33,72,179,374
14577.0,2011-11-27,2010-12-12,4,28121.79,2011-12-10,12,13,0.33,2394.1,7374.04,17904.57,49668.37,16830944.5,0.5,0.75,1.0,1.0,34.0,15,33,72,179,374
17864.0,2011-11-27,2011-03-09,3,23648.21,2011-12-10,9,13,0.33,2394.1,7374.04,17904.57,49668.37,16830944.5,0.5,0.75,1.0,1.0,34.0,15,33,72,179,374
17411.0,2011-11-27,2011-03-23,3,10412.46,2011-12-10,9,13,0.33,2394.1,7374.04,17904.57,49668.37,16830944.5,0.5,0.75,1.0,1.0,34.0,15,33,72,179,374
18112.0,2011-11-27,2011-06-26,2,2936.36,2011-12-10,6,13,0.33,2394.1,7374.04,17904.57,49668.37,16830944.5,0.5,0.75,1.0,1.0,34.0,15,33,72,179,374
15793.0,2011-11-25,2011-03-16,3,3457.6,2011-12-10,9,15,0.33,2394.1,7374.04,17904.57,49668.37,16830944.5,0.5,0.75,1.0,1.0,34.0,15,33,72,179,374
13589.0,2011-11-25,2011-06-13,2,2191.0,2011-12-10,6,15,0.33,2394.1,7374.04,17904.57,49668.37,16830944.5,0.5,0.75,1.0,1.0,34.0,15,33,72,179,374
15186.0,2011-11-25,2011-06-24,2,3545.8,2011-12-10,6,15,0.33,2394.1,7374.04,17904.57,49668.37,16830944.5,0.5,0.75,1.0,1.0,34.0,15,33,72,179,374
17671.0,2011-11-24,2010-12-09,4,17625.77,2011-12-10,12,16,0.33,2394.1,7374.04,17904.57,49668.37,16830944.5,0.5,0.75,1.0,1.0,34.0,15,33,72,179,374
16271.0,2011-11-24,2010-12-16,4,56245.52,2011-12-10,12,16,0.33,2394.1,7374.04,17904.57,49668.37,16830944.5,0.5,0.75,1.0,1.0,34.0,15,33,72,179,374
16824.0,2011-11-24,2011-06-28,2,5459.42,2011-12-10,6,16,0.33,2394.1,7374.04,17904.57,49668.37,16830944.5,0.5,0.75,1.0,1.0,34.0,15,33,72,179,374
15965.0,2011-11-22,2010-12-07,4,50192.4,2011-12-10,12,18,0.33,2394.1,7374.04,17904.57,49668.37,16830944.5,0.5,0.75,1.0,1.0,34.0,15,33,72,179,374
17324.0,2011-11-22,2010-12-08,4,11824.28,2011-12-10,12,18,0.33,2394.1,7374.04,17904.57,49668.37,16830944.5,0.5,0.75,1.0,1.0,34.0,15,33,72,179,374
13238.0,2011-11-22,2010-12-14,4,5097.26,2011-12-10,12,18,0.33,2394.1,7374.04,17904.57,49668.37,16830944.5,0.5,0.75,1.0,1.0,34.0,15,33,72,179,374
17155.0,2011-11-22,2011-06-15,2,2274.2,2011-12-10,6,18,0.33,2394.1,7374.04,17904.57,49668.37,16830944.5,0.5,0.75,1.0,1.0,34.0,15,33,72,179,374
12465.0,2011-11-22,2011-06-23,2,14809.96,2011-12-10,6,18,0.33,2394.1,7374.04,17904.57,49668.37,16830944.5,0.5,0.75,1.0,1.0,34.0,15,33,72,179,374
14449.0,2011-11-21,2010-12-02,4,60670.52,2011-12-10,12,19,0.33,2394.1,7374.04,17904.57,49668.37,16830944.5,0.5,0.75,1.0,1.0,34.0,15,33,72,179,374
15676.0,2011-11-21,2011-03-01,3,307651.96,2011-12-10,9,19,0.33,2394.1,7374.04,17904.57,49668.37,16830944.5,0.5,0.75,1.0,1.0,34.0,15,33,72,179,374
12904.0,2011-11-21,2011-06-20,2,12140.96,2011-12-10,6,19,0.33,2394.1,7374.04,17904.57,49668.37,16830944.5,0.5,0.75,1.0,1.0,34.0,15,33,72,179,374
14984.0,2011-11-20,2011-06-12,2,3348.88,2011-12-10,6,20,0.33,2394.1,7374.04,17904.57,49668.37,16830944.5,0.5,0.75,1.0,1.0,34.0,15,33,72,179,374
15850.0,2011-11-20,2011-06-24,2,10978.34,2011-12-10,6,20,0.33,2394.1,7374.04,17904.57,49668.37,16830944.5,0.5,0.75,1.0,1.0,34.0,15,33,72,179,374
16511.0,2011-11-18,2011-03-18,3,44620.27,2011-12-10,9,22,0.33,2394.1,7374.04,17904.57,49668.37,16830944.5,0.5,0.75,1.0,1.0,34.0,15,33,72,179,374
15983.0,2011-11-17,2010-12-01,4,38306.26,2011-12-10,12,23,0.33,2394.1,7374.04,17904.57,49668.37,16830944.5,0.5,0.75,1.0,1.0,34.0,15,33,72,179,374
15563.0,2011-11-17,2010-12-16,4,49777.47,2011-12-10,12,23,0.33,2394.1,7374.04,17904.57,49668.37,16830944.5,0.5,0.75,1.0,1.0,34.0,15,33,72,179,374
15124.0,2011-11-17,2011-06-01,2,1014.1,2011-12-10,6,23,0.33,2394.1,7374.04,17904.57,49668.37,16830944.5,0.5,0.75,1.0,1.0,34.0,15,33,72,179,374
12406.0,2011-11-17,2011-06-09,2,166791.9,2011-12-10,6,23,0.33,2394.1,7374.04,17904.57,49668.37,16830944.5,0.5,0.75,1.0,1.0,34.0,15,33,72,179,374
16804.0,2011-11-16,2011-03-14,3,17639.66,2011-12-10,9,24,0.33,2394.1,7374.04,17904.57,49668.37,16830944.5,0.5,0.75,1.0,1.0,34.0,15,33,72,179,374
16245.0,2011-11-16,2011-03-28,3,39997.09,2011-12-10,9,24,0.33,2394.1,7374.04,17904.57,49668.37,16830944.5,0.5,0.75,1.0,1.0,34.0,15,33,72,179,374
12933.0,2011-11-15,2011-03-01,3,23511.2,2011-12-10,9,25,0.33,2394.1,7374.04,17904.57,49668.37,16830944.5,0.5,0.75,1.0,1.0,34.0,15,33,72,179,374
15532.0,2011-11-14,2010-12-16,4,72029.71,2011-12-10,12,26,0.33,2394.1,7374.04,17904.57,49668.37,16830944.5,0.5,0.75,1.0,1.0,34.0,15,33,72,179,374
17720.0,2011-11-13,2010-12-07,4,11657.64,2011-12-10,12,27,0.33,2394.1,7374.04,17904.57,49668.37,16830944.5,0.5,0.75,1.0,1.0,34.0,15,33,72,179,374
16571.0,2011-11-13,2011-03-03,3,39740.22,2011-12-10,9,27,0.33,2394.1,7374.04,17904.57,49668.37,16830944.5,0.5,0.75,1.0,1.0,34.0,15,33,72,179,374
14499.0,2011-11-13,2011-03-06,3,63424.4,2011-12-10,9,27,0.33,2394.1,7374.04,17904.57,49668.37,16830944.5,0.5,0.75,1.0,1.0,34.0,15,33,72,179,374
15449.0,2011-11-13,2011-03-23,3,18839.1,2011-12-10,9,27,0.33,2394.1,7374.04,17904.57,49668.37,16830944.5,0.5,0.75,1.0,1.0,34.0,15,33,72,179,374
14829.0,2011-11-10,2010-12-02,4,8038.71,2011-12-10,12,30,0.33,2394.1,7374.04,17904.57,49668.37,16830944.5,0.5,0.75,1.0,1.0,34.0,15,33,72,179,374
12541.0,2011-11-10,2011-03-04,3,13900.68,2011-12-10,9,30,0.33,2394.1,7374.04,17904.57,49668.37,16830944.5,0.5,0.75,1.0,1.0,34.0,15,33,72,179,374
15452.0,2011-11-10,2011-03-20,3,11248.67,2011-12-10,9,30,0.33,2394.1,7374.04,17904.57,49668.37,16830944.5,0.5,0.75,1.0,1.0,34.0,15,33,72,179,374
15184.0,2011-11-10,2011-06-02,2,8477.98,2011-12-10,6,30,0.33,2394.1,7374.04,17904.57,49668.37,16830944.5,0.5,0.75,1.0,1.0,34.0,15,33,72,179,374
15950.0,2011-11-08,2010-12-15,4,44275.53,2011-12-10,12,32,0.33,2394.1,7374.04,17904.57,49668.37,16830944.5,0.5,0.75,1.0,1.0,34.0,15,33,72,179,374
13155.0,2011-11-06,2010-12-06,4,23858.8,2011-12-10,12,34,0.33,2394.1,7374.04,17904.57,49668.37,16830944.5,0.5,0.75,1.0,1.0,34.0,15,33,72,179,374
14913.0,2011-11-04,2010-12-15,4,25859.32,2011-12-10,12,36,0.33,2394.1,7374.04,17904.57,49668.37,16830944.5,0.5,0.75,1.0,1.0,34.0,15,33,72,179,374
13592.0,2011-11-04,2011-03-20,3,610.07,2011-12-10,9,36,0.33,2394.1,7374.04,17904.57,49668.37,16830944.5,0.5,0.75,1.0,1.0,34.0,15,33,72,179,374
17816.0,2011-11-03,2010-12-09,4,215.72,2011-12-10,12,37,0.33,2394.1,7374.04,17904.57,49668.37,16830944.5,0.5,0.75,1.0,1.0,34.0,15,33,72,179,374
17351.0,2011-11-03,2011-03-11,3,5155.85,2011-12-10,9,37,0.33,2394.1,7374.04,17904.57,49668.37,16830944.5,0.5,0.75,1.0,1.0,34.0,15,33,72,179,374
15651.0,2011-11-03,2011-03-24,3,7560.7,2011-12-10,9,37,0.33,2394.1,7374.04,17904.57,49668.37,16830944.5,0.5,0.75,1.0,1.0,34.0,15,33,72,179,374
15252.0,2011-11-03,2011-06-09,2,17414.6,2011-12-10,6,37,0.33,2394.1,7374.04,17904.57,49668.37,16830944.5,0.5,0.75,1.0,1.0,34.0,15,33,72,179,374
16825.0,2011-11-01,2011-06-07,2,8513.12,2011-12-10,6,39,0.33,2394.1,7374.04,17904.57,49668.37,16830944.5,0.5,0.75,1.0,1.0,34.0,15,33,72,179,374
15791.0,2011-10-27,2011-05-19,2,59204.11,2011-12-10,6,44,0.33,2394.1,7374.04,17904.57,49668.37,16830944.5,0.5,0.75,1.0,1.0,34.0,15,33,72,179,374
16110.0,2011-10-25,2011-02-01,3,156691.27,2011-12-10,9,46,0.33,2394.1,7374.04,17904.57,49668.37,16830944.5,0.5,0.75,1.0,1.0,34.0,15,33,72,179,374
13601.0,2011-10-25,2011-05-12,2,33921.24,2011-12-10,6,46,0.33,2394.1,7374.04,17904.57,49668.37,16830944.5,0.5,0.75,1.0,1.0,34.0,15,33,72,179,374
15630.0,2011-10-25,2011-05-19,2,31244.44,2011-12-10,6,46,0.33,2394.1,7374.04,17904.57,49668.37,16830944.5,0.5,0.75,1.0,1.0,34.0,15,33,72,179,374
17423.0,2011-10-24,2011-05-06,2,8678.47,2011-12-10,6,47,0.33,2394.1,7374.04,17904.57,49668.37,16830944.5,0.5,0.75,1.0,1.0,34.0,15,33,72,179,374
17361.0,2011-10-21,2011-02-21,3,4741.34,2011-12-10,9,50,0.33,2394.1,7374.04,17904.57,49668.37,16830944.5,0.5,0.75,1.0,1.0,34.0,15,33,72,179,374
14631.0,2011-10-20,2011-02-14,3,13415.44,2011-12-10,9,51,0.33,2394.1,7374.04,17904.57,49668.37,16830944.5,0.5,0.75,1.0,1.0,34.0,15,33,72,179,374
17764.0,2011-10-20,2011-05-12,2,30479.79,2011-12-10,6,51,0.33,2394.1,7374.04,17904.57,49668.37,16830944.5,0.5,0.75,1.0,1.0,34.0,15,33,72,179,374
14798.0,2011-10-18,2011-02-02,3,802.88,2011-12-10,9,53,0.33,2394.1,7374.04,17904.57,49668.37,16830944.5,0.5,0.75,1.0,1.0,34.0,15,33,72,179,374
16940.0,2011-10-18,2011-02-23,3,311519.06,2011-12-10,9,53,0.33,2394.1,7374.04,17904.57,49668.37,16830944.5,0.5,0.75,1.0,1.0,34.0,15,33,72,179,374
16121.0,2011-10-13,2011-05-08,2,97187.78,2011-12-10,6,58,0.33,2394.1,7374.04,17904.57,49668.37,16830944.5,0.5,0.75,1.0,1.0,34.0,15,33,72,179,374
14421.0,2011-10-13,2011-05-12,2,9715.68,2011-12-10,6,58,0.33,2394.1,7374.04,17904.57,49668.37,16830944.5,0.5,0.75,1.0,1.0,34.0,15,33,72,179,374
18160.0,2011-10-13,2011-05-23,2,11178.25,2011-12-10,6,58,0.33,2394.1,7374.04,17904.57,49668.37,16830944.5,0.5,0.75,1.0,1.0,34.0,15,33,72,179,374
12876.0,2011-10-13,2011-05-27,2,78920.65,2011-12-10,6,58,0.33,2394.1,7374.04,17904.57,49668.37,16830944.5,0.5,0.75,1.0,1.0,34.0,15,33,72,179,374
17489.0,2011-10-12,2011-05-11,2,5522.0,2011-12-10,6,59,0.33,2394.1,7374.04,17904.57,49668.37,16830944.5,0.5,0.75,1.0,1.0,34.0,15,33,72,179,374
13666.0,2011-10-10,2011-02-25,3,333.15,2011-12-10,9,61,0.33,2394.1,7374.04,17904.57,49668.37,16830944.5,0.5,0.75,1.0,1.0,34.0,15,33,72,179,374
14451.0,2011-10-10,2011-05-29,2,34740.63,2011-12-10,6,61,0.33,2394.1,7374.04,17904.57,49668.37,16830944.5,0.5,0.75,1.0,1.0,34.0,15,33,72,179,374
12394.0,2011-10-07,2011-05-06,2,9939.42,2011-12-10,6,64,0.33,2394.1,7374.04,17904.57,49668.37,16830944.5,0.5,0.75,1.0,1.0,34.0,15,33,72,179,374
14819.0,2011-10-06,2011-05-31,2,1481.31,2011-12-10,6,65,0.33,2394.1,7374.04,17904.57,49668.37,16830944.5,0.5,0.75,1.0,1.0,34.0,15,33,72,179,374
15757.0,2011-10-05,2011-05-06,2,16871.64,2011-12-10,6,66,0.33,2394.1,7374.04,17904.57,49668.37,16830944.5,0.5,0.75,1.0,1.0,34.0,15,33,72,179,374
12886.0,2011-10-03,2011-05-04,2,44023.3,2011-12-10,6,68,0.33,2394.1,7374.04,17904.57,49668.37,16830944.5,0.5,0.75,1.0,1.0,34.0,15,33,72,179,374
14651.0,2011-10-03,2011-05-12,2,29093.86,2011-12-10,6,68,0.33,2394.1,7374.04,17904.57,49668.37,16830944.5,0.5,0.75,1.0,1.0,34.0,15,33,72,179,374
13764.0,2011-09-30,2011-01-06,3,94055.43,2011-12-10,9,71,0.33,2394.1,7374.04,17904.57,49668.37,16830944.5,0.5,0.75,1.0,1.0,34.0,15,33,72,179,374
17783.0,2011-09-28,2011-04-06,2,9342.61,2011-12-10,6,73,0.33,2394.1,7374.04,17904.57,49668.37,16830944.5,0.5,0.75,1.0,1.0,34.0,15,33,72,179,374
13405.0,2011-09-26,2011-01-26,3,5057.25,2011-12-10,9,75,0.33,2394.1,7374.04,17904.57,49668.37,16830944.5,0.5,0.75,1.0,1.0,34.0,15,33,72,179,374
15799.0,2011-09-25,2011-01-09,3,28170.06,2011-12-10,9,76,0.33,2394.1,7374.04,17904.57,49668.37,16830944.5,0.5,0.75,1.0,1.0,34.0,15,33,72,179,374
14152.0,2011-09-25,2011-04-19,2,15256.39,2011-12-10,6,76,0.33,2394.1,7374.04,17904.57,49668.37,16830944.5,0.5,0.75,1.0,1.0,34.0,15,33,72,179,374
15549.0,2011-09-23,2011-01-27,3,72537.4,2011-12-10,9,78,0.33,2394.1,7374.04,17904.57,49668.37,16830944.5,0.5,0.75,1.0,1.0,34.0,15,33,72,179,374
12854.0,2011-09-22,2011-01-25,3,44897.41,2011-12-10,9,79,0.33,2394.1,7374.04,17904.57,49668.37,16830944.5,0.5,0.75,1.0,1.0,34.0,15,33,72,179,374
12609.0,2011-09-22,2011-01-25,3,19413.67,2011-12-10,9,79,0.33,2394.1,7374.04,17904.57,49668.37,16830944.5,0.5,0.75,1.0,1.0,34.0,15,33,72,179,374
12701.0,2011-09-21,2011-04-11,2,17972.77,2011-12-10,6,80,0.33,2394.1,7374.04,17904.57,49668.37,16830944.5,0.5,0.75,1.0,1.0,34.0,15,33,72,179,374
12527.0,2011-09-19,2011-01-18,3,1852.26,2011-12-10,9,82,0.33,2394.1,7374.04,17904.57,49668.37,16830944.5,0.5,0.75,1.0,1.0,34.0,15,33,72,179,374
14628.0,2011-09-09,2011-04-11,2,7545.49,2011-12-10,6,92,0.33,2394.1,7374.04,17904.57,49668.37,16830944.5,0.5,0.75,1.0,1.0,34.0,15,33,72,179,374
13330.0,2011-09-08,2011-01-28,3,19903.26,2011-12-10,9,93,0.33,2394.1,7374.04,17904.57,49668.37,16830944.5,0.5,0.75,1.0,1.0,34.0,15,33,72,179,374
16031.0,2011-09-08,2011-04-06,2,21228.76,2011-12-10,6,93,0.33,2394.1,7374.04,17904.57,49668.37,16830944.5,0.5,0.75,1.0,1.0,34.0,15,33,72,179,374
13122.0,2011-09-06,2011-04-13,2,42849.54,2011-12-10,6,95,0.33,2394.1,7374.04,17904.57,49668.37,16830944.5,0.5,0.75,1.0,1.0,34.0,15,33,72,179,374
16551.0,2011-09-05,2011-01-07,3,8226.2,2011-12-10,9,96,0.33,2394.1,7374.04,17904.57,49668.37,16830944.5,0.5,0.75,1.0,1.0,34.0,15,33,72,179,374
12422.0,2011-09-05,2011-01-19,3,8639.72,2011-12-10,9,96,0.33,2394.1,7374.04,17904.57,49668.37,16830944.5,0.5,0.75,1.0,1.0,34.0,15,33,72,179,374
13548.0,2011-09-04,2011-04-10,2,33982.27,2011-12-10,6,97,0.33,2394.1,7374.04,17904.57,49668.37,16830944.5,0.5,0.75,1.0,1.0,34.0,15,33,72,179,374
17320.0,2011-08-31,2010-12-06,3,25694.28,2011-12-10,9,101,0.33,2394.1,7374.04,17904.57,49668.37,16830944.5,0.5,0.75,1.0,1.0,34.0,15,33,72,179,374
16780.0,2011-08-31,2011-03-25,2,12920.47,2011-12-10,6,101,0.33,2394.1,7374.04,17904.57,49668.37,16830944.5,0.5,0.75,1.0,1.0,34.0,15,33,72,179,374
17146.0,2011-08-26,2010-12-16,3,6512.9,2011-12-10,9,106,0.33,2394.1,7374.04,17904.57,49668.37,16830944.5,0.5,0.75,1.0,1.0,34.0,15,33,72,179,374
13000.0,2011-08-25,2010-12-10,3,6738.51,2011-12-10,9,107,0.33,2394.1,7374.04,17904.57,49668.37,16830944.5,0.5,0.75,1.0,1.0,34.0,15,33,72,179,374
17134.0,2011-08-25,2011-03-20,2,5277.3,2011-12-10,6,107,0.33,2394.1,7374.04,17904.57,49668.37,16830944.5,0.5,0.75,1.0,1.0,34.0,15,33,72,179,374
14875.0,2011-08-24,2011-03-22,2,32544.79,2011-12-10,6,108,0.33,2394.1,7374.04,17904.57,49668.37,16830944.5,0.5,0.75,1.0,1.0,34.0,15,33,72,179,374
13140.0,2011-08-23,2010-12-08,3,6018.75,2011-12-10,9,109,0.33,2394.1,7374.04,17904.57,49668.37,16830944.5,0.5,0.75,1.0,1.0,34.0,15,33,72,179,374
16927.0,2011-08-16,2010-12-13,3,1007.85,2011-12-10,9,116,0.33,2394.1,7374.04,17904.57,49668.37,16830944.5,0.5,0.75,1.0,1.0,34.0,15,33,72,179,374
12758.0,2011-08-15,2011-03-08,2,138008.04,2011-12-10,6,117,0.33,2394.1,7374.04,17904.57,49668.37,16830944.5,0.5,0.75,1.0,1.0,34.0,15,33,72,179,374
15192.0,2011-08-12,2010-12-09,3,17797.18,2011-12-10,9,120,0.33,2394.1,7374.04,17904.57,49668.37,16830944.5,0.5,0.75,1.0,1.0,34.0,15,33,72,179,374
16788.0,2011-08-08,2011-03-30,2,44165.66,2011-12-10,6,124,0.33,2394.1,7374.04,17904.57,49668.37,16830944.5,0.5,0.75,1.0,1.0,34.0,15,33,72,179,374
18151.0,2011-07-28,2011-02-23,2,10458.0,2011-12-10,6,135,0.33,2394.1,7374.04,17904.57,49668.37,16830944.5,0.5,0.75,1.0,1.0,34.0,15,33,72,179,374
12653.0,2011-07-14,2011-02-16,2,37147.6,2011-12-10,6,149,0.33,2394.1,7374.04,17904.57,49668.37,16830944.5,0.5,0.75,1.0,1.0,34.0,15,33,72,179,374
13675.0,2011-07-11,2011-02-28,2,6410.4,2011-12-10,6,152,0.33,2394.1,7374.04,17904.57,49668.37,16830944.5,0.5,0.75,1.0,1.0,34.0,15,33,72,179,374
13955.0,2011-07-08,2011-02-07,2,3159.99,2011-12-10,6,155,0.33,2394.1,7374.04,17904.57,49668.37,16830944.5,0.5,0.75,1.0,1.0,34.0,15,33,72,179,374
13085.0,2011-07-05,2011-02-17,2,4343.16,2011-12-10,6,158,0.33,2394.1,7374.04,17904.57,49668.37,16830944.5,0.5,0.75,1.0,1.0,34.0,15,33,72,179,374
17105.0,2011-07-03,2011-02-06,2,27687.3,2011-12-10,6,160,0.33,2394.1,7374.04,17904.57,49668.37,16830944.5,0.5,0.75,1.0,1.0,34.0,15,33,72,179,374
13656.0,2011-06-28,2011-01-06,2,8393.55,2011-12-10,6,165,0.33,2394.1,7374.04,17904.57,49668.37,16830944.5,0.5,0.75,1.0,1.0,34.0,15,33,72,179,374
13929.0,2011-06-23,2011-01-17,2,1638.45,2011-12-10,6,170,0.33,2394.1,7374.04,17904.57,49668.37,16830944.5,0.5,0.75,1.0,1.0,34.0,15,33,72,179,374
12908.0,2011-06-16,2011-01-31,2,750.0,2011-12-10,6,177,0.33,2394.1,7374.04,17904.57,49668.37,16830944.5,0.5,0.75,1.0,1.0,34.0,15,33,72,179,374
14501.0,2011-06-09,2011-01-24,2,1373.4,2011-12-10,6,184,0.33,2394.1,7374.04,17904.57,49668.37,16830944.5,0.5,0.75,1.0,1.0,34.0,15,33,72,179,374
17707.0,2011-06-07,2011-01-07,2,388.5,2011-12-10,6,186,0.33,2394.1,7374.04,17904.57,49668.37,16830944.5,0.5,0.75,1.0,1.0,34.0,15,33,72,179,374
17708.0,2011-06-05,2011-01-19,2,3960.82,2011-12-10,6,188,0.33,2394.1,7374.04,17904.57,49668.37,16830944.5,0.5,0.75,1.0,1.0,34.0,15,33,72,179,374
12468.0,2011-06-05,2011-01-27,2,12336.6,2011-12-10,6,188,0.33,2394.1,7374.04,17904.57,49668.37,16830944.5,0.5,0.75,1.0,1.0,34.0,15,33,72,179,374
14625.0,2011-05-27,2010-12-13,2,20050.28,2011-12-10,6,197,0.33,2394.1,7374.04,17904.57,49668.37,16830944.5,0.5,0.75,1.0,1.0,34.0,15,33,72,179,374
14985.0,2011-05-25,2010-12-16,2,11986.32,2011-12-10,6,199,0.33,2394.1,7374.04,17904.57,49668.37,16830944.5,0.5,0.75,1.0,1.0,34.0,15,33,72,179,374
14896.0,2011-05-19,2010-12-09,2,9961.42,2011-12-10,6,205,0.33,2394.1,7374.04,17904.57,49668.37,16830944.5,0.5,0.75,1.0,1.0,34.0,15,33,72,179,374
13531.0,2011-05-18,2010-12-08,2,3152.45,2011-12-10,6,206,0.33,2394.1,7374.04,17904.57,49668.37,16830944.5,0.5,0.75,1.0,1.0,34.0,15,33,72,179,374
16244.0,2011-05-12,2010-12-02,2,79619.05,2011-12-10,6,212,0.33,2394.1,7374.04,17904.57,49668.37,16830944.5,0.5,0.75,1.0,1.0,34.0,15,33,72,179,374
15732.0,2011-05-11,2010-12-02,2,2094.68,2011-12-10,6,213,0.33,2394.1,7374.04,17904.57,49668.37,16830944.5,0.5,0.75,1.0,1.0,34.0,15,33,72,179,374
16634.0,2011-05-01,2010-12-02,2,769.5,2011-12-10,6,223,0.33,2394.1,7374.04,17904.57,49668.37,16830944.5,0.5,0.75,1.0,1.0,34.0,15,33,72,179,374
15550.0,2011-12-05,2011-02-11,4,7300.2,2011-12-10,11,5,0.36,2394.1,7374.04,17904.57,49668.37,16830944.5,0.5,0.75,1.0,1.0,34.0,15,33,72,179,374
14897.0,2011-12-02,2011-02-16,4,8997.74,2011-12-10,11,8,0.36,2394.1,7374.04,17904.57,49668.37,16830944.5,0.5,0.75,1.0,1.0,34.0,15,33,72,179,374
16938.0,2011-12-01,2011-02-04,4,423214.38,2011-12-10,11,9,0.36,2394.1,7374.04,17904.57,49668.37,16830944.5,0.5,0.75,1.0,1.0,34.0,15,33,72,179,374
13064.0,2011-11-27,2011-01-16,4,15996.5,2011-12-10,11,13,0.36,2394.1,7374.04,17904.57,49668.37,16830944.5,0.5,0.75,1.0,1.0,34.0,15,33,72,179,374
18145.0,2011-11-27,2011-01-31,4,171773.49,2011-12-10,11,13,0.36,2394.1,7374.04,17904.57,49668.37,16830944.5,0.5,0.75,1.0,1.0,34.0,15,33,72,179,374
13048.0,2011-11-25,2011-01-16,4,61035.95,2011-12-10,11,15,0.36,2394.1,7374.04,17904.57,49668.37,16830944.5,0.5,0.75,1.0,1.0,34.0,15,33,72,179,374
12421.0,2011-11-24,2011-01-24,4,6303.14,2011-12-10,11,16,0.36,2394.1,7374.04,17904.57,49668.37,16830944.5,0.5,0.75,1.0,1.0,34.0,15,33,72,179,374
14805.0,2011-11-24,2011-01-30,4,5003.1,2011-12-10,11,16,0.36,2394.1,7374.04,17904.57,49668.37,16830944.5,0.5,0.75,1.0,1.0,34.0,15,33,72,179,374
16660.0,2011-11-23,2011-01-24,4,5950.26,2011-12-10,11,17,0.36,2394.1,7374.04,17904.57,49668.37,16830944.5,0.5,0.75,1.0,1.0,34.0,15,33,72,179,374
14049.0,2011-11-23,2011-01-26,4,812665.95,2011-12-10,11,17,0.36,2394.1,7374.04,17904.57,49668.37,16830944.5,0.5,0.75,1.0,1.0,34.0,15,33,72,179,374
14657.0,2011-11-22,2011-01-17,4,28502.22,2011-12-10,11,18,0.36,2394.1,7374.04,17904.57,49668.37,16830944.5,0.5,0.75,1.0,1.0,34.0,15,33,72,179,374
17075.0,2011-11-22,2011-01-26,4,12653.74,2011-12-10,11,18,0.36,2394.1,7374.04,17904.57,49668.37,16830944.5,0.5,0.75,1.0,1.0,34.0,15,33,72,179,374
14467.0,2011-11-22,2011-01-31,4,12039.04,2011-12-10,11,18,0.36,2394.1,7374.04,17904.57,49668.37,16830944.5,0.5,0.75,1.0,1.0,34.0,15,33,72,179,374
16350.0,2011-11-18,2011-01-10,4,16111.18,2011-12-10,11,22,0.36,2394.1,7374.04,17904.57,49668.37,16830944.5,0.5,0.75,1.0,1.0,34.0,15,33,72,179,374
12539.0,2011-11-17,2011-01-10,4,285704.92,2011-12-10,11,23,0.36,2394.1,7374.04,17904.57,49668.37,16830944.5,0.5,0.75,1.0,1.0,34.0,15,33,72,179,374
13815.0,2011-11-17,2011-01-25,4,210796.87,2011-12-10,11,23,0.36,2394.1,7374.04,17904.57,49668.37,16830944.5,0.5,0.75,1.0,1.0,34.0,15,33,72,179,374
12997.0,2011-11-17,2011-01-26,4,15041.17,2011-12-10,11,23,0.36,2394.1,7374.04,17904.57,49668.37,16830944.5,0.5,0.75,1.0,1.0,34.0,15,33,72,179,374
15110.0,2011-11-16,2011-01-25,4,3820.55,2011-12-10,11,24,0.36,2394.1,7374.04,17904.57,49668.37,16830944.5,0.5,0.75,1.0,1.0,34.0,15,33,72,179,374
14715.0,2011-11-15,2011-01-12,4,15526.89,2011-12-10,11,25,0.36,2394.1,7374.04,17904.57,49668.37,16830944.5,0.5,0.75,1.0,1.0,34.0,15,33,72,179,374
13614.0,2011-11-15,2011-01-13,4,74728.25,2011-12-10,11,25,0.36,2394.1,7374.04,17904.57,49668.37,16830944.5,0.5,0.75,1.0,1.0,34.0,15,33,72,179,374
12480.0,2011-11-11,2011-01-07,4,101950.37,2011-12-10,11,29,0.36,2394.1,7374.04,17904.57,49668.37,16830944.5,0.5,0.75,1.0,1.0,34.0,15,33,72,179,374
14662.0,2011-11-11,2011-01-27,4,33594.9,2011-12-10,11,29,0.36,2394.1,7374.04,17904.57,49668.37,16830944.5,0.5,0.75,1.0,1.0,34.0,15,33,72,179,374
18125.0,2011-11-10,2011-01-27,4,63867.72,2011-12-10,11,30,0.36,2394.1,7374.04,17904.57,49668.37,16830944.5,0.5,0.75,1.0,1.0,34.0,15,33,72,179,374
16618.0,2011-11-08,2011-01-21,4,58478.68,2011-12-10,11,32,0.36,2394.1,7374.04,17904.57,49668.37,16830944.5,0.5,0.75,1.0,1.0,34.0,15,33,72,179,374
17515.0,2011-11-08,2011-01-25,4,8525.2,2011-12-10,11,32,0.36,2394.1,7374.04,17904.57,49668.37,16830944.5,0.5,0.75,1.0,1.0,34.0,15,33,72,179,374
16676.0,2011-11-06,2011-01-06,4,23817.16,2011-12-10,11,34,0.36,2394.1,7374.04,17904.57,49668.37,16830944.5,0.5,0.75,1.0,1.0,34.0,15,33,72,179,374
12645.0,2011-11-06,2011-01-27,4,28553.18,2011-12-10,11,34,0.36,2394.1,7374.04,17904.57,49668.37,16830944.5,0.5,0.75,1.0,1.0,34.0,15,33,72,179,374
12484.0,2011-11-04,2011-01-07,4,309265.75,2011-12-10,11,36,0.36,2394.1,7374.04,17904.57,49668.37,16830944.5,0.5,0.75,1.0,1.0,34.0,15,33,72,179,374
13168.0,2011-11-03,2011-01-25,4,52905.35,2011-12-10,11,37,0.36,2394.1,7374.04,17904.57,49668.37,16830944.5,0.5,0.75,1.0,1.0,34.0,15,33,72,179,374
16043.0,2011-11-02,2011-01-26,4,6432.79,2011-12-10,11,38,0.36,2394.1,7374.04,17904.57,49668.37,16830944.5,0.5,0.75,1.0,1.0,34.0,15,33,72,179,374
13982.0,2011-10-31,2010-12-09,4,54875.2,2011-12-10,11,40,0.36,2394.1,7374.04,17904.57,49668.37,16830944.5,0.5,0.75,1.0,1.0,34.0,15,33,72,179,374
17796.0,2011-10-30,2010-12-05,4,13997.0,2011-12-10,11,41,0.36,2394.1,7374.04,17904.57,49668.37,16830944.5,0.5,0.75,1.0,1.0,34.0,15,33,72,179,374
15587.0,2011-10-20,2010-12-23,4,2172.24,2011-12-10,11,51,0.36,2394.1,7374.04,17904.57,49668.37,16830944.5,0.5,0.75,1.0,1.0,34.0,15,33,72,179,374
12370.0,2011-10-19,2010-12-14,4,190508.16,2011-12-10,11,52,0.36,2394.1,7374.04,17904.57,49668.37,16830944.5,0.5,0.75,1.0,1.0,34.0,15,33,72,179,374
16470.0,2011-10-19,2010-12-16,4,34142.34,2011-12-10,11,52,0.36,2394.1,7374.04,17904.57,49668.37,16830944.5,0.5,0.75,1.0,1.0,34.0,15,33,72,179,374
14443.0,2011-10-17,2010-12-06,4,32545.39,2011-12-10,11,54,0.36,2394.1,7374.04,17904.57,49668.37,16830944.5,0.5,0.75,1.0,1.0,34.0,15,33,72,179,374
16203.0,2011-10-12,2010-12-02,4,5806.7,2011-12-10,11,59,0.36,2394.1,7374.04,17904.57,49668.37,16830944.5,0.5,0.75,1.0,1.0,34.0,15,33,72,179,374
17552.0,2011-10-10,2010-12-02,4,24469.97,2011-12-10,11,61,0.36,2394.1,7374.04,17904.57,49668.37,16830944.5,0.5,0.75,1.0,1.0,34.0,15,33,72,179,374
15048.0,2011-10-05,2010-12-06,4,9313.12,2011-12-10,11,66,0.36,2394.1,7374.04,17904.57,49668.37,16830944.5,0.5,0.75,1.0,1.0,34.0,15,33,72,179,374
16891.0,2011-12-08,2010-12-03,5,29109.19,2011-12-10,13,2,0.38,2394.1,7374.04,17904.57,49668.37,16830944.5,0.5,0.75,1.0,1.0,34.0,15,33,72,179,374
15898.0,2011-12-08,2010-12-06,5,26892.62,2011-12-10,13,2,0.38,2394.1,7374.04,17904.57,49668.37,16830944.5,0.5,0.75,1.0,1.0,34.0,15,33,72,179,374
14621.0,2011-12-08,2010-12-16,5,28181.26,2011-12-10,13,2,0.38,2394.1,7374.04,17904.57,49668.37,16830944.5,0.5,0.75,1.0,1.0,34.0,15,33,72,179,374
15208.0,2011-12-08,2010-12-21,5,3981.13,2011-12-10,13,2,0.38,2394.1,7374.04,17904.57,49668.37,16830944.5,0.5,0.75,1.0,1.0,34.0,15,33,72,179,374
14673.0,2011-12-06,2010-12-07,5,25663.92,2011-12-10,13,4,0.38,2394.1,7374.04,17904.57,49668.37,16830944.5,0.5,0.75,1.0,1.0,34.0,15,33,72,179,374
16711.0,2011-12-06,2010-12-17,5,5477.78,2011-12-10,13,4,0.38,2394.1,7374.04,17904.57,49668.37,16830944.5,0.5,0.75,1.0,1.0,34.0,15,33,72,179,374
17593.0,2011-12-06,2010-12-22,5,159921.07,2011-12-10,13,4,0.38,2394.1,7374.04,17904.57,49668.37,16830944.5,0.5,0.75,1.0,1.0,34.0,15,33,72,179,374
15907.0,2011-12-06,2011-05-13,3,81188.94,2011-12-10,8,4,0.38,2394.1,7374.04,17904.57,49668.37,16830944.5,0.5,0.75,1.0,1.0,34.0,15,33,72,179,374
12913.0,2011-12-05,2010-12-06,5,33058.1,2011-12-10,13,5,0.38,2394.1,7374.04,17904.57,49668.37,16830944.5,0.5,0.75,1.0,1.0,34.0,15,33,72,179,374
12782.0,2011-12-05,2010-12-17,5,38450.81,2011-12-10,13,5,0.38,2394.1,7374.04,17904.57,49668.37,16830944.5,0.5,0.75,1.0,1.0,34.0,15,33,72,179,374
17827.0,2011-12-04,2010-12-10,5,120237.83,2011-12-10,13,6,0.38,2394.1,7374.04,17904.57,49668.37,16830944.5,0.5,0.75,1.0,1.0,34.0,15,33,72,179,374
13495.0,2011-12-02,2010-12-06,5,22691.34,2011-12-10,13,8,0.38,2394.1,7374.04,17904.57,49668.37,16830944.5,0.5,0.75,1.0,1.0,34.0,15,33,72,179,374
16038.0,2011-12-02,2011-05-22,3,5252.42,2011-12-10,8,8,0.38,2394.1,7374.04,17904.57,49668.37,16830944.5,0.5,0.75,1.0,1.0,34.0,15,33,72,179,374
14047.0,2011-12-01,2010-12-02,5,7321.53,2011-12-10,13,9,0.38,2394.1,7374.04,17904.57,49668.37,16830944.5,0.5,0.75,1.0,1.0,34.0,15,33,72,179,374
14440.0,2011-12-01,2010-12-09,5,22328.16,2011-12-10,13,9,0.38,2394.1,7374.04,17904.57,49668.37,16830944.5,0.5,0.75,1.0,1.0,34.0,15,33,72,179,374
15380.0,2011-12-01,2010-12-09,5,7332.7,2011-12-10,13,9,0.38,2394.1,7374.04,17904.57,49668.37,16830944.5,0.5,0.75,1.0,1.0,34.0,15,33,72,179,374
14146.0,2011-12-01,2010-12-17,5,173964.71,2011-12-10,13,9,0.38,2394.1,7374.04,17904.57,49668.37,16830944.5,0.5,0.75,1.0,1.0,34.0,15,33,72,179,374
14287.0,2011-12-01,2011-05-25,3,682.03,2011-12-10,8,9,0.38,2394.1,7374.04,17904.57,49668.37,16830944.5,0.5,0.75,1.0,1.0,34.0,15,33,72,179,374
15414.0,2011-11-30,2011-04-11,3,12098.6,2011-12-10,8,10,0.38,2394.1,7374.04,17904.57,49668.37,16830944.5,0.5,0.75,1.0,1.0,34.0,15,33,72,179,374
13389.0,2011-11-28,2011-04-21,3,11016.3,2011-12-10,8,12,0.38,2394.1,7374.04,17904.57,49668.37,16830944.5,0.5,0.75,1.0,1.0,34.0,15,33,72,179,374
15436.0,2011-11-27,2011-04-19,3,113891.53,2011-12-10,8,13,0.38,2394.1,7374.04,17904.57,49668.37,16830944.5,0.5,0.75,1.0,1.0,34.0,15,33,72,179,374
13516.0,2011-11-18,2011-04-15,3,18649.3,2011-12-10,8,22,0.38,2394.1,7374.04,17904.57,49668.37,16830944.5,0.5,0.75,1.0,1.0,34.0,15,33,72,179,374
14286.0,2011-11-16,2011-04-11,3,479892.39,2011-12-10,8,24,0.38,2394.1,7374.04,17904.57,49668.37,16830944.5,0.5,0.75,1.0,1.0,34.0,15,33,72,179,374
18263.0,2011-11-14,2011-04-01,3,26156.16,2011-12-10,8,26,0.38,2394.1,7374.04,17904.57,49668.37,16830944.5,0.5,0.75,1.0,1.0,34.0,15,33,72,179,374
15289.0,2011-11-10,2011-04-04,3,18904.92,2011-12-10,8,30,0.38,2394.1,7374.04,17904.57,49668.37,16830944.5,0.5,0.75,1.0,1.0,34.0,15,33,72,179,374
17886.0,2011-11-08,2011-04-04,3,31291.79,2011-12-10,8,32,0.38,2394.1,7374.04,17904.57,49668.37,16830944.5,0.5,0.75,1.0,1.0,34.0,15,33,72,179,374
16639.0,2011-11-08,2011-04-18,3,19698.72,2011-12-10,8,32,0.38,2394.1,7374.04,17904.57,49668.37,16830944.5,0.5,0.75,1.0,1.0,34.0,15,33,72,179,374
18036.0,2011-11-07,2011-04-08,3,12745.68,2011-12-10,8,33,0.38,2394.1,7374.04,17904.57,49668.37,16830944.5,0.5,0.75,1.0,1.0,34.0,15,33,72,179,374
14700.0,2011-11-07,2011-04-15,3,78790.75,2011-12-10,8,33,0.38,2394.1,7374.04,17904.57,49668.37,16830944.5,0.5,0.75,1.0,1.0,34.0,15,33,72,179,374
13772.0,2011-11-06,2011-04-14,3,65459.29,2011-12-10,8,34,0.38,2394.1,7374.04,17904.57,49668.37,16830944.5,0.5,0.75,1.0,1.0,34.0,15,33,72,179,374
16960.0,2011-11-01,2011-04-01,3,16472.6,2011-12-10,8,39,0.38,2394.1,7374.04,17904.57,49668.37,16830944.5,0.5,0.75,1.0,1.0,34.0,15,33,72,179,374
12456.0,2011-10-26,2011-03-30,3,88547.34,2011-12-10,8,45,0.38,2394.1,7374.04,17904.57,49668.37,16830944.5,0.5,0.75,1.0,1.0,34.0,15,33,72,179,374
15806.0,2011-10-24,2011-03-08,3,8458.0,2011-12-10,8,47,0.38,2394.1,7374.04,17904.57,49668.37,16830944.5,0.5,0.75,1.0,1.0,34.0,15,33,72,179,374
16023.0,2011-10-24,2011-03-18,3,18845.46,2011-12-10,8,47,0.38,2394.1,7374.04,17904.57,49668.37,16830944.5,0.5,0.75,1.0,1.0,34.0,15,33,72,179,374
16768.0,2011-10-23,2011-03-13,3,5410.81,2011-12-10,8,48,0.38,2394.1,7374.04,17904.57,49668.37,16830944.5,0.5,0.75,1.0,1.0,34.0,15,33,72,179,374
18149.0,2011-10-20,2011-03-11,3,3397.34,2011-12-10,8,51,0.38,2394.1,7374.04,17904.57,49668.37,16830944.5,0.5,0.75,1.0,1.0,34.0,15,33,72,179,374
12759.0,2011-10-18,2011-03-09,3,39567.77,2011-12-10,8,53,0.38,2394.1,7374.04,17904.57,49668.37,16830944.5,0.5,0.75,1.0,1.0,34.0,15,33,72,179,374
16136.0,2011-10-11,2011-03-07,3,9303.72,2011-12-10,8,60,0.38,2394.1,7374.04,17904.57,49668.37,16830944.5,0.5,0.75,1.0,1.0,34.0,15,33,72,179,374
13373.0,2011-10-10,2011-03-08,3,156410.01,2011-12-10,8,61,0.38,2394.1,7374.04,17904.57,49668.37,16830944.5,0.5,0.75,1.0,1.0,34.0,15,33,72,179,374
13591.0,2011-10-06,2011-03-18,3,14461.99,2011-12-10,8,65,0.38,2394.1,7374.04,17904.57,49668.37,16830944.5,0.5,0.75,1.0,1.0,34.0,15,33,72,179,374
16040.0,2011-10-05,2011-03-16,3,21239.01,2011-12-10,8,66,0.38,2394.1,7374.04,17904.57,49668.37,16830944.5,0.5,0.75,1.0,1.0,34.0,15,33,72,179,374
15181.0,2011-10-04,2011-03-15,3,2668.08,2011-12-10,8,67,0.38,2394.1,7374.04,17904.57,49668.37,16830944.5,0.5,0.75,1.0,1.0,34.0,15,33,72,179,374
13344.0,2011-10-03,2011-03-07,3,78733.6,2011-12-10,8,68,0.38,2394.1,7374.04,17904.57,49668.37,16830944.5,0.5,0.75,1.0,1.0,34.0,15,33,72,179,374
15321.0,2011-09-30,2011-02-21,3,93894.32,2011-12-10,8,71,0.38,2394.1,7374.04,17904.57,49668.37,16830944.5,0.5,0.75,1.0,1.0,34.0,15,33,72,179,374
14475.0,2011-09-29,2011-02-08,3,9331.46,2011-12-10,8,72,0.38,2394.1,7374.04,17904.57,49668.37,16830944.5,0.5,0.75,1.0,1.0,34.0,15,33,72,179,374
12372.0,2011-09-29,2011-02-16,3,19773.22,2011-12-10,8,72,0.38,2394.1,7374.04,17904.57,49668.37,16830944.5,0.5,0.75,1.0,1.0,34.0,15,33,72,179,374
18155.0,2011-09-25,2011-02-21,3,3220.73,2011-12-10,8,76,0.38,2394.1,7374.04,17904.57,49668.37,16830944.5,0.5,0.75,1.0,1.0,34.0,15,33,72,179,374
14880.0,2011-09-23,2011-02-24,3,9437.43,2011-12-10,8,78,0.38,2394.1,7374.04,17904.57,49668.37,16830944.5,0.5,0.75,1.0,1.0,34.0,15,33,72,179,374
13038.0,2011-09-20,2011-02-22,3,8801.62,2011-12-10,8,81,0.38,2394.1,7374.04,17904.57,49668.37,16830944.5,0.5,0.75,1.0,1.0,34.0,15,33,72,179,374
18017.0,2011-09-19,2011-02-02,3,523.0,2011-12-10,8,82,0.38,2394.1,7374.04,17904.57,49668.37,16830944.5,0.5,0.75,1.0,1.0,34.0,15,33,72,179,374
13334.0,2011-09-18,2011-02-07,3,322515.42,2011-12-10,8,83,0.38,2394.1,7374.04,17904.57,49668.37,16830944.5,0.5,0.75,1.0,1.0,34.0,15,33,72,179,374
13539.0,2011-09-15,2011-02-03,3,6931.06,2011-12-10,8,86,0.38,2394.1,7374.04,17904.57,49668.37,16830944.5,0.5,0.75,1.0,1.0,34.0,15,33,72,179,374
17002.0,2011-09-15,2011-02-22,3,16563.88,2011-12-10,8,86,0.38,2394.1,7374.04,17904.57,49668.37,16830944.5,0.5,0.75,1.0,1.0,34.0,15,33,72,179,374
13851.0,2011-09-05,2011-02-24,3,69990.56,2011-12-10,8,96,0.38,2394.1,7374.04,17904.57,49668.37,16830944.5,0.5,0.75,1.0,1.0,34.0,15,33,72,179,374
14276.0,2011-09-02,2011-02-23,3,22821.24,2011-12-10,8,99,0.38,2394.1,7374.04,17904.57,49668.37,16830944.5,0.5,0.75,1.0,1.0,34.0,15,33,72,179,374
16755.0,2011-08-17,2011-01-28,3,85723.38,2011-12-10,8,115,0.38,2394.1,7374.04,17904.57,49668.37,16830944.5,0.5,0.75,1.0,1.0,34.0,15,33,72,179,374
14006.0,2011-08-16,2011-01-31,3,9232.48,2011-12-10,8,116,0.38,2394.1,7374.04,17904.57,49668.37,16830944.5,0.5,0.75,1.0,1.0,34.0,15,33,72,179,374
17048.0,2011-08-14,2011-01-12,3,14537.69,2011-12-10,8,118,0.38,2394.1,7374.04,17904.57,49668.37,16830944.5,0.5,0.75,1.0,1.0,34.0,15,33,72,179,374
13280.0,2011-08-09,2011-01-06,3,24581.4,2011-12-10,8,123,0.38,2394.1,7374.04,17904.57,49668.37,16830944.5,0.5,0.75,1.0,1.0,34.0,15,33,72,179,374
14133.0,2011-08-02,2011-01-28,3,6114.09,2011-12-10,8,130,0.38,2394.1,7374.04,17904.57,49668.37,16830944.5,0.5,0.75,1.0,1.0,34.0,15,33,72,179,374
12942.0,2011-07-31,2010-12-09,3,13288.12,2011-12-10,8,132,0.38,2394.1,7374.04,17904.57,49668.37,16830944.5,0.5,0.75,1.0,1.0,34.0,15,33,72,179,374
17341.0,2011-07-06,2010-12-08,3,82788.55,2011-12-10,8,157,0.38,2394.1,7374.04,17904.57,49668.37,16830944.5,0.5,0.75,1.0,1.0,34.0,15,33,72,179,374
15646.0,2011-07-05,2010-12-02,3,4861.5,2011-12-10,8,158,0.38,2394.1,7374.04,17904.57,49668.37,16830944.5,0.5,0.75,1.0,1.0,34.0,15,33,72,179,374
14441.0,2011-12-09,2011-03-29,4,14828.17,2011-12-10,10,1,0.4,2394.1,7374.04,17904.57,49668.37,16830944.5,0.5,0.75,1.0,1.0,34.0,15,33,72,179,374
17856.0,2011-12-08,2011-03-03,4,4501.88,2011-12-10,10,2,0.4,2394.1,7374.04,17904.57,49668.37,16830944.5,0.5,0.75,1.0,1.0,34.0,15,33,72,179,374
15031.0,2011-12-05,2011-03-02,4,16344.44,2011-12-10,10,5,0.4,2394.1,7374.04,17904.57,49668.37,16830944.5,0.5,0.75,1.0,1.0,34.0,15,33,72,179,374
16968.0,2011-12-05,2011-08-24,2,5791.25,2011-12-10,5,5,0.4,2394.1,7374.04,17904.57,49668.37,16830944.5,0.5,0.75,1.0,1.0,34.0,15,33,72,179,374
15690.0,2011-12-05,2011-08-31,2,2304.36,2011-12-10,5,5,0.4,2394.1,7374.04,17904.57,49668.37,16830944.5,0.5,0.75,1.0,1.0,34.0,15,33,72,179,374
14658.0,2011-12-04,2011-08-14,2,1644.97,2011-12-10,5,6,0.4,2394.1,7374.04,17904.57,49668.37,16830944.5,0.5,0.75,1.0,1.0,34.0,15,33,72,179,374
13884.0,2011-12-02,2011-03-01,4,15595.15,2011-12-10,10,8,0.4,2394.1,7374.04,17904.57,49668.37,16830944.5,0.5,0.75,1.0,1.0,34.0,15,33,72,179,374
17584.0,2011-12-02,2011-08-04,2,17026.65,2011-12-10,5,8,0.4,2394.1,7374.04,17904.57,49668.37,16830944.5,0.5,0.75,1.0,1.0,34.0,15,33,72,179,374
18282.0,2011-12-02,2011-08-05,2,582.91,2011-12-10,5,8,0.4,2394.1,7374.04,17904.57,49668.37,16830944.5,0.5,0.75,1.0,1.0,34.0,15,33,72,179,374
12962.0,2011-12-02,2011-08-18,2,1929.65,2011-12-10,5,8,0.4,2394.1,7374.04,17904.57,49668.37,16830944.5,0.5,0.75,1.0,1.0,34.0,15,33,72,179,374
14869.0,2011-12-01,2011-08-28,2,22451.13,2011-12-10,5,9,0.4,2394.1,7374.04,17904.57,49668.37,16830944.5,0.5,0.75,1.0,1.0,34.0,15,33,72,179,374
13362.0,2011-11-30,2011-02-25,4,112355.79,2011-12-10,10,10,0.4,2394.1,7374.04,17904.57,49668.37,16830944.5,0.5,0.75,1.0,1.0,34.0,15,33,72,179,374
17031.0,2011-11-28,2011-07-08,2,4326.95,2011-12-10,5,12,0.4,2394.1,7374.04,17904.57,49668.37,16830944.5,0.5,0.75,1.0,1.0,34.0,15,33,72,179,374
18101.0,2011-11-28,2011-07-19,2,3731.59,2011-12-10,5,12,0.4,2394.1,7374.04,17904.57,49668.37,16830944.5,0.5,0.75,1.0,1.0,34.0,15,33,72,179,374
16364.0,2011-11-28,2011-07-25,2,12308.93,2011-12-10,5,12,0.4,2394.1,7374.04,17904.57,49668.37,16830944.5,0.5,0.75,1.0,1.0,34.0,15,33,72,179,374
13149.0,2011-11-25,2011-02-23,4,32094.62,2011-12-10,10,15,0.4,2394.1,7374.04,17904.57,49668.37,16830944.5,0.5,0.75,1.0,1.0,34.0,15,33,72,179,374
12438.0,2011-11-25,2011-07-22,2,91848.04,2011-12-10,5,15,0.4,2394.1,7374.04,17904.57,49668.37,16830944.5,0.5,0.75,1.0,1.0,34.0,15,33,72,179,374
16616.0,2011-11-24,2011-07-05,2,7689.04,2011-12-10,5,16,0.4,2394.1,7374.04,17904.57,49668.37,16830944.5,0.5,0.75,1.0,1.0,34.0,15,33,72,179,374
13207.0,2011-11-24,2011-07-12,2,1145.82,2011-12-10,5,16,0.4,2394.1,7374.04,17904.57,49668.37,16830944.5,0.5,0.75,1.0,1.0,34.0,15,33,72,179,374
14477.0,2011-11-20,2011-02-15,4,3682.0,2011-12-10,10,20,0.4,2394.1,7374.04,17904.57,49668.37,16830944.5,0.5,0.75,1.0,1.0,34.0,15,33,72,179,374
17147.0,2011-11-17,2011-02-01,4,26106.95,2011-12-10,10,23,0.4,2394.1,7374.04,17904.57,49668.37,16830944.5,0.5,0.75,1.0,1.0,34.0,15,33,72,179,374
12993.0,2011-11-16,2011-02-14,4,3605.08,2011-12-10,10,24,0.4,2394.1,7374.04,17904.57,49668.37,16830944.5,0.5,0.75,1.0,1.0,34.0,15,33,72,179,374
13285.0,2011-11-16,2011-02-22,4,126437.1,2011-12-10,10,24,0.4,2394.1,7374.04,17904.57,49668.37,16830944.5,0.5,0.75,1.0,1.0,34.0,15,33,72,179,374
16557.0,2011-11-15,2011-07-25,2,980.3,2011-12-10,5,25,0.4,2394.1,7374.04,17904.57,49668.37,16830944.5,0.5,0.75,1.0,1.0,34.0,15,33,72,179,374
14862.0,2011-11-14,2011-07-14,2,19729.3,2011-12-10,5,26,0.4,2394.1,7374.04,17904.57,49668.37,16830944.5,0.5,0.75,1.0,1.0,34.0,15,33,72,179,374
14044.0,2011-11-13,2011-02-03,4,29561.04,2011-12-10,10,27,0.4,2394.1,7374.04,17904.57,49668.37,16830944.5,0.5,0.75,1.0,1.0,34.0,15,33,72,179,374
12589.0,2011-11-11,2011-07-18,2,6872.32,2011-12-10,5,29,0.4,2394.1,7374.04,17904.57,49668.37,16830944.5,0.5,0.75,1.0,1.0,34.0,15,33,72,179,374
16126.0,2011-11-10,2011-02-16,4,190452.36,2011-12-10,10,30,0.4,2394.1,7374.04,17904.57,49668.37,16830944.5,0.5,0.75,1.0,1.0,34.0,15,33,72,179,374
12981.0,2011-11-10,2011-07-29,2,3724.34,2011-12-10,5,30,0.4,2394.1,7374.04,17904.57,49668.37,16830944.5,0.5,0.75,1.0,1.0,34.0,15,33,72,179,374
13029.0,2011-11-09,2011-07-24,2,506.9,2011-12-10,5,31,0.4,2394.1,7374.04,17904.57,49668.37,16830944.5,0.5,0.75,1.0,1.0,34.0,15,33,72,179,374
16612.0,2011-11-07,2011-02-01,4,19896.59,2011-12-10,10,33,0.4,2394.1,7374.04,17904.57,49668.37,16830944.5,0.5,0.75,1.0,1.0,34.0,15,33,72,179,374
15407.0,2011-11-06,2011-02-07,4,33519.64,2011-12-10,10,34,0.4,2394.1,7374.04,17904.57,49668.37,16830944.5,0.5,0.75,1.0,1.0,34.0,15,33,72,179,374
14517.0,2011-11-06,2011-07-21,2,2831.4,2011-12-10,5,34,0.4,2394.1,7374.04,17904.57,49668.37,16830944.5,0.5,0.75,1.0,1.0,34.0,15,33,72,179,374
12397.0,2011-11-04,2011-07-27,2,99472.55,2011-12-10,5,36,0.4,2394.1,7374.04,17904.57,49668.37,16830944.5,0.5,0.75,1.0,1.0,34.0,15,33,72,179,374
15065.0,2011-11-02,2011-02-21,4,95807.32,2011-12-10,10,38,0.4,2394.1,7374.04,17904.57,49668.37,16830944.5,0.5,0.75,1.0,1.0,34.0,15,33,72,179,374
14167.0,2011-10-31,2011-01-12,4,6264.91,2011-12-10,10,40,0.4,2394.1,7374.04,17904.57,49668.37,16830944.5,0.5,0.75,1.0,1.0,34.0,15,33,72,179,374
16018.0,2011-10-31,2011-06-12,2,4405.0,2011-12-10,5,40,0.4,2394.1,7374.04,17904.57,49668.37,16830944.5,0.5,0.75,1.0,1.0,34.0,15,33,72,179,374
16235.0,2011-10-30,2011-01-11,4,6798.29,2011-12-10,10,41,0.4,2394.1,7374.04,17904.57,49668.37,16830944.5,0.5,0.75,1.0,1.0,34.0,15,33,72,179,374
17373.0,2011-10-30,2011-01-31,4,9481.42,2011-12-10,10,41,0.4,2394.1,7374.04,17904.57,49668.37,16830944.5,0.5,0.75,1.0,1.0,34.0,15,33,72,179,374
17414.0,2011-10-27,2011-06-08,2,3170.0,2011-12-10,5,44,0.4,2394.1,7374.04,17904.57,49668.37,16830944.5,0.5,0.75,1.0,1.0,34.0,15,33,72,179,374
15014.0,2011-10-27,2011-06-16,2,4911.27,2011-12-10,5,44,0.4,2394.1,7374.04,17904.57,49668.37,16830944.5,0.5,0.75,1.0,1.0,34.0,15,33,72,179,374
13107.0,2011-10-26,2011-01-10,4,26773.74,2011-12-10,10,45,0.4,2394.1,7374.04,17904.57,49668.37,16830944.5,0.5,0.75,1.0,1.0,34.0,15,33,72,179,374
15835.0,2011-10-26,2011-01-13,4,9752.2,2011-12-10,10,45,0.4,2394.1,7374.04,17904.57,49668.37,16830944.5,0.5,0.75,1.0,1.0,34.0,15,33,72,179,374
14233.0,2011-10-21,2011-01-26,4,14571.05,2011-12-10,10,50,0.4,2394.1,7374.04,17904.57,49668.37,16830944.5,0.5,0.75,1.0,1.0,34.0,15,33,72,179,374
13917.0,2011-10-21,2011-06-01,2,2868.5,2011-12-10,5,50,0.4,2394.1,7374.04,17904.57,49668.37,16830944.5,0.5,0.75,1.0,1.0,34.0,15,33,72,179,374
13761.0,2011-10-20,2011-06-13,2,37734.44,2011-12-10,5,51,0.4,2394.1,7374.04,17904.57,49668.37,16830944.5,0.5,0.75,1.0,1.0,34.0,15,33,72,179,374
18252.0,2011-10-20,2011-06-21,2,34297.8,2011-12-10,5,51,0.4,2394.1,7374.04,17904.57,49668.37,16830944.5,0.5,0.75,1.0,1.0,34.0,15,33,72,179,374
13849.0,2011-10-19,2011-06-22,2,67145.63,2011-12-10,5,52,0.4,2394.1,7374.04,17904.57,49668.37,16830944.5,0.5,0.75,1.0,1.0,34.0,15,33,72,179,374
16206.0,2011-10-16,2011-01-16,4,8279.43,2011-12-10,10,55,0.4,2394.1,7374.04,17904.57,49668.37,16830944.5,0.5,0.75,1.0,1.0,34.0,15,33,72,179,374
12744.0,2011-10-14,2011-01-25,4,478115.91,2011-12-10,10,57,0.4,2394.1,7374.04,17904.57,49668.37,16830944.5,0.5,0.75,1.0,1.0,34.0,15,33,72,179,374
17180.0,2011-10-14,2011-01-27,4,26108.33,2011-12-10,10,57,0.4,2394.1,7374.04,17904.57,49668.37,16830944.5,0.5,0.75,1.0,1.0,34.0,15,33,72,179,374
16239.0,2011-10-14,2011-06-03,2,4421.8,2011-12-10,5,57,0.4,2394.1,7374.04,17904.57,49668.37,16830944.5,0.5,0.75,1.0,1.0,34.0,15,33,72,179,374
12359.0,2011-10-13,2011-01-12,4,229789.61,2011-12-10,10,58,0.4,2394.1,7374.04,17904.57,49668.37,16830944.5,0.5,0.75,1.0,1.0,34.0,15,33,72,179,374
17169.0,2011-10-13,2011-06-09,2,21705.2,2011-12-10,5,58,0.4,2394.1,7374.04,17904.57,49668.37,16830944.5,0.5,0.75,1.0,1.0,34.0,15,33,72,179,374
15840.0,2011-10-12,2011-06-20,2,4980.96,2011-12-10,5,59,0.4,2394.1,7374.04,17904.57,49668.37,16830944.5,0.5,0.75,1.0,1.0,34.0,15,33,72,179,374
12530.0,2011-10-11,2011-01-07,4,21237.47,2011-12-10,10,60,0.4,2394.1,7374.04,17904.57,49668.37,16830944.5,0.5,0.75,1.0,1.0,34.0,15,33,72,179,374
13283.0,2011-10-11,2011-06-07,2,391.8,2011-12-10,5,60,0.4,2394.1,7374.04,17904.57,49668.37,16830944.5,0.5,0.75,1.0,1.0,34.0,15,33,72,179,374
14389.0,2011-10-05,2011-06-02,2,24415.84,2011-12-10,5,66,0.4,2394.1,7374.04,17904.57,49668.37,16830944.5,0.5,0.75,1.0,1.0,34.0,15,33,72,179,374
14970.0,2011-10-02,2011-01-27,4,11499.88,2011-12-10,10,69,0.4,2394.1,7374.04,17904.57,49668.37,16830944.5,0.5,0.75,1.0,1.0,34.0,15,33,72,179,374
13972.0,2011-09-30,2011-05-22,2,1579.2,2011-12-10,5,71,0.4,2394.1,7374.04,17904.57,49668.37,16830944.5,0.5,0.75,1.0,1.0,34.0,15,33,72,179,374
17572.0,2011-09-29,2010-12-01,4,616.8,2011-12-10,10,72,0.4,2394.1,7374.04,17904.57,49668.37,16830944.5,0.5,0.75,1.0,1.0,34.0,15,33,72,179,374
17905.0,2011-09-29,2010-12-01,4,5128.85,2011-12-10,10,72,0.4,2394.1,7374.04,17904.57,49668.37,16830944.5,0.5,0.75,1.0,1.0,34.0,15,33,72,179,374
15062.0,2011-09-29,2010-12-15,4,15074.68,2011-12-10,10,72,0.4,2394.1,7374.04,17904.57,49668.37,16830944.5,0.5,0.75,1.0,1.0,34.0,15,33,72,179,374
16690.0,2011-09-28,2011-05-22,2,1165.28,2011-12-10,5,73,0.4,2394.1,7374.04,17904.57,49668.37,16830944.5,0.5,0.75,1.0,1.0,34.0,15,33,72,179,374
16122.0,2011-09-27,2010-12-08,4,7729.74,2011-12-10,10,74,0.4,2394.1,7374.04,17904.57,49668.37,16830944.5,0.5,0.75,1.0,1.0,34.0,15,33,72,179,374
12987.0,2011-09-27,2011-05-26,2,4491.85,2011-12-10,5,74,0.4,2394.1,7374.04,17904.57,49668.37,16830944.5,0.5,0.75,1.0,1.0,34.0,15,33,72,179,374
12348.0,2011-09-25,2010-12-16,4,13230.0,2011-12-10,10,76,0.4,2394.1,7374.04,17904.57,49668.37,16830944.5,0.5,0.75,1.0,1.0,34.0,15,33,72,179,374
15312.0,2011-09-25,2010-12-20,4,11624.47,2011-12-10,10,76,0.4,2394.1,7374.04,17904.57,49668.37,16830944.5,0.5,0.75,1.0,1.0,34.0,15,33,72,179,374
13529.0,2011-09-22,2011-05-19,2,1410.28,2011-12-10,5,79,0.4,2394.1,7374.04,17904.57,49668.37,16830944.5,0.5,0.75,1.0,1.0,34.0,15,33,72,179,374
16624.0,2011-09-20,2011-05-26,2,15782.98,2011-12-10,5,81,0.4,2394.1,7374.04,17904.57,49668.37,16830944.5,0.5,0.75,1.0,1.0,34.0,15,33,72,179,374
12871.0,2011-09-16,2011-05-16,2,2268.48,2011-12-10,5,85,0.4,2394.1,7374.04,17904.57,49668.37,16830944.5,0.5,0.75,1.0,1.0,34.0,15,33,72,179,374
17898.0,2011-09-15,2011-05-16,2,2414.56,2011-12-10,5,86,0.4,2394.1,7374.04,17904.57,49668.37,16830944.5,0.5,0.75,1.0,1.0,34.0,15,33,72,179,374
16229.0,2011-09-13,2011-05-11,2,23930.0,2011-12-10,5,88,0.4,2394.1,7374.04,17904.57,49668.37,16830944.5,0.5,0.75,1.0,1.0,34.0,15,33,72,179,374
12592.0,2011-09-08,2011-05-10,2,3212.8,2011-12-10,5,93,0.4,2394.1,7374.04,17904.57,49668.37,16830944.5,0.5,0.75,1.0,1.0,34.0,15,33,72,179,374
14565.0,2011-09-05,2010-12-13,4,97055.04,2011-12-10,10,96,0.4,2394.1,7374.04,17904.57,49668.37,16830944.5,0.5,0.75,1.0,1.0,34.0,15,33,72,179,374
13192.0,2011-09-05,2011-05-18,2,26678.62,2011-12-10,5,96,0.4,2394.1,7374.04,17904.57,49668.37,16830944.5,0.5,0.75,1.0,1.0,34.0,15,33,72,179,374
17722.0,2011-09-04,2010-12-08,4,60995.66,2011-12-10,10,97,0.4,2394.1,7374.04,17904.57,49668.37,16830944.5,0.5,0.75,1.0,1.0,34.0,15,33,72,179,374
13240.0,2011-09-04,2010-12-09,4,10449.4,2011-12-10,10,97,0.4,2394.1,7374.04,17904.57,49668.37,16830944.5,0.5,0.75,1.0,1.0,34.0,15,33,72,179,374
16309.0,2011-08-25,2011-04-13,2,13337.03,2011-12-10,5,107,0.4,2394.1,7374.04,17904.57,49668.37,16830944.5,0.5,0.75,1.0,1.0,34.0,15,33,72,179,374
15800.0,2011-08-24,2011-04-07,2,46144.26,2011-12-10,5,108,0.4,2394.1,7374.04,17904.57,49668.37,16830944.5,0.5,0.75,1.0,1.0,34.0,15,33,72,179,374
12363.0,2011-08-22,2011-04-11,2,6555.9,2011-12-10,5,110,0.4,2394.1,7374.04,17904.57,49668.37,16830944.5,0.5,0.75,1.0,1.0,34.0,15,33,72,179,374
17029.0,2011-08-21,2011-04-17,2,716.0,2011-12-10,5,111,0.4,2394.1,7374.04,17904.57,49668.37,16830944.5,0.5,0.75,1.0,1.0,34.0,15,33,72,179,374
13655.0,2011-08-17,2011-04-12,2,21898.38,2011-12-10,5,115,0.4,2394.1,7374.04,17904.57,49668.37,16830944.5,0.5,0.75,1.0,1.0,34.0,15,33,72,179,374
14323.0,2011-08-17,2011-04-15,2,8835.36,2011-12-10,5,115,0.4,2394.1,7374.04,17904.57,49668.37,16830944.5,0.5,0.75,1.0,1.0,34.0,15,33,72,179,374
15985.0,2011-08-08,2011-04-17,2,24826.64,2011-12-10,5,124,0.4,2394.1,7374.04,17904.57,49668.37,16830944.5,0.5,0.75,1.0,1.0,34.0,15,33,72,179,374
17931.0,2011-07-28,2011-03-29,2,12385.74,2011-12-10,5,135,0.4,2394.1,7374.04,17904.57,49668.37,16830944.5,0.5,0.75,1.0,1.0,34.0,15,33,72,179,374
13821.0,2011-07-18,2011-03-23,2,10715.84,2011-12-10,5,145,0.4,2394.1,7374.04,17904.57,49668.37,16830944.5,0.5,0.75,1.0,1.0,34.0,15,33,72,179,374
16859.0,2011-07-18,2011-03-23,2,16834.75,2011-12-10,5,145,0.4,2394.1,7374.04,17904.57,49668.37,16830944.5,0.5,0.75,1.0,1.0,34.0,15,33,72,179,374
12669.0,2011-07-12,2011-03-28,2,72551.12,2011-12-10,5,151,0.4,2394.1,7374.04,17904.57,49668.37,16830944.5,0.5,0.75,1.0,1.0,34.0,15,33,72,179,374
15045.0,2011-07-11,2011-03-27,2,1370.16,2011-12-10,5,152,0.4,2394.1,7374.04,17904.57,49668.37,16830944.5,0.5,0.75,1.0,1.0,34.0,15,33,72,179,374
15182.0,2011-07-08,2011-03-16,2,8752.12,2011-12-10,5,155,0.4,2394.1,7374.04,17904.57,49668.37,16830944.5,0.5,0.75,1.0,1.0,34.0,15,33,72,179,374
16398.0,2011-07-08,2011-03-31,2,53449.9,2011-12-10,5,155,0.4,2394.1,7374.04,17904.57,49668.37,16830944.5,0.5,0.75,1.0,1.0,34.0,15,33,72,179,374
14645.0,2011-07-06,2011-03-09,2,6805.56,2011-12-10,5,157,0.4,2394.1,7374.04,17904.57,49668.37,16830944.5,0.5,0.75,1.0,1.0,34.0,15,33,72,179,374
15146.0,2011-06-28,2011-02-21,2,63696.22,2011-12-10,5,165,0.4,2394.1,7374.04,17904.57,49668.37,16830944.5,0.5,0.75,1.0,1.0,34.0,15,33,72,179,374
14481.0,2011-06-28,2011-02-25,2,9640.02,2011-12-10,5,165,0.4,2394.1,7374.04,17904.57,49668.37,16830944.5,0.5,0.75,1.0,1.0,34.0,15,33,72,179,374
13453.0,2011-06-27,2011-02-23,2,1941.66,2011-12-10,5,166,0.4,2394.1,7374.04,17904.57,49668.37,16830944.5,0.5,0.75,1.0,1.0,34.0,15,33,72,179,374
14162.0,2011-06-19,2011-02-20,2,2867.64,2011-12-10,5,174,0.4,2394.1,7374.04,17904.57,49668.37,16830944.5,0.5,0.75,1.0,1.0,34.0,15,33,72,179,374
17446.0,2011-06-16,2011-02-02,2,551.7,2011-12-10,5,177,0.4,2394.1,7374.04,17904.57,49668.37,16830944.5,0.5,0.75,1.0,1.0,34.0,15,33,72,179,374
18190.0,2011-05-31,2011-01-13,2,1359.12,2011-12-10,5,193,0.4,2394.1,7374.04,17904.57,49668.37,16830944.5,0.5,0.75,1.0,1.0,34.0,15,33,72,179,374
16567.0,2011-05-29,2011-01-07,2,17268.92,2011-12-10,5,195,0.4,2394.1,7374.04,17904.57,49668.37,16830944.5,0.5,0.75,1.0,1.0,34.0,15,33,72,179,374
14442.0,2011-05-19,2011-01-27,2,19430.76,2011-12-10,5,205,0.4,2394.1,7374.04,17904.57,49668.37,16830944.5,0.5,0.75,1.0,1.0,34.0,15,33,72,179,374
13659.0,2011-05-18,2011-01-23,2,68389.55,2011-12-10,5,206,0.4,2394.1,7374.04,17904.57,49668.37,16830944.5,0.5,0.75,1.0,1.0,34.0,15,33,72,179,374
14320.0,2011-05-17,2011-01-11,2,8319.66,2011-12-10,5,207,0.4,2394.1,7374.04,17904.57,49668.37,16830944.5,0.5,0.75,1.0,1.0,34.0,15,33,72,179,374
12625.0,2011-05-12,2011-01-24,2,87309.18,2011-12-10,5,212,0.4,2394.1,7374.04,17904.57,49668.37,16830944.5,0.5,0.75,1.0,1.0,34.0,15,33,72,179,374
13837.0,2011-05-12,2011-01-26,2,2598.7,2011-12-10,5,212,0.4,2394.1,7374.04,17904.57,49668.37,16830944.5,0.5,0.75,1.0,1.0,34.0,15,33,72,179,374
17889.0,2011-05-11,2011-01-21,2,1902.36,2011-12-10,5,213,0.4,2394.1,7374.04,17904.57,49668.37,16830944.5,0.5,0.75,1.0,1.0,34.0,15,33,72,179,374
17604.0,2011-05-06,2011-01-31,2,9332.56,2011-12-10,5,218,0.4,2394.1,7374.04,17904.57,49668.37,16830944.5,0.5,0.75,1.0,1.0,34.0,15,33,72,179,374
16163.0,2011-04-21,2010-12-09,2,1365.4,2011-12-10,5,233,0.4,2394.1,7374.04,17904.57,49668.37,16830944.5,0.5,0.75,1.0,1.0,34.0,15,33,72,179,374
12585.0,2011-04-19,2010-12-23,2,70915.0,2011-12-10,5,235,0.4,2394.1,7374.04,17904.57,49668.37,16830944.5,0.5,0.75,1.0,1.0,34.0,15,33,72,179,374
15246.0,2011-04-15,2010-12-16,2,7846.5,2011-12-10,5,239,0.4,2394.1,7374.04,17904.57,49668.37,16830944.5,0.5,0.75,1.0,1.0,34.0,15,33,72,179,374
13221.0,2011-04-13,2010-12-15,2,15176.32,2011-12-10,5,241,0.4,2394.1,7374.04,17904.57,49668.37,16830944.5,0.5,0.75,1.0,1.0,34.0,15,33,72,179,374
16552.0,2011-04-11,2010-12-01,2,2669.56,2011-12-10,5,243,0.4,2394.1,7374.04,17904.57,49668.37,16830944.5,0.5,0.75,1.0,1.0,34.0,15,33,72,179,374
14220.0,2011-04-06,2010-12-16,2,6636.98,2011-12-10,5,248,0.4,2394.1,7374.04,17904.57,49668.37,16830944.5,0.5,0.75,1.0,1.0,34.0,15,33,72,179,374
14428.0,2011-12-02,2011-01-18,5,36876.16,2011-12-10,12,8,0.42,2394.1,7374.04,17904.57,49668.37,16830944.5,0.5,0.75,1.0,1.0,34.0,15,33,72,179,374
14290.0,2011-11-28,2010-12-13,5,51024.74,2011-12-10,12,12,0.42,2394.1,7374.04,17904.57,49668.37,16830944.5,0.5,0.75,1.0,1.0,34.0,15,33,72,179,374
15858.0,2011-11-24,2010-12-07,5,47274.27,2011-12-10,12,16,0.42,2394.1,7374.04,17904.57,49668.37,16830944.5,0.5,0.75,1.0,1.0,34.0,15,33,72,179,374
17135.0,2011-11-23,2010-12-03,5,10309.52,2011-12-10,12,17,0.42,2394.1,7374.04,17904.57,49668.37,16830944.5,0.5,0.75,1.0,1.0,34.0,15,33,72,179,374
12557.0,2011-11-23,2010-12-03,5,95011.08,2011-12-10,12,17,0.42,2394.1,7374.04,17904.57,49668.37,16830944.5,0.5,0.75,1.0,1.0,34.0,15,33,72,179,374
14506.0,2011-11-22,2010-12-05,5,145352.03,2011-12-10,12,18,0.42,2394.1,7374.04,17904.57,49668.37,16830944.5,0.5,0.75,1.0,1.0,34.0,15,33,72,179,374
15426.0,2011-11-20,2010-12-05,5,86272.4,2011-12-10,12,20,0.42,2394.1,7374.04,17904.57,49668.37,16830944.5,0.5,0.75,1.0,1.0,34.0,15,33,72,179,374
13941.0,2011-11-18,2010-12-02,5,44106.7,2011-12-10,12,22,0.42,2394.1,7374.04,17904.57,49668.37,16830944.5,0.5,0.75,1.0,1.0,34.0,15,33,72,179,374
15081.0,2011-11-17,2010-12-07,5,2219.6,2011-12-10,12,23,0.42,2394.1,7374.04,17904.57,49668.37,16830944.5,0.5,0.75,1.0,1.0,34.0,15,33,72,179,374
14684.0,2011-11-14,2010-12-12,5,114471.9,2011-12-10,12,26,0.42,2394.1,7374.04,17904.57,49668.37,16830944.5,0.5,0.75,1.0,1.0,34.0,15,33,72,179,374
17838.0,2011-11-13,2010-12-02,5,62134.48,2011-12-10,12,27,0.42,2394.1,7374.04,17904.57,49668.37,16830944.5,0.5,0.75,1.0,1.0,34.0,15,33,72,179,374
13984.0,2011-11-13,2010-12-08,5,2335.2,2011-12-10,12,27,0.42,2394.1,7374.04,17904.57,49668.37,16830944.5,0.5,0.75,1.0,1.0,34.0,15,33,72,179,374
16726.0,2011-11-13,2010-12-13,5,79794.15,2011-12-10,12,27,0.42,2394.1,7374.04,17904.57,49668.37,16830944.5,0.5,0.75,1.0,1.0,34.0,15,33,72,179,374
12691.0,2011-11-11,2010-12-17,5,5459.5,2011-12-10,12,29,0.42,2394.1,7374.04,17904.57,49668.37,16830944.5,0.5,0.75,1.0,1.0,34.0,15,33,72,179,374
17059.0,2011-11-10,2010-12-05,5,308746.82,2011-12-10,12,30,0.42,2394.1,7374.04,17904.57,49668.37,16830944.5,0.5,0.75,1.0,1.0,34.0,15,33,72,179,374
14748.0,2011-11-10,2010-12-06,5,30343.55,2011-12-10,12,30,0.42,2394.1,7374.04,17904.57,49668.37,16830944.5,0.5,0.75,1.0,1.0,34.0,15,33,72,179,374
16907.0,2011-11-10,2010-12-09,5,21575.68,2011-12-10,12,30,0.42,2394.1,7374.04,17904.57,49668.37,16830944.5,0.5,0.75,1.0,1.0,34.0,15,33,72,179,374
16003.0,2011-11-10,2010-12-15,5,43965.74,2011-12-10,12,30,0.42,2394.1,7374.04,17904.57,49668.37,16830944.5,0.5,0.75,1.0,1.0,34.0,15,33,72,179,374
18016.0,2011-11-07,2010-12-10,5,36526.0,2011-12-10,12,33,0.42,2394.1,7374.04,17904.57,49668.37,16830944.5,0.5,0.75,1.0,1.0,34.0,15,33,72,179,374
13523.0,2011-11-06,2010-12-08,5,92405.3,2011-12-10,12,34,0.42,2394.1,7374.04,17904.57,49668.37,16830944.5,0.5,0.75,1.0,1.0,34.0,15,33,72,179,374
12928.0,2011-11-04,2010-12-15,5,33373.24,2011-12-10,12,36,0.42,2394.1,7374.04,17904.57,49668.37,16830944.5,0.5,0.75,1.0,1.0,34.0,15,33,72,179,374
15605.0,2011-11-03,2010-12-01,5,14670.86,2011-12-10,12,37,0.42,2394.1,7374.04,17904.57,49668.37,16830944.5,0.5,0.75,1.0,1.0,34.0,15,33,72,179,374
15998.0,2011-11-03,2010-12-12,5,311861.7,2011-12-10,12,37,0.42,2394.1,7374.04,17904.57,49668.37,16830944.5,0.5,0.75,1.0,1.0,34.0,15,33,72,179,374
15969.0,2011-12-07,2011-06-07,3,1416.3,2011-12-10,7,3,0.43,2394.1,7374.04,17904.57,49668.37,16830944.5,0.5,0.75,1.0,1.0,34.0,15,33,72,179,374
17579.0,2011-12-05,2011-06-13,3,7580.58,2011-12-10,7,5,0.43,2394.1,7374.04,17904.57,49668.37,16830944.5,0.5,0.75,1.0,1.0,34.0,15,33,72,179,374
17768.0,2011-12-01,2011-06-26,3,77701.51,2011-12-10,7,9,0.43,2394.1,7374.04,17904.57,49668.37,16830944.5,0.5,0.75,1.0,1.0,34.0,15,33,72,179,374
12787.0,2011-11-30,2011-05-31,3,2514.62,2011-12-10,7,10,0.43,2394.1,7374.04,17904.57,49668.37,16830944.5,0.5,0.75,1.0,1.0,34.0,15,33,72,179,374
13258.0,2011-11-28,2011-05-18,3,10820.54,2011-12-10,7,12,0.43,2394.1,7374.04,17904.57,49668.37,16830944.5,0.5,0.75,1.0,1.0,34.0,15,33,72,179,374
13546.0,2011-11-27,2011-05-23,3,17723.12,2011-12-10,7,13,0.43,2394.1,7374.04,17904.57,49668.37,16830944.5,0.5,0.75,1.0,1.0,34.0,15,33,72,179,374
12620.0,2011-11-25,2011-05-19,3,37014.05,2011-12-10,7,15,0.43,2394.1,7374.04,17904.57,49668.37,16830944.5,0.5,0.75,1.0,1.0,34.0,15,33,72,179,374
14277.0,2011-11-24,2011-05-11,3,283375.39,2011-12-10,7,16,0.43,2394.1,7374.04,17904.57,49668.37,16830944.5,0.5,0.75,1.0,1.0,34.0,15,33,72,179,374
13282.0,2011-11-21,2011-05-03,3,8730.74,2011-12-10,7,19,0.43,2394.1,7374.04,17904.57,49668.37,16830944.5,0.5,0.75,1.0,1.0,34.0,15,33,72,179,374
16139.0,2011-11-21,2011-05-17,3,7602.57,2011-12-10,7,19,0.43,2394.1,7374.04,17904.57,49668.37,16830944.5,0.5,0.75,1.0,1.0,34.0,15,33,72,179,374
16369.0,2011-11-21,2011-05-27,3,61327.97,2011-12-10,7,19,0.43,2394.1,7374.04,17904.57,49668.37,16830944.5,0.5,0.75,1.0,1.0,34.0,15,33,72,179,374
13427.0,2011-11-20,2011-05-08,3,5924.74,2011-12-10,7,20,0.43,2394.1,7374.04,17904.57,49668.37,16830944.5,0.5,0.75,1.0,1.0,34.0,15,33,72,179,374
14593.0,2011-11-18,2011-05-25,3,29695.44,2011-12-10,7,22,0.43,2394.1,7374.04,17904.57,49668.37,16830944.5,0.5,0.75,1.0,1.0,34.0,15,33,72,179,374
15489.0,2011-11-17,2011-05-12,3,15002.6,2011-12-10,7,23,0.43,2394.1,7374.04,17904.57,49668.37,16830944.5,0.5,0.75,1.0,1.0,34.0,15,33,72,179,374
13308.0,2011-11-17,2011-05-20,3,26285.19,2011-12-10,7,23,0.43,2394.1,7374.04,17904.57,49668.37,16830944.5,0.5,0.75,1.0,1.0,34.0,15,33,72,179,374
16008.0,2011-11-16,2011-05-19,3,5311.18,2011-12-10,7,24,0.43,2394.1,7374.04,17904.57,49668.37,16830944.5,0.5,0.75,1.0,1.0,34.0,15,33,72,179,374
15582.0,2011-11-15,2011-05-03,3,10419.71,2011-12-10,7,25,0.43,2394.1,7374.04,17904.57,49668.37,16830944.5,0.5,0.75,1.0,1.0,34.0,15,33,72,179,374
17974.0,2011-11-15,2011-05-04,3,58519.08,2011-12-10,7,25,0.43,2394.1,7374.04,17904.57,49668.37,16830944.5,0.5,0.75,1.0,1.0,34.0,15,33,72,179,374
17932.0,2011-11-10,2011-05-12,3,36908.78,2011-12-10,7,30,0.43,2394.1,7374.04,17904.57,49668.37,16830944.5,0.5,0.75,1.0,1.0,34.0,15,33,72,179,374
17521.0,2011-11-10,2011-05-24,3,11435.3,2011-12-10,7,30,0.43,2394.1,7374.04,17904.57,49668.37,16830944.5,0.5,0.75,1.0,1.0,34.0,15,33,72,179,374
13867.0,2011-11-08,2011-05-05,3,21274.71,2011-12-10,7,32,0.43,2394.1,7374.04,17904.57,49668.37,16830944.5,0.5,0.75,1.0,1.0,34.0,15,33,72,179,374
18150.0,2011-11-07,2011-05-22,3,7100.82,2011-12-10,7,33,0.43,2394.1,7374.04,17904.57,49668.37,16830944.5,0.5,0.75,1.0,1.0,34.0,15,33,72,179,374
18170.0,2011-11-06,2011-05-06,3,9103.39,2011-12-10,7,34,0.43,2394.1,7374.04,17904.57,49668.37,16830944.5,0.5,0.75,1.0,1.0,34.0,15,33,72,179,374
16357.0,2011-11-06,2011-05-10,3,7729.72,2011-12-10,7,34,0.43,2394.1,7374.04,17904.57,49668.37,16830944.5,0.5,0.75,1.0,1.0,34.0,15,33,72,179,374
16418.0,2011-10-26,2011-04-27,3,18722.12,2011-12-10,7,45,0.43,2394.1,7374.04,17904.57,49668.37,16830944.5,0.5,0.75,1.0,1.0,34.0,15,33,72,179,374
16325.0,2011-10-24,2011-04-08,3,3302.6,2011-12-10,7,47,0.43,2394.1,7374.04,17904.57,49668.37,16830944.5,0.5,0.75,1.0,1.0,34.0,15,33,72,179,374
16099.0,2011-10-20,2011-04-28,3,10585.7,2011-12-10,7,51,0.43,2394.1,7374.04,17904.57,49668.37,16830944.5,0.5,0.75,1.0,1.0,34.0,15,33,72,179,374
15754.0,2011-10-19,2011-04-07,3,4698.21,2011-12-10,7,52,0.43,2394.1,7374.04,17904.57,49668.37,16830944.5,0.5,0.75,1.0,1.0,34.0,15,33,72,179,374
13637.0,2011-10-18,2011-04-27,3,31996.85,2011-12-10,7,53,0.43,2394.1,7374.04,17904.57,49668.37,16830944.5,0.5,0.75,1.0,1.0,34.0,15,33,72,179,374
17734.0,2011-10-17,2011-04-20,3,12376.62,2011-12-10,7,54,0.43,2394.1,7374.04,17904.57,49668.37,16830944.5,0.5,0.75,1.0,1.0,34.0,15,33,72,179,374
14535.0,2011-10-10,2011-04-05,3,304545.32,2011-12-10,7,61,0.43,2394.1,7374.04,17904.57,49668.37,16830944.5,0.5,0.75,1.0,1.0,34.0,15,33,72,179,374
15834.0,2011-09-30,2011-03-07,3,166032.47,2011-12-10,7,71,0.43,2394.1,7374.04,17904.57,49668.37,16830944.5,0.5,0.75,1.0,1.0,34.0,15,33,72,179,374
14818.0,2011-09-27,2011-03-31,3,7898.67,2011-12-10,7,74,0.43,2394.1,7374.04,17904.57,49668.37,16830944.5,0.5,0.75,1.0,1.0,34.0,15,33,72,179,374
15067.0,2011-09-22,2011-03-02,3,39900.73,2011-12-10,7,79,0.43,2394.1,7374.04,17904.57,49668.37,16830944.5,0.5,0.75,1.0,1.0,34.0,15,33,72,179,374
13946.0,2011-09-21,2011-03-17,3,2371.2,2011-12-10,7,80,0.43,2394.1,7374.04,17904.57,49668.37,16830944.5,0.5,0.75,1.0,1.0,34.0,15,33,72,179,374
15026.0,2011-09-20,2011-03-07,3,9734.74,2011-12-10,7,81,0.43,2394.1,7374.04,17904.57,49668.37,16830944.5,0.5,0.75,1.0,1.0,34.0,15,33,72,179,374
15675.0,2011-09-19,2011-03-04,3,2143.84,2011-12-10,7,82,0.43,2394.1,7374.04,17904.57,49668.37,16830944.5,0.5,0.75,1.0,1.0,34.0,15,33,72,179,374
13662.0,2011-09-15,2011-03-25,3,11832.76,2011-12-10,7,86,0.43,2394.1,7374.04,17904.57,49668.37,16830944.5,0.5,0.75,1.0,1.0,34.0,15,33,72,179,374
15980.0,2011-09-12,2011-03-30,3,43787.02,2011-12-10,7,89,0.43,2394.1,7374.04,17904.57,49668.37,16830944.5,0.5,0.75,1.0,1.0,34.0,15,33,72,179,374
14223.0,2011-09-08,2011-03-20,3,16956.31,2011-12-10,7,93,0.43,2394.1,7374.04,17904.57,49668.37,16830944.5,0.5,0.75,1.0,1.0,34.0,15,33,72,179,374
13249.0,2011-09-08,2011-03-23,3,3241.5,2011-12-10,7,93,0.43,2394.1,7374.04,17904.57,49668.37,16830944.5,0.5,0.75,1.0,1.0,34.0,15,33,72,179,374
16842.0,2011-08-31,2011-02-10,3,20025.92,2011-12-10,7,101,0.43,2394.1,7374.04,17904.57,49668.37,16830944.5,0.5,0.75,1.0,1.0,34.0,15,33,72,179,374
14513.0,2011-08-31,2011-02-24,3,1463.89,2011-12-10,7,101,0.43,2394.1,7374.04,17904.57,49668.37,16830944.5,0.5,0.75,1.0,1.0,34.0,15,33,72,179,374
13425.0,2011-08-23,2011-02-18,3,38089.77,2011-12-10,7,109,0.43,2394.1,7374.04,17904.57,49668.37,16830944.5,0.5,0.75,1.0,1.0,34.0,15,33,72,179,374
17083.0,2011-08-22,2011-02-09,3,25468.12,2011-12-10,7,110,0.43,2394.1,7374.04,17904.57,49668.37,16830944.5,0.5,0.75,1.0,1.0,34.0,15,33,72,179,374
14460.0,2011-08-21,2011-02-02,3,3195.66,2011-12-10,7,111,0.43,2394.1,7374.04,17904.57,49668.37,16830944.5,0.5,0.75,1.0,1.0,34.0,15,33,72,179,374
15797.0,2011-08-18,2011-02-08,3,8173.2,2011-12-10,7,114,0.43,2394.1,7374.04,17904.57,49668.37,16830944.5,0.5,0.75,1.0,1.0,34.0,15,33,72,179,374
15122.0,2011-08-17,2011-02-15,3,37875.12,2011-12-10,7,115,0.43,2394.1,7374.04,17904.57,49668.37,16830944.5,0.5,0.75,1.0,1.0,34.0,15,33,72,179,374
13873.0,2011-08-12,2011-02-03,3,2432.75,2011-12-10,7,120,0.43,2394.1,7374.04,17904.57,49668.37,16830944.5,0.5,0.75,1.0,1.0,34.0,15,33,72,179,374
16317.0,2011-08-12,2011-02-15,3,25458.22,2011-12-10,7,120,0.43,2394.1,7374.04,17904.57,49668.37,16830944.5,0.5,0.75,1.0,1.0,34.0,15,33,72,179,374
14127.0,2011-08-09,2011-02-02,3,11393.2,2011-12-10,7,123,0.43,2394.1,7374.04,17904.57,49668.37,16830944.5,0.5,0.75,1.0,1.0,34.0,15,33,72,179,374
15133.0,2011-08-04,2011-02-11,3,9012.94,2011-12-10,7,128,0.43,2394.1,7374.04,17904.57,49668.37,16830944.5,0.5,0.75,1.0,1.0,34.0,15,33,72,179,374
17282.0,2011-08-01,2011-02-13,3,60961.05,2011-12-10,7,131,0.43,2394.1,7374.04,17904.57,49668.37,16830944.5,0.5,0.75,1.0,1.0,34.0,15,33,72,179,374
16948.0,2011-07-24,2011-01-18,3,2953.02,2011-12-10,7,139,0.43,2394.1,7374.04,17904.57,49668.37,16830944.5,0.5,0.75,1.0,1.0,34.0,15,33,72,179,374
17980.0,2011-06-27,2010-12-15,3,7951.65,2011-12-10,7,166,0.43,2394.1,7374.04,17904.57,49668.37,16830944.5,0.5,0.75,1.0,1.0,34.0,15,33,72,179,374
17897.0,2011-06-20,2010-12-01,3,15702.71,2011-12-10,7,173,0.43,2394.1,7374.04,17904.57,49668.37,16830944.5,0.5,0.75,1.0,1.0,34.0,15,33,72,179,374
17616.0,2011-06-19,2010-12-07,3,571.2,2011-12-10,7,174,0.43,2394.1,7374.04,17904.57,49668.37,16830944.5,0.5,0.75,1.0,1.0,34.0,15,33,72,179,374
17179.0,2011-06-14,2010-12-13,3,18496.76,2011-12-10,7,179,0.43,2394.1,7374.04,17904.57,49668.37,16830944.5,0.5,0.75,1.0,1.0,34.0,15,33,72,179,374
15780.0,2011-06-09,2010-12-17,3,4652.8,2011-12-10,7,184,0.43,2394.1,7374.04,17904.57,49668.37,16830944.5,0.5,0.75,1.0,1.0,34.0,15,33,72,179,374
16520.0,2011-06-06,2010-12-09,3,47227.6,2011-12-10,7,187,0.43,2394.1,7374.04,17904.57,49668.37,16830944.5,0.5,0.75,1.0,1.0,34.0,15,33,72,179,374
14446.0,2011-12-09,2011-04-07,4,80652.24,2011-12-10,9,1,0.44,2394.1,7374.04,17904.57,49668.37,16830944.5,0.5,0.75,1.0,1.0,34.0,15,33,72,179,374
15237.0,2011-12-08,2011-04-26,4,59886.14,2011-12-10,9,2,0.44,2394.1,7374.04,17904.57,49668.37,16830944.5,0.5,0.75,1.0,1.0,34.0,15,33,72,179,374
17883.0,2011-12-06,2011-04-07,4,21531.8,2011-12-10,9,4,0.44,2394.1,7374.04,17904.57,49668.37,16830944.5,0.5,0.75,1.0,1.0,34.0,15,33,72,179,374
15145.0,2011-12-05,2011-04-05,4,14193.72,2011-12-10,9,5,0.44,2394.1,7374.04,17904.57,49668.37,16830944.5,0.5,0.75,1.0,1.0,34.0,15,33,72,179,374
14931.0,2011-12-05,2011-04-13,4,7821.09,2011-12-10,9,5,0.44,2394.1,7374.04,17904.57,49668.37,16830944.5,0.5,0.75,1.0,1.0,34.0,15,33,72,179,374
16657.0,2011-11-30,2011-03-30,4,45460.98,2011-12-10,9,10,0.44,2394.1,7374.04,17904.57,49668.37,16830944.5,0.5,0.75,1.0,1.0,34.0,15,33,72,179,374
15206.0,2011-11-29,2011-03-09,4,1190.1,2011-12-10,9,11,0.44,2394.1,7374.04,17904.57,49668.37,16830944.5,0.5,0.75,1.0,1.0,34.0,15,33,72,179,374
13196.0,2011-11-28,2011-03-22,4,80615.47,2011-12-10,9,12,0.44,2394.1,7374.04,17904.57,49668.37,16830944.5,0.5,0.75,1.0,1.0,34.0,15,33,72,179,374
16005.0,2011-11-27,2011-03-14,4,32899.52,2011-12-10,9,13,0.44,2394.1,7374.04,17904.57,49668.37,16830944.5,0.5,0.75,1.0,1.0,34.0,15,33,72,179,374
12937.0,2011-11-24,2011-03-17,4,55942.04,2011-12-10,9,16,0.44,2394.1,7374.04,17904.57,49668.37,16830944.5,0.5,0.75,1.0,1.0,34.0,15,33,72,179,374
17096.0,2011-11-24,2011-03-23,4,8548.41,2011-12-10,9,16,0.44,2394.1,7374.04,17904.57,49668.37,16830944.5,0.5,0.75,1.0,1.0,34.0,15,33,72,179,374
17700.0,2011-11-23,2011-03-03,4,88302.38,2011-12-10,9,17,0.44,2394.1,7374.04,17904.57,49668.37,16830944.5,0.5,0.75,1.0,1.0,34.0,15,33,72,179,374
14336.0,2011-11-23,2011-03-08,4,39086.33,2011-12-10,9,17,0.44,2394.1,7374.04,17904.57,49668.37,16830944.5,0.5,0.75,1.0,1.0,34.0,15,33,72,179,374
14790.0,2011-11-23,2011-03-31,4,8470.18,2011-12-10,9,17,0.44,2394.1,7374.04,17904.57,49668.37,16830944.5,0.5,0.75,1.0,1.0,34.0,15,33,72,179,374
14297.0,2011-11-22,2011-03-10,4,27941.73,2011-12-10,9,18,0.44,2394.1,7374.04,17904.57,49668.37,16830944.5,0.5,0.75,1.0,1.0,34.0,15,33,72,179,374
17625.0,2011-11-21,2011-03-27,4,164782.88,2011-12-10,9,19,0.44,2394.1,7374.04,17904.57,49668.37,16830944.5,0.5,0.75,1.0,1.0,34.0,15,33,72,179,374
17738.0,2011-11-20,2011-03-02,4,37054.0,2011-12-10,9,20,0.44,2394.1,7374.04,17904.57,49668.37,16830944.5,0.5,0.75,1.0,1.0,34.0,15,33,72,179,374
12597.0,2011-11-20,2011-03-16,4,206606.85,2011-12-10,9,20,0.44,2394.1,7374.04,17904.57,49668.37,16830944.5,0.5,0.75,1.0,1.0,34.0,15,33,72,179,374
17088.0,2011-11-11,2011-03-31,4,53602.9,2011-12-10,9,29,0.44,2394.1,7374.04,17904.57,49668.37,16830944.5,0.5,0.75,1.0,1.0,34.0,15,33,72,179,374
14226.0,2011-11-10,2011-03-15,4,39489.76,2011-12-10,9,30,0.44,2394.1,7374.04,17904.57,49668.37,16830944.5,0.5,0.75,1.0,1.0,34.0,15,33,72,179,374
17043.0,2011-11-07,2011-03-18,4,42263.59,2011-12-10,9,33,0.44,2394.1,7374.04,17904.57,49668.37,16830944.5,0.5,0.75,1.0,1.0,34.0,15,33,72,179,374
17979.0,2011-11-04,2011-03-25,4,30117.48,2011-12-10,9,36,0.44,2394.1,7374.04,17904.57,49668.37,16830944.5,0.5,0.75,1.0,1.0,34.0,15,33,72,179,374
16308.0,2011-11-02,2011-03-23,4,2560.0,2011-12-10,9,38,0.44,2394.1,7374.04,17904.57,49668.37,16830944.5,0.5,0.75,1.0,1.0,34.0,15,33,72,179,374
13316.0,2011-11-02,2011-03-30,4,135778.9,2011-12-10,9,38,0.44,2394.1,7374.04,17904.57,49668.37,16830944.5,0.5,0.75,1.0,1.0,34.0,15,33,72,179,374
14842.0,2011-10-27,2011-02-04,4,140796.72,2011-12-10,9,44,0.44,2394.1,7374.04,17904.57,49668.37,16830944.5,0.5,0.75,1.0,1.0,34.0,15,33,72,179,374
17175.0,2011-10-26,2011-02-16,4,21354.46,2011-12-10,9,45,0.44,2394.1,7374.04,17904.57,49668.37,16830944.5,0.5,0.75,1.0,1.0,34.0,15,33,72,179,374
15656.0,2011-10-25,2011-02-28,4,7328.41,2011-12-10,9,46,0.44,2394.1,7374.04,17904.57,49668.37,16830944.5,0.5,0.75,1.0,1.0,34.0,15,33,72,179,374
13157.0,2011-10-21,2011-02-14,4,46733.22,2011-12-10,9,50,0.44,2394.1,7374.04,17904.57,49668.37,16830944.5,0.5,0.75,1.0,1.0,34.0,15,33,72,179,374
17571.0,2011-10-20,2011-02-14,4,159434.34,2011-12-10,9,51,0.44,2394.1,7374.04,17904.57,49668.37,16830944.5,0.5,0.75,1.0,1.0,34.0,15,33,72,179,374
15421.0,2011-10-12,2011-02-02,4,16669.66,2011-12-10,9,59,0.44,2394.1,7374.04,17904.57,49668.37,16830944.5,0.5,0.75,1.0,1.0,34.0,15,33,72,179,374
13865.0,2011-10-12,2011-02-23,4,3178.69,2011-12-10,9,59,0.44,2394.1,7374.04,17904.57,49668.37,16830944.5,0.5,0.75,1.0,1.0,34.0,15,33,72,179,374
12633.0,2011-10-12,2011-02-25,4,55879.93,2011-12-10,9,59,0.44,2394.1,7374.04,17904.57,49668.37,16830944.5,0.5,0.75,1.0,1.0,34.0,15,33,72,179,374
12836.0,2011-10-11,2011-02-01,4,76807.89,2011-12-10,9,60,0.44,2394.1,7374.04,17904.57,49668.37,16830944.5,0.5,0.75,1.0,1.0,34.0,15,33,72,179,374
15199.0,2011-10-11,2011-02-04,4,3551.1,2011-12-10,9,60,0.44,2394.1,7374.04,17904.57,49668.37,16830944.5,0.5,0.75,1.0,1.0,34.0,15,33,72,179,374
14959.0,2011-10-06,2011-02-16,4,11490.52,2011-12-10,9,65,0.44,2394.1,7374.04,17904.57,49668.37,16830944.5,0.5,0.75,1.0,1.0,34.0,15,33,72,179,374
15228.0,2011-10-04,2011-02-18,4,107195.09,2011-12-10,9,67,0.44,2394.1,7374.04,17904.57,49668.37,16830944.5,0.5,0.75,1.0,1.0,34.0,15,33,72,179,374
14916.0,2011-09-30,2011-01-19,4,23718.36,2011-12-10,9,71,0.44,2394.1,7374.04,17904.57,49668.37,16830944.5,0.5,0.75,1.0,1.0,34.0,15,33,72,179,374
12728.0,2011-09-29,2011-01-11,4,6926.65,2011-12-10,9,72,0.44,2394.1,7374.04,17904.57,49668.37,16830944.5,0.5,0.75,1.0,1.0,34.0,15,33,72,179,374
15841.0,2011-09-28,2011-01-05,4,14120.18,2011-12-10,9,73,0.44,2394.1,7374.04,17904.57,49668.37,16830944.5,0.5,0.75,1.0,1.0,34.0,15,33,72,179,374
12393.0,2011-09-28,2011-01-11,4,29523.2,2011-12-10,9,73,0.44,2394.1,7374.04,17904.57,49668.37,16830944.5,0.5,0.75,1.0,1.0,34.0,15,33,72,179,374
16493.0,2011-09-21,2011-01-14,4,22803.54,2011-12-10,9,80,0.44,2394.1,7374.04,17904.57,49668.37,16830944.5,0.5,0.75,1.0,1.0,34.0,15,33,72,179,374
12924.0,2011-09-12,2011-01-16,4,7648.18,2011-12-10,9,89,0.44,2394.1,7374.04,17904.57,49668.37,16830944.5,0.5,0.75,1.0,1.0,34.0,15,33,72,179,374
15673.0,2011-09-12,2011-01-16,4,93130.12,2011-12-10,9,89,0.44,2394.1,7374.04,17904.57,49668.37,16830944.5,0.5,0.75,1.0,1.0,34.0,15,33,72,179,374
13158.0,2011-09-06,2011-01-25,4,23847.44,2011-12-10,9,95,0.44,2394.1,7374.04,17904.57,49668.37,16830944.5,0.5,0.75,1.0,1.0,34.0,15,33,72,179,374
16816.0,2011-08-28,2010-12-16,4,4493.26,2011-12-10,9,104,0.44,2394.1,7374.04,17904.57,49668.37,16830944.5,0.5,0.75,1.0,1.0,34.0,15,33,72,179,374
15641.0,2011-08-26,2010-12-15,4,58602.05,2011-12-10,9,106,0.44,2394.1,7374.04,17904.57,49668.37,16830944.5,0.5,0.75,1.0,1.0,34.0,15,33,72,179,374
16503.0,2011-08-25,2010-12-14,4,24960.68,2011-12-10,9,107,0.44,2394.1,7374.04,17904.57,49668.37,16830944.5,0.5,0.75,1.0,1.0,34.0,15,33,72,179,374
15002.0,2011-08-16,2010-12-07,4,49668.37,2011-12-10,9,116,0.44,2394.1,7374.04,17904.57,49668.37,16830944.5,0.5,0.75,1.0,1.0,34.0,15,33,72,179,374
13869.0,2011-08-08,2010-12-17,4,295136.54,2011-12-10,9,124,0.44,2394.1,7374.04,17904.57,49668.37,16830944.5,0.5,0.75,1.0,1.0,34.0,15,33,72,179,374
17692.0,2011-08-04,2010-12-15,4,11365.26,2011-12-10,9,128,0.44,2394.1,7374.04,17904.57,49668.37,16830944.5,0.5,0.75,1.0,1.0,34.0,15,33,72,179,374
18178.0,2011-08-03,2010-12-10,4,39971.61,2011-12-10,9,129,0.44,2394.1,7374.04,17904.57,49668.37,16830944.5,0.5,0.75,1.0,1.0,34.0,15,33,72,179,374
13309.0,2011-12-02,2011-02-04,5,33913.11,2011-12-10,11,8,0.45,2394.1,7374.04,17904.57,49668.37,16830944.5,0.5,0.75,1.0,1.0,34.0,15,33,72,179,374
14321.0,2011-11-29,2011-01-10,5,36395.68,2011-12-10,11,11,0.45,2394.1,7374.04,17904.57,49668.37,16830944.5,0.5,0.75,1.0,1.0,34.0,15,33,72,179,374
12451.0,2011-11-29,2011-01-19,5,722818.03,2011-12-10,11,11,0.45,2394.1,7374.04,17904.57,49668.37,16830944.5,0.5,0.75,1.0,1.0,34.0,15,33,72,179,374
18161.0,2011-11-24,2011-01-24,5,22829.84,2011-12-10,11,16,0.45,2394.1,7374.04,17904.57,49668.37,16830944.5,0.5,0.75,1.0,1.0,34.0,15,33,72,179,374
17463.0,2011-11-23,2011-01-30,5,96014.73,2011-12-10,11,17,0.45,2394.1,7374.04,17904.57,49668.37,16830944.5,0.5,0.75,1.0,1.0,34.0,15,33,72,179,374
16748.0,2011-11-22,2011-01-09,5,22705.5,2011-12-10,11,18,0.45,2394.1,7374.04,17904.57,49668.37,16830944.5,0.5,0.75,1.0,1.0,34.0,15,33,72,179,374
15179.0,2011-11-21,2011-01-24,5,68208.69,2011-12-10,11,19,0.45,2394.1,7374.04,17904.57,49668.37,16830944.5,0.5,0.75,1.0,1.0,34.0,15,33,72,179,374
14553.0,2011-11-20,2011-01-04,5,14306.51,2011-12-10,11,20,0.45,2394.1,7374.04,17904.57,49668.37,16830944.5,0.5,0.75,1.0,1.0,34.0,15,33,72,179,374
13313.0,2011-11-17,2011-01-04,5,24286.48,2011-12-10,11,23,0.45,2394.1,7374.04,17904.57,49668.37,16830944.5,0.5,0.75,1.0,1.0,34.0,15,33,72,179,374
16042.0,2011-11-17,2011-01-11,5,23194.29,2011-12-10,11,23,0.45,2394.1,7374.04,17904.57,49668.37,16830944.5,0.5,0.75,1.0,1.0,34.0,15,33,72,179,374
16085.0,2011-11-16,2011-01-23,5,31219.53,2011-12-10,11,24,0.45,2394.1,7374.04,17904.57,49668.37,16830944.5,0.5,0.75,1.0,1.0,34.0,15,33,72,179,374
13451.0,2011-11-13,2011-01-09,5,251504.31,2011-12-10,11,27,0.45,2394.1,7374.04,17904.57,49668.37,16830944.5,0.5,0.75,1.0,1.0,34.0,15,33,72,179,374
18069.0,2011-11-13,2011-01-16,5,198383.09,2011-12-10,11,27,0.45,2394.1,7374.04,17904.57,49668.37,16830944.5,0.5,0.75,1.0,1.0,34.0,15,33,72,179,374
16771.0,2011-11-06,2011-01-05,5,112470.09,2011-12-10,11,34,0.45,2394.1,7374.04,17904.57,49668.37,16830944.5,0.5,0.75,1.0,1.0,34.0,15,33,72,179,374
13634.0,2011-11-06,2011-01-16,5,57806.78,2011-12-10,11,34,0.45,2394.1,7374.04,17904.57,49668.37,16830944.5,0.5,0.75,1.0,1.0,34.0,15,33,72,179,374
16409.0,2011-11-03,2011-01-26,5,93319.54,2011-12-10,11,37,0.45,2394.1,7374.04,17904.57,49668.37,16830944.5,0.5,0.75,1.0,1.0,34.0,15,33,72,179,374
15227.0,2011-11-03,2011-01-26,5,11856.9,2011-12-10,11,37,0.45,2394.1,7374.04,17904.57,49668.37,16830944.5,0.5,0.75,1.0,1.0,34.0,15,33,72,179,374
16150.0,2011-10-28,2010-12-02,5,44896.04,2011-12-10,11,43,0.45,2394.1,7374.04,17904.57,49668.37,16830944.5,0.5,0.75,1.0,1.0,34.0,15,33,72,179,374
14498.0,2011-10-28,2010-12-13,5,88306.31,2011-12-10,11,43,0.45,2394.1,7374.04,17904.57,49668.37,16830944.5,0.5,0.75,1.0,1.0,34.0,15,33,72,179,374
15288.0,2011-10-27,2010-12-09,5,42871.09,2011-12-10,11,44,0.45,2394.1,7374.04,17904.57,49668.37,16830944.5,0.5,0.75,1.0,1.0,34.0,15,33,72,179,374
17470.0,2011-10-26,2010-12-07,5,18857.14,2011-12-10,11,45,0.45,2394.1,7374.04,17904.57,49668.37,16830944.5,0.5,0.75,1.0,1.0,34.0,15,33,72,179,374
16153.0,2011-10-21,2010-12-20,5,38905.14,2011-12-10,11,50,0.45,2394.1,7374.04,17904.57,49668.37,16830944.5,0.5,0.75,1.0,1.0,34.0,15,33,72,179,374
17262.0,2011-10-18,2010-12-08,5,2486.32,2011-12-10,11,53,0.45,2394.1,7374.04,17904.57,49668.37,16830944.5,0.5,0.75,1.0,1.0,34.0,15,33,72,179,374
16081.0,2011-10-14,2010-12-08,5,172853.56,2011-12-10,11,57,0.45,2394.1,7374.04,17904.57,49668.37,16830944.5,0.5,0.75,1.0,1.0,34.0,15,33,72,179,374
16770.0,2011-10-13,2010-12-02,5,22389.66,2011-12-10,11,58,0.45,2394.1,7374.04,17904.57,49668.37,16830944.5,0.5,0.75,1.0,1.0,34.0,15,33,72,179,374
16086.0,2011-10-11,2010-12-07,5,7719.5,2011-12-10,11,60,0.45,2394.1,7374.04,17904.57,49668.37,16830944.5,0.5,0.75,1.0,1.0,34.0,15,33,72,179,374
13627.0,2011-10-11,2010-12-17,5,26593.45,2011-12-10,11,60,0.45,2394.1,7374.04,17904.57,49668.37,16830944.5,0.5,0.75,1.0,1.0,34.0,15,33,72,179,374
15304.0,2011-10-10,2010-12-06,5,750.25,2011-12-10,11,61,0.45,2394.1,7374.04,17904.57,49668.37,16830944.5,0.5,0.75,1.0,1.0,34.0,15,33,72,179,374
16143.0,2011-12-06,2010-12-05,6,41177.82,2011-12-10,13,4,0.46,2394.1,7374.04,17904.57,49668.37,16830944.5,0.5,0.75,1.0,1.0,34.0,15,33,72,179,374
17744.0,2011-12-06,2010-12-16,6,63669.88,2011-12-10,13,4,0.46,2394.1,7374.04,17904.57,49668.37,16830944.5,0.5,0.75,1.0,1.0,34.0,15,33,72,179,374
13104.0,2011-12-06,2010-12-20,6,4209.36,2011-12-10,13,4,0.46,2394.1,7374.04,17904.57,49668.37,16830944.5,0.5,0.75,1.0,1.0,34.0,15,33,72,179,374
17676.0,2011-12-05,2010-12-08,6,21680.66,2011-12-10,13,5,0.46,2394.1,7374.04,17904.57,49668.37,16830944.5,0.5,0.75,1.0,1.0,34.0,15,33,72,179,374
16873.0,2011-12-05,2010-12-10,6,318226.36,2011-12-10,13,5,0.46,2394.1,7374.04,17904.57,49668.37,16830944.5,0.5,0.75,1.0,1.0,34.0,15,33,72,179,374
16899.0,2011-12-02,2010-12-14,6,24649.63,2011-12-10,13,8,0.46,2394.1,7374.04,17904.57,49668.37,16830944.5,0.5,0.75,1.0,1.0,34.0,15,33,72,179,374
18097.0,2011-12-02,2010-12-20,6,54421.24,2011-12-10,13,8,0.46,2394.1,7374.04,17904.57,49668.37,16830944.5,0.5,0.75,1.0,1.0,34.0,15,33,72,179,374
14766.0,2011-12-01,2010-12-08,6,60914.96,2011-12-10,13,9,0.46,2394.1,7374.04,17904.57,49668.37,16830944.5,0.5,0.75,1.0,1.0,34.0,15,33,72,179,374
17754.0,2011-12-09,2011-03-24,5,32307.68,2011-12-10,10,1,0.5,2394.1,7374.04,17904.57,49668.37,16830944.5,0.5,0.75,1.0,1.0,34.0,15,33,72,179,374
17673.0,2011-12-08,2011-01-23,6,69228.17,2011-12-10,12,2,0.5,2394.1,7374.04,17904.57,49668.37,16830944.5,0.5,0.75,1.0,1.0,34.0,15,33,72,179,374
13026.0,2011-12-08,2011-03-09,5,8889.48,2011-12-10,10,2,0.5,2394.1,7374.04,17904.57,49668.37,16830944.5,0.5,0.75,1.0,1.0,34.0,15,33,72,179,374
14129.0,2011-12-08,2011-03-24,5,14304.89,2011-12-10,10,2,0.5,2394.1,7374.04,17904.57,49668.37,16830944.5,0.5,0.75,1.0,1.0,34.0,15,33,72,179,374
17405.0,2011-12-08,2011-07-12,3,22775.56,2011-12-10,6,2,0.5,2394.1,7374.04,17904.57,49668.37,16830944.5,0.5,0.75,1.0,1.0,34.0,15,33,72,179,374
17144.0,2011-12-08,2011-09-16,2,18404.26,2011-12-10,4,2,0.5,2394.1,7374.04,17904.57,49668.37,16830944.5,0.5,0.75,1.0,1.0,34.0,15,33,72,179,374
13954.0,2011-12-08,2011-09-30,2,3578.76,2011-12-10,4,2,0.5,2394.1,7374.04,17904.57,49668.37,16830944.5,0.5,0.75,1.0,1.0,34.0,15,33,72,179,374
14794.0,2011-12-07,2011-01-09,6,14617.09,2011-12-10,12,3,0.5,2394.1,7374.04,17904.57,49668.37,16830944.5,0.5,0.75,1.0,1.0,34.0,15,33,72,179,374
17602.0,2011-12-07,2011-01-19,6,530309.39,2011-12-10,12,3,0.5,2394.1,7374.04,17904.57,49668.37,16830944.5,0.5,0.75,1.0,1.0,34.0,15,33,72,179,374
17266.0,2011-12-07,2011-07-15,3,10410.31,2011-12-10,6,3,0.5,2394.1,7374.04,17904.57,49668.37,16830944.5,0.5,0.75,1.0,1.0,34.0,15,33,72,179,374
16949.0,2011-12-06,2011-01-27,6,8895.14,2011-12-10,12,4,0.5,2394.1,7374.04,17904.57,49668.37,16830944.5,0.5,0.75,1.0,1.0,34.0,15,33,72,179,374
16600.0,2011-12-05,2011-01-05,6,9085.46,2011-12-10,12,5,0.5,2394.1,7374.04,17904.57,49668.37,16830944.5,0.5,0.75,1.0,1.0,34.0,15,33,72,179,374
14649.0,2011-12-05,2011-05-11,4,70762.1,2011-12-10,8,5,0.5,2394.1,7374.04,17904.57,49668.37,16830944.5,0.5,0.75,1.0,1.0,34.0,15,33,72,179,374
13083.0,2011-12-05,2011-09-25,2,2133.36,2011-12-10,4,5,0.5,2394.1,7374.04,17904.57,49668.37,16830944.5,0.5,0.75,1.0,1.0,34.0,15,33,72,179,374
12925.0,2011-12-05,2011-09-26,2,14353.36,2011-12-10,4,5,0.5,2394.1,7374.04,17904.57,49668.37,16830944.5,0.5,0.75,1.0,1.0,34.0,15,33,72,179,374
13956.0,2011-12-04,2011-03-13,5,28029.82,2011-12-10,10,6,0.5,2394.1,7374.04,17904.57,49668.37,16830944.5,0.5,0.75,1.0,1.0,34.0,15,33,72,179,374
12700.0,2011-12-02,2011-05-08,4,281527.13,2011-12-10,8,8,0.5,2394.1,7374.04,17904.57,49668.37,16830944.5,0.5,0.75,1.0,1.0,34.0,15,33,72,179,374
12695.0,2011-12-02,2011-05-13,4,4555.65,2011-12-10,8,8,0.5,2394.1,7374.04,17904.57,49668.37,16830944.5,0.5,0.75,1.0,1.0,34.0,15,33,72,179,374
12951.0,2011-12-01,2011-01-13,6,11401.25,2011-12-10,12,9,0.5,2394.1,7374.04,17904.57,49668.37,16830944.5,0.5,0.75,1.0,1.0,34.0,15,33,72,179,374
14655.0,2011-12-01,2011-05-01,4,23960.07,2011-12-10,8,9,0.5,2394.1,7374.04,17904.57,49668.37,16830944.5,0.5,0.75,1.0,1.0,34.0,15,33,72,179,374
16119.0,2011-12-01,2011-09-28,2,3973.68,2011-12-10,4,9,0.5,2394.1,7374.04,17904.57,49668.37,16830944.5,0.5,0.75,1.0,1.0,34.0,15,33,72,179,374
12714.0,2011-11-30,2011-02-18,5,221286.79,2011-12-10,10,10,0.5,2394.1,7374.04,17904.57,49668.37,16830944.5,0.5,0.75,1.0,1.0,34.0,15,33,72,179,374
15712.0,2011-11-30,2011-02-25,5,12498.89,2011-12-10,10,10,0.5,2394.1,7374.04,17904.57,49668.37,16830944.5,0.5,0.75,1.0,1.0,34.0,15,33,72,179,374
13203.0,2011-11-30,2011-04-11,4,14207.78,2011-12-10,8,10,0.5,2394.1,7374.04,17904.57,49668.37,16830944.5,0.5,0.75,1.0,1.0,34.0,15,33,72,179,374
13647.0,2011-11-30,2011-04-19,4,28125.94,2011-12-10,8,10,0.5,2394.1,7374.04,17904.57,49668.37,16830944.5,0.5,0.75,1.0,1.0,34.0,15,33,72,179,374
15073.0,2011-11-30,2011-06-06,3,20777.62,2011-12-10,6,10,0.5,2394.1,7374.04,17904.57,49668.37,16830944.5,0.5,0.75,1.0,1.0,34.0,15,33,72,179,374
17736.0,2011-11-30,2011-08-18,2,3667.62,2011-12-10,4,10,0.5,2394.1,7374.04,17904.57,49668.37,16830944.5,0.5,0.75,1.0,1.0,34.0,15,33,72,179,374
14723.0,2011-11-29,2010-12-03,6,54887.57,2011-12-10,12,11,0.5,2394.1,7374.04,17904.57,49668.37,16830944.5,0.5,0.75,1.0,1.0,34.0,15,33,72,179,374
17682.0,2011-11-29,2010-12-06,6,47030.1,2011-12-10,12,11,0.5,2394.1,7374.04,17904.57,49668.37,16830944.5,0.5,0.75,1.0,1.0,34.0,15,33,72,179,374
14419.0,2011-11-29,2010-12-10,6,38099.62,2011-12-10,12,11,0.5,2394.1,7374.04,17904.57,49668.37,16830944.5,0.5,0.75,1.0,1.0,34.0,15,33,72,179,374
13198.0,2011-11-29,2010-12-13,6,141925.14,2011-12-10,12,11,0.5,2394.1,7374.04,17904.57,49668.37,16830944.5,0.5,0.75,1.0,1.0,34.0,15,33,72,179,374
12654.0,2011-11-29,2011-02-17,5,3646.29,2011-12-10,10,11,0.5,2394.1,7374.04,17904.57,49668.37,16830944.5,0.5,0.75,1.0,1.0,34.0,15,33,72,179,374
16992.0,2011-11-29,2011-02-28,5,24549.71,2011-12-10,10,11,0.5,2394.1,7374.04,17904.57,49668.37,16830944.5,0.5,0.75,1.0,1.0,34.0,15,33,72,179,374
12798.0,2011-11-29,2011-06-22,3,15012.24,2011-12-10,6,11,0.5,2394.1,7374.04,17904.57,49668.37,16830944.5,0.5,0.75,1.0,1.0,34.0,15,33,72,179,374
14741.0,2011-11-28,2010-12-02,6,13643.74,2011-12-10,12,12,0.5,2394.1,7374.04,17904.57,49668.37,16830944.5,0.5,0.75,1.0,1.0,34.0,15,33,72,179,374
14215.0,2011-11-28,2010-12-06,6,38924.5,2011-12-10,12,12,0.5,2394.1,7374.04,17904.57,49668.37,16830944.5,0.5,0.75,1.0,1.0,34.0,15,33,72,179,374
13950.0,2011-11-28,2011-04-07,4,4438.46,2011-12-10,8,12,0.5,2394.1,7374.04,17904.57,49668.37,16830944.5,0.5,0.75,1.0,1.0,34.0,15,33,72,179,374
17236.0,2011-11-27,2010-12-12,6,16343.24,2011-12-10,12,13,0.5,2394.1,7374.04,17904.57,49668.37,16830944.5,0.5,0.75,1.0,1.0,34.0,15,33,72,179,374
15747.0,2011-11-27,2011-06-20,3,28467.12,2011-12-10,6,13,0.5,2394.1,7374.04,17904.57,49668.37,16830944.5,0.5,0.75,1.0,1.0,34.0,15,33,72,179,374
16327.0,2011-11-25,2010-12-05,6,193889.87,2011-12-10,12,15,0.5,2394.1,7374.04,17904.57,49668.37,16830944.5,0.5,0.75,1.0,1.0,34.0,15,33,72,179,374
17302.0,2011-11-25,2011-02-07,5,16051.61,2011-12-10,10,15,0.5,2394.1,7374.04,17904.57,49668.37,16830944.5,0.5,0.75,1.0,1.0,34.0,15,33,72,179,374
17348.0,2011-11-25,2011-02-15,5,51260.25,2011-12-10,10,15,0.5,2394.1,7374.04,17904.57,49668.37,16830944.5,0.5,0.75,1.0,1.0,34.0,15,33,72,179,374
14111.0,2011-11-25,2011-04-12,4,1967.4,2011-12-10,8,15,0.5,2394.1,7374.04,17904.57,49668.37,16830944.5,0.5,0.75,1.0,1.0,34.0,15,33,72,179,374
16566.0,2011-11-24,2011-02-20,5,2170.92,2011-12-10,10,16,0.5,2394.1,7374.04,17904.57,49668.37,16830944.5,0.5,0.75,1.0,1.0,34.0,15,33,72,179,374
17516.0,2011-11-24,2011-02-27,5,26262.05,2011-12-10,10,16,0.5,2394.1,7374.04,17904.57,49668.37,16830944.5,0.5,0.75,1.0,1.0,34.0,15,33,72,179,374
13448.0,2011-11-23,2010-12-01,6,143847.36,2011-12-10,12,17,0.5,2394.1,7374.04,17904.57,49668.37,16830944.5,0.5,0.75,1.0,1.0,34.0,15,33,72,179,374
13831.0,2011-11-23,2010-12-05,6,17699.32,2011-12-10,12,17,0.5,2394.1,7374.04,17904.57,49668.37,16830944.5,0.5,0.75,1.0,1.0,34.0,15,33,72,179,374
17519.0,2011-11-22,2010-12-06,6,23086.75,2011-12-10,12,18,0.5,2394.1,7374.04,17904.57,49668.37,16830944.5,0.5,0.75,1.0,1.0,34.0,15,33,72,179,374
12775.0,2011-11-22,2011-02-01,5,14458.6,2011-12-10,10,18,0.5,2394.1,7374.04,17904.57,49668.37,16830944.5,0.5,0.75,1.0,1.0,34.0,15,33,72,179,374
16261.0,2011-11-22,2011-04-07,4,19065.91,2011-12-10,8,18,0.5,2394.1,7374.04,17904.57,49668.37,16830944.5,0.5,0.75,1.0,1.0,34.0,15,33,72,179,374
17360.0,2011-11-22,2011-06-08,3,25843.45,2011-12-10,6,18,0.5,2394.1,7374.04,17904.57,49668.37,16830944.5,0.5,0.75,1.0,1.0,34.0,15,33,72,179,374
17759.0,2011-11-22,2011-06-23,3,49958.2,2011-12-10,6,18,0.5,2394.1,7374.04,17904.57,49668.37,16830944.5,0.5,0.75,1.0,1.0,34.0,15,33,72,179,374
14768.0,2011-11-22,2011-08-04,2,592.2,2011-12-10,4,18,0.5,2394.1,7374.04,17904.57,49668.37,16830944.5,0.5,0.75,1.0,1.0,34.0,15,33,72,179,374
15093.0,2011-11-21,2010-12-02,6,64864.11,2011-12-10,12,19,0.5,2394.1,7374.04,17904.57,49668.37,16830944.5,0.5,0.75,1.0,1.0,34.0,15,33,72,179,374
17227.0,2011-11-21,2010-12-06,6,7195.95,2011-12-10,12,19,0.5,2394.1,7374.04,17904.57,49668.37,16830944.5,0.5,0.75,1.0,1.0,34.0,15,33,72,179,374
14198.0,2011-11-21,2011-04-14,4,4956.9,2011-12-10,8,19,0.5,2394.1,7374.04,17904.57,49668.37,16830944.5,0.5,0.75,1.0,1.0,34.0,15,33,72,179,374
13189.0,2011-11-21,2011-08-16,2,3756.48,2011-12-10,4,19,0.5,2394.1,7374.04,17904.57,49668.37,16830944.5,0.5,0.75,1.0,1.0,34.0,15,33,72,179,374
13118.0,2011-11-20,2011-02-24,5,20990.91,2011-12-10,10,20,0.5,2394.1,7374.04,17904.57,49668.37,16830944.5,0.5,0.75,1.0,1.0,34.0,15,33,72,179,374
15745.0,2011-11-20,2011-04-17,4,13676.07,2011-12-10,8,20,0.5,2394.1,7374.04,17904.57,49668.37,16830944.5,0.5,0.75,1.0,1.0,34.0,15,33,72,179,374
15530.0,2011-11-18,2011-04-07,4,38639.81,2011-12-10,8,22,0.5,2394.1,7374.04,17904.57,49668.37,16830944.5,0.5,0.75,1.0,1.0,34.0,15,33,72,179,374
16279.0,2011-11-18,2011-06-16,3,54497.78,2011-12-10,6,22,0.5,2394.1,7374.04,17904.57,49668.37,16830944.5,0.5,0.75,1.0,1.0,34.0,15,33,72,179,374
17159.0,2011-11-18,2011-06-21,3,50126.76,2011-12-10,6,22,0.5,2394.1,7374.04,17904.57,49668.37,16830944.5,0.5,0.75,1.0,1.0,34.0,15,33,72,179,374
15494.0,2011-11-18,2011-08-10,2,98364.93,2011-12-10,4,22,0.5,2394.1,7374.04,17904.57,49668.37,16830944.5,0.5,0.75,1.0,1.0,34.0,15,33,72,179,374
13138.0,2011-11-17,2010-12-02,6,10721.02,2011-12-10,12,23,0.5,2394.1,7374.04,17904.57,49668.37,16830944.5,0.5,0.75,1.0,1.0,34.0,15,33,72,179,374
15811.0,2011-11-17,2010-12-09,6,50766.56,2011-12-10,12,23,0.5,2394.1,7374.04,17904.57,49668.37,16830944.5,0.5,0.75,1.0,1.0,34.0,15,33,72,179,374
12753.0,2011-11-17,2010-12-12,6,794789.7,2011-12-10,12,23,0.5,2394.1,7374.04,17904.57,49668.37,16830944.5,0.5,0.75,1.0,1.0,34.0,15,33,72,179,374
16298.0,2011-11-17,2011-06-06,3,4600.14,2011-12-10,6,23,0.5,2394.1,7374.04,17904.57,49668.37,16830944.5,0.5,0.75,1.0,1.0,34.0,15,33,72,179,374
17797.0,2011-11-17,2011-06-10,3,31687.54,2011-12-10,6,23,0.5,2394.1,7374.04,17904.57,49668.37,16830944.5,0.5,0.75,1.0,1.0,34.0,15,33,72,179,374
14898.0,2011-11-16,2010-12-03,6,32574.63,2011-12-10,12,24,0.5,2394.1,7374.04,17904.57,49668.37,16830944.5,0.5,0.75,1.0,1.0,34.0,15,33,72,179,374
16717.0,2011-11-16,2010-12-08,6,203553.04,2011-12-10,12,24,0.5,2394.1,7374.04,17904.57,49668.37,16830944.5,0.5,0.75,1.0,1.0,34.0,15,33,72,179,374
16469.0,2011-11-16,2011-04-07,4,28786.03,2011-12-10,8,24,0.5,2394.1,7374.04,17904.57,49668.37,16830944.5,0.5,0.75,1.0,1.0,34.0,15,33,72,179,374
14626.0,2011-11-16,2011-04-20,4,68272.16,2011-12-10,8,24,0.5,2394.1,7374.04,17904.57,49668.37,16830944.5,0.5,0.75,1.0,1.0,34.0,15,33,72,179,374
13131.0,2011-11-16,2011-06-05,3,9304.1,2011-12-10,6,24,0.5,2394.1,7374.04,17904.57,49668.37,16830944.5,0.5,0.75,1.0,1.0,34.0,15,33,72,179,374
12991.0,2011-11-16,2011-08-19,2,8480.12,2011-12-10,4,24,0.5,2394.1,7374.04,17904.57,49668.37,16830944.5,0.5,0.75,1.0,1.0,34.0,15,33,72,179,374
13410.0,2011-11-15,2011-02-21,5,5895.68,2011-12-10,10,25,0.5,2394.1,7374.04,17904.57,49668.37,16830944.5,0.5,0.75,1.0,1.0,34.0,15,33,72,179,374
13735.0,2011-11-15,2011-04-19,4,93572.25,2011-12-10,8,25,0.5,2394.1,7374.04,17904.57,49668.37,16830944.5,0.5,0.75,1.0,1.0,34.0,15,33,72,179,374
13236.0,2011-11-15,2011-08-25,2,10567.11,2011-12-10,4,25,0.5,2394.1,7374.04,17904.57,49668.37,16830944.5,0.5,0.75,1.0,1.0,34.0,15,33,72,179,374
13577.0,2011-11-14,2011-04-12,4,34162.75,2011-12-10,8,26,0.5,2394.1,7374.04,17904.57,49668.37,16830944.5,0.5,0.75,1.0,1.0,34.0,15,33,72,179,374
12689.0,2011-11-14,2011-08-04,2,33966.43,2011-12-10,4,26,0.5,2394.1,7374.04,17904.57,49668.37,16830944.5,0.5,0.75,1.0,1.0,34.0,15,33,72,179,374
14487.0,2011-11-13,2010-12-06,6,32951.89,2011-12-10,12,27,0.5,2394.1,7374.04,17904.57,49668.37,16830944.5,0.5,0.75,1.0,1.0,34.0,15,33,72,179,374
13892.0,2011-11-13,2011-04-07,4,7742.25,2011-12-10,8,27,0.5,2394.1,7374.04,17904.57,49668.37,16830944.5,0.5,0.75,1.0,1.0,34.0,15,33,72,179,374
12865.0,2011-11-13,2011-08-08,2,64839.52,2011-12-10,4,27,0.5,2394.1,7374.04,17904.57,49668.37,16830944.5,0.5,0.75,1.0,1.0,34.0,15,33,72,179,374
14035.0,2011-11-11,2011-02-15,5,17096.1,2011-12-10,10,29,0.5,2394.1,7374.04,17904.57,49668.37,16830944.5,0.5,0.75,1.0,1.0,34.0,15,33,72,179,374
17015.0,2011-11-11,2011-06-07,3,141386.68,2011-12-10,6,29,0.5,2394.1,7374.04,17904.57,49668.37,16830944.5,0.5,0.75,1.0,1.0,34.0,15,33,72,179,374
12697.0,2011-11-11,2011-06-23,3,9980.17,2011-12-10,6,29,0.5,2394.1,7374.04,17904.57,49668.37,16830944.5,0.5,0.75,1.0,1.0,34.0,15,33,72,179,374
16671.0,2011-11-11,2011-06-28,3,4614.78,2011-12-10,6,29,0.5,2394.1,7374.04,17904.57,49668.37,16830944.5,0.5,0.75,1.0,1.0,34.0,15,33,72,179,374
12384.0,2011-11-11,2011-08-10,2,3705.88,2011-12-10,4,29,0.5,2394.1,7374.04,17904.57,49668.37,16830944.5,0.5,0.75,1.0,1.0,34.0,15,33,72,179,374
15238.0,2011-11-10,2011-06-08,3,15739.77,2011-12-10,6,30,0.5,2394.1,7374.04,17904.57,49668.37,16830944.5,0.5,0.75,1.0,1.0,34.0,15,33,72,179,374
14765.0,2011-11-10,2011-06-16,3,4826.8,2011-12-10,6,30,0.5,2394.1,7374.04,17904.57,49668.37,16830944.5,0.5,0.75,1.0,1.0,34.0,15,33,72,179,374
12844.0,2011-11-10,2011-08-01,2,8522.56,2011-12-10,4,30,0.5,2394.1,7374.04,17904.57,49668.37,16830944.5,0.5,0.75,1.0,1.0,34.0,15,33,72,179,374
16996.0,2011-11-09,2010-12-21,6,11443.74,2011-12-10,12,31,0.5,2394.1,7374.04,17904.57,49668.37,16830944.5,0.5,0.75,1.0,1.0,34.0,15,33,72,179,374
13623.0,2011-11-09,2011-02-15,5,7279.61,2011-12-10,10,31,0.5,2394.1,7374.04,17904.57,49668.37,16830944.5,0.5,0.75,1.0,1.0,34.0,15,33,72,179,374
15027.0,2011-11-09,2011-04-15,4,6983.49,2011-12-10,8,31,0.5,2394.1,7374.04,17904.57,49668.37,16830944.5,0.5,0.75,1.0,1.0,34.0,15,33,72,179,374
14108.0,2011-11-09,2011-08-30,2,8435.43,2011-12-10,4,31,0.5,2394.1,7374.04,17904.57,49668.37,16830944.5,0.5,0.75,1.0,1.0,34.0,15,33,72,179,374
12721.0,2011-11-08,2010-12-20,6,56648.83,2011-12-10,12,32,0.5,2394.1,7374.04,17904.57,49668.37,16830944.5,0.5,0.75,1.0,1.0,34.0,15,33,72,179,374
13643.0,2011-11-08,2011-06-07,3,4890.96,2011-12-10,6,32,0.5,2394.1,7374.04,17904.57,49668.37,16830944.5,0.5,0.75,1.0,1.0,34.0,15,33,72,179,374
17289.0,2011-11-08,2011-06-12,3,36764.38,2011-12-10,6,32,0.5,2394.1,7374.04,17904.57,49668.37,16830944.5,0.5,0.75,1.0,1.0,34.0,15,33,72,179,374
17637.0,2011-11-08,2011-08-16,2,8305.59,2011-12-10,4,32,0.5,2394.1,7374.04,17904.57,49668.37,16830944.5,0.5,0.75,1.0,1.0,34.0,15,33,72,179,374
14050.0,2011-11-08,2011-08-25,2,22407.72,2011-12-10,4,32,0.5,2394.1,7374.04,17904.57,49668.37,16830944.5,0.5,0.75,1.0,1.0,34.0,15,33,72,179,374
13824.0,2011-11-07,2011-02-02,5,17348.98,2011-12-10,10,33,0.5,2394.1,7374.04,17904.57,49668.37,16830944.5,0.5,0.75,1.0,1.0,34.0,15,33,72,179,374
15785.0,2011-11-07,2011-02-17,5,35896.89,2011-12-10,10,33,0.5,2394.1,7374.04,17904.57,49668.37,16830944.5,0.5,0.75,1.0,1.0,34.0,15,33,72,179,374
16637.0,2011-11-07,2011-04-28,4,17001.14,2011-12-10,8,33,0.5,2394.1,7374.04,17904.57,49668.37,16830944.5,0.5,0.75,1.0,1.0,34.0,15,33,72,179,374
16053.0,2011-11-07,2011-08-09,2,67693.82,2011-12-10,4,33,0.5,2394.1,7374.04,17904.57,49668.37,16830944.5,0.5,0.75,1.0,1.0,34.0,15,33,72,179,374
14404.0,2011-11-06,2010-12-05,6,20058.87,2011-12-10,12,34,0.5,2394.1,7374.04,17904.57,49668.37,16830944.5,0.5,0.75,1.0,1.0,34.0,15,33,72,179,374
15952.0,2011-11-06,2011-04-28,4,15837.48,2011-12-10,8,34,0.5,2394.1,7374.04,17904.57,49668.37,16830944.5,0.5,0.75,1.0,1.0,34.0,15,33,72,179,374
12576.0,2011-11-04,2011-02-08,5,22837.63,2011-12-10,10,36,0.5,2394.1,7374.04,17904.57,49668.37,16830944.5,0.5,0.75,1.0,1.0,34.0,15,33,72,179,374
15722.0,2011-11-04,2011-02-22,5,30059.09,2011-12-10,10,36,0.5,2394.1,7374.04,17904.57,49668.37,16830944.5,0.5,0.75,1.0,1.0,34.0,15,33,72,179,374
16555.0,2011-11-04,2011-08-22,2,2439.1,2011-12-10,4,36,0.5,2394.1,7374.04,17904.57,49668.37,16830944.5,0.5,0.75,1.0,1.0,34.0,15,33,72,179,374
15809.0,2011-11-03,2011-02-10,5,4002.74,2011-12-10,10,37,0.5,2394.1,7374.04,17904.57,49668.37,16830944.5,0.5,0.75,1.0,1.0,34.0,15,33,72,179,374
13636.0,2011-11-03,2011-02-27,5,9720.29,2011-12-10,10,37,0.5,2394.1,7374.04,17904.57,49668.37,16830944.5,0.5,0.75,1.0,1.0,34.0,15,33,72,179,374
14383.0,2011-11-01,2011-06-29,3,22659.72,2011-12-10,6,39,0.5,2394.1,7374.04,17904.57,49668.37,16830944.5,0.5,0.75,1.0,1.0,34.0,15,33,72,179,374
13461.0,2011-11-01,2011-06-29,3,14063.8,2011-12-10,6,39,0.5,2394.1,7374.04,17904.57,49668.37,16830944.5,0.5,0.75,1.0,1.0,34.0,15,33,72,179,374
13726.0,2011-11-01,2011-08-31,2,21684.26,2011-12-10,4,39,0.5,2394.1,7374.04,17904.57,49668.37,16830944.5,0.5,0.75,1.0,1.0,34.0,15,33,72,179,374
17609.0,2011-10-30,2011-01-16,5,66536.55,2011-12-10,10,41,0.5,2394.1,7374.04,17904.57,49668.37,16830944.5,0.5,0.75,1.0,1.0,34.0,15,33,72,179,374
15669.0,2011-10-30,2011-03-21,4,5589.62,2011-12-10,8,41,0.5,2394.1,7374.04,17904.57,49668.37,16830944.5,0.5,0.75,1.0,1.0,34.0,15,33,72,179,374
15376.0,2011-10-30,2011-05-01,3,49398.99,2011-12-10,6,41,0.5,2394.1,7374.04,17904.57,49668.37,16830944.5,0.5,0.75,1.0,1.0,34.0,15,33,72,179,374
15865.0,2011-10-30,2011-05-10,3,4822.46,2011-12-10,6,41,0.5,2394.1,7374.04,17904.57,49668.37,16830944.5,0.5,0.75,1.0,1.0,34.0,15,33,72,179,374
17272.0,2011-10-28,2011-03-22,4,74547.78,2011-12-10,8,43,0.5,2394.1,7374.04,17904.57,49668.37,16830944.5,0.5,0.75,1.0,1.0,34.0,15,33,72,179,374
18287.0,2011-10-28,2011-05-22,3,58738.04,2011-12-10,6,43,0.5,2394.1,7374.04,17904.57,49668.37,16830944.5,0.5,0.75,1.0,1.0,34.0,15,33,72,179,374
14716.0,2011-10-27,2011-07-14,2,8852.72,2011-12-10,4,44,0.5,2394.1,7374.04,17904.57,49668.37,16830944.5,0.5,0.75,1.0,1.0,34.0,15,33,72,179,374
14690.0,2011-10-26,2011-07-11,2,9539.38,2011-12-10,4,45,0.5,2394.1,7374.04,17904.57,49668.37,16830944.5,0.5,0.75,1.0,1.0,34.0,15,33,72,179,374
16444.0,2011-10-24,2011-03-20,4,13007.9,2011-12-10,8,47,0.5,2394.1,7374.04,17904.57,49668.37,16830944.5,0.5,0.75,1.0,1.0,34.0,15,33,72,179,374
16728.0,2011-10-24,2011-03-20,4,68833.93,2011-12-10,8,47,0.5,2394.1,7374.04,17904.57,49668.37,16830944.5,0.5,0.75,1.0,1.0,34.0,15,33,72,179,374
14504.0,2011-10-23,2011-03-06,4,14466.58,2011-12-10,8,48,0.5,2394.1,7374.04,17904.57,49668.37,16830944.5,0.5,0.75,1.0,1.0,34.0,15,33,72,179,374
14731.0,2011-10-23,2011-05-11,3,5435.0,2011-12-10,6,48,0.5,2394.1,7374.04,17904.57,49668.37,16830944.5,0.5,0.75,1.0,1.0,34.0,15,33,72,179,374
15819.0,2011-10-21,2011-03-08,4,59605.08,2011-12-10,8,50,0.5,2394.1,7374.04,17904.57,49668.37,16830944.5,0.5,0.75,1.0,1.0,34.0,15,33,72,179,374
17092.0,2011-10-20,2011-03-07,4,66493.44,2011-12-10,8,51,0.5,2394.1,7374.04,17904.57,49668.37,16830944.5,0.5,0.75,1.0,1.0,34.0,15,33,72,179,374
12556.0,2011-10-20,2011-07-11,2,32768.97,2011-12-10,4,51,0.5,2394.1,7374.04,17904.57,49668.37,16830944.5,0.5,0.75,1.0,1.0,34.0,15,33,72,179,374
13669.0,2011-10-20,2011-07-13,2,1093.2,2011-12-10,4,51,0.5,2394.1,7374.04,17904.57,49668.37,16830944.5,0.5,0.75,1.0,1.0,34.0,15,33,72,179,374
16621.0,2011-10-19,2011-03-07,4,2209.59,2011-12-10,8,52,0.5,2394.1,7374.04,17904.57,49668.37,16830944.5,0.5,0.75,1.0,1.0,34.0,15,33,72,179,374
12360.0,2011-10-18,2011-05-23,3,82183.76,2011-12-10,6,53,0.5,2394.1,7374.04,17904.57,49668.37,16830944.5,0.5,0.75,1.0,1.0,34.0,15,33,72,179,374
13750.0,2011-10-17,2011-01-07,5,7871.45,2011-12-10,10,54,0.5,2394.1,7374.04,17904.57,49668.37,16830944.5,0.5,0.75,1.0,1.0,34.0,15,33,72,179,374
16389.0,2011-10-17,2011-03-01,4,10506.74,2011-12-10,8,54,0.5,2394.1,7374.04,17904.57,49668.37,16830944.5,0.5,0.75,1.0,1.0,34.0,15,33,72,179,374
15440.0,2011-10-16,2011-05-15,3,6571.74,2011-12-10,6,55,0.5,2394.1,7374.04,17904.57,49668.37,16830944.5,0.5,0.75,1.0,1.0,34.0,15,33,72,179,374
15826.0,2011-10-14,2011-05-13,3,43134.73,2011-12-10,6,57,0.5,2394.1,7374.04,17904.57,49668.37,16830944.5,0.5,0.75,1.0,1.0,34.0,15,33,72,179,374
15367.0,2011-10-13,2011-03-09,4,53518.45,2011-12-10,8,58,0.5,2394.1,7374.04,17904.57,49668.37,16830944.5,0.5,0.75,1.0,1.0,34.0,15,33,72,179,374
12613.0,2011-10-13,2011-03-22,4,169464.21,2011-12-10,8,58,0.5,2394.1,7374.04,17904.57,49668.37,16830944.5,0.5,0.75,1.0,1.0,34.0,15,33,72,179,374
13930.0,2011-10-13,2011-07-26,2,2991.38,2011-12-10,4,58,0.5,2394.1,7374.04,17904.57,49668.37,16830944.5,0.5,0.75,1.0,1.0,34.0,15,33,72,179,374
18171.0,2011-10-12,2011-01-10,5,10786.96,2011-12-10,10,59,0.5,2394.1,7374.04,17904.57,49668.37,16830944.5,0.5,0.75,1.0,1.0,34.0,15,33,72,179,374
12679.0,2011-10-12,2011-03-01,4,24543.64,2011-12-10,8,59,0.5,2394.1,7374.04,17904.57,49668.37,16830944.5,0.5,0.75,1.0,1.0,34.0,15,33,72,179,374
16861.0,2011-10-11,2011-07-04,2,553.44,2011-12-10,4,60,0.5,2394.1,7374.04,17904.57,49668.37,16830944.5,0.5,0.75,1.0,1.0,34.0,15,33,72,179,374
13109.0,2011-10-11,2011-07-05,2,18460.27,2011-12-10,4,60,0.5,2394.1,7374.04,17904.57,49668.37,16830944.5,0.5,0.75,1.0,1.0,34.0,15,33,72,179,374
14857.0,2011-10-11,2011-07-14,2,27706.98,2011-12-10,4,60,0.5,2394.1,7374.04,17904.57,49668.37,16830944.5,0.5,0.75,1.0,1.0,34.0,15,33,72,179,374
16395.0,2011-10-10,2011-01-13,5,64818.34,2011-12-10,10,61,0.5,2394.1,7374.04,17904.57,49668.37,16830944.5,0.5,0.75,1.0,1.0,34.0,15,33,72,179,374
13224.0,2011-10-10,2011-07-11,2,103295.01,2011-12-10,4,61,0.5,2394.1,7374.04,17904.57,49668.37,16830944.5,0.5,0.75,1.0,1.0,34.0,15,33,72,179,374
14029.0,2011-10-07,2011-07-18,2,2974.94,2011-12-10,4,64,0.5,2394.1,7374.04,17904.57,49668.37,16830944.5,0.5,0.75,1.0,1.0,34.0,15,33,72,179,374
14257.0,2011-10-06,2011-01-25,5,82477.0,2011-12-10,10,65,0.5,2394.1,7374.04,17904.57,49668.37,16830944.5,0.5,0.75,1.0,1.0,34.0,15,33,72,179,374
15416.0,2011-10-06,2011-03-02,4,154411.29,2011-12-10,8,65,0.5,2394.1,7374.04,17904.57,49668.37,16830944.5,0.5,0.75,1.0,1.0,34.0,15,33,72,179,374
17921.0,2011-10-06,2011-03-18,4,30013.92,2011-12-10,8,65,0.5,2394.1,7374.04,17904.57,49668.37,16830944.5,0.5,0.75,1.0,1.0,34.0,15,33,72,179,374
15730.0,2011-10-05,2011-05-17,3,24605.37,2011-12-10,6,66,0.5,2394.1,7374.04,17904.57,49668.37,16830944.5,0.5,0.75,1.0,1.0,34.0,15,33,72,179,374
16875.0,2011-10-03,2011-01-04,5,60733.68,2011-12-10,10,68,0.5,2394.1,7374.04,17904.57,49668.37,16830944.5,0.5,0.75,1.0,1.0,34.0,15,33,72,179,374
13092.0,2011-09-30,2010-12-15,5,953.02,2011-12-10,10,71,0.5,2394.1,7374.04,17904.57,49668.37,16830944.5,0.5,0.75,1.0,1.0,34.0,15,33,72,179,374
12694.0,2011-09-30,2011-06-09,2,7478.04,2011-12-10,4,71,0.5,2394.1,7374.04,17904.57,49668.37,16830944.5,0.5,0.75,1.0,1.0,34.0,15,33,72,179,374
14609.0,2011-09-28,2011-02-16,4,601.56,2011-12-10,8,73,0.5,2394.1,7374.04,17904.57,49668.37,16830944.5,0.5,0.75,1.0,1.0,34.0,15,33,72,179,374
16182.0,2011-09-28,2011-02-18,4,47179.0,2011-12-10,8,73,0.5,2394.1,7374.04,17904.57,49668.37,16830944.5,0.5,0.75,1.0,1.0,34.0,15,33,72,179,374
17388.0,2011-09-23,2011-02-25,4,2394.1,2011-12-10,8,78,0.5,2394.1,7374.04,17904.57,49668.37,16830944.5,0.5,0.75,1.0,1.0,34.0,15,33,72,179,374
12516.0,2011-09-23,2011-06-12,2,14232.72,2011-12-10,4,78,0.5,2394.1,7374.04,17904.57,49668.37,16830944.5,0.5,0.75,1.0,1.0,34.0,15,33,72,179,374
15810.0,2011-09-22,2011-02-16,4,35047.26,2011-12-10,8,79,0.5,2394.1,7374.04,17904.57,49668.37,16830944.5,0.5,0.75,1.0,1.0,34.0,15,33,72,179,374
12930.0,2011-09-22,2011-06-21,2,4851.17,2011-12-10,4,79,0.5,2394.1,7374.04,17904.57,49668.37,16830944.5,0.5,0.75,1.0,1.0,34.0,15,33,72,179,374
17873.0,2011-09-20,2010-12-01,5,15461.98,2011-12-10,10,81,0.5,2394.1,7374.04,17904.57,49668.37,16830944.5,0.5,0.75,1.0,1.0,34.0,15,33,72,179,374
13562.0,2011-09-19,2011-04-08,3,49164.22,2011-12-10,6,82,0.5,2394.1,7374.04,17904.57,49668.37,16830944.5,0.5,0.75,1.0,1.0,34.0,15,33,72,179,374
17058.0,2011-09-19,2011-04-14,3,21696.7,2011-12-10,6,82,0.5,2394.1,7374.04,17904.57,49668.37,16830944.5,0.5,0.75,1.0,1.0,34.0,15,33,72,179,374
12379.0,2011-09-19,2011-06-22,2,14767.56,2011-12-10,4,82,0.5,2394.1,7374.04,17904.57,49668.37,16830944.5,0.5,0.75,1.0,1.0,34.0,15,33,72,179,374
14500.0,2011-09-12,2011-06-03,2,1109.4,2011-12-10,4,89,0.5,2394.1,7374.04,17904.57,49668.37,16830944.5,0.5,0.75,1.0,1.0,34.0,15,33,72,179,374
12535.0,2011-09-09,2011-06-06,2,9131.4,2011-12-10,4,92,0.5,2394.1,7374.04,17904.57,49668.37,16830944.5,0.5,0.75,1.0,1.0,34.0,15,33,72,179,374
18093.0,2011-09-07,2011-02-10,4,27336.12,2011-12-10,8,94,0.5,2394.1,7374.04,17904.57,49668.37,16830944.5,0.5,0.75,1.0,1.0,34.0,15,33,72,179,374
17460.0,2011-09-06,2010-12-02,5,3066.86,2011-12-10,10,95,0.5,2394.1,7374.04,17904.57,49668.37,16830944.5,0.5,0.75,1.0,1.0,34.0,15,33,72,179,374
17560.0,2011-09-06,2011-02-02,4,5478.49,2011-12-10,8,95,0.5,2394.1,7374.04,17904.57,49668.37,16830944.5,0.5,0.75,1.0,1.0,34.0,15,33,72,179,374
13748.0,2011-09-05,2010-12-01,5,5438.9,2011-12-10,10,96,0.5,2394.1,7374.04,17904.57,49668.37,16830944.5,0.5,0.75,1.0,1.0,34.0,15,33,72,179,374
12816.0,2011-09-05,2011-06-16,2,4156.0,2011-12-10,4,96,0.5,2394.1,7374.04,17904.57,49668.37,16830944.5,0.5,0.75,1.0,1.0,34.0,15,33,72,179,374
17774.0,2011-09-04,2011-02-07,4,39797.99,2011-12-10,8,97,0.5,2394.1,7374.04,17904.57,49668.37,16830944.5,0.5,0.75,1.0,1.0,34.0,15,33,72,179,374
16456.0,2011-09-01,2010-12-01,5,47956.25,2011-12-10,10,100,0.5,2394.1,7374.04,17904.57,49668.37,16830944.5,0.5,0.75,1.0,1.0,34.0,15,33,72,179,374
13376.0,2011-09-01,2011-04-19,3,13651.18,2011-12-10,6,100,0.5,2394.1,7374.04,17904.57,49668.37,16830944.5,0.5,0.75,1.0,1.0,34.0,15,33,72,179,374
14930.0,2011-08-23,2011-03-10,3,81976.19,2011-12-10,6,109,0.5,2394.1,7374.04,17904.57,49668.37,16830944.5,0.5,0.75,1.0,1.0,34.0,15,33,72,179,374
18018.0,2011-08-23,2011-05-24,2,1557.25,2011-12-10,4,109,0.5,2394.1,7374.04,17904.57,49668.37,16830944.5,0.5,0.75,1.0,1.0,34.0,15,33,72,179,374
17585.0,2011-08-22,2011-01-05,4,57857.52,2011-12-10,8,110,0.5,2394.1,7374.04,17904.57,49668.37,16830944.5,0.5,0.75,1.0,1.0,34.0,15,33,72,179,374
14224.0,2011-08-21,2011-01-23,4,19553.43,2011-12-10,8,111,0.5,2394.1,7374.04,17904.57,49668.37,16830944.5,0.5,0.75,1.0,1.0,34.0,15,33,72,179,374
14013.0,2011-08-21,2011-03-09,3,5644.6,2011-12-10,6,111,0.5,2394.1,7374.04,17904.57,49668.37,16830944.5,0.5,0.75,1.0,1.0,34.0,15,33,72,179,374
17398.0,2011-08-17,2011-03-29,3,5548.99,2011-12-10,6,115,0.5,2394.1,7374.04,17904.57,49668.37,16830944.5,0.5,0.75,1.0,1.0,34.0,15,33,72,179,374
16092.0,2011-08-17,2011-03-30,3,12134.84,2011-12-10,6,115,0.5,2394.1,7374.04,17904.57,49668.37,16830944.5,0.5,0.75,1.0,1.0,34.0,15,33,72,179,374
15734.0,2011-08-17,2011-05-23,2,9824.85,2011-12-10,4,115,0.5,2394.1,7374.04,17904.57,49668.37,16830944.5,0.5,0.75,1.0,1.0,34.0,15,33,72,179,374
13888.0,2011-08-12,2011-05-05,2,10214.61,2011-12-10,4,120,0.5,2394.1,7374.04,17904.57,49668.37,16830944.5,0.5,0.75,1.0,1.0,34.0,15,33,72,179,374
13162.0,2011-08-09,2011-01-09,4,45027.92,2011-12-10,8,123,0.5,2394.1,7374.04,17904.57,49668.37,16830944.5,0.5,0.75,1.0,1.0,34.0,15,33,72,179,374
12693.0,2011-08-04,2011-01-24,4,4687.27,2011-12-10,8,128,0.5,2394.1,7374.04,17904.57,49668.37,16830944.5,0.5,0.75,1.0,1.0,34.0,15,33,72,179,374
16572.0,2011-08-04,2011-03-09,3,17164.04,2011-12-10,6,128,0.5,2394.1,7374.04,17904.57,49668.37,16830944.5,0.5,0.75,1.0,1.0,34.0,15,33,72,179,374
13414.0,2011-07-29,2011-02-16,3,12449.1,2011-12-10,6,134,0.5,2394.1,7374.04,17904.57,49668.37,16830944.5,0.5,0.75,1.0,1.0,34.0,15,33,72,179,374
18064.0,2011-07-29,2011-04-18,2,2846.0,2011-12-10,4,134,0.5,2394.1,7374.04,17904.57,49668.37,16830944.5,0.5,0.75,1.0,1.0,34.0,15,33,72,179,374
16951.0,2011-07-28,2011-02-08,3,68846.92,2011-12-10,6,135,0.5,2394.1,7374.04,17904.57,49668.37,16830944.5,0.5,0.75,1.0,1.0,34.0,15,33,72,179,374
12507.0,2011-07-28,2011-02-14,3,7484.67,2011-12-10,6,135,0.5,2394.1,7374.04,17904.57,49668.37,16830944.5,0.5,0.75,1.0,1.0,34.0,15,33,72,179,374
13802.0,2011-07-24,2011-02-01,3,77474.64,2011-12-10,6,139,0.5,2394.1,7374.04,17904.57,49668.37,16830944.5,0.5,0.75,1.0,1.0,34.0,15,33,72,179,374
16654.0,2011-07-21,2010-12-06,4,3925.65,2011-12-10,8,142,0.5,2394.1,7374.04,17904.57,49668.37,16830944.5,0.5,0.75,1.0,1.0,34.0,15,33,72,179,374
15716.0,2011-07-17,2010-12-05,4,36088.97,2011-12-10,8,146,0.5,2394.1,7374.04,17904.57,49668.37,16830944.5,0.5,0.75,1.0,1.0,34.0,15,33,72,179,374
15577.0,2011-07-11,2011-02-07,3,3633.64,2011-12-10,6,152,0.5,2394.1,7374.04,17904.57,49668.37,16830944.5,0.5,0.75,1.0,1.0,34.0,15,33,72,179,374
12717.0,2011-07-11,2011-04-08,2,20066.64,2011-12-10,4,152,0.5,2394.1,7374.04,17904.57,49668.37,16830944.5,0.5,0.75,1.0,1.0,34.0,15,33,72,179,374
15265.0,2011-07-11,2011-04-18,2,49565.77,2011-12-10,4,152,0.5,2394.1,7374.04,17904.57,49668.37,16830944.5,0.5,0.75,1.0,1.0,34.0,15,33,72,179,374
17787.0,2011-07-10,2010-12-03,4,61644.5,2011-12-10,8,153,0.5,2394.1,7374.04,17904.57,49668.37,16830944.5,0.5,0.75,1.0,1.0,34.0,15,33,72,179,374
14264.0,2011-07-08,2011-04-08,2,2841.97,2011-12-10,4,155,0.5,2394.1,7374.04,17904.57,49668.37,16830944.5,0.5,0.75,1.0,1.0,34.0,15,33,72,179,374
14905.0,2011-07-05,2011-04-20,2,5237.75,2011-12-10,4,158,0.5,2394.1,7374.04,17904.57,49668.37,16830944.5,0.5,0.75,1.0,1.0,34.0,15,33,72,179,374
14016.0,2011-07-01,2010-12-17,4,124114.24,2011-12-10,8,162,0.5,2394.1,7374.04,17904.57,49668.37,16830944.5,0.5,0.75,1.0,1.0,34.0,15,33,72,179,374
16473.0,2011-06-28,2011-01-07,3,1568.26,2011-12-10,6,165,0.5,2394.1,7374.04,17904.57,49668.37,16830944.5,0.5,0.75,1.0,1.0,34.0,15,33,72,179,374
14656.0,2011-06-23,2011-03-01,2,9723.5,2011-12-10,4,170,0.5,2394.1,7374.04,17904.57,49668.37,16830944.5,0.5,0.75,1.0,1.0,34.0,15,33,72,179,374
18062.0,2011-06-19,2011-01-06,3,6707.58,2011-12-10,6,174,0.5,2394.1,7374.04,17904.57,49668.37,16830944.5,0.5,0.75,1.0,1.0,34.0,15,33,72,179,374
13476.0,2011-06-14,2011-03-03,2,18878.63,2011-12-10,4,179,0.5,2394.1,7374.04,17904.57,49668.37,16830944.5,0.5,0.75,1.0,1.0,34.0,15,33,72,179,374
17749.0,2011-06-14,2011-03-28,2,9011.3,2011-12-10,4,179,0.5,2394.1,7374.04,17904.57,49668.37,16830944.5,0.5,0.75,1.0,1.0,34.0,15,33,72,179,374
17795.0,2011-06-13,2011-03-20,2,7540.57,2011-12-10,4,180,0.5,2394.1,7374.04,17904.57,49668.37,16830944.5,0.5,0.75,1.0,1.0,34.0,15,33,72,179,374
14450.0,2011-06-12,2011-01-23,3,6706.97,2011-12-10,6,181,0.5,2394.1,7374.04,17904.57,49668.37,16830944.5,0.5,0.75,1.0,1.0,34.0,15,33,72,179,374
14867.0,2011-06-07,2011-01-07,3,8202.62,2011-12-10,6,186,0.5,2394.1,7374.04,17904.57,49668.37,16830944.5,0.5,0.75,1.0,1.0,34.0,15,33,72,179,374
15918.0,2011-06-02,2011-03-13,2,6584.14,2011-12-10,4,191,0.5,2394.1,7374.04,17904.57,49668.37,16830944.5,0.5,0.75,1.0,1.0,34.0,15,33,72,179,374
14377.0,2011-06-01,2011-03-22,2,1372.8,2011-12-10,4,192,0.5,2394.1,7374.04,17904.57,49668.37,16830944.5,0.5,0.75,1.0,1.0,34.0,15,33,72,179,374
16838.0,2011-05-26,2011-02-24,2,3801.96,2011-12-10,4,198,0.5,2394.1,7374.04,17904.57,49668.37,16830944.5,0.5,0.75,1.0,1.0,34.0,15,33,72,179,374
17375.0,2011-05-24,2010-12-13,3,8130.24,2011-12-10,6,200,0.5,2394.1,7374.04,17904.57,49668.37,16830944.5,0.5,0.75,1.0,1.0,34.0,15,33,72,179,374
15724.0,2011-05-22,2011-02-28,2,1205.85,2011-12-10,4,202,0.5,2394.1,7374.04,17904.57,49668.37,16830944.5,0.5,0.75,1.0,1.0,34.0,15,33,72,179,374
12897.0,2011-05-19,2011-02-11,2,433.0,2011-12-10,4,205,0.5,2394.1,7374.04,17904.57,49668.37,16830944.5,0.5,0.75,1.0,1.0,34.0,15,33,72,179,374
12857.0,2011-05-13,2011-02-10,2,19582.3,2011-12-10,4,211,0.5,2394.1,7374.04,17904.57,49668.37,16830944.5,0.5,0.75,1.0,1.0,34.0,15,33,72,179,374
15079.0,2011-05-11,2010-12-09,3,13776.83,2011-12-10,6,213,0.5,2394.1,7374.04,17904.57,49668.37,16830944.5,0.5,0.75,1.0,1.0,34.0,15,33,72,179,374
14161.0,2011-05-08,2010-12-05,3,37549.34,2011-12-10,6,216,0.5,2394.1,7374.04,17904.57,49668.37,16830944.5,0.5,0.75,1.0,1.0,34.0,15,33,72,179,374
16109.0,2011-05-05,2011-02-04,2,4820.4,2011-12-10,4,219,0.5,2394.1,7374.04,17904.57,49668.37,16830944.5,0.5,0.75,1.0,1.0,34.0,15,33,72,179,374
17646.0,2011-05-04,2010-12-09,3,14785.09,2011-12-10,6,220,0.5,2394.1,7374.04,17904.57,49668.37,16830944.5,0.5,0.75,1.0,1.0,34.0,15,33,72,179,374
17277.0,2011-04-26,2011-01-21,2,38265.88,2011-12-10,4,228,0.5,2394.1,7374.04,17904.57,49668.37,16830944.5,0.5,0.75,1.0,1.0,34.0,15,33,72,179,374
14770.0,2011-04-21,2011-01-20,2,19458.77,2011-12-10,4,233,0.5,2394.1,7374.04,17904.57,49668.37,16830944.5,0.5,0.75,1.0,1.0,34.0,15,33,72,179,374
14672.0,2011-04-19,2011-01-07,2,18776.12,2011-12-10,4,235,0.5,2394.1,7374.04,17904.57,49668.37,16830944.5,0.5,0.75,1.0,1.0,34.0,15,33,72,179,374
14242.0,2011-04-19,2011-01-18,2,1646.05,2011-12-10,4,235,0.5,2394.1,7374.04,17904.57,49668.37,16830944.5,0.5,0.75,1.0,1.0,34.0,15,33,72,179,374
15139.0,2011-04-14,2011-01-07,2,1261.1,2011-12-10,4,240,0.5,2394.1,7374.04,17904.57,49668.37,16830944.5,0.5,0.75,1.0,1.0,34.0,15,33,72,179,374
12356.0,2011-04-08,2011-01-18,2,54613.48,2011-12-10,4,246,0.5,2394.1,7374.04,17904.57,49668.37,16830944.5,0.5,0.75,1.0,1.0,34.0,15,33,72,179,374
15894.0,2011-03-31,2010-12-05,2,6276.55,2011-12-10,4,254,0.5,2394.1,7374.04,17904.57,49668.37,16830944.5,0.5,0.75,1.0,1.0,34.0,15,33,72,179,374
14479.0,2011-03-31,2010-12-09,2,2878.8,2011-12-10,4,254,0.5,2394.1,7374.04,17904.57,49668.37,16830944.5,0.5,0.75,1.0,1.0,34.0,15,33,72,179,374
15353.0,2011-03-30,2010-12-07,2,18669.69,2011-12-10,4,255,0.5,2394.1,7374.04,17904.57,49668.37,16830944.5,0.5,0.75,1.0,1.0,34.0,15,33,72,179,374
13649.0,2011-03-28,2010-12-08,2,3781.1,2011-12-10,4,257,0.5,2394.1,7374.04,17904.57,49668.37,16830944.5,0.5,0.75,1.0,1.0,34.0,15,33,72,179,374
18071.0,2011-03-27,2010-12-09,2,5041.6,2011-12-10,4,258,0.5,2394.1,7374.04,17904.57,49668.37,16830944.5,0.5,0.75,1.0,1.0,34.0,15,33,72,179,374
14256.0,2011-03-24,2010-12-10,2,20499.3,2011-12-10,4,261,0.5,2394.1,7374.04,17904.57,49668.37,16830944.5,0.5,0.75,1.0,1.0,34.0,15,33,72,179,374
16250.0,2011-03-23,2010-12-01,2,4798.96,2011-12-10,4,262,0.5,2394.1,7374.04,17904.57,49668.37,16830944.5,0.5,0.75,1.0,1.0,34.0,15,33,72,179,374
16402.0,2011-03-20,2010-12-05,2,9937.5,2011-12-10,4,265,0.5,2394.1,7374.04,17904.57,49668.37,16830944.5,0.5,0.75,1.0,1.0,34.0,15,33,72,179,374
12755.0,2011-03-04,2010-12-09,2,3809.6,2011-12-10,4,281,0.5,2394.1,7374.04,17904.57,49668.37,16830944.5,0.5,0.75,1.0,1.0,34.0,15,33,72,179,374
13497.0,2011-03-02,2010-12-06,2,3327.0,2011-12-10,4,283,0.5,2394.1,7374.04,17904.57,49668.37,16830944.5,0.5,0.75,1.0,1.0,34.0,15,33,72,179,374
12433.0,2011-12-09,2010-12-01,7,892967.84,2011-12-10,13,1,0.54,2394.1,7374.04,17904.57,49668.37,16830944.5,0.5,0.75,1.0,1.0,34.0,15,33,72,179,374
16954.0,2011-12-09,2010-12-15,7,11752.98,2011-12-10,13,1,0.54,2394.1,7374.04,17904.57,49668.37,16830944.5,0.5,0.75,1.0,1.0,34.0,15,33,72,179,374
17412.0,2011-12-07,2010-12-02,7,11524.58,2011-12-10,13,3,0.54,2394.1,7374.04,17904.57,49668.37,16830944.5,0.5,0.75,1.0,1.0,34.0,15,33,72,179,374
12347.0,2011-12-07,2010-12-07,7,122083.23,2011-12-10,13,3,0.54,2394.1,7374.04,17904.57,49668.37,16830944.5,0.5,0.75,1.0,1.0,34.0,15,33,72,179,374
12826.0,2011-12-07,2010-12-09,7,21786.98,2011-12-10,13,3,0.54,2394.1,7374.04,17904.57,49668.37,16830944.5,0.5,0.75,1.0,1.0,34.0,15,33,72,179,374
17449.0,2011-12-07,2010-12-15,7,106644.55,2011-12-10,13,3,0.54,2394.1,7374.04,17904.57,49668.37,16830944.5,0.5,0.75,1.0,1.0,34.0,15,33,72,179,374
14907.0,2011-12-06,2010-12-07,7,89350.73,2011-12-10,13,4,0.54,2394.1,7374.04,17904.57,49668.37,16830944.5,0.5,0.75,1.0,1.0,34.0,15,33,72,179,374
12766.0,2011-12-06,2010-12-08,7,296885.38,2011-12-10,13,4,0.54,2394.1,7374.04,17904.57,49668.37,16830944.5,0.5,0.75,1.0,1.0,34.0,15,33,72,179,374
13225.0,2011-12-06,2010-12-13,7,33347.48,2011-12-10,13,4,0.54,2394.1,7374.04,17904.57,49668.37,16830944.5,0.5,0.75,1.0,1.0,34.0,15,33,72,179,374
14696.0,2011-12-05,2010-12-01,7,35007.44,2011-12-10,13,5,0.54,2394.1,7374.04,17904.57,49668.37,16830944.5,0.5,0.75,1.0,1.0,34.0,15,33,72,179,374
14739.0,2011-12-05,2010-12-07,7,35935.76,2011-12-10,13,5,0.54,2394.1,7374.04,17904.57,49668.37,16830944.5,0.5,0.75,1.0,1.0,34.0,15,33,72,179,374
17090.0,2011-12-05,2010-12-20,7,31808.76,2011-12-10,13,5,0.54,2394.1,7374.04,17904.57,49668.37,16830944.5,0.5,0.75,1.0,1.0,34.0,15,33,72,179,374
16905.0,2011-12-04,2010-12-03,7,102169.28,2011-12-10,13,6,0.54,2394.1,7374.04,17904.57,49668.37,16830944.5,0.5,0.75,1.0,1.0,34.0,15,33,72,179,374
18245.0,2011-12-02,2010-12-19,7,79066.97,2011-12-10,13,8,0.54,2394.1,7374.04,17904.57,49668.37,16830944.5,0.5,0.75,1.0,1.0,34.0,15,33,72,179,374
13953.0,2011-12-02,2010-12-22,7,8464.12,2011-12-10,13,8,0.54,2394.1,7374.04,17904.57,49668.37,16830944.5,0.5,0.75,1.0,1.0,34.0,15,33,72,179,374
17937.0,2011-12-01,2010-12-12,7,17540.76,2011-12-10,13,9,0.54,2394.1,7374.04,17904.57,49668.37,16830944.5,0.5,0.75,1.0,1.0,34.0,15,33,72,179,374
16979.0,2011-12-06,2011-02-15,6,24971.53,2011-12-10,11,4,0.55,2394.1,7374.04,17904.57,49668.37,16830944.5,0.5,0.75,1.0,1.0,34.0,15,33,72,179,374
14289.0,2011-12-01,2011-02-23,6,8410.44,2011-12-10,11,9,0.55,2394.1,7374.04,17904.57,49668.37,16830944.5,0.5,0.75,1.0,1.0,34.0,15,33,72,179,374
13509.0,2011-12-01,2011-02-28,6,9324.84,2011-12-10,11,9,0.55,2394.1,7374.04,17904.57,49668.37,16830944.5,0.5,0.75,1.0,1.0,34.0,15,33,72,179,374
18179.0,2011-11-30,2011-01-07,6,23554.76,2011-12-10,11,10,0.55,2394.1,7374.04,17904.57,49668.37,16830944.5,0.5,0.75,1.0,1.0,34.0,15,33,72,179,374
12528.0,2011-11-30,2011-01-31,6,16442.1,2011-12-10,11,10,0.55,2394.1,7374.04,17904.57,49668.37,16830944.5,0.5,0.75,1.0,1.0,34.0,15,33,72,179,374
14209.0,2011-11-29,2011-01-11,6,20537.66,2011-12-10,11,11,0.55,2394.1,7374.04,17904.57,49668.37,16830944.5,0.5,0.75,1.0,1.0,34.0,15,33,72,179,374
13782.0,2011-11-27,2011-01-16,6,14572.67,2011-12-10,11,13,0.55,2394.1,7374.04,17904.57,49668.37,16830944.5,0.5,0.75,1.0,1.0,34.0,15,33,72,179,374
12388.0,2011-11-24,2011-01-17,6,59905.9,2011-12-10,11,16,0.55,2394.1,7374.04,17904.57,49668.37,16830944.5,0.5,0.75,1.0,1.0,34.0,15,33,72,179,374
16655.0,2011-11-22,2011-01-12,6,166568.25,2011-12-10,11,18,0.55,2394.1,7374.04,17904.57,49668.37,16830944.5,0.5,0.75,1.0,1.0,34.0,15,33,72,179,374
13246.0,2011-11-21,2011-01-13,6,46473.12,2011-12-10,11,19,0.55,2394.1,7374.04,17904.57,49668.37,16830944.5,0.5,0.75,1.0,1.0,34.0,15,33,72,179,374
14595.0,2011-11-20,2011-01-30,6,74114.47,2011-12-10,11,20,0.55,2394.1,7374.04,17904.57,49668.37,16830944.5,0.5,0.75,1.0,1.0,34.0,15,33,72,179,374
12778.0,2011-11-20,2011-01-31,6,4951.8,2011-12-10,11,20,0.55,2394.1,7374.04,17904.57,49668.37,16830944.5,0.5,0.75,1.0,1.0,34.0,15,33,72,179,374
15864.0,2011-11-17,2011-01-27,6,6930.84,2011-12-10,11,23,0.55,2394.1,7374.04,17904.57,49668.37,16830944.5,0.5,0.75,1.0,1.0,34.0,15,33,72,179,374
17007.0,2011-10-20,2010-12-17,6,8040.63,2011-12-10,11,51,0.55,2394.1,7374.04,17904.57,49668.37,16830944.5,0.5,0.75,1.0,1.0,34.0,15,33,72,179,374
14639.0,2011-10-18,2010-12-13,6,84516.76,2011-12-10,11,53,0.55,2394.1,7374.04,17904.57,49668.37,16830944.5,0.5,0.75,1.0,1.0,34.0,15,33,72,179,374
14841.0,2011-10-17,2010-12-16,6,68083.16,2011-12-10,11,54,0.55,2394.1,7374.04,17904.57,49668.37,16830944.5,0.5,0.75,1.0,1.0,34.0,15,33,72,179,374
13520.0,2011-10-12,2010-12-03,6,46622.84,2011-12-10,11,59,0.55,2394.1,7374.04,17904.57,49668.37,16830944.5,0.5,0.75,1.0,1.0,34.0,15,33,72,179,374
15038.0,2011-10-12,2010-12-05,6,10433.37,2011-12-10,11,59,0.55,2394.1,7374.04,17904.57,49668.37,16830944.5,0.5,0.75,1.0,1.0,34.0,15,33,72,179,374
17863.0,2011-10-11,2010-12-05,6,83222.92,2011-12-10,11,60,0.55,2394.1,7374.04,17904.57,49668.37,16830944.5,0.5,0.75,1.0,1.0,34.0,15,33,72,179,374
17214.0,2011-10-10,2010-12-15,6,12091.75,2011-12-10,11,61,0.55,2394.1,7374.04,17904.57,49668.37,16830944.5,0.5,0.75,1.0,1.0,34.0,15,33,72,179,374
16059.0,2011-10-05,2010-12-07,6,45040.92,2011-12-10,11,66,0.55,2394.1,7374.04,17904.57,49668.37,16830944.5,0.5,0.75,1.0,1.0,34.0,15,33,72,179,374
13317.0,2011-10-04,2010-12-16,6,68215.11,2011-12-10,11,67,0.55,2394.1,7374.04,17904.57,49668.37,16830944.5,0.5,0.75,1.0,1.0,34.0,15,33,72,179,374
15299.0,2011-10-03,2010-12-02,6,3907.01,2011-12-10,11,68,0.55,2394.1,7374.04,17904.57,49668.37,16830944.5,0.5,0.75,1.0,1.0,34.0,15,33,72,179,374
14719.0,2011-12-08,2011-04-04,5,69772.45,2011-12-10,9,2,0.56,2394.1,7374.04,17904.57,49668.37,16830944.5,0.5,0.75,1.0,1.0,34.0,15,33,72,179,374
17042.0,2011-12-07,2011-04-06,5,22237.41,2011-12-10,9,3,0.56,2394.1,7374.04,17904.57,49668.37,16830944.5,0.5,0.75,1.0,1.0,34.0,15,33,72,179,374
14546.0,2011-12-04,2011-04-05,5,207806.5,2011-12-10,9,6,0.56,2394.1,7374.04,17904.57,49668.37,16830944.5,0.5,0.75,1.0,1.0,34.0,15,33,72,179,374
15172.0,2011-12-01,2011-04-17,5,35221.04,2011-12-10,9,9,0.56,2394.1,7374.04,17904.57,49668.37,16830944.5,0.5,0.75,1.0,1.0,34.0,15,33,72,179,374
13883.0,2011-11-29,2011-03-31,5,79727.58,2011-12-10,9,11,0.56,2394.1,7374.04,17904.57,49668.37,16830944.5,0.5,0.75,1.0,1.0,34.0,15,33,72,179,374
16128.0,2011-11-22,2011-03-02,5,41404.7,2011-12-10,9,18,0.56,2394.1,7374.04,17904.57,49668.37,16830944.5,0.5,0.75,1.0,1.0,34.0,15,33,72,179,374
13499.0,2011-11-22,2011-03-15,5,8973.93,2011-12-10,9,18,0.56,2394.1,7374.04,17904.57,49668.37,16830944.5,0.5,0.75,1.0,1.0,34.0,15,33,72,179,374
15106.0,2011-11-22,2011-03-15,5,28070.83,2011-12-10,9,18,0.56,2394.1,7374.04,17904.57,49668.37,16830944.5,0.5,0.75,1.0,1.0,34.0,15,33,72,179,374
14447.0,2011-11-21,2011-03-04,5,19876.46,2011-12-10,9,19,0.56,2394.1,7374.04,17904.57,49668.37,16830944.5,0.5,0.75,1.0,1.0,34.0,15,33,72,179,374
15132.0,2011-11-21,2011-03-22,5,15470.61,2011-12-10,9,19,0.56,2394.1,7374.04,17904.57,49668.37,16830944.5,0.5,0.75,1.0,1.0,34.0,15,33,72,179,374
14903.0,2011-11-18,2011-03-06,5,172671.2,2011-12-10,9,22,0.56,2394.1,7374.04,17904.57,49668.37,16830944.5,0.5,0.75,1.0,1.0,34.0,15,33,72,179,374
16809.0,2011-11-16,2011-03-22,5,29655.06,2011-12-10,9,24,0.56,2394.1,7374.04,17904.57,49668.37,16830944.5,0.5,0.75,1.0,1.0,34.0,15,33,72,179,374
15681.0,2011-11-14,2011-03-04,5,17760.96,2011-12-10,9,26,0.56,2394.1,7374.04,17904.57,49668.37,16830944.5,0.5,0.75,1.0,1.0,34.0,15,33,72,179,374
18211.0,2011-11-14,2011-03-06,5,5159.89,2011-12-10,9,26,0.56,2394.1,7374.04,17904.57,49668.37,16830944.5,0.5,0.75,1.0,1.0,34.0,15,33,72,179,374
14064.0,2011-11-10,2011-03-10,5,20495.32,2011-12-10,9,30,0.56,2394.1,7374.04,17904.57,49668.37,16830944.5,0.5,0.75,1.0,1.0,34.0,15,33,72,179,374
14214.0,2011-11-09,2011-03-07,5,24199.9,2011-12-10,9,31,0.56,2394.1,7374.04,17904.57,49668.37,16830944.5,0.5,0.75,1.0,1.0,34.0,15,33,72,179,374
15493.0,2011-11-07,2011-03-14,5,89977.24,2011-12-10,9,33,0.56,2394.1,7374.04,17904.57,49668.37,16830944.5,0.5,0.75,1.0,1.0,34.0,15,33,72,179,374
12408.0,2011-11-07,2011-03-24,5,55350.49,2011-12-10,9,33,0.56,2394.1,7374.04,17904.57,49668.37,16830944.5,0.5,0.75,1.0,1.0,34.0,15,33,72,179,374
17966.0,2011-11-02,2011-03-23,5,11188.78,2011-12-10,9,38,0.56,2394.1,7374.04,17904.57,49668.37,16830944.5,0.5,0.75,1.0,1.0,34.0,15,33,72,179,374
15240.0,2011-10-26,2011-02-01,5,25396.51,2011-12-10,9,45,0.56,2394.1,7374.04,17904.57,49668.37,16830944.5,0.5,0.75,1.0,1.0,34.0,15,33,72,179,374
16515.0,2011-10-18,2011-02-01,5,31475.27,2011-12-10,9,53,0.56,2394.1,7374.04,17904.57,49668.37,16830944.5,0.5,0.75,1.0,1.0,34.0,15,33,72,179,374
13875.0,2011-10-17,2011-02-11,5,34224.0,2011-12-10,9,54,0.56,2394.1,7374.04,17904.57,49668.37,16830944.5,0.5,0.75,1.0,1.0,34.0,15,33,72,179,374
16394.0,2011-10-14,2011-02-23,5,25784.14,2011-12-10,9,57,0.56,2394.1,7374.04,17904.57,49668.37,16830944.5,0.5,0.75,1.0,1.0,34.0,15,33,72,179,374
14665.0,2011-10-10,2011-02-02,5,30018.0,2011-12-10,9,61,0.56,2394.1,7374.04,17904.57,49668.37,16830944.5,0.5,0.75,1.0,1.0,34.0,15,33,72,179,374
17667.0,2011-10-04,2011-02-14,5,57735.48,2011-12-10,9,67,0.56,2394.1,7374.04,17904.57,49668.37,16830944.5,0.5,0.75,1.0,1.0,34.0,15,33,72,179,374
13397.0,2011-09-28,2011-01-04,5,9564.65,2011-12-10,9,73,0.56,2394.1,7374.04,17904.57,49668.37,16830944.5,0.5,0.75,1.0,1.0,34.0,15,33,72,179,374
14978.0,2011-09-28,2011-01-13,5,77961.36,2011-12-10,9,73,0.56,2394.1,7374.04,17904.57,49668.37,16830944.5,0.5,0.75,1.0,1.0,34.0,15,33,72,179,374
16321.0,2011-09-28,2011-01-20,5,754.5,2011-12-10,9,73,0.56,2394.1,7374.04,17904.57,49668.37,16830944.5,0.5,0.75,1.0,1.0,34.0,15,33,72,179,374
13901.0,2011-09-28,2011-01-25,5,127992.47,2011-12-10,9,73,0.56,2394.1,7374.04,17904.57,49668.37,16830944.5,0.5,0.75,1.0,1.0,34.0,15,33,72,179,374
16735.0,2011-09-22,2011-01-09,5,69615.5,2011-12-10,9,79,0.56,2394.1,7374.04,17904.57,49668.37,16830944.5,0.5,0.75,1.0,1.0,34.0,15,33,72,179,374
13141.0,2011-09-16,2011-01-28,5,76307.16,2011-12-10,9,85,0.56,2394.1,7374.04,17904.57,49668.37,16830944.5,0.5,0.75,1.0,1.0,34.0,15,33,72,179,374
15596.0,2011-08-31,2010-12-09,5,19561.92,2011-12-10,9,101,0.56,2394.1,7374.04,17904.57,49668.37,16830944.5,0.5,0.75,1.0,1.0,34.0,15,33,72,179,374
17869.0,2011-08-24,2010-12-06,5,3047.1,2011-12-10,9,108,0.56,2394.1,7374.04,17904.57,49668.37,16830944.5,0.5,0.75,1.0,1.0,34.0,15,33,72,179,374
16550.0,2011-08-23,2010-12-06,5,93435.37,2011-12-10,9,109,0.56,2394.1,7374.04,17904.57,49668.37,16830944.5,0.5,0.75,1.0,1.0,34.0,15,33,72,179,374
17085.0,2011-08-08,2010-12-12,5,56301.99,2011-12-10,9,124,0.56,2394.1,7374.04,17904.57,49668.37,16830944.5,0.5,0.75,1.0,1.0,34.0,15,33,72,179,374
17400.0,2011-08-05,2010-12-21,5,114134.88,2011-12-10,9,127,0.56,2394.1,7374.04,17904.57,49668.37,16830944.5,0.5,0.75,1.0,1.0,34.0,15,33,72,179,374
16358.0,2011-12-08,2011-06-08,4,53914.4,2011-12-10,7,2,0.57,2394.1,7374.04,17904.57,49668.37,16830944.5,0.5,0.75,1.0,1.0,34.0,15,33,72,179,374
13510.0,2011-12-08,2011-06-09,4,51712.72,2011-12-10,7,2,0.57,2394.1,7374.04,17904.57,49668.37,16830944.5,0.5,0.75,1.0,1.0,34.0,15,33,72,179,374
12615.0,2011-12-07,2011-06-24,4,53031.5,2011-12-10,7,3,0.57,2394.1,7374.04,17904.57,49668.37,16830944.5,0.5,0.75,1.0,1.0,34.0,15,33,72,179,374
14173.0,2011-11-29,2011-05-04,4,2338.02,2011-12-10,7,11,0.57,2394.1,7374.04,17904.57,49668.37,16830944.5,0.5,0.75,1.0,1.0,34.0,15,33,72,179,374
16094.0,2011-11-28,2011-05-04,4,15296.14,2011-12-10,7,12,0.57,2394.1,7374.04,17904.57,49668.37,16830944.5,0.5,0.75,1.0,1.0,34.0,15,33,72,179,374
15561.0,2011-11-28,2011-05-08,4,4901.59,2011-12-10,7,12,0.57,2394.1,7374.04,17904.57,49668.37,16830944.5,0.5,0.75,1.0,1.0,34.0,15,33,72,179,374
14859.0,2011-11-27,2011-05-19,4,23056.6,2011-12-10,7,13,0.57,2394.1,7374.04,17904.57,49668.37,16830944.5,0.5,0.75,1.0,1.0,34.0,15,33,72,179,374
14591.0,2011-11-24,2011-05-10,4,64582.49,2011-12-10,7,16,0.57,2394.1,7374.04,17904.57,49668.37,16830944.5,0.5,0.75,1.0,1.0,34.0,15,33,72,179,374
17345.0,2011-11-24,2011-05-27,4,16074.51,2011-12-10,7,16,0.57,2394.1,7374.04,17904.57,49668.37,16830944.5,0.5,0.75,1.0,1.0,34.0,15,33,72,179,374
15116.0,2011-11-22,2011-05-19,4,15142.3,2011-12-10,7,18,0.57,2394.1,7374.04,17904.57,49668.37,16830944.5,0.5,0.75,1.0,1.0,34.0,15,33,72,179,374
14342.0,2011-11-18,2011-05-13,4,2465.22,2011-12-10,7,22,0.57,2394.1,7374.04,17904.57,49668.37,16830944.5,0.5,0.75,1.0,1.0,34.0,15,33,72,179,374
16463.0,2011-11-18,2011-05-19,4,28560.19,2011-12-10,7,22,0.57,2394.1,7374.04,17904.57,49668.37,16830944.5,0.5,0.75,1.0,1.0,34.0,15,33,72,179,374
16341.0,2011-11-15,2011-05-22,4,51210.14,2011-12-10,7,25,0.57,2394.1,7374.04,17904.57,49668.37,16830944.5,0.5,0.75,1.0,1.0,34.0,15,33,72,179,374
14522.0,2011-11-15,2011-05-25,4,6020.81,2011-12-10,7,25,0.57,2394.1,7374.04,17904.57,49668.37,16830944.5,0.5,0.75,1.0,1.0,34.0,15,33,72,179,374
13835.0,2011-11-14,2011-05-08,4,12035.05,2011-12-10,7,26,0.57,2394.1,7374.04,17904.57,49668.37,16830944.5,0.5,0.75,1.0,1.0,34.0,15,33,72,179,374
17702.0,2011-11-09,2011-05-17,4,34228.3,2011-12-10,7,31,0.57,2394.1,7374.04,17904.57,49668.37,16830944.5,0.5,0.75,1.0,1.0,34.0,15,33,72,179,374
17867.0,2011-11-09,2011-05-20,4,18009.78,2011-12-10,7,31,0.57,2394.1,7374.04,17904.57,49668.37,16830944.5,0.5,0.75,1.0,1.0,34.0,15,33,72,179,374
12674.0,2011-11-01,2011-05-16,4,31189.46,2011-12-10,7,39,0.57,2394.1,7374.04,17904.57,49668.37,16830944.5,0.5,0.75,1.0,1.0,34.0,15,33,72,179,374
16188.0,2011-10-26,2011-04-11,4,18061.53,2011-12-10,7,45,0.57,2394.1,7374.04,17904.57,49668.37,16830944.5,0.5,0.75,1.0,1.0,34.0,15,33,72,179,374
18079.0,2011-10-25,2011-04-15,4,124054.54,2011-12-10,7,46,0.57,2394.1,7374.04,17904.57,49668.37,16830944.5,0.5,0.75,1.0,1.0,34.0,15,33,72,179,374
14273.0,2011-10-19,2011-04-11,4,4516.57,2011-12-10,7,52,0.57,2394.1,7374.04,17904.57,49668.37,16830944.5,0.5,0.75,1.0,1.0,34.0,15,33,72,179,374
12463.0,2011-10-17,2011-04-12,4,22253.06,2011-12-10,7,54,0.57,2394.1,7374.04,17904.57,49668.37,16830944.5,0.5,0.75,1.0,1.0,34.0,15,33,72,179,374
16224.0,2011-10-13,2011-04-04,4,31156.14,2011-12-10,7,58,0.57,2394.1,7374.04,17904.57,49668.37,16830944.5,0.5,0.75,1.0,1.0,34.0,15,33,72,179,374
17648.0,2011-10-10,2011-04-04,4,32986.14,2011-12-10,7,61,0.57,2394.1,7374.04,17904.57,49668.37,16830944.5,0.5,0.75,1.0,1.0,34.0,15,33,72,179,374
17589.0,2011-10-10,2011-04-13,4,145093.22,2011-12-10,7,61,0.57,2394.1,7374.04,17904.57,49668.37,16830944.5,0.5,0.75,1.0,1.0,34.0,15,33,72,179,374
15756.0,2011-10-09,2011-04-04,4,24128.0,2011-12-10,7,62,0.57,2394.1,7374.04,17904.57,49668.37,16830944.5,0.5,0.75,1.0,1.0,34.0,15,33,72,179,374
14844.0,2011-10-07,2011-04-12,4,98419.16,2011-12-10,7,64,0.57,2394.1,7374.04,17904.57,49668.37,16830944.5,0.5,0.75,1.0,1.0,34.0,15,33,72,179,374
13771.0,2011-10-06,2011-04-06,4,85270.0,2011-12-10,7,65,0.57,2394.1,7374.04,17904.57,49668.37,16830944.5,0.5,0.75,1.0,1.0,34.0,15,33,72,179,374
15674.0,2011-09-27,2011-03-30,4,68698.77,2011-12-10,7,74,0.57,2394.1,7374.04,17904.57,49668.37,16830944.5,0.5,0.75,1.0,1.0,34.0,15,33,72,179,374
13908.0,2011-09-21,2011-03-08,4,74604.38,2011-12-10,7,80,0.57,2394.1,7374.04,17904.57,49668.37,16830944.5,0.5,0.75,1.0,1.0,34.0,15,33,72,179,374
18173.0,2011-09-14,2011-03-10,4,19016.88,2011-12-10,7,87,0.57,2394.1,7374.04,17904.57,49668.37,16830944.5,0.5,0.75,1.0,1.0,34.0,15,33,72,179,374
13301.0,2011-08-28,2011-02-20,4,10589.23,2011-12-10,7,104,0.57,2394.1,7374.04,17904.57,49668.37,16830944.5,0.5,0.75,1.0,1.0,34.0,15,33,72,179,374
13489.0,2011-08-26,2011-02-18,4,1314.96,2011-12-10,7,106,0.57,2394.1,7374.04,17904.57,49668.37,16830944.5,0.5,0.75,1.0,1.0,34.0,15,33,72,179,374
16045.0,2011-08-12,2011-02-22,4,30781.25,2011-12-10,7,120,0.57,2394.1,7374.04,17904.57,49668.37,16830944.5,0.5,0.75,1.0,1.0,34.0,15,33,72,179,374
17994.0,2011-08-10,2011-02-22,4,19445.96,2011-12-10,7,122,0.57,2394.1,7374.04,17904.57,49668.37,16830944.5,0.5,0.75,1.0,1.0,34.0,15,33,72,179,374
14692.0,2011-07-25,2011-01-21,4,11513.45,2011-12-10,7,138,0.57,2394.1,7374.04,17904.57,49668.37,16830944.5,0.5,0.75,1.0,1.0,34.0,15,33,72,179,374
12916.0,2011-07-24,2011-01-23,4,60777.5,2011-12-10,7,139,0.57,2394.1,7374.04,17904.57,49668.37,16830944.5,0.5,0.75,1.0,1.0,34.0,15,33,72,179,374
16112.0,2011-07-19,2011-01-05,4,849.44,2011-12-10,7,144,0.57,2394.1,7374.04,17904.57,49668.37,16830944.5,0.5,0.75,1.0,1.0,34.0,15,33,72,179,374
15574.0,2011-06-15,2010-12-02,4,39492.0,2011-12-10,7,178,0.57,2394.1,7374.04,17904.57,49668.37,16830944.5,0.5,0.75,1.0,1.0,34.0,15,33,72,179,374
16955.0,2011-06-08,2010-12-01,4,3116.85,2011-12-10,7,185,0.57,2394.1,7374.04,17904.57,49668.37,16830944.5,0.5,0.75,1.0,1.0,34.0,15,33,72,179,374
15658.0,2011-06-02,2010-12-02,4,8375.25,2011-12-10,7,191,0.57,2394.1,7374.04,17904.57,49668.37,16830944.5,0.5,0.75,1.0,1.0,34.0,15,33,72,179,374
14653.0,2011-12-08,2011-01-05,7,63560.57,2011-12-10,12,2,0.58,2394.1,7374.04,17904.57,49668.37,16830944.5,0.5,0.75,1.0,1.0,34.0,15,33,72,179,374
15443.0,2011-12-08,2011-01-23,7,166347.52,2011-12-10,12,2,0.58,2394.1,7374.04,17904.57,49668.37,16830944.5,0.5,0.75,1.0,1.0,34.0,15,33,72,179,374
12935.0,2011-12-07,2011-01-24,7,43152.6,2011-12-10,12,3,0.58,2394.1,7374.04,17904.57,49668.37,16830944.5,0.5,0.75,1.0,1.0,34.0,15,33,72,179,374
14572.0,2011-12-06,2011-01-19,7,117066.25,2011-12-10,12,4,0.58,2394.1,7374.04,17904.57,49668.37,16830944.5,0.5,0.75,1.0,1.0,34.0,15,33,72,179,374
17288.0,2011-11-30,2010-12-16,7,52220.57,2011-12-10,12,10,0.58,2394.1,7374.04,17904.57,49668.37,16830944.5,0.5,0.75,1.0,1.0,34.0,15,33,72,179,374
17655.0,2011-11-29,2010-12-08,7,26050.22,2011-12-10,12,11,0.58,2394.1,7374.04,17904.57,49668.37,16830944.5,0.5,0.75,1.0,1.0,34.0,15,33,72,179,374
17924.0,2011-11-28,2010-12-01,7,30979.92,2011-12-10,12,12,0.58,2394.1,7374.04,17904.57,49668.37,16830944.5,0.5,0.75,1.0,1.0,34.0,15,33,72,179,374
13758.0,2011-11-28,2010-12-01,7,59475.74,2011-12-10,12,12,0.58,2394.1,7374.04,17904.57,49668.37,16830944.5,0.5,0.75,1.0,1.0,34.0,15,33,72,179,374
17188.0,2011-11-28,2010-12-12,7,24640.91,2011-12-10,12,12,0.58,2394.1,7374.04,17904.57,49668.37,16830944.5,0.5,0.75,1.0,1.0,34.0,15,33,72,179,374
17739.0,2011-11-28,2010-12-14,7,18868.94,2011-12-10,12,12,0.58,2394.1,7374.04,17904.57,49668.37,16830944.5,0.5,0.75,1.0,1.0,34.0,15,33,72,179,374
15351.0,2011-11-27,2010-12-05,7,70760.64,2011-12-10,12,13,0.58,2394.1,7374.04,17904.57,49668.37,16830944.5,0.5,0.75,1.0,1.0,34.0,15,33,72,179,374
16983.0,2011-11-27,2010-12-05,7,38501.71,2011-12-10,12,13,0.58,2394.1,7374.04,17904.57,49668.37,16830944.5,0.5,0.75,1.0,1.0,34.0,15,33,72,179,374
15987.0,2011-11-27,2010-12-06,7,27932.86,2011-12-10,12,13,0.58,2394.1,7374.04,17904.57,49668.37,16830944.5,0.5,0.75,1.0,1.0,34.0,15,33,72,179,374
16719.0,2011-11-25,2010-12-06,7,36660.99,2011-12-10,12,15,0.58,2394.1,7374.04,17904.57,49668.37,16830944.5,0.5,0.75,1.0,1.0,34.0,15,33,72,179,374
12494.0,2011-11-24,2010-12-09,7,13496.49,2011-12-10,12,16,0.58,2394.1,7374.04,17904.57,49668.37,16830944.5,0.5,0.75,1.0,1.0,34.0,15,33,72,179,374
17685.0,2011-11-23,2010-12-02,7,101146.93,2011-12-10,12,17,0.58,2394.1,7374.04,17904.57,49668.37,16830944.5,0.5,0.75,1.0,1.0,34.0,15,33,72,179,374
14744.0,2011-11-23,2010-12-08,7,4176.3,2011-12-10,12,17,0.58,2394.1,7374.04,17904.57,49668.37,16830944.5,0.5,0.75,1.0,1.0,34.0,15,33,72,179,374
15916.0,2011-11-23,2010-12-08,7,27980.2,2011-12-10,12,17,0.58,2394.1,7374.04,17904.57,49668.37,16830944.5,0.5,0.75,1.0,1.0,34.0,15,33,72,179,374
15727.0,2011-11-23,2010-12-15,7,206754.29,2011-12-10,12,17,0.58,2394.1,7374.04,17904.57,49668.37,16830944.5,0.5,0.75,1.0,1.0,34.0,15,33,72,179,374
16531.0,2011-11-17,2010-12-14,7,12880.9,2011-12-10,12,23,0.58,2394.1,7374.04,17904.57,49668.37,16830944.5,0.5,0.75,1.0,1.0,34.0,15,33,72,179,374
17596.0,2011-11-16,2010-12-06,7,109031.65,2011-12-10,12,24,0.58,2394.1,7374.04,17904.57,49668.37,16830944.5,0.5,0.75,1.0,1.0,34.0,15,33,72,179,374
14533.0,2011-11-15,2010-12-22,7,20942.2,2011-12-10,12,25,0.58,2394.1,7374.04,17904.57,49668.37,16830944.5,0.5,0.75,1.0,1.0,34.0,15,33,72,179,374
17287.0,2011-11-13,2010-12-02,7,15490.89,2011-12-10,12,27,0.58,2394.1,7374.04,17904.57,49668.37,16830944.5,0.5,0.75,1.0,1.0,34.0,15,33,72,179,374
12867.0,2011-11-13,2010-12-14,7,331674.51,2011-12-10,12,27,0.58,2394.1,7374.04,17904.57,49668.37,16830944.5,0.5,0.75,1.0,1.0,34.0,15,33,72,179,374
17191.0,2011-11-11,2010-12-06,7,78897.1,2011-12-10,12,29,0.58,2394.1,7374.04,17904.57,49668.37,16830944.5,0.5,0.75,1.0,1.0,34.0,15,33,72,179,374
12726.0,2011-11-11,2010-12-17,7,50763.86,2011-12-10,12,29,0.58,2394.1,7374.04,17904.57,49668.37,16830944.5,0.5,0.75,1.0,1.0,34.0,15,33,72,179,374
16218.0,2011-11-10,2010-12-01,7,44329.56,2011-12-10,12,30,0.58,2394.1,7374.04,17904.57,49668.37,16830944.5,0.5,0.75,1.0,1.0,34.0,15,33,72,179,374
14466.0,2011-11-10,2010-12-02,7,14289.15,2011-12-10,12,30,0.58,2394.1,7374.04,17904.57,49668.37,16830944.5,0.5,0.75,1.0,1.0,34.0,15,33,72,179,374
16743.0,2011-11-10,2010-12-16,7,67052.35,2011-12-10,12,30,0.58,2394.1,7374.04,17904.57,49668.37,16830944.5,0.5,0.75,1.0,1.0,34.0,15,33,72,179,374
12472.0,2011-11-07,2010-12-05,7,321075.1,2011-12-10,12,33,0.58,2394.1,7374.04,17904.57,49668.37,16830944.5,0.5,0.75,1.0,1.0,34.0,15,33,72,179,374
14422.0,2011-12-09,2011-03-17,6,179021.81,2011-12-10,10,1,0.6,2394.1,7374.04,17904.57,49668.37,16830944.5,0.5,0.75,1.0,1.0,34.0,15,33,72,179,374
18210.0,2011-12-08,2011-03-17,6,81255.99,2011-12-10,10,2,0.6,2394.1,7374.04,17904.57,49668.37,16830944.5,0.5,0.75,1.0,1.0,34.0,15,33,72,179,374
14418.0,2011-12-06,2011-08-23,3,90100.74,2011-12-10,5,4,0.6,2394.1,7374.04,17904.57,49668.37,16830944.5,0.5,0.75,1.0,1.0,34.0,15,33,72,179,374
14720.0,2011-12-04,2011-08-05,3,5665.42,2011-12-10,5,6,0.6,2394.1,7374.04,17904.57,49668.37,16830944.5,0.5,0.75,1.0,1.0,34.0,15,33,72,179,374
17426.0,2011-12-01,2011-03-02,6,278601.61,2011-12-10,10,9,0.6,2394.1,7374.04,17904.57,49668.37,16830944.5,0.5,0.75,1.0,1.0,34.0,15,33,72,179,374
15467.0,2011-11-30,2011-07-10,3,10956.28,2011-12-10,5,10,0.6,2394.1,7374.04,17904.57,49668.37,16830944.5,0.5,0.75,1.0,1.0,34.0,15,33,72,179,374
15755.0,2011-11-29,2011-02-18,6,51645.01,2011-12-10,10,11,0.6,2394.1,7374.04,17904.57,49668.37,16830944.5,0.5,0.75,1.0,1.0,34.0,15,33,72,179,374
13590.0,2011-11-28,2011-02-09,6,29871.69,2011-12-10,10,12,0.6,2394.1,7374.04,17904.57,49668.37,16830944.5,0.5,0.75,1.0,1.0,34.0,15,33,72,179,374
15382.0,2011-11-25,2011-02-17,6,430315.02,2011-12-10,10,15,0.6,2394.1,7374.04,17904.57,49668.37,16830944.5,0.5,0.75,1.0,1.0,34.0,15,33,72,179,374
16668.0,2011-11-24,2011-02-28,6,1125.36,2011-12-10,10,16,0.6,2394.1,7374.04,17904.57,49668.37,16830944.5,0.5,0.75,1.0,1.0,34.0,15,33,72,179,374
17422.0,2011-11-23,2011-02-16,6,39177.84,2011-12-10,10,17,0.6,2394.1,7374.04,17904.57,49668.37,16830944.5,0.5,0.75,1.0,1.0,34.0,15,33,72,179,374
15901.0,2011-11-23,2011-07-08,3,12111.65,2011-12-10,5,17,0.6,2394.1,7374.04,17904.57,49668.37,16830944.5,0.5,0.75,1.0,1.0,34.0,15,33,72,179,374
16762.0,2011-11-20,2011-07-18,3,47194.7,2011-12-10,5,20,0.6,2394.1,7374.04,17904.57,49668.37,16830944.5,0.5,0.75,1.0,1.0,34.0,15,33,72,179,374
16464.0,2011-11-20,2011-07-20,3,91626.6,2011-12-10,5,20,0.6,2394.1,7374.04,17904.57,49668.37,16830944.5,0.5,0.75,1.0,1.0,34.0,15,33,72,179,374
18127.0,2011-11-20,2011-07-29,3,5312.83,2011-12-10,5,20,0.6,2394.1,7374.04,17904.57,49668.37,16830944.5,0.5,0.75,1.0,1.0,34.0,15,33,72,179,374
17779.0,2011-11-18,2011-07-19,3,17350.03,2011-12-10,5,22,0.6,2394.1,7374.04,17904.57,49668.37,16830944.5,0.5,0.75,1.0,1.0,34.0,15,33,72,179,374
12477.0,2011-11-17,2011-02-11,6,571413.42,2011-12-10,10,23,0.6,2394.1,7374.04,17904.57,49668.37,16830944.5,0.5,0.75,1.0,1.0,34.0,15,33,72,179,374
14034.0,2011-11-17,2011-07-05,3,16514.22,2011-12-10,5,23,0.6,2394.1,7374.04,17904.57,49668.37,16830944.5,0.5,0.75,1.0,1.0,34.0,15,33,72,179,374
14332.0,2011-11-17,2011-07-15,3,9575.98,2011-12-10,5,23,0.6,2394.1,7374.04,17904.57,49668.37,16830944.5,0.5,0.75,1.0,1.0,34.0,15,33,72,179,374
15506.0,2011-11-17,2011-07-24,3,55290.79,2011-12-10,5,23,0.6,2394.1,7374.04,17904.57,49668.37,16830944.5,0.5,0.75,1.0,1.0,34.0,15,33,72,179,374
15051.0,2011-11-16,2011-07-12,3,73562.07,2011-12-10,5,24,0.6,2394.1,7374.04,17904.57,49668.37,16830944.5,0.5,0.75,1.0,1.0,34.0,15,33,72,179,374
12676.0,2011-11-15,2011-02-01,6,8745.3,2011-12-10,10,25,0.6,2394.1,7374.04,17904.57,49668.37,16830944.5,0.5,0.75,1.0,1.0,34.0,15,33,72,179,374
13058.0,2011-11-15,2011-07-11,3,536.85,2011-12-10,5,25,0.6,2394.1,7374.04,17904.57,49668.37,16830944.5,0.5,0.75,1.0,1.0,34.0,15,33,72,179,374
15203.0,2011-11-14,2011-02-01,6,46978.08,2011-12-10,10,26,0.6,2394.1,7374.04,17904.57,49668.37,16830944.5,0.5,0.75,1.0,1.0,34.0,15,33,72,179,374
14530.0,2011-11-14,2011-02-16,6,80450.68,2011-12-10,10,26,0.6,2394.1,7374.04,17904.57,49668.37,16830944.5,0.5,0.75,1.0,1.0,34.0,15,33,72,179,374
13379.0,2011-11-13,2011-07-26,3,19846.15,2011-12-10,5,27,0.6,2394.1,7374.04,17904.57,49668.37,16830944.5,0.5,0.75,1.0,1.0,34.0,15,33,72,179,374
14188.0,2011-11-09,2011-02-02,6,21635.86,2011-12-10,10,31,0.6,2394.1,7374.04,17904.57,49668.37,16830944.5,0.5,0.75,1.0,1.0,34.0,15,33,72,179,374
16041.0,2011-11-09,2011-07-21,3,5860.8,2011-12-10,5,31,0.6,2394.1,7374.04,17904.57,49668.37,16830944.5,0.5,0.75,1.0,1.0,34.0,15,33,72,179,374
13381.0,2011-11-08,2011-02-14,6,83520.23,2011-12-10,10,32,0.6,2394.1,7374.04,17904.57,49668.37,16830944.5,0.5,0.75,1.0,1.0,34.0,15,33,72,179,374
13717.0,2011-11-07,2011-02-14,6,21118.35,2011-12-10,10,33,0.6,2394.1,7374.04,17904.57,49668.37,16830944.5,0.5,0.75,1.0,1.0,34.0,15,33,72,179,374
16488.0,2011-11-06,2011-07-14,3,3990.94,2011-12-10,5,34,0.6,2394.1,7374.04,17904.57,49668.37,16830944.5,0.5,0.75,1.0,1.0,34.0,15,33,72,179,374
15839.0,2011-11-06,2011-07-14,3,23583.51,2011-12-10,5,34,0.6,2394.1,7374.04,17904.57,49668.37,16830944.5,0.5,0.75,1.0,1.0,34.0,15,33,72,179,374
16012.0,2011-11-04,2011-07-07,3,32308.94,2011-12-10,5,36,0.6,2394.1,7374.04,17904.57,49668.37,16830944.5,0.5,0.75,1.0,1.0,34.0,15,33,72,179,374
17703.0,2011-11-04,2011-07-24,3,14717.78,2011-12-10,5,36,0.6,2394.1,7374.04,17904.57,49668.37,16830944.5,0.5,0.75,1.0,1.0,34.0,15,33,72,179,374
13728.0,2011-11-03,2011-02-02,6,10131.01,2011-12-10,10,37,0.6,2394.1,7374.04,17904.57,49668.37,16830944.5,0.5,0.75,1.0,1.0,34.0,15,33,72,179,374
17442.0,2011-11-03,2011-02-22,6,49108.64,2011-12-10,10,37,0.6,2394.1,7374.04,17904.57,49668.37,16830944.5,0.5,0.75,1.0,1.0,34.0,15,33,72,179,374
16841.0,2011-11-03,2011-02-25,6,36228.9,2011-12-10,10,37,0.6,2394.1,7374.04,17904.57,49668.37,16830944.5,0.5,0.75,1.0,1.0,34.0,15,33,72,179,374
18081.0,2011-11-03,2011-07-29,3,1549.8,2011-12-10,5,37,0.6,2394.1,7374.04,17904.57,49668.37,16830944.5,0.5,0.75,1.0,1.0,34.0,15,33,72,179,374
13477.0,2011-11-02,2011-02-21,6,22070.24,2011-12-10,10,38,0.6,2394.1,7374.04,17904.57,49668.37,16830944.5,0.5,0.75,1.0,1.0,34.0,15,33,72,179,374
16969.0,2011-10-31,2011-06-01,3,11888.71,2011-12-10,5,40,0.6,2394.1,7374.04,17904.57,49668.37,16830944.5,0.5,0.75,1.0,1.0,34.0,15,33,72,179,374
15329.0,2011-10-31,2011-06-21,3,17207.1,2011-12-10,5,40,0.6,2394.1,7374.04,17904.57,49668.37,16830944.5,0.5,0.75,1.0,1.0,34.0,15,33,72,179,374
13617.0,2011-10-30,2011-06-12,3,7665.87,2011-12-10,5,41,0.6,2394.1,7374.04,17904.57,49668.37,16830944.5,0.5,0.75,1.0,1.0,34.0,15,33,72,179,374
14312.0,2011-10-24,2011-01-06,6,24540.43,2011-12-10,10,47,0.6,2394.1,7374.04,17904.57,49668.37,16830944.5,0.5,0.75,1.0,1.0,34.0,15,33,72,179,374
14997.0,2011-10-24,2011-06-14,3,5300.92,2011-12-10,5,47,0.6,2394.1,7374.04,17904.57,49668.37,16830944.5,0.5,0.75,1.0,1.0,34.0,15,33,72,179,374
16497.0,2011-10-21,2011-01-10,6,85641.96,2011-12-10,10,50,0.6,2394.1,7374.04,17904.57,49668.37,16830944.5,0.5,0.75,1.0,1.0,34.0,15,33,72,179,374
16918.0,2011-10-21,2011-01-26,6,28829.54,2011-12-10,10,50,0.6,2394.1,7374.04,17904.57,49668.37,16830944.5,0.5,0.75,1.0,1.0,34.0,15,33,72,179,374
15296.0,2011-10-20,2011-01-17,6,131087.15,2011-12-10,10,51,0.6,2394.1,7374.04,17904.57,49668.37,16830944.5,0.5,0.75,1.0,1.0,34.0,15,33,72,179,374
12473.0,2011-10-17,2011-06-01,3,180818.81,2011-12-10,5,54,0.6,2394.1,7374.04,17904.57,49668.37,16830944.5,0.5,0.75,1.0,1.0,34.0,15,33,72,179,374
14976.0,2011-10-13,2011-01-17,6,8641.22,2011-12-10,10,58,0.6,2394.1,7374.04,17904.57,49668.37,16830944.5,0.5,0.75,1.0,1.0,34.0,15,33,72,179,374
15370.0,2011-10-11,2011-01-11,6,31413.14,2011-12-10,10,60,0.6,2394.1,7374.04,17904.57,49668.37,16830944.5,0.5,0.75,1.0,1.0,34.0,15,33,72,179,374
13517.0,2011-10-11,2011-06-13,3,108372.35,2011-12-10,5,60,0.6,2394.1,7374.04,17904.57,49668.37,16830944.5,0.5,0.75,1.0,1.0,34.0,15,33,72,179,374
17284.0,2011-10-10,2011-01-07,6,123948.6,2011-12-10,10,61,0.6,2394.1,7374.04,17904.57,49668.37,16830944.5,0.5,0.75,1.0,1.0,34.0,15,33,72,179,374
17483.0,2011-10-05,2011-06-09,3,2917.94,2011-12-10,5,66,0.6,2394.1,7374.04,17904.57,49668.37,16830944.5,0.5,0.75,1.0,1.0,34.0,15,33,72,179,374
17819.0,2011-09-29,2010-12-03,6,17428.23,2011-12-10,10,72,0.6,2394.1,7374.04,17904.57,49668.37,16830944.5,0.5,0.75,1.0,1.0,34.0,15,33,72,179,374
14409.0,2011-09-29,2010-12-06,6,28862.62,2011-12-10,10,72,0.6,2394.1,7374.04,17904.57,49668.37,16830944.5,0.5,0.75,1.0,1.0,34.0,15,33,72,179,374
18235.0,2011-09-29,2011-05-06,3,67795.02,2011-12-10,5,72,0.6,2394.1,7374.04,17904.57,49668.37,16830944.5,0.5,0.75,1.0,1.0,34.0,15,33,72,179,374
13741.0,2011-09-29,2011-05-06,3,3983.29,2011-12-10,5,72,0.6,2394.1,7374.04,17904.57,49668.37,16830944.5,0.5,0.75,1.0,1.0,34.0,15,33,72,179,374
14681.0,2011-09-29,2011-05-12,3,168.0,2011-12-10,5,72,0.6,2394.1,7374.04,17904.57,49668.37,16830944.5,0.5,0.75,1.0,1.0,34.0,15,33,72,179,374
18204.0,2011-09-29,2011-05-31,3,115063.24,2011-12-10,5,72,0.6,2394.1,7374.04,17904.57,49668.37,16830944.5,0.5,0.75,1.0,1.0,34.0,15,33,72,179,374
13055.0,2011-09-22,2011-05-10,3,43164.4,2011-12-10,5,79,0.6,2394.1,7374.04,17904.57,49668.37,16830944.5,0.5,0.75,1.0,1.0,34.0,15,33,72,179,374
14038.0,2011-09-22,2011-05-16,3,52433.32,2011-12-10,5,79,0.6,2394.1,7374.04,17904.57,49668.37,16830944.5,0.5,0.75,1.0,1.0,34.0,15,33,72,179,374
17047.0,2011-09-15,2011-05-18,3,21417.12,2011-12-10,5,86,0.6,2394.1,7374.04,17904.57,49668.37,16830944.5,0.5,0.75,1.0,1.0,34.0,15,33,72,179,374
14307.0,2011-09-12,2010-12-01,6,102737.15,2011-12-10,10,89,0.6,2394.1,7374.04,17904.57,49668.37,16830944.5,0.5,0.75,1.0,1.0,34.0,15,33,72,179,374
15996.0,2011-09-12,2010-12-08,6,21060.84,2011-12-10,10,89,0.6,2394.1,7374.04,17904.57,49668.37,16830944.5,0.5,0.75,1.0,1.0,34.0,15,33,72,179,374
12710.0,2011-09-04,2011-05-22,3,32801.08,2011-12-10,5,97,0.6,2394.1,7374.04,17904.57,49668.37,16830944.5,0.5,0.75,1.0,1.0,34.0,15,33,72,179,374
14463.0,2011-09-02,2011-05-18,3,455.34,2011-12-10,5,99,0.6,2394.1,7374.04,17904.57,49668.37,16830944.5,0.5,0.75,1.0,1.0,34.0,15,33,72,179,374
17588.0,2011-08-31,2011-04-21,3,8884.28,2011-12-10,5,101,0.6,2394.1,7374.04,17904.57,49668.37,16830944.5,0.5,0.75,1.0,1.0,34.0,15,33,72,179,374
14973.0,2011-08-24,2011-04-28,3,6822.48,2011-12-10,5,108,0.6,2394.1,7374.04,17904.57,49668.37,16830944.5,0.5,0.75,1.0,1.0,34.0,15,33,72,179,374
14246.0,2011-08-21,2011-04-08,3,32658.64,2011-12-10,5,111,0.6,2394.1,7374.04,17904.57,49668.37,16830944.5,0.5,0.75,1.0,1.0,34.0,15,33,72,179,374
15768.0,2011-08-16,2011-04-28,3,2770.64,2011-12-10,5,116,0.6,2394.1,7374.04,17904.57,49668.37,16830944.5,0.5,0.75,1.0,1.0,34.0,15,33,72,179,374
13722.0,2011-07-31,2011-03-02,3,72092.24,2011-12-10,5,132,0.6,2394.1,7374.04,17904.57,49668.37,16830944.5,0.5,0.75,1.0,1.0,34.0,15,33,72,179,374
15245.0,2011-07-28,2011-03-23,3,84893.76,2011-12-10,5,135,0.6,2394.1,7374.04,17904.57,49668.37,16830944.5,0.5,0.75,1.0,1.0,34.0,15,33,72,179,374
13037.0,2011-07-24,2011-03-28,3,12051.0,2011-12-10,5,139,0.6,2394.1,7374.04,17904.57,49668.37,16830944.5,0.5,0.75,1.0,1.0,34.0,15,33,72,179,374
16807.0,2011-07-20,2011-03-14,3,25564.1,2011-12-10,5,143,0.6,2394.1,7374.04,17904.57,49668.37,16830944.5,0.5,0.75,1.0,1.0,34.0,15,33,72,179,374
16475.0,2011-07-19,2011-03-11,3,6739.3,2011-12-10,5,144,0.6,2394.1,7374.04,17904.57,49668.37,16830944.5,0.5,0.75,1.0,1.0,34.0,15,33,72,179,374
14461.0,2011-07-14,2011-03-23,3,109822.39,2011-12-10,5,149,0.6,2394.1,7374.04,17904.57,49668.37,16830944.5,0.5,0.75,1.0,1.0,34.0,15,33,72,179,374
14021.0,2011-07-07,2011-03-28,3,3925.9,2011-12-10,5,156,0.6,2394.1,7374.04,17904.57,49668.37,16830944.5,0.5,0.75,1.0,1.0,34.0,15,33,72,179,374
17765.0,2011-07-04,2011-03-28,3,5732.63,2011-12-10,5,159,0.6,2394.1,7374.04,17904.57,49668.37,16830944.5,0.5,0.75,1.0,1.0,34.0,15,33,72,179,374
14803.0,2011-06-30,2011-02-20,3,9407.6,2011-12-10,5,163,0.6,2394.1,7374.04,17904.57,49668.37,16830944.5,0.5,0.75,1.0,1.0,34.0,15,33,72,179,374
13951.0,2011-06-16,2011-02-18,3,8037.97,2011-12-10,5,177,0.6,2394.1,7374.04,17904.57,49668.37,16830944.5,0.5,0.75,1.0,1.0,34.0,15,33,72,179,374
14231.0,2011-06-09,2011-02-24,3,12479.86,2011-12-10,5,184,0.6,2394.1,7374.04,17904.57,49668.37,16830944.5,0.5,0.75,1.0,1.0,34.0,15,33,72,179,374
12891.0,2011-06-07,2011-02-20,3,331.0,2011-12-10,5,186,0.6,2394.1,7374.04,17904.57,49668.37,16830944.5,0.5,0.75,1.0,1.0,34.0,15,33,72,179,374
17472.0,2011-06-01,2011-02-13,3,40854.6,2011-12-10,5,192,0.6,2394.1,7374.04,17904.57,49668.37,16830944.5,0.5,0.75,1.0,1.0,34.0,15,33,72,179,374
16889.0,2011-05-29,2011-01-07,3,55456.74,2011-12-10,5,195,0.6,2394.1,7374.04,17904.57,49668.37,16830944.5,0.5,0.75,1.0,1.0,34.0,15,33,72,179,374
14828.0,2011-05-27,2011-01-07,3,11814.48,2011-12-10,5,197,0.6,2394.1,7374.04,17904.57,49668.37,16830944.5,0.5,0.75,1.0,1.0,34.0,15,33,72,179,374
16034.0,2011-05-27,2011-01-11,3,3207.3,2011-12-10,5,197,0.6,2394.1,7374.04,17904.57,49668.37,16830944.5,0.5,0.75,1.0,1.0,34.0,15,33,72,179,374
16943.0,2011-05-12,2011-01-25,3,5971.08,2011-12-10,5,212,0.6,2394.1,7374.04,17904.57,49668.37,16830944.5,0.5,0.75,1.0,1.0,34.0,15,33,72,179,374
17990.0,2011-04-17,2010-12-13,3,7268.28,2011-12-10,5,237,0.6,2394.1,7374.04,17904.57,49668.37,16830944.5,0.5,0.75,1.0,1.0,34.0,15,33,72,179,374
16010.0,2011-04-08,2010-12-12,3,12880.1,2011-12-10,5,246,0.6,2394.1,7374.04,17904.57,49668.37,16830944.5,0.5,0.75,1.0,1.0,34.0,15,33,72,179,374
17580.0,2011-04-01,2010-12-16,3,5156.22,2011-12-10,5,253,0.6,2394.1,7374.04,17904.57,49668.37,16830944.5,0.5,0.75,1.0,1.0,34.0,15,33,72,179,374
12423.0,2011-12-09,2010-12-21,8,24254.74,2011-12-10,13,1,0.62,2394.1,7374.04,17904.57,49668.37,16830944.5,0.5,0.75,1.0,1.0,34.0,15,33,72,179,374
15750.0,2011-12-07,2010-12-08,8,109561.34,2011-12-10,13,3,0.62,2394.1,7374.04,17904.57,49668.37,16830944.5,0.5,0.75,1.0,1.0,34.0,15,33,72,179,374
17097.0,2011-12-07,2010-12-09,8,25963.45,2011-12-10,13,3,0.62,2394.1,7374.04,17904.57,49668.37,16830944.5,0.5,0.75,1.0,1.0,34.0,15,33,72,179,374
14769.0,2011-12-07,2010-12-17,8,2480490.21,2011-12-10,13,3,0.62,2394.1,7374.04,17904.57,49668.37,16830944.5,0.5,0.75,1.0,1.0,34.0,15,33,72,179,374
16016.0,2011-12-06,2010-12-08,8,49996.06,2011-12-10,13,4,0.62,2394.1,7374.04,17904.57,49668.37,16830944.5,0.5,0.75,1.0,1.0,34.0,15,33,72,179,374
13126.0,2011-12-05,2010-12-08,8,38666.91,2011-12-10,13,5,0.62,2394.1,7374.04,17904.57,49668.37,16830944.5,0.5,0.75,1.0,1.0,34.0,15,33,72,179,374
17629.0,2011-12-04,2010-12-15,8,32581.0,2011-12-10,13,6,0.62,2394.1,7374.04,17904.57,49668.37,16830944.5,0.5,0.75,1.0,1.0,34.0,15,33,72,179,374
17567.0,2011-12-02,2010-12-02,8,90854.4,2011-12-10,13,8,0.62,2394.1,7374.04,17904.57,49668.37,16830944.5,0.5,0.75,1.0,1.0,34.0,15,33,72,179,374
12963.0,2011-12-01,2010-12-09,8,24491.91,2011-12-10,13,9,0.62,2394.1,7374.04,17904.57,49668.37,16830944.5,0.5,0.75,1.0,1.0,34.0,15,33,72,179,374
14299.0,2011-12-01,2010-12-09,8,61318.46,2011-12-10,13,9,0.62,2394.1,7374.04,17904.57,49668.37,16830944.5,0.5,0.75,1.0,1.0,34.0,15,33,72,179,374
17293.0,2011-12-01,2010-12-13,8,32176.32,2011-12-10,13,9,0.62,2394.1,7374.04,17904.57,49668.37,16830944.5,0.5,0.75,1.0,1.0,34.0,15,33,72,179,374
17522.0,2011-12-08,2011-05-05,5,25006.65,2011-12-10,8,2,0.63,2394.1,7374.04,17904.57,49668.37,16830944.5,0.5,0.75,1.0,1.0,34.0,15,33,72,179,374
12749.0,2011-12-06,2011-05-10,5,133472.36,2011-12-10,8,4,0.63,2394.1,7374.04,17904.57,49668.37,16830944.5,0.5,0.75,1.0,1.0,34.0,15,33,72,179,374
16283.0,2011-12-04,2011-05-15,5,71602.39,2011-12-10,8,6,0.63,2394.1,7374.04,17904.57,49668.37,16830944.5,0.5,0.75,1.0,1.0,34.0,15,33,72,179,374
14583.0,2011-12-04,2011-05-18,5,67923.71,2011-12-10,8,6,0.63,2394.1,7374.04,17904.57,49668.37,16830944.5,0.5,0.75,1.0,1.0,34.0,15,33,72,179,374
16440.0,2011-12-02,2011-05-09,5,227873.2,2011-12-10,8,8,0.63,2394.1,7374.04,17904.57,49668.37,16830944.5,0.5,0.75,1.0,1.0,34.0,15,33,72,179,374
15434.0,2011-12-01,2011-05-23,5,13516.4,2011-12-10,8,9,0.63,2394.1,7374.04,17904.57,49668.37,16830944.5,0.5,0.75,1.0,1.0,34.0,15,33,72,179,374
12670.0,2011-11-29,2011-04-21,5,46921.41,2011-12-10,8,11,0.63,2394.1,7374.04,17904.57,49668.37,16830944.5,0.5,0.75,1.0,1.0,34.0,15,33,72,179,374
13995.0,2011-11-24,2011-04-08,5,25518.95,2011-12-10,8,16,0.63,2394.1,7374.04,17904.57,49668.37,16830944.5,0.5,0.75,1.0,1.0,34.0,15,33,72,179,374
15594.0,2011-11-24,2011-04-19,5,49186.86,2011-12-10,8,16,0.63,2394.1,7374.04,17904.57,49668.37,16830944.5,0.5,0.75,1.0,1.0,34.0,15,33,72,179,374
13719.0,2011-11-24,2011-04-19,5,12806.81,2011-12-10,8,16,0.63,2394.1,7374.04,17904.57,49668.37,16830944.5,0.5,0.75,1.0,1.0,34.0,15,33,72,179,374
12656.0,2011-11-22,2011-04-20,5,69123.0,2011-12-10,8,18,0.63,2394.1,7374.04,17904.57,49668.37,16830944.5,0.5,0.75,1.0,1.0,34.0,15,33,72,179,374
13632.0,2011-11-15,2011-04-10,5,63991.61,2011-12-10,8,25,0.63,2394.1,7374.04,17904.57,49668.37,16830944.5,0.5,0.75,1.0,1.0,34.0,15,33,72,179,374
17054.0,2011-11-11,2011-04-08,5,15747.31,2011-12-10,8,29,0.63,2394.1,7374.04,17904.57,49668.37,16830944.5,0.5,0.75,1.0,1.0,34.0,15,33,72,179,374
16628.0,2011-11-10,2011-04-19,5,52699.65,2011-12-10,8,30,0.63,2394.1,7374.04,17904.57,49668.37,16830944.5,0.5,0.75,1.0,1.0,34.0,15,33,72,179,374
14623.0,2011-11-07,2011-04-18,5,21203.87,2011-12-10,8,33,0.63,2394.1,7374.04,17904.57,49668.37,16830944.5,0.5,0.75,1.0,1.0,34.0,15,33,72,179,374
17930.0,2011-11-04,2011-04-14,5,13548.96,2011-12-10,8,36,0.63,2394.1,7374.04,17904.57,49668.37,16830944.5,0.5,0.75,1.0,1.0,34.0,15,33,72,179,374
12909.0,2011-10-31,2011-03-31,5,21793.8,2011-12-10,8,40,0.63,2394.1,7374.04,17904.57,49668.37,16830944.5,0.5,0.75,1.0,1.0,34.0,15,33,72,179,374
14077.0,2011-10-30,2011-03-10,5,4194.51,2011-12-10,8,41,0.63,2394.1,7374.04,17904.57,49668.37,16830944.5,0.5,0.75,1.0,1.0,34.0,15,33,72,179,374
14232.0,2011-10-28,2011-03-20,5,54193.73,2011-12-10,8,43,0.63,2394.1,7374.04,17904.57,49668.37,16830944.5,0.5,0.75,1.0,1.0,34.0,15,33,72,179,374
16225.0,2011-10-26,2011-03-07,5,40410.81,2011-12-10,8,45,0.63,2394.1,7374.04,17904.57,49668.37,16830944.5,0.5,0.75,1.0,1.0,34.0,15,33,72,179,374
13481.0,2011-10-25,2011-03-28,5,52135.38,2011-12-10,8,46,0.63,2394.1,7374.04,17904.57,49668.37,16830944.5,0.5,0.75,1.0,1.0,34.0,15,33,72,179,374
12407.0,2011-10-21,2011-03-20,5,25211.72,2011-12-10,8,50,0.63,2394.1,7374.04,17904.57,49668.37,16830944.5,0.5,0.75,1.0,1.0,34.0,15,33,72,179,374
13265.0,2011-10-17,2011-03-11,5,39210.28,2011-12-10,8,54,0.63,2394.1,7374.04,17904.57,49668.37,16830944.5,0.5,0.75,1.0,1.0,34.0,15,33,72,179,374
15815.0,2011-10-07,2011-03-25,5,20717.44,2011-12-10,8,64,0.63,2394.1,7374.04,17904.57,49668.37,16830944.5,0.5,0.75,1.0,1.0,34.0,15,33,72,179,374
12455.0,2011-09-27,2011-02-16,5,73465.04,2011-12-10,8,74,0.63,2394.1,7374.04,17904.57,49668.37,16830944.5,0.5,0.75,1.0,1.0,34.0,15,33,72,179,374
12823.0,2011-09-26,2011-02-16,5,1759.5,2011-12-10,8,75,0.63,2394.1,7374.04,17904.57,49668.37,16830944.5,0.5,0.75,1.0,1.0,34.0,15,33,72,179,374
12502.0,2011-09-05,2011-02-03,5,46113.32,2011-12-10,8,96,0.63,2394.1,7374.04,17904.57,49668.37,16830944.5,0.5,0.75,1.0,1.0,34.0,15,33,72,179,374
15569.0,2011-08-28,2011-01-11,5,9459.84,2011-12-10,8,104,0.63,2394.1,7374.04,17904.57,49668.37,16830944.5,0.5,0.75,1.0,1.0,34.0,15,33,72,179,374
15812.0,2011-08-24,2011-01-26,5,9353.54,2011-12-10,8,108,0.63,2394.1,7374.04,17904.57,49668.37,16830944.5,0.5,0.75,1.0,1.0,34.0,15,33,72,179,374
13593.0,2011-08-23,2011-01-07,5,46375.57,2011-12-10,8,109,0.63,2394.1,7374.04,17904.57,49668.37,16830944.5,0.5,0.75,1.0,1.0,34.0,15,33,72,179,374
15938.0,2011-08-19,2011-01-20,5,1296.5,2011-12-10,8,113,0.63,2394.1,7374.04,17904.57,49668.37,16830944.5,0.5,0.75,1.0,1.0,34.0,15,33,72,179,374
17457.0,2011-08-05,2011-01-04,5,5749.56,2011-12-10,8,127,0.63,2394.1,7374.04,17904.57,49668.37,16830944.5,0.5,0.75,1.0,1.0,34.0,15,33,72,179,374
17126.0,2011-07-10,2010-12-12,5,64375.35,2011-12-10,8,153,0.63,2394.1,7374.04,17904.57,49668.37,16830944.5,0.5,0.75,1.0,1.0,34.0,15,33,72,179,374
13630.0,2011-12-04,2011-02-27,7,24471.62,2011-12-10,11,6,0.64,2394.1,7374.04,17904.57,49668.37,16830944.5,0.5,0.75,1.0,1.0,34.0,15,33,72,179,374
17686.0,2011-12-02,2011-02-10,7,227305.7,2011-12-10,11,8,0.64,2394.1,7374.04,17904.57,49668.37,16830944.5,0.5,0.75,1.0,1.0,34.0,15,33,72,179,374
12727.0,2011-11-29,2011-01-23,7,78031.02,2011-12-10,11,11,0.64,2394.1,7374.04,17904.57,49668.37,16830944.5,0.5,0.75,1.0,1.0,34.0,15,33,72,179,374
17988.0,2011-11-28,2011-01-17,7,831.81,2011-12-10,11,12,0.64,2394.1,7374.04,17904.57,49668.37,16830944.5,0.5,0.75,1.0,1.0,34.0,15,33,72,179,374
14329.0,2011-11-22,2011-01-14,7,232901.16,2011-12-10,11,18,0.64,2394.1,7374.04,17904.57,49668.37,16830944.5,0.5,0.75,1.0,1.0,34.0,15,33,72,179,374
15365.0,2011-11-14,2011-01-28,7,51117.02,2011-12-10,11,26,0.64,2394.1,7374.04,17904.57,49668.37,16830944.5,0.5,0.75,1.0,1.0,34.0,15,33,72,179,374
16791.0,2011-11-10,2011-01-11,7,93068.5,2011-12-10,11,30,0.64,2394.1,7374.04,17904.57,49668.37,16830944.5,0.5,0.75,1.0,1.0,34.0,15,33,72,179,374
13527.0,2011-11-06,2011-01-17,7,78732.3,2011-12-10,11,34,0.64,2394.1,7374.04,17904.57,49668.37,16830944.5,0.5,0.75,1.0,1.0,34.0,15,33,72,179,374
15752.0,2011-10-31,2010-12-02,7,160061.76,2011-12-10,11,40,0.64,2394.1,7374.04,17904.57,49668.37,16830944.5,0.5,0.75,1.0,1.0,34.0,15,33,72,179,374
17396.0,2011-10-31,2010-12-03,7,25210.2,2011-12-10,11,40,0.64,2394.1,7374.04,17904.57,49668.37,16830944.5,0.5,0.75,1.0,1.0,34.0,15,33,72,179,374
15708.0,2011-10-30,2010-12-05,7,111364.14,2011-12-10,11,41,0.64,2394.1,7374.04,17904.57,49668.37,16830944.5,0.5,0.75,1.0,1.0,34.0,15,33,72,179,374
17213.0,2011-10-30,2010-12-08,7,59343.11,2011-12-10,11,41,0.64,2394.1,7374.04,17904.57,49668.37,16830944.5,0.5,0.75,1.0,1.0,34.0,15,33,72,179,374
16686.0,2011-10-23,2010-12-19,7,238744.47,2011-12-10,11,48,0.64,2394.1,7374.04,17904.57,49668.37,16830944.5,0.5,0.75,1.0,1.0,34.0,15,33,72,179,374
14107.0,2011-10-19,2010-12-10,7,47613.29,2011-12-10,11,52,0.64,2394.1,7374.04,17904.57,49668.37,16830944.5,0.5,0.75,1.0,1.0,34.0,15,33,72,179,374
14201.0,2011-10-10,2010-12-15,7,4013.3,2011-12-10,11,61,0.64,2394.1,7374.04,17904.57,49668.37,16830944.5,0.5,0.75,1.0,1.0,34.0,15,33,72,179,374
16477.0,2011-10-07,2010-12-03,7,55363.41,2011-12-10,11,64,0.64,2394.1,7374.04,17904.57,49668.37,16830944.5,0.5,0.75,1.0,1.0,34.0,15,33,72,179,374
16455.0,2011-10-07,2010-12-03,7,32184.28,2011-12-10,11,64,0.64,2394.1,7374.04,17904.57,49668.37,16830944.5,0.5,0.75,1.0,1.0,34.0,15,33,72,179,374
16316.0,2011-10-06,2010-12-16,7,55056.12,2011-12-10,11,65,0.64,2394.1,7374.04,17904.57,49668.37,16830944.5,0.5,0.75,1.0,1.0,34.0,15,33,72,179,374
16556.0,2011-10-04,2010-12-14,7,90401.11,2011-12-10,11,67,0.64,2394.1,7374.04,17904.57,49668.37,16830944.5,0.5,0.75,1.0,1.0,34.0,15,33,72,179,374
15910.0,2011-12-09,2011-01-27,8,41179.87,2011-12-10,12,1,0.67,2394.1,7374.04,17904.57,49668.37,16830944.5,0.5,0.75,1.0,1.0,34.0,15,33,72,179,374
14138.0,2011-12-08,2011-10-07,2,25879.31,2011-12-10,3,2,0.67,2394.1,7374.04,17904.57,49668.37,16830944.5,0.5,0.75,1.0,1.0,34.0,15,33,72,179,374
18272.0,2011-12-07,2011-04-07,6,90669.31,2011-12-10,9,3,0.67,2394.1,7374.04,17904.57,49668.37,16830944.5,0.5,0.75,1.0,1.0,34.0,15,33,72,179,374
17861.0,2011-12-06,2011-01-24,8,76672.45,2011-12-10,12,4,0.67,2394.1,7374.04,17904.57,49668.37,16830944.5,0.5,0.75,1.0,1.0,34.0,15,33,72,179,374
13507.0,2011-12-06,2011-07-17,4,109511.4,2011-12-10,6,4,0.67,2394.1,7374.04,17904.57,49668.37,16830944.5,0.5,0.75,1.0,1.0,34.0,15,33,72,179,374
17666.0,2011-12-06,2011-10-05,2,6133.86,2011-12-10,3,4,0.67,2394.1,7374.04,17904.57,49668.37,16830944.5,0.5,0.75,1.0,1.0,34.0,15,33,72,179,374
17119.0,2011-12-06,2011-10-11,2,12025.74,2011-12-10,3,4,0.67,2394.1,7374.04,17904.57,49668.37,16830944.5,0.5,0.75,1.0,1.0,34.0,15,33,72,179,374
16313.0,2011-12-06,2011-10-21,2,1994.76,2011-12-10,3,4,0.67,2394.1,7374.04,17904.57,49668.37,16830944.5,0.5,0.75,1.0,1.0,34.0,15,33,72,179,374
18005.0,2011-12-06,2011-10-23,2,5281.4,2011-12-10,3,4,0.67,2394.1,7374.04,17904.57,49668.37,16830944.5,0.5,0.75,1.0,1.0,34.0,15,33,72,179,374
18154.0,2011-12-06,2011-10-27,2,3456.2,2011-12-10,3,4,0.67,2394.1,7374.04,17904.57,49668.37,16830944.5,0.5,0.75,1.0,1.0,34.0,15,33,72,179,374
12646.0,2011-12-05,2011-10-21,2,27300.96,2011-12-10,3,5,0.67,2394.1,7374.04,17904.57,49668.37,16830944.5,0.5,0.75,1.0,1.0,34.0,15,33,72,179,374
14629.0,2011-12-05,2011-10-23,2,50168.85,2011-12-10,3,5,0.67,2394.1,7374.04,17904.57,49668.37,16830944.5,0.5,0.75,1.0,1.0,34.0,15,33,72,179,374
18030.0,2011-12-05,2011-10-28,2,371.85,2011-12-10,3,5,0.67,2394.1,7374.04,17904.57,49668.37,16830944.5,0.5,0.75,1.0,1.0,34.0,15,33,72,179,374
17114.0,2011-12-04,2011-01-09,8,9172.73,2011-12-10,12,6,0.67,2394.1,7374.04,17904.57,49668.37,16830944.5,0.5,0.75,1.0,1.0,34.0,15,33,72,179,374
12719.0,2011-12-04,2011-10-05,2,8512.7,2011-12-10,3,6,0.67,2394.1,7374.04,17904.57,49668.37,16830944.5,0.5,0.75,1.0,1.0,34.0,15,33,72,179,374
16561.0,2011-12-04,2011-10-11,2,7447.6,2011-12-10,3,6,0.67,2394.1,7374.04,17904.57,49668.37,16830944.5,0.5,0.75,1.0,1.0,34.0,15,33,72,179,374
13822.0,2011-12-04,2011-10-30,2,37278.06,2011-12-10,3,6,0.67,2394.1,7374.04,17904.57,49668.37,16830944.5,0.5,0.75,1.0,1.0,34.0,15,33,72,179,374
16103.0,2011-12-02,2011-04-20,6,12428.42,2011-12-10,9,8,0.67,2394.1,7374.04,17904.57,49668.37,16830944.5,0.5,0.75,1.0,1.0,34.0,15,33,72,179,374
14732.0,2011-12-01,2011-01-04,8,43269.12,2011-12-10,12,9,0.67,2394.1,7374.04,17904.57,49668.37,16830944.5,0.5,0.75,1.0,1.0,34.0,15,33,72,179,374
17321.0,2011-12-01,2011-10-03,2,52928.04,2011-12-10,3,9,0.67,2394.1,7374.04,17904.57,49668.37,16830944.5,0.5,0.75,1.0,1.0,34.0,15,33,72,179,374
12572.0,2011-12-01,2011-10-19,2,20085.26,2011-12-10,3,9,0.67,2394.1,7374.04,17904.57,49668.37,16830944.5,0.5,0.75,1.0,1.0,34.0,15,33,72,179,374
15948.0,2011-12-01,2011-10-27,2,31989.6,2011-12-10,3,9,0.67,2394.1,7374.04,17904.57,49668.37,16830944.5,0.5,0.75,1.0,1.0,34.0,15,33,72,179,374
16915.0,2011-11-30,2011-03-01,6,3829.91,2011-12-10,9,10,0.67,2394.1,7374.04,17904.57,49668.37,16830944.5,0.5,0.75,1.0,1.0,34.0,15,33,72,179,374
18158.0,2011-11-30,2011-09-12,2,9347.2,2011-12-10,3,10,0.67,2394.1,7374.04,17904.57,49668.37,16830944.5,0.5,0.75,1.0,1.0,34.0,15,33,72,179,374
14388.0,2011-11-29,2010-12-02,8,66958.98,2011-12-10,12,11,0.67,2394.1,7374.04,17904.57,49668.37,16830944.5,0.5,0.75,1.0,1.0,34.0,15,33,72,179,374
17101.0,2011-11-29,2011-06-14,4,17348.66,2011-12-10,6,11,0.67,2394.1,7374.04,17904.57,49668.37,16830944.5,0.5,0.75,1.0,1.0,34.0,15,33,72,179,374
12375.0,2011-11-29,2011-09-02,2,2839.0,2011-12-10,3,11,0.67,2394.1,7374.04,17904.57,49668.37,16830944.5,0.5,0.75,1.0,1.0,34.0,15,33,72,179,374
14452.0,2011-11-29,2011-09-07,2,7199.4,2011-12-10,3,11,0.67,2394.1,7374.04,17904.57,49668.37,16830944.5,0.5,0.75,1.0,1.0,34.0,15,33,72,179,374
17466.0,2011-11-29,2011-09-22,2,9631.02,2011-12-10,3,11,0.67,2394.1,7374.04,17904.57,49668.37,16830944.5,0.5,0.75,1.0,1.0,34.0,15,33,72,179,374
15239.0,2011-11-29,2011-09-22,2,18956.11,2011-12-10,3,11,0.67,2394.1,7374.04,17904.57,49668.37,16830944.5,0.5,0.75,1.0,1.0,34.0,15,33,72,179,374
13115.0,2011-11-28,2011-06-08,4,91596.24,2011-12-10,6,12,0.67,2394.1,7374.04,17904.57,49668.37,16830944.5,0.5,0.75,1.0,1.0,34.0,15,33,72,179,374
17299.0,2011-11-28,2011-06-19,4,12585.58,2011-12-10,6,12,0.67,2394.1,7374.04,17904.57,49668.37,16830944.5,0.5,0.75,1.0,1.0,34.0,15,33,72,179,374
15714.0,2011-11-28,2011-09-23,2,4268.6,2011-12-10,3,12,0.67,2394.1,7374.04,17904.57,49668.37,16830944.5,0.5,0.75,1.0,1.0,34.0,15,33,72,179,374
18001.0,2011-11-27,2011-09-14,2,10462.2,2011-12-10,3,13,0.67,2394.1,7374.04,17904.57,49668.37,16830944.5,0.5,0.75,1.0,1.0,34.0,15,33,72,179,374
17228.0,2011-11-24,2010-12-02,8,55647.02,2011-12-10,12,16,0.67,2394.1,7374.04,17904.57,49668.37,16830944.5,0.5,0.75,1.0,1.0,34.0,15,33,72,179,374
15953.0,2011-11-24,2010-12-05,8,19645.92,2011-12-10,12,16,0.67,2394.1,7374.04,17904.57,49668.37,16830944.5,0.5,0.75,1.0,1.0,34.0,15,33,72,179,374
12705.0,2011-11-24,2010-12-17,8,273699.13,2011-12-10,12,16,0.67,2394.1,7374.04,17904.57,49668.37,16830944.5,0.5,0.75,1.0,1.0,34.0,15,33,72,179,374
15034.0,2011-11-24,2010-12-21,8,237522.36,2011-12-10,12,16,0.67,2394.1,7374.04,17904.57,49668.37,16830944.5,0.5,0.75,1.0,1.0,34.0,15,33,72,179,374
16189.0,2011-11-24,2011-09-15,2,990.18,2011-12-10,3,16,0.67,2394.1,7374.04,17904.57,49668.37,16830944.5,0.5,0.75,1.0,1.0,34.0,15,33,72,179,374
16255.0,2011-11-23,2010-12-09,8,80922.15,2011-12-10,12,17,0.67,2394.1,7374.04,17904.57,49668.37,16830944.5,0.5,0.75,1.0,1.0,34.0,15,33,72,179,374
14334.0,2011-11-23,2010-12-16,8,48393.0,2011-12-10,12,17,0.67,2394.1,7374.04,17904.57,49668.37,16830944.5,0.5,0.75,1.0,1.0,34.0,15,33,72,179,374
13650.0,2011-11-23,2011-03-17,6,27350.87,2011-12-10,9,17,0.67,2394.1,7374.04,17904.57,49668.37,16830944.5,0.5,0.75,1.0,1.0,34.0,15,33,72,179,374
15743.0,2011-11-23,2011-06-08,4,13869.5,2011-12-10,6,17,0.67,2394.1,7374.04,17904.57,49668.37,16830944.5,0.5,0.75,1.0,1.0,34.0,15,33,72,179,374
14335.0,2011-11-23,2011-09-04,2,15639.21,2011-12-10,3,17,0.67,2394.1,7374.04,17904.57,49668.37,16830944.5,0.5,0.75,1.0,1.0,34.0,15,33,72,179,374
14020.0,2011-11-23,2011-09-12,2,10327.05,2011-12-10,3,17,0.67,2394.1,7374.04,17904.57,49668.37,16830944.5,0.5,0.75,1.0,1.0,34.0,15,33,72,179,374
13350.0,2011-11-23,2011-09-21,2,10914.36,2011-12-10,3,17,0.67,2394.1,7374.04,17904.57,49668.37,16830944.5,0.5,0.75,1.0,1.0,34.0,15,33,72,179,374
15398.0,2011-11-23,2011-09-22,2,46169.83,2011-12-10,3,17,0.67,2394.1,7374.04,17904.57,49668.37,16830944.5,0.5,0.75,1.0,1.0,34.0,15,33,72,179,374
16653.0,2011-11-23,2011-09-29,2,56160.18,2011-12-10,3,17,0.67,2394.1,7374.04,17904.57,49668.37,16830944.5,0.5,0.75,1.0,1.0,34.0,15,33,72,179,374
15949.0,2011-11-23,2011-09-29,2,3738.24,2011-12-10,3,17,0.67,2394.1,7374.04,17904.57,49668.37,16830944.5,0.5,0.75,1.0,1.0,34.0,15,33,72,179,374
16365.0,2011-11-22,2010-12-07,8,6853.6,2011-12-10,12,18,0.67,2394.1,7374.04,17904.57,49668.37,16830944.5,0.5,0.75,1.0,1.0,34.0,15,33,72,179,374
14505.0,2011-11-22,2010-12-12,8,601914.97,2011-12-10,12,18,0.67,2394.1,7374.04,17904.57,49668.37,16830944.5,0.5,0.75,1.0,1.0,34.0,15,33,72,179,374
17338.0,2011-11-22,2010-12-13,8,656968.67,2011-12-10,12,18,0.67,2394.1,7374.04,17904.57,49668.37,16830944.5,0.5,0.75,1.0,1.0,34.0,15,33,72,179,374
14030.0,2011-11-21,2010-12-08,8,62988.41,2011-12-10,12,19,0.67,2394.1,7374.04,17904.57,49668.37,16830944.5,0.5,0.75,1.0,1.0,34.0,15,33,72,179,374
15527.0,2011-11-21,2010-12-20,8,30757.28,2011-12-10,12,19,0.67,2394.1,7374.04,17904.57,49668.37,16830944.5,0.5,0.75,1.0,1.0,34.0,15,33,72,179,374
13823.0,2011-11-21,2011-09-09,2,20463.04,2011-12-10,3,19,0.67,2394.1,7374.04,17904.57,49668.37,16830944.5,0.5,0.75,1.0,1.0,34.0,15,33,72,179,374
13430.0,2011-11-21,2011-09-14,2,14705.51,2011-12-10,3,19,0.67,2394.1,7374.04,17904.57,49668.37,16830944.5,0.5,0.75,1.0,1.0,34.0,15,33,72,179,374
13988.0,2011-11-20,2011-03-30,6,151085.53,2011-12-10,9,20,0.67,2394.1,7374.04,17904.57,49668.37,16830944.5,0.5,0.75,1.0,1.0,34.0,15,33,72,179,374
13117.0,2011-11-18,2010-12-02,8,8984.52,2011-12-10,12,22,0.67,2394.1,7374.04,17904.57,49668.37,16830944.5,0.5,0.75,1.0,1.0,34.0,15,33,72,179,374
17888.0,2011-11-18,2010-12-17,8,6750.4,2011-12-10,12,22,0.67,2394.1,7374.04,17904.57,49668.37,16830944.5,0.5,0.75,1.0,1.0,34.0,15,33,72,179,374
12380.0,2011-11-18,2011-06-07,4,53842.1,2011-12-10,6,22,0.67,2394.1,7374.04,17904.57,49668.37,16830944.5,0.5,0.75,1.0,1.0,34.0,15,33,72,179,374
14285.0,2011-11-18,2011-06-16,4,11844.38,2011-12-10,6,22,0.67,2394.1,7374.04,17904.57,49668.37,16830944.5,0.5,0.75,1.0,1.0,34.0,15,33,72,179,374
14820.0,2011-11-18,2011-06-19,4,3221.7,2011-12-10,6,22,0.67,2394.1,7374.04,17904.57,49668.37,16830944.5,0.5,0.75,1.0,1.0,34.0,15,33,72,179,374
17163.0,2011-11-18,2011-09-22,2,709.3,2011-12-10,3,22,0.67,2394.1,7374.04,17904.57,49668.37,16830944.5,0.5,0.75,1.0,1.0,34.0,15,33,72,179,374
13960.0,2011-11-18,2011-09-29,2,1329.36,2011-12-10,3,22,0.67,2394.1,7374.04,17904.57,49668.37,16830944.5,0.5,0.75,1.0,1.0,34.0,15,33,72,179,374
16871.0,2011-11-17,2011-03-14,6,66540.14,2011-12-10,9,23,0.67,2394.1,7374.04,17904.57,49668.37,16830944.5,0.5,0.75,1.0,1.0,34.0,15,33,72,179,374
12449.0,2011-11-17,2011-06-05,4,117026.31,2011-12-10,6,23,0.67,2394.1,7374.04,17904.57,49668.37,16830944.5,0.5,0.75,1.0,1.0,34.0,15,33,72,179,374
17828.0,2011-11-17,2011-06-08,4,27119.71,2011-12-10,6,23,0.67,2394.1,7374.04,17904.57,49668.37,16830944.5,0.5,0.75,1.0,1.0,34.0,15,33,72,179,374
16869.0,2011-11-17,2011-06-17,4,25222.42,2011-12-10,6,23,0.67,2394.1,7374.04,17904.57,49668.37,16830944.5,0.5,0.75,1.0,1.0,34.0,15,33,72,179,374
14508.0,2011-11-17,2011-09-11,2,6059.68,2011-12-10,3,23,0.67,2394.1,7374.04,17904.57,49668.37,16830944.5,0.5,0.75,1.0,1.0,34.0,15,33,72,179,374
15287.0,2011-11-17,2011-09-30,2,5843.25,2011-12-10,3,23,0.67,2394.1,7374.04,17904.57,49668.37,16830944.5,0.5,0.75,1.0,1.0,34.0,15,33,72,179,374
14507.0,2011-11-16,2011-03-08,6,20207.6,2011-12-10,9,24,0.67,2394.1,7374.04,17904.57,49668.37,16830944.5,0.5,0.75,1.0,1.0,34.0,15,33,72,179,374
15584.0,2011-11-16,2011-06-30,4,19425.94,2011-12-10,6,24,0.67,2394.1,7374.04,17904.57,49668.37,16830944.5,0.5,0.75,1.0,1.0,34.0,15,33,72,179,374
16999.0,2011-11-16,2011-09-26,2,5613.05,2011-12-10,3,24,0.67,2394.1,7374.04,17904.57,49668.37,16830944.5,0.5,0.75,1.0,1.0,34.0,15,33,72,179,374
15679.0,2011-11-15,2011-06-10,4,43091.3,2011-12-10,6,25,0.67,2394.1,7374.04,17904.57,49668.37,16830944.5,0.5,0.75,1.0,1.0,34.0,15,33,72,179,374
16240.0,2011-11-15,2011-09-23,2,185767.92,2011-12-10,3,25,0.67,2394.1,7374.04,17904.57,49668.37,16830944.5,0.5,0.75,1.0,1.0,34.0,15,33,72,179,374
17211.0,2011-11-13,2010-12-05,8,60377.95,2011-12-10,12,27,0.67,2394.1,7374.04,17904.57,49668.37,16830944.5,0.5,0.75,1.0,1.0,34.0,15,33,72,179,374
15411.0,2011-11-13,2011-06-10,4,34693.18,2011-12-10,6,27,0.67,2394.1,7374.04,17904.57,49668.37,16830944.5,0.5,0.75,1.0,1.0,34.0,15,33,72,179,374
15429.0,2011-11-13,2011-09-25,2,15543.92,2011-12-10,3,27,0.67,2394.1,7374.04,17904.57,49668.37,16830944.5,0.5,0.75,1.0,1.0,34.0,15,33,72,179,374
12517.0,2011-11-11,2011-06-02,4,179289.95,2011-12-10,6,29,0.67,2394.1,7374.04,17904.57,49668.37,16830944.5,0.5,0.75,1.0,1.0,34.0,15,33,72,179,374
13895.0,2011-11-11,2011-06-28,4,78287.51,2011-12-10,6,29,0.67,2394.1,7374.04,17904.57,49668.37,16830944.5,0.5,0.75,1.0,1.0,34.0,15,33,72,179,374
15492.0,2011-11-11,2011-09-26,2,9181.66,2011-12-10,3,29,0.67,2394.1,7374.04,17904.57,49668.37,16830944.5,0.5,0.75,1.0,1.0,34.0,15,33,72,179,374
18217.0,2011-11-10,2011-09-30,2,9686.3,2011-12-10,3,30,0.67,2394.1,7374.04,17904.57,49668.37,16830944.5,0.5,0.75,1.0,1.0,34.0,15,33,72,179,374
13209.0,2011-11-09,2010-12-13,8,374891.55,2011-12-10,12,31,0.67,2394.1,7374.04,17904.57,49668.37,16830944.5,0.5,0.75,1.0,1.0,34.0,15,33,72,179,374
16205.0,2011-11-09,2011-06-13,4,20529.18,2011-12-10,6,31,0.67,2394.1,7374.04,17904.57,49668.37,16830944.5,0.5,0.75,1.0,1.0,34.0,15,33,72,179,374
14284.0,2011-11-09,2011-09-14,2,8131.65,2011-12-10,3,31,0.67,2394.1,7374.04,17904.57,49668.37,16830944.5,0.5,0.75,1.0,1.0,34.0,15,33,72,179,374
14676.0,2011-11-08,2011-03-01,6,18501.24,2011-12-10,9,32,0.67,2394.1,7374.04,17904.57,49668.37,16830944.5,0.5,0.75,1.0,1.0,34.0,15,33,72,179,374
13975.0,2011-11-08,2011-03-08,6,185351.3,2011-12-10,9,32,0.67,2394.1,7374.04,17904.57,49668.37,16830944.5,0.5,0.75,1.0,1.0,34.0,15,33,72,179,374
18177.0,2011-11-08,2011-03-29,6,19610.39,2011-12-10,9,32,0.67,2394.1,7374.04,17904.57,49668.37,16830944.5,0.5,0.75,1.0,1.0,34.0,15,33,72,179,374
13272.0,2011-11-08,2011-09-11,2,1386.48,2011-12-10,3,32,0.67,2394.1,7374.04,17904.57,49668.37,16830944.5,0.5,0.75,1.0,1.0,34.0,15,33,72,179,374
15103.0,2011-11-08,2011-09-14,2,9815.76,2011-12-10,3,32,0.67,2394.1,7374.04,17904.57,49668.37,16830944.5,0.5,0.75,1.0,1.0,34.0,15,33,72,179,374
15573.0,2011-11-08,2011-09-15,2,24704.3,2011-12-10,3,32,0.67,2394.1,7374.04,17904.57,49668.37,16830944.5,0.5,0.75,1.0,1.0,34.0,15,33,72,179,374
15763.0,2011-11-08,2011-09-23,2,17423.76,2011-12-10,3,32,0.67,2394.1,7374.04,17904.57,49668.37,16830944.5,0.5,0.75,1.0,1.0,34.0,15,33,72,179,374
12832.0,2011-11-07,2011-09-02,2,5857.47,2011-12-10,3,33,0.67,2394.1,7374.04,17904.57,49668.37,16830944.5,0.5,0.75,1.0,1.0,34.0,15,33,72,179,374
15522.0,2011-11-07,2011-09-13,2,12999.9,2011-12-10,3,33,0.67,2394.1,7374.04,17904.57,49668.37,16830944.5,0.5,0.75,1.0,1.0,34.0,15,33,72,179,374
17107.0,2011-11-06,2011-03-06,6,871719.59,2011-12-10,9,34,0.67,2394.1,7374.04,17904.57,49668.37,16830944.5,0.5,0.75,1.0,1.0,34.0,15,33,72,179,374
13759.0,2011-11-06,2011-09-29,2,11429.22,2011-12-10,3,34,0.67,2394.1,7374.04,17904.57,49668.37,16830944.5,0.5,0.75,1.0,1.0,34.0,15,33,72,179,374
18205.0,2011-11-03,2011-09-26,2,6460.28,2011-12-10,3,37,0.67,2394.1,7374.04,17904.57,49668.37,16830944.5,0.5,0.75,1.0,1.0,34.0,15,33,72,179,374
12779.0,2011-11-02,2010-12-03,8,70832.6,2011-12-10,12,38,0.67,2394.1,7374.04,17904.57,49668.37,16830944.5,0.5,0.75,1.0,1.0,34.0,15,33,72,179,374
13327.0,2011-11-01,2010-12-09,8,59209.72,2011-12-10,12,39,0.67,2394.1,7374.04,17904.57,49668.37,16830944.5,0.5,0.75,1.0,1.0,34.0,15,33,72,179,374
17696.0,2011-11-01,2010-12-10,8,35657.21,2011-12-10,12,39,0.67,2394.1,7374.04,17904.57,49668.37,16830944.5,0.5,0.75,1.0,1.0,34.0,15,33,72,179,374
12571.0,2011-10-31,2011-08-10,2,8902.1,2011-12-10,3,40,0.67,2394.1,7374.04,17904.57,49668.37,16830944.5,0.5,0.75,1.0,1.0,34.0,15,33,72,179,374
16836.0,2011-10-31,2011-08-15,2,1627.59,2011-12-10,3,40,0.67,2394.1,7374.04,17904.57,49668.37,16830944.5,0.5,0.75,1.0,1.0,34.0,15,33,72,179,374
16232.0,2011-10-27,2011-05-08,4,9349.0,2011-12-10,6,44,0.67,2394.1,7374.04,17904.57,49668.37,16830944.5,0.5,0.75,1.0,1.0,34.0,15,33,72,179,374
18147.0,2011-10-25,2011-08-23,2,636.9,2011-12-10,3,46,0.67,2394.1,7374.04,17904.57,49668.37,16830944.5,0.5,0.75,1.0,1.0,34.0,15,33,72,179,374
14145.0,2011-10-24,2011-05-06,4,11167.2,2011-12-10,6,47,0.67,2394.1,7374.04,17904.57,49668.37,16830944.5,0.5,0.75,1.0,1.0,34.0,15,33,72,179,374
16007.0,2011-10-23,2011-05-08,4,186811.28,2011-12-10,6,48,0.67,2394.1,7374.04,17904.57,49668.37,16830944.5,0.5,0.75,1.0,1.0,34.0,15,33,72,179,374
14495.0,2011-10-20,2011-08-10,2,414.0,2011-12-10,3,51,0.67,2394.1,7374.04,17904.57,49668.37,16830944.5,0.5,0.75,1.0,1.0,34.0,15,33,72,179,374
15469.0,2011-10-20,2011-08-11,2,4159.25,2011-12-10,3,51,0.67,2394.1,7374.04,17904.57,49668.37,16830944.5,0.5,0.75,1.0,1.0,34.0,15,33,72,179,374
13805.0,2011-10-18,2011-08-02,2,5971.96,2011-12-10,3,53,0.67,2394.1,7374.04,17904.57,49668.37,16830944.5,0.5,0.75,1.0,1.0,34.0,15,33,72,179,374
17612.0,2011-10-17,2011-02-15,6,43621.29,2011-12-10,9,54,0.67,2394.1,7374.04,17904.57,49668.37,16830944.5,0.5,0.75,1.0,1.0,34.0,15,33,72,179,374
17527.0,2011-10-17,2011-05-05,4,8687.51,2011-12-10,6,54,0.67,2394.1,7374.04,17904.57,49668.37,16830944.5,0.5,0.75,1.0,1.0,34.0,15,33,72,179,374
14567.0,2011-10-14,2011-08-01,2,20403.96,2011-12-10,3,57,0.67,2394.1,7374.04,17904.57,49668.37,16830944.5,0.5,0.75,1.0,1.0,34.0,15,33,72,179,374
13208.0,2011-10-12,2011-02-03,6,36043.99,2011-12-10,9,59,0.67,2394.1,7374.04,17904.57,49668.37,16830944.5,0.5,0.75,1.0,1.0,34.0,15,33,72,179,374
13919.0,2011-10-11,2011-08-10,2,4185.06,2011-12-10,3,60,0.67,2394.1,7374.04,17904.57,49668.37,16830944.5,0.5,0.75,1.0,1.0,34.0,15,33,72,179,374
15128.0,2011-10-10,2011-05-04,4,35505.56,2011-12-10,6,61,0.67,2394.1,7374.04,17904.57,49668.37,16830944.5,0.5,0.75,1.0,1.0,34.0,15,33,72,179,374
12492.0,2011-10-07,2011-08-26,2,2055.32,2011-12-10,3,64,0.67,2394.1,7374.04,17904.57,49668.37,16830944.5,0.5,0.75,1.0,1.0,34.0,15,33,72,179,374
13023.0,2011-10-06,2011-08-02,2,10783.6,2011-12-10,3,65,0.67,2394.1,7374.04,17904.57,49668.37,16830944.5,0.5,0.75,1.0,1.0,34.0,15,33,72,179,374
15315.0,2011-10-06,2011-08-15,2,10812.8,2011-12-10,3,65,0.67,2394.1,7374.04,17904.57,49668.37,16830944.5,0.5,0.75,1.0,1.0,34.0,15,33,72,179,374
13515.0,2011-09-28,2011-04-06,4,14758.52,2011-12-10,6,73,0.67,2394.1,7374.04,17904.57,49668.37,16830944.5,0.5,0.75,1.0,1.0,34.0,15,33,72,179,374
13505.0,2011-09-28,2011-04-21,4,194751.34,2011-12-10,6,73,0.67,2394.1,7374.04,17904.57,49668.37,16830944.5,0.5,0.75,1.0,1.0,34.0,15,33,72,179,374
18265.0,2011-09-28,2011-07-04,2,13538.93,2011-12-10,3,73,0.67,2394.1,7374.04,17904.57,49668.37,16830944.5,0.5,0.75,1.0,1.0,34.0,15,33,72,179,374
14101.0,2011-09-27,2011-01-17,6,35893.92,2011-12-10,9,74,0.67,2394.1,7374.04,17904.57,49668.37,16830944.5,0.5,0.75,1.0,1.0,34.0,15,33,72,179,374
17027.0,2011-09-22,2011-01-26,6,29845.46,2011-12-10,9,79,0.67,2394.1,7374.04,17904.57,49668.37,16830944.5,0.5,0.75,1.0,1.0,34.0,15,33,72,179,374
13220.0,2011-09-22,2011-04-17,4,2944.08,2011-12-10,6,79,0.67,2394.1,7374.04,17904.57,49668.37,16830944.5,0.5,0.75,1.0,1.0,34.0,15,33,72,179,374
16906.0,2011-09-19,2011-04-05,4,11524.58,2011-12-10,6,82,0.67,2394.1,7374.04,17904.57,49668.37,16830944.5,0.5,0.75,1.0,1.0,34.0,15,33,72,179,374
16370.0,2011-09-18,2011-04-28,4,58719.19,2011-12-10,6,83,0.67,2394.1,7374.04,17904.57,49668.37,16830944.5,0.5,0.75,1.0,1.0,34.0,15,33,72,179,374
13563.0,2011-09-16,2011-07-22,2,10823.75,2011-12-10,3,85,0.67,2394.1,7374.04,17904.57,49668.37,16830944.5,0.5,0.75,1.0,1.0,34.0,15,33,72,179,374
13134.0,2011-09-15,2011-04-13,4,61249.64,2011-12-10,6,86,0.67,2394.1,7374.04,17904.57,49668.37,16830944.5,0.5,0.75,1.0,1.0,34.0,15,33,72,179,374
14163.0,2011-09-13,2011-04-14,4,26010.39,2011-12-10,6,88,0.67,2394.1,7374.04,17904.57,49668.37,16830944.5,0.5,0.75,1.0,1.0,34.0,15,33,72,179,374
12635.0,2011-09-11,2011-07-08,2,70016.2,2011-12-10,3,90,0.67,2394.1,7374.04,17904.57,49668.37,16830944.5,0.5,0.75,1.0,1.0,34.0,15,33,72,179,374
13814.0,2011-09-08,2011-07-25,2,36467.58,2011-12-10,3,93,0.67,2394.1,7374.04,17904.57,49668.37,16830944.5,0.5,0.75,1.0,1.0,34.0,15,33,72,179,374
16175.0,2011-09-06,2011-04-13,4,12197.33,2011-12-10,6,95,0.67,2394.1,7374.04,17904.57,49668.37,16830944.5,0.5,0.75,1.0,1.0,34.0,15,33,72,179,374
17229.0,2011-09-04,2011-07-20,2,6996.31,2011-12-10,3,97,0.67,2394.1,7374.04,17904.57,49668.37,16830944.5,0.5,0.75,1.0,1.0,34.0,15,33,72,179,374
15829.0,2011-09-01,2011-07-22,2,15266.0,2011-12-10,3,100,0.67,2394.1,7374.04,17904.57,49668.37,16830944.5,0.5,0.75,1.0,1.0,34.0,15,33,72,179,374
14078.0,2011-08-30,2010-12-01,6,11234.91,2011-12-10,9,102,0.67,2394.1,7374.04,17904.57,49668.37,16830944.5,0.5,0.75,1.0,1.0,34.0,15,33,72,179,374
14210.0,2011-08-26,2010-12-03,6,27270.04,2011-12-10,9,106,0.67,2394.1,7374.04,17904.57,49668.37,16830944.5,0.5,0.75,1.0,1.0,34.0,15,33,72,179,374
12624.0,2011-08-25,2011-06-15,2,9722.4,2011-12-10,3,107,0.67,2394.1,7374.04,17904.57,49668.37,16830944.5,0.5,0.75,1.0,1.0,34.0,15,33,72,179,374
17242.0,2011-08-23,2011-06-12,2,25255.36,2011-12-10,3,109,0.67,2394.1,7374.04,17904.57,49668.37,16830944.5,0.5,0.75,1.0,1.0,34.0,15,33,72,179,374
13027.0,2011-08-18,2010-12-20,6,34176.0,2011-12-10,9,114,0.67,2394.1,7374.04,17904.57,49668.37,16830944.5,0.5,0.75,1.0,1.0,34.0,15,33,72,179,374
15624.0,2011-08-15,2011-03-28,4,4836.34,2011-12-10,6,117,0.67,2394.1,7374.04,17904.57,49668.37,16830944.5,0.5,0.75,1.0,1.0,34.0,15,33,72,179,374
13720.0,2011-08-15,2011-03-30,4,9225.3,2011-12-10,6,117,0.67,2394.1,7374.04,17904.57,49668.37,16830944.5,0.5,0.75,1.0,1.0,34.0,15,33,72,179,374
17252.0,2011-08-15,2011-06-06,2,25917.03,2011-12-10,3,117,0.67,2394.1,7374.04,17904.57,49668.37,16830944.5,0.5,0.75,1.0,1.0,34.0,15,33,72,179,374
12399.0,2011-08-12,2011-03-23,4,17257.99,2011-12-10,6,120,0.67,2394.1,7374.04,17904.57,49668.37,16830944.5,0.5,0.75,1.0,1.0,34.0,15,33,72,179,374
17642.0,2011-08-12,2011-06-16,2,14715.66,2011-12-10,3,120,0.67,2394.1,7374.04,17904.57,49668.37,16830944.5,0.5,0.75,1.0,1.0,34.0,15,33,72,179,374
18248.0,2011-08-09,2011-06-06,2,15491.04,2011-12-10,3,123,0.67,2394.1,7374.04,17904.57,49668.37,16830944.5,0.5,0.75,1.0,1.0,34.0,15,33,72,179,374
13248.0,2011-08-07,2011-06-03,2,7885.45,2011-12-10,3,125,0.67,2394.1,7374.04,17904.57,49668.37,16830944.5,0.5,0.75,1.0,1.0,34.0,15,33,72,179,374
13791.0,2011-08-04,2011-06-24,2,8875.0,2011-12-10,3,128,0.67,2394.1,7374.04,17904.57,49668.37,16830944.5,0.5,0.75,1.0,1.0,34.0,15,33,72,179,374
17926.0,2011-07-29,2011-05-20,2,3773.9,2011-12-10,3,134,0.67,2394.1,7374.04,17904.57,49668.37,16830944.5,0.5,0.75,1.0,1.0,34.0,15,33,72,179,374
18146.0,2011-07-22,2011-05-03,2,808.8,2011-12-10,3,141,0.67,2394.1,7374.04,17904.57,49668.37,16830944.5,0.5,0.75,1.0,1.0,34.0,15,33,72,179,374
12815.0,2011-07-15,2011-05-25,2,16105.62,2011-12-10,3,148,0.67,2394.1,7374.04,17904.57,49668.37,16830944.5,0.5,0.75,1.0,1.0,34.0,15,33,72,179,374
15402.0,2011-07-14,2011-05-27,2,13970.35,2011-12-10,3,149,0.67,2394.1,7374.04,17904.57,49668.37,16830944.5,0.5,0.75,1.0,1.0,34.0,15,33,72,179,374
12464.0,2011-07-13,2011-02-03,4,76.5,2011-12-10,6,150,0.67,2394.1,7374.04,17904.57,49668.37,16830944.5,0.5,0.75,1.0,1.0,34.0,15,33,72,179,374
16998.0,2011-07-13,2011-02-08,4,295.0,2011-12-10,6,150,0.67,2394.1,7374.04,17904.57,49668.37,16830944.5,0.5,0.75,1.0,1.0,34.0,15,33,72,179,374
17337.0,2011-07-11,2011-02-02,4,336501.38,2011-12-10,6,152,0.67,2394.1,7374.04,17904.57,49668.37,16830944.5,0.5,0.75,1.0,1.0,34.0,15,33,72,179,374
16091.0,2011-07-08,2011-05-25,2,2834.98,2011-12-10,3,155,0.67,2394.1,7374.04,17904.57,49668.37,16830944.5,0.5,0.75,1.0,1.0,34.0,15,33,72,179,374
18142.0,2011-07-05,2011-05-08,2,6964.56,2011-12-10,3,158,0.67,2394.1,7374.04,17904.57,49668.37,16830944.5,0.5,0.75,1.0,1.0,34.0,15,33,72,179,374
17505.0,2011-07-01,2011-05-18,2,24633.65,2011-12-10,3,162,0.67,2394.1,7374.04,17904.57,49668.37,16830944.5,0.5,0.75,1.0,1.0,34.0,15,33,72,179,374
14338.0,2011-07-01,2011-05-27,2,12795.99,2011-12-10,3,162,0.67,2394.1,7374.04,17904.57,49668.37,16830944.5,0.5,0.75,1.0,1.0,34.0,15,33,72,179,374
15665.0,2011-06-24,2011-04-10,2,137507.1,2011-12-10,3,169,0.67,2394.1,7374.04,17904.57,49668.37,16830944.5,0.5,0.75,1.0,1.0,34.0,15,33,72,179,374
17704.0,2011-06-24,2011-04-14,2,12174.85,2011-12-10,3,169,0.67,2394.1,7374.04,17904.57,49668.37,16830944.5,0.5,0.75,1.0,1.0,34.0,15,33,72,179,374
17630.0,2011-06-23,2011-04-21,2,3108.1,2011-12-10,3,170,0.67,2394.1,7374.04,17904.57,49668.37,16830944.5,0.5,0.75,1.0,1.0,34.0,15,33,72,179,374
14998.0,2011-06-22,2011-04-12,2,12973.36,2011-12-10,3,171,0.67,2394.1,7374.04,17904.57,49668.37,16830944.5,0.5,0.75,1.0,1.0,34.0,15,33,72,179,374
15535.0,2011-06-19,2011-01-16,4,10164.69,2011-12-10,6,174,0.67,2394.1,7374.04,17904.57,49668.37,16830944.5,0.5,0.75,1.0,1.0,34.0,15,33,72,179,374
13005.0,2011-06-19,2011-04-07,2,4315.5,2011-12-10,3,174,0.67,2394.1,7374.04,17904.57,49668.37,16830944.5,0.5,0.75,1.0,1.0,34.0,15,33,72,179,374
15912.0,2011-06-14,2011-04-20,2,2405.27,2011-12-10,3,179,0.67,2394.1,7374.04,17904.57,49668.37,16830944.5,0.5,0.75,1.0,1.0,34.0,15,33,72,179,374
13811.0,2011-06-09,2011-04-14,2,2598.75,2011-12-10,3,184,0.67,2394.1,7374.04,17904.57,49668.37,16830944.5,0.5,0.75,1.0,1.0,34.0,15,33,72,179,374
17409.0,2011-06-08,2011-04-05,2,2204.25,2011-12-10,3,185,0.67,2394.1,7374.04,17904.57,49668.37,16830944.5,0.5,0.75,1.0,1.0,34.0,15,33,72,179,374
17854.0,2011-06-07,2011-04-26,2,1349.37,2011-12-10,3,186,0.67,2394.1,7374.04,17904.57,49668.37,16830944.5,0.5,0.75,1.0,1.0,34.0,15,33,72,179,374
14512.0,2011-06-05,2011-04-21,2,1636.76,2011-12-10,3,188,0.67,2394.1,7374.04,17904.57,49668.37,16830944.5,0.5,0.75,1.0,1.0,34.0,15,33,72,179,374
13294.0,2011-06-03,2011-04-04,2,19704.9,2011-12-10,3,190,0.67,2394.1,7374.04,17904.57,49668.37,16830944.5,0.5,0.75,1.0,1.0,34.0,15,33,72,179,374
17454.0,2011-05-31,2010-12-15,4,7245.69,2011-12-10,6,193,0.67,2394.1,7374.04,17904.57,49668.37,16830944.5,0.5,0.75,1.0,1.0,34.0,15,33,72,179,374
13900.0,2011-05-31,2011-03-22,2,13402.53,2011-12-10,3,193,0.67,2394.1,7374.04,17904.57,49668.37,16830944.5,0.5,0.75,1.0,1.0,34.0,15,33,72,179,374
15104.0,2011-05-27,2011-03-02,2,19760.97,2011-12-10,3,197,0.67,2394.1,7374.04,17904.57,49668.37,16830944.5,0.5,0.75,1.0,1.0,34.0,15,33,72,179,374
16449.0,2011-05-26,2011-03-04,2,11176.3,2011-12-10,3,198,0.67,2394.1,7374.04,17904.57,49668.37,16830944.5,0.5,0.75,1.0,1.0,34.0,15,33,72,179,374
12547.0,2011-05-26,2011-03-04,2,677.4,2011-12-10,3,198,0.67,2394.1,7374.04,17904.57,49668.37,16830944.5,0.5,0.75,1.0,1.0,34.0,15,33,72,179,374
15882.0,2011-05-25,2010-12-06,4,4809.62,2011-12-10,6,199,0.67,2394.1,7374.04,17904.57,49668.37,16830944.5,0.5,0.75,1.0,1.0,34.0,15,33,72,179,374
14817.0,2011-05-23,2011-03-07,2,29775.88,2011-12-10,3,201,0.67,2394.1,7374.04,17904.57,49668.37,16830944.5,0.5,0.75,1.0,1.0,34.0,15,33,72,179,374
15648.0,2011-05-19,2011-03-17,2,5676.35,2011-12-10,3,205,0.67,2394.1,7374.04,17904.57,49668.37,16830944.5,0.5,0.75,1.0,1.0,34.0,15,33,72,179,374
14620.0,2011-05-18,2011-03-01,2,4569.28,2011-12-10,3,206,0.67,2394.1,7374.04,17904.57,49668.37,16830944.5,0.5,0.75,1.0,1.0,34.0,15,33,72,179,374
18218.0,2011-05-12,2011-03-03,2,6713.58,2011-12-10,3,212,0.67,2394.1,7374.04,17904.57,49668.37,16830944.5,0.5,0.75,1.0,1.0,34.0,15,33,72,179,374
15433.0,2011-05-10,2011-03-17,2,12946.46,2011-12-10,3,214,0.67,2394.1,7374.04,17904.57,49668.37,16830944.5,0.5,0.75,1.0,1.0,34.0,15,33,72,179,374
12888.0,2011-05-09,2011-03-29,2,294.48,2011-12-10,3,215,0.67,2394.1,7374.04,17904.57,49668.37,16830944.5,0.5,0.75,1.0,1.0,34.0,15,33,72,179,374
15092.0,2011-05-08,2011-03-01,2,6165.78,2011-12-10,3,216,0.67,2394.1,7374.04,17904.57,49668.37,16830944.5,0.5,0.75,1.0,1.0,34.0,15,33,72,179,374
18078.0,2011-05-06,2011-03-25,2,5262.26,2011-12-10,3,218,0.67,2394.1,7374.04,17904.57,49668.37,16830944.5,0.5,0.75,1.0,1.0,34.0,15,33,72,179,374
17374.0,2011-05-05,2011-03-03,2,6194.85,2011-12-10,3,219,0.67,2394.1,7374.04,17904.57,49668.37,16830944.5,0.5,0.75,1.0,1.0,34.0,15,33,72,179,374
14245.0,2011-05-04,2011-03-21,2,84971.3,2011-12-10,3,220,0.67,2394.1,7374.04,17904.57,49668.37,16830944.5,0.5,0.75,1.0,1.0,34.0,15,33,72,179,374
12582.0,2011-04-15,2011-02-24,2,3492.56,2011-12-10,3,239,0.67,2394.1,7374.04,17904.57,49668.37,16830944.5,0.5,0.75,1.0,1.0,34.0,15,33,72,179,374
17362.0,2011-04-14,2011-02-03,2,4578.16,2011-12-10,3,240,0.67,2394.1,7374.04,17904.57,49668.37,16830944.5,0.5,0.75,1.0,1.0,34.0,15,33,72,179,374
17035.0,2011-04-08,2011-02-01,2,5369.96,2011-12-10,3,246,0.67,2394.1,7374.04,17904.57,49668.37,16830944.5,0.5,0.75,1.0,1.0,34.0,15,33,72,179,374
13718.0,2011-04-07,2011-02-17,2,1275.8,2011-12-10,3,247,0.67,2394.1,7374.04,17904.57,49668.37,16830944.5,0.5,0.75,1.0,1.0,34.0,15,33,72,179,374
13368.0,2011-03-28,2011-01-06,2,13142.0,2011-12-10,3,257,0.67,2394.1,7374.04,17904.57,49668.37,16830944.5,0.5,0.75,1.0,1.0,34.0,15,33,72,179,374
13707.0,2011-03-17,2011-01-28,2,17617.6,2011-12-10,3,268,0.67,2394.1,7374.04,17904.57,49668.37,16830944.5,0.5,0.75,1.0,1.0,34.0,15,33,72,179,374
15057.0,2011-03-09,2011-01-28,2,17791.8,2011-12-10,3,276,0.67,2394.1,7374.04,17904.57,49668.37,16830944.5,0.5,0.75,1.0,1.0,34.0,15,33,72,179,374
16546.0,2011-02-22,2010-12-02,2,9859.5,2011-12-10,3,291,0.67,2394.1,7374.04,17904.57,49668.37,16830944.5,0.5,0.75,1.0,1.0,34.0,15,33,72,179,374
15759.0,2011-02-16,2010-12-16,2,192.12,2011-12-10,3,297,0.67,2394.1,7374.04,17904.57,49668.37,16830944.5,0.5,0.75,1.0,1.0,34.0,15,33,72,179,374
14081.0,2011-02-10,2010-12-05,2,56472.65,2011-12-10,3,303,0.67,2394.1,7374.04,17904.57,49668.37,16830944.5,0.5,0.75,1.0,1.0,34.0,15,33,72,179,374
17358.0,2011-02-09,2010-12-19,2,11513.4,2011-12-10,3,304,0.67,2394.1,7374.04,17904.57,49668.37,16830944.5,0.5,0.75,1.0,1.0,34.0,15,33,72,179,374
17392.0,2011-02-06,2010-12-16,2,11820.54,2011-12-10,3,307,0.67,2394.1,7374.04,17904.57,49668.37,16830944.5,0.5,0.75,1.0,1.0,34.0,15,33,72,179,374
17223.0,2011-02-02,2010-12-06,2,5179.86,2011-12-10,3,311,0.67,2394.1,7374.04,17904.57,49668.37,16830944.5,0.5,0.75,1.0,1.0,34.0,15,33,72,179,374
14496.0,2011-02-01,2010-12-01,2,2982.28,2011-12-10,3,312,0.67,2394.1,7374.04,17904.57,49668.37,16830944.5,0.5,0.75,1.0,1.0,34.0,15,33,72,179,374
14395.0,2011-12-07,2010-12-02,9,136503.02,2011-12-10,13,3,0.69,2394.1,7374.04,17904.57,49668.37,16830944.5,0.5,0.75,1.0,1.0,34.0,15,33,72,179,374
16817.0,2011-12-07,2010-12-06,9,13820.19,2011-12-10,13,3,0.69,2394.1,7374.04,17904.57,49668.37,16830944.5,0.5,0.75,1.0,1.0,34.0,15,33,72,179,374
17091.0,2011-12-07,2010-12-07,9,105110.95,2011-12-10,13,3,0.69,2394.1,7374.04,17904.57,49668.37,16830944.5,0.5,0.75,1.0,1.0,34.0,15,33,72,179,374
12417.0,2011-12-06,2010-12-17,9,44973.31,2011-12-10,13,4,0.69,2394.1,7374.04,17904.57,49668.37,16830944.5,0.5,0.75,1.0,1.0,34.0,15,33,72,179,374
14083.0,2011-12-05,2010-12-03,9,49446.83,2011-12-10,13,5,0.69,2394.1,7374.04,17904.57,49668.37,16830944.5,0.5,0.75,1.0,1.0,34.0,15,33,72,179,374
15628.0,2011-12-05,2010-12-08,9,51125.94,2011-12-10,13,5,0.69,2394.1,7374.04,17904.57,49668.37,16830944.5,0.5,0.75,1.0,1.0,34.0,15,33,72,179,374
13021.0,2011-12-05,2010-12-16,9,37234.19,2011-12-10,13,5,0.69,2394.1,7374.04,17904.57,49668.37,16830944.5,0.5,0.75,1.0,1.0,34.0,15,33,72,179,374
15602.0,2011-12-01,2010-12-06,9,9918.32,2011-12-10,13,9,0.69,2394.1,7374.04,17904.57,49668.37,16830944.5,0.5,0.75,1.0,1.0,34.0,15,33,72,179,374
15021.0,2011-12-01,2010-12-08,9,95974.38,2011-12-10,13,9,0.69,2394.1,7374.04,17904.57,49668.37,16830944.5,0.5,0.75,1.0,1.0,34.0,15,33,72,179,374
14309.0,2011-12-01,2010-12-16,9,29369.78,2011-12-10,13,9,0.69,2394.1,7374.04,17904.57,49668.37,16830944.5,0.5,0.75,1.0,1.0,34.0,15,33,72,179,374
13743.0,2011-12-07,2011-03-25,7,8271.36,2011-12-10,10,3,0.7,2394.1,7374.04,17904.57,49668.37,16830944.5,0.5,0.75,1.0,1.0,34.0,15,33,72,179,374
15572.0,2011-12-05,2011-03-06,7,73337.54,2011-12-10,10,5,0.7,2394.1,7374.04,17904.57,49668.37,16830944.5,0.5,0.75,1.0,1.0,34.0,15,33,72,179,374
16242.0,2011-12-01,2011-03-07,7,173791.79,2011-12-10,10,9,0.7,2394.1,7374.04,17904.57,49668.37,16830944.5,0.5,0.75,1.0,1.0,34.0,15,33,72,179,374
18230.0,2011-11-30,2011-02-10,7,35417.46,2011-12-10,10,10,0.7,2394.1,7374.04,17904.57,49668.37,16830944.5,0.5,0.75,1.0,1.0,34.0,15,33,72,179,374
15903.0,2011-11-30,2011-02-17,7,49188.96,2011-12-10,10,10,0.7,2394.1,7374.04,17904.57,49668.37,16830944.5,0.5,0.75,1.0,1.0,34.0,15,33,72,179,374
12598.0,2011-11-30,2011-02-28,7,52401.59,2011-12-10,10,10,0.7,2394.1,7374.04,17904.57,49668.37,16830944.5,0.5,0.75,1.0,1.0,34.0,15,33,72,179,374
13610.0,2011-11-27,2011-02-27,7,35019.51,2011-12-10,10,13,0.7,2394.1,7374.04,17904.57,49668.37,16830944.5,0.5,0.75,1.0,1.0,34.0,15,33,72,179,374
15270.0,2011-11-24,2011-02-02,7,11781.99,2011-12-10,10,16,0.7,2394.1,7374.04,17904.57,49668.37,16830944.5,0.5,0.75,1.0,1.0,34.0,15,33,72,179,374
17323.0,2011-11-24,2011-02-20,7,32144.1,2011-12-10,10,16,0.7,2394.1,7374.04,17904.57,49668.37,16830944.5,0.5,0.75,1.0,1.0,34.0,15,33,72,179,374
16057.0,2011-11-23,2011-02-28,7,52213.89,2011-12-10,10,17,0.7,2394.1,7374.04,17904.57,49668.37,16830944.5,0.5,0.75,1.0,1.0,34.0,15,33,72,179,374
17063.0,2011-11-18,2011-02-23,7,21754.76,2011-12-10,10,22,0.7,2394.1,7374.04,17904.57,49668.37,16830944.5,0.5,0.75,1.0,1.0,34.0,15,33,72,179,374
17663.0,2011-11-14,2011-02-25,7,20805.18,2011-12-10,10,26,0.7,2394.1,7374.04,17904.57,49668.37,16830944.5,0.5,0.75,1.0,1.0,34.0,15,33,72,179,374
16332.0,2011-11-11,2011-02-07,7,38218.83,2011-12-10,10,29,0.7,2394.1,7374.04,17904.57,49668.37,16830944.5,0.5,0.75,1.0,1.0,34.0,15,33,72,179,374
12599.0,2011-11-10,2011-02-08,7,7643.06,2011-12-10,10,30,0.7,2394.1,7374.04,17904.57,49668.37,16830944.5,0.5,0.75,1.0,1.0,34.0,15,33,72,179,374
16434.0,2011-11-10,2011-02-13,7,20516.51,2011-12-10,10,30,0.7,2394.1,7374.04,17904.57,49668.37,16830944.5,0.5,0.75,1.0,1.0,34.0,15,33,72,179,374
13804.0,2011-11-09,2011-02-23,7,59838.3,2011-12-10,10,31,0.7,2394.1,7374.04,17904.57,49668.37,16830944.5,0.5,0.75,1.0,1.0,34.0,15,33,72,179,374
13110.0,2011-11-08,2011-02-01,7,26567.58,2011-12-10,10,32,0.7,2394.1,7374.04,17904.57,49668.37,16830944.5,0.5,0.75,1.0,1.0,34.0,15,33,72,179,374
16466.0,2011-11-06,2011-02-20,7,32986.36,2011-12-10,10,34,0.7,2394.1,7374.04,17904.57,49668.37,16830944.5,0.5,0.75,1.0,1.0,34.0,15,33,72,179,374
12352.0,2011-11-03,2011-02-16,7,12528.2,2011-12-10,10,37,0.7,2394.1,7374.04,17904.57,49668.37,16830944.5,0.5,0.75,1.0,1.0,34.0,15,33,72,179,374
14738.0,2011-10-28,2011-01-27,7,10533.06,2011-12-10,10,43,0.7,2394.1,7374.04,17904.57,49668.37,16830944.5,0.5,0.75,1.0,1.0,34.0,15,33,72,179,374
13538.0,2011-10-27,2011-01-28,7,5237.25,2011-12-10,10,44,0.7,2394.1,7374.04,17904.57,49668.37,16830944.5,0.5,0.75,1.0,1.0,34.0,15,33,72,179,374
17591.0,2011-09-27,2010-12-07,7,36050.87,2011-12-10,10,74,0.7,2394.1,7374.04,17904.57,49668.37,16830944.5,0.5,0.75,1.0,1.0,34.0,15,33,72,179,374
16098.0,2011-09-13,2010-12-01,7,12862.61,2011-12-10,10,88,0.7,2394.1,7374.04,17904.57,49668.37,16830944.5,0.5,0.75,1.0,1.0,34.0,15,33,72,179,374
14414.0,2011-09-09,2010-12-16,7,22023.62,2011-12-10,10,92,0.7,2394.1,7374.04,17904.57,49668.37,16830944.5,0.5,0.75,1.0,1.0,34.0,15,33,72,179,374
16892.0,2011-12-08,2011-06-09,5,9748.07,2011-12-10,7,2,0.71,2394.1,7374.04,17904.57,49668.37,16830944.5,0.5,0.75,1.0,1.0,34.0,15,33,72,179,374
16682.0,2011-12-05,2011-06-05,5,6780.28,2011-12-10,7,5,0.71,2394.1,7374.04,17904.57,49668.37,16830944.5,0.5,0.75,1.0,1.0,34.0,15,33,72,179,374
14005.0,2011-11-30,2011-05-08,5,57880.0,2011-12-10,7,10,0.71,2394.1,7374.04,17904.57,49668.37,16830944.5,0.5,0.75,1.0,1.0,34.0,15,33,72,179,374
13658.0,2011-11-30,2011-05-19,5,56878.3,2011-12-10,7,10,0.71,2394.1,7374.04,17904.57,49668.37,16830944.5,0.5,0.75,1.0,1.0,34.0,15,33,72,179,374
15117.0,2011-11-25,2011-05-08,5,30660.43,2011-12-10,7,15,0.71,2394.1,7374.04,17904.57,49668.37,16830944.5,0.5,0.75,1.0,1.0,34.0,15,33,72,179,374
17410.0,2011-11-23,2011-05-08,5,15108.03,2011-12-10,7,17,0.71,2394.1,7374.04,17904.57,49668.37,16830944.5,0.5,0.75,1.0,1.0,34.0,15,33,72,179,374
17469.0,2011-11-23,2011-05-19,5,31001.16,2011-12-10,7,17,0.71,2394.1,7374.04,17904.57,49668.37,16830944.5,0.5,0.75,1.0,1.0,34.0,15,33,72,179,374
18221.0,2011-11-17,2011-05-12,5,12434.98,2011-12-10,7,23,0.71,2394.1,7374.04,17904.57,49668.37,16830944.5,0.5,0.75,1.0,1.0,34.0,15,33,72,179,374
14691.0,2011-11-09,2011-05-11,5,36418.3,2011-12-10,7,31,0.71,2394.1,7374.04,17904.57,49668.37,16830944.5,0.5,0.75,1.0,1.0,34.0,15,33,72,179,374
16750.0,2011-10-26,2011-04-21,5,10032.88,2011-12-10,7,45,0.71,2394.1,7374.04,17904.57,49668.37,16830944.5,0.5,0.75,1.0,1.0,34.0,15,33,72,179,374
16131.0,2011-10-19,2011-04-14,5,56069.7,2011-12-10,7,52,0.71,2394.1,7374.04,17904.57,49668.37,16830944.5,0.5,0.75,1.0,1.0,34.0,15,33,72,179,374
16249.0,2011-10-18,2011-04-14,5,24944.37,2011-12-10,7,53,0.71,2394.1,7374.04,17904.57,49668.37,16830944.5,0.5,0.75,1.0,1.0,34.0,15,33,72,179,374
13015.0,2011-10-17,2011-04-04,5,144466.31,2011-12-10,7,54,0.71,2394.1,7374.04,17904.57,49668.37,16830944.5,0.5,0.75,1.0,1.0,34.0,15,33,72,179,374
14235.0,2011-09-25,2011-03-24,5,54007.17,2011-12-10,7,76,0.71,2394.1,7374.04,17904.57,49668.37,16830944.5,0.5,0.75,1.0,1.0,34.0,15,33,72,179,374
12520.0,2011-09-21,2011-03-11,5,74856.15,2011-12-10,7,80,0.71,2394.1,7374.04,17904.57,49668.37,16830944.5,0.5,0.75,1.0,1.0,34.0,15,33,72,179,374
16709.0,2011-09-16,2011-03-03,5,40810.06,2011-12-10,7,85,0.71,2394.1,7374.04,17904.57,49668.37,16830944.5,0.5,0.75,1.0,1.0,34.0,15,33,72,179,374
15400.0,2011-09-08,2011-03-06,5,2383.7,2011-12-10,7,93,0.71,2394.1,7374.04,17904.57,49668.37,16830944.5,0.5,0.75,1.0,1.0,34.0,15,33,72,179,374
14745.0,2011-08-19,2011-02-27,5,21348.93,2011-12-10,7,113,0.71,2394.1,7374.04,17904.57,49668.37,16830944.5,0.5,0.75,1.0,1.0,34.0,15,33,72,179,374
12383.0,2011-06-08,2010-12-22,5,38040.68,2011-12-10,7,185,0.71,2394.1,7374.04,17904.57,49668.37,16830944.5,0.5,0.75,1.0,1.0,34.0,15,33,72,179,374
13394.0,2011-12-08,2011-02-03,8,47975.05,2011-12-10,11,2,0.73,2394.1,7374.04,17904.57,49668.37,16830944.5,0.5,0.75,1.0,1.0,34.0,15,33,72,179,374
15796.0,2011-12-08,2011-02-10,8,32681.54,2011-12-10,11,2,0.73,2394.1,7374.04,17904.57,49668.37,16830944.5,0.5,0.75,1.0,1.0,34.0,15,33,72,179,374
13870.0,2011-12-07,2011-02-25,8,43288.81,2011-12-10,11,3,0.73,2394.1,7374.04,17904.57,49668.37,16830944.5,0.5,0.75,1.0,1.0,34.0,15,33,72,179,374
15932.0,2011-12-05,2011-02-23,8,35183.1,2011-12-10,11,5,0.73,2394.1,7374.04,17904.57,49668.37,16830944.5,0.5,0.75,1.0,1.0,34.0,15,33,72,179,374
12957.0,2011-11-30,2011-01-04,8,139830.61,2011-12-10,11,10,0.73,2394.1,7374.04,17904.57,49668.37,16830944.5,0.5,0.75,1.0,1.0,34.0,15,33,72,179,374
12524.0,2011-11-30,2011-01-10,8,74533.79,2011-12-10,11,10,0.73,2394.1,7374.04,17904.57,49668.37,16830944.5,0.5,0.75,1.0,1.0,34.0,15,33,72,179,374
17365.0,2011-11-27,2011-01-11,8,321906.61,2011-12-10,11,13,0.73,2394.1,7374.04,17904.57,49668.37,16830944.5,0.5,0.75,1.0,1.0,34.0,15,33,72,179,374
12483.0,2011-11-22,2011-01-04,8,20842.77,2011-12-10,11,18,0.73,2394.1,7374.04,17904.57,49668.37,16830944.5,0.5,0.75,1.0,1.0,34.0,15,33,72,179,374
15845.0,2011-11-22,2011-01-06,8,62356.09,2011-12-10,11,18,0.73,2394.1,7374.04,17904.57,49668.37,16830944.5,0.5,0.75,1.0,1.0,34.0,15,33,72,179,374
13862.0,2011-11-21,2011-01-11,8,41280.46,2011-12-10,11,19,0.73,2394.1,7374.04,17904.57,49668.37,16830944.5,0.5,0.75,1.0,1.0,34.0,15,33,72,179,374
17368.0,2011-11-16,2011-01-06,8,22538.04,2011-12-10,11,24,0.73,2394.1,7374.04,17904.57,49668.37,16830944.5,0.5,0.75,1.0,1.0,34.0,15,33,72,179,374
17314.0,2011-11-15,2011-01-31,8,60494.35,2011-12-10,11,25,0.73,2394.1,7374.04,17904.57,49668.37,16830944.5,0.5,0.75,1.0,1.0,34.0,15,33,72,179,374
15696.0,2011-11-06,2011-01-17,8,60591.1,2011-12-10,11,34,0.73,2394.1,7374.04,17904.57,49668.37,16830944.5,0.5,0.75,1.0,1.0,34.0,15,33,72,179,374
15860.0,2011-10-30,2010-12-06,8,14714.93,2011-12-10,11,41,0.73,2394.1,7374.04,17904.57,49668.37,16830944.5,0.5,0.75,1.0,1.0,34.0,15,33,72,179,374
17372.0,2011-10-30,2010-12-12,8,41332.82,2011-12-10,11,41,0.73,2394.1,7374.04,17904.57,49668.37,16830944.5,0.5,0.75,1.0,1.0,34.0,15,33,72,179,374
18116.0,2011-10-03,2010-12-10,8,76288.83,2011-12-10,11,68,0.73,2394.1,7374.04,17904.57,49668.37,16830944.5,0.5,0.75,1.0,1.0,34.0,15,33,72,179,374
12526.0,2011-12-09,2011-09-06,3,27990.04,2011-12-10,4,1,0.75,2394.1,7374.04,17904.57,49668.37,16830944.5,0.5,0.75,1.0,1.0,34.0,15,33,72,179,374
15344.0,2011-12-09,2011-09-26,3,2401.68,2011-12-10,4,1,0.75,2394.1,7374.04,17904.57,49668.37,16830944.5,0.5,0.75,1.0,1.0,34.0,15,33,72,179,374
15399.0,2011-12-08,2011-09-21,3,13524.39,2011-12-10,4,2,0.75,2394.1,7374.04,17904.57,49668.37,16830944.5,0.5,0.75,1.0,1.0,34.0,15,33,72,179,374
13314.0,2011-12-08,2011-09-27,3,18297.78,2011-12-10,4,2,0.75,2394.1,7374.04,17904.57,49668.37,16830944.5,0.5,0.75,1.0,1.0,34.0,15,33,72,179,374
15568.0,2011-12-07,2011-09-27,3,12678.94,2011-12-10,4,3,0.75,2394.1,7374.04,17904.57,49668.37,16830944.5,0.5,0.75,1.0,1.0,34.0,15,33,72,179,374
16987.0,2011-12-06,2011-05-18,6,32019.71,2011-12-10,8,4,0.75,2394.1,7374.04,17904.57,49668.37,16830944.5,0.5,0.75,1.0,1.0,34.0,15,33,72,179,374
17728.0,2011-12-06,2011-09-14,3,199721.95,2011-12-10,4,4,0.75,2394.1,7374.04,17904.57,49668.37,16830944.5,0.5,0.75,1.0,1.0,34.0,15,33,72,179,374
13183.0,2011-12-02,2011-01-09,9,40524.82,2011-12-10,12,8,0.75,2394.1,7374.04,17904.57,49668.37,16830944.5,0.5,0.75,1.0,1.0,34.0,15,33,72,179,374
16359.0,2011-12-02,2011-01-12,9,6638.5,2011-12-10,12,8,0.75,2394.1,7374.04,17904.57,49668.37,16830944.5,0.5,0.75,1.0,1.0,34.0,15,33,72,179,374
12684.0,2011-12-02,2011-05-10,6,38003.16,2011-12-10,8,8,0.75,2394.1,7374.04,17904.57,49668.37,16830944.5,0.5,0.75,1.0,1.0,34.0,15,33,72,179,374
14250.0,2011-12-02,2011-09-11,3,99201.06,2011-12-10,4,8,0.75,2394.1,7374.04,17904.57,49668.37,16830944.5,0.5,0.75,1.0,1.0,34.0,15,33,72,179,374
15687.0,2011-12-01,2011-01-13,9,44742.35,2011-12-10,12,9,0.75,2394.1,7374.04,17904.57,49668.37,16830944.5,0.5,0.75,1.0,1.0,34.0,15,33,72,179,374
12664.0,2011-12-01,2011-01-21,9,15247.92,2011-12-10,12,9,0.75,2394.1,7374.04,17904.57,49668.37,16830944.5,0.5,0.75,1.0,1.0,34.0,15,33,72,179,374
14659.0,2011-12-01,2011-01-28,9,79566.33,2011-12-10,12,9,0.75,2394.1,7374.04,17904.57,49668.37,16830944.5,0.5,0.75,1.0,1.0,34.0,15,33,72,179,374
15544.0,2011-11-30,2010-12-02,9,105050.92,2011-12-10,12,10,0.75,2394.1,7374.04,17904.57,49668.37,16830944.5,0.5,0.75,1.0,1.0,34.0,15,33,72,179,374
15024.0,2011-11-30,2010-12-07,9,41704.85,2011-12-10,12,10,0.75,2394.1,7374.04,17904.57,49668.37,16830944.5,0.5,0.75,1.0,1.0,34.0,15,33,72,179,374
16265.0,2011-11-30,2010-12-10,9,136997.52,2011-12-10,12,10,0.75,2394.1,7374.04,17904.57,49668.37,16830944.5,0.5,0.75,1.0,1.0,34.0,15,33,72,179,374
14390.0,2011-11-29,2010-12-02,9,167817.77,2011-12-10,12,11,0.75,2394.1,7374.04,17904.57,49668.37,16830944.5,0.5,0.75,1.0,1.0,34.0,15,33,72,179,374
14961.0,2011-11-29,2010-12-14,9,246430.9,2011-12-10,12,11,0.75,2394.1,7374.04,17904.57,49668.37,16830944.5,0.5,0.75,1.0,1.0,34.0,15,33,72,179,374
14901.0,2011-11-28,2010-12-02,9,12598.51,2011-12-10,12,12,0.75,2394.1,7374.04,17904.57,49668.37,16830944.5,0.5,0.75,1.0,1.0,34.0,15,33,72,179,374
14878.0,2011-11-27,2010-12-16,9,20010.73,2011-12-10,12,13,0.75,2394.1,7374.04,17904.57,49668.37,16830944.5,0.5,0.75,1.0,1.0,34.0,15,33,72,179,374
15502.0,2011-11-24,2010-12-05,9,265890.1,2011-12-10,12,16,0.75,2394.1,7374.04,17904.57,49668.37,16830944.5,0.5,0.75,1.0,1.0,34.0,15,33,72,179,374
14834.0,2011-11-22,2011-04-13,6,17546.4,2011-12-10,8,18,0.75,2394.1,7374.04,17904.57,49668.37,16830944.5,0.5,0.75,1.0,1.0,34.0,15,33,72,179,374
16633.0,2011-11-22,2011-04-19,6,59619.28,2011-12-10,8,18,0.75,2394.1,7374.04,17904.57,49668.37,16830944.5,0.5,0.75,1.0,1.0,34.0,15,33,72,179,374
16330.0,2011-11-22,2011-08-19,3,4496.73,2011-12-10,4,18,0.75,2394.1,7374.04,17904.57,49668.37,16830944.5,0.5,0.75,1.0,1.0,34.0,15,33,72,179,374
14482.0,2011-11-21,2011-04-14,6,48677.35,2011-12-10,8,19,0.75,2394.1,7374.04,17904.57,49668.37,16830944.5,0.5,0.75,1.0,1.0,34.0,15,33,72,179,374
14525.0,2011-11-20,2010-12-13,9,154091.18,2011-12-10,12,20,0.75,2394.1,7374.04,17904.57,49668.37,16830944.5,0.5,0.75,1.0,1.0,34.0,15,33,72,179,374
13500.0,2011-11-16,2011-08-09,3,23822.12,2011-12-10,4,24,0.75,2394.1,7374.04,17904.57,49668.37,16830944.5,0.5,0.75,1.0,1.0,34.0,15,33,72,179,374
18167.0,2011-11-16,2011-08-26,3,15055.98,2011-12-10,4,24,0.75,2394.1,7374.04,17904.57,49668.37,16830944.5,0.5,0.75,1.0,1.0,34.0,15,33,72,179,374
14640.0,2011-11-15,2011-04-26,6,31152.38,2011-12-10,8,25,0.75,2394.1,7374.04,17904.57,49668.37,16830944.5,0.5,0.75,1.0,1.0,34.0,15,33,72,179,374
17777.0,2011-11-15,2011-08-31,3,41350.72,2011-12-10,4,25,0.75,2394.1,7374.04,17904.57,49668.37,16830944.5,0.5,0.75,1.0,1.0,34.0,15,33,72,179,374
15660.0,2011-11-14,2010-12-09,9,24208.43,2011-12-10,12,26,0.75,2394.1,7374.04,17904.57,49668.37,16830944.5,0.5,0.75,1.0,1.0,34.0,15,33,72,179,374
12642.0,2011-11-14,2011-08-24,3,12037.14,2011-12-10,4,26,0.75,2394.1,7374.04,17904.57,49668.37,16830944.5,0.5,0.75,1.0,1.0,34.0,15,33,72,179,374
17069.0,2011-11-11,2010-12-01,9,49438.82,2011-12-10,12,29,0.75,2394.1,7374.04,17904.57,49668.37,16830944.5,0.5,0.75,1.0,1.0,34.0,15,33,72,179,374
18236.0,2011-11-10,2011-04-13,6,7407.66,2011-12-10,8,30,0.75,2394.1,7374.04,17904.57,49668.37,16830944.5,0.5,0.75,1.0,1.0,34.0,15,33,72,179,374
17109.0,2011-11-10,2011-04-21,6,28491.11,2011-12-10,8,30,0.75,2394.1,7374.04,17904.57,49668.37,16830944.5,0.5,0.75,1.0,1.0,34.0,15,33,72,179,374
14712.0,2011-11-10,2011-08-19,3,6994.07,2011-12-10,4,30,0.75,2394.1,7374.04,17904.57,49668.37,16830944.5,0.5,0.75,1.0,1.0,34.0,15,33,72,179,374
14524.0,2011-11-08,2010-12-14,9,33834.7,2011-12-10,12,32,0.75,2394.1,7374.04,17904.57,49668.37,16830944.5,0.5,0.75,1.0,1.0,34.0,15,33,72,179,374
17160.0,2011-11-08,2011-04-12,6,134631.31,2011-12-10,8,32,0.75,2394.1,7374.04,17904.57,49668.37,16830944.5,0.5,0.75,1.0,1.0,34.0,15,33,72,179,374
14387.0,2011-11-07,2011-08-22,3,78211.86,2011-12-10,4,33,0.75,2394.1,7374.04,17904.57,49668.37,16830944.5,0.5,0.75,1.0,1.0,34.0,15,33,72,179,374
16706.0,2011-11-02,2011-08-17,3,18924.32,2011-12-10,4,38,0.75,2394.1,7374.04,17904.57,49668.37,16830944.5,0.5,0.75,1.0,1.0,34.0,15,33,72,179,374
13654.0,2011-10-27,2011-03-11,6,82575.84,2011-12-10,8,44,0.75,2394.1,7374.04,17904.57,49668.37,16830944.5,0.5,0.75,1.0,1.0,34.0,15,33,72,179,374
14315.0,2011-10-26,2011-03-18,6,53057.03,2011-12-10,8,45,0.75,2394.1,7374.04,17904.57,49668.37,16830944.5,0.5,0.75,1.0,1.0,34.0,15,33,72,179,374
17024.0,2011-10-25,2011-07-05,3,95.85,2011-12-10,4,46,0.75,2394.1,7374.04,17904.57,49668.37,16830944.5,0.5,0.75,1.0,1.0,34.0,15,33,72,179,374
14019.0,2011-10-24,2011-07-24,3,28920.55,2011-12-10,4,47,0.75,2394.1,7374.04,17904.57,49668.37,16830944.5,0.5,0.75,1.0,1.0,34.0,15,33,72,179,374
15220.0,2011-10-19,2011-03-04,6,37184.78,2011-12-10,8,52,0.75,2394.1,7374.04,17904.57,49668.37,16830944.5,0.5,0.75,1.0,1.0,34.0,15,33,72,179,374
17892.0,2011-10-14,2011-07-07,3,2652.7,2011-12-10,4,57,0.75,2394.1,7374.04,17904.57,49668.37,16830944.5,0.5,0.75,1.0,1.0,34.0,15,33,72,179,374
13827.0,2011-10-13,2011-07-19,3,7217.99,2011-12-10,4,58,0.75,2394.1,7374.04,17904.57,49668.37,16830944.5,0.5,0.75,1.0,1.0,34.0,15,33,72,179,374
16652.0,2011-10-12,2011-03-11,6,151390.7,2011-12-10,8,59,0.75,2394.1,7374.04,17904.57,49668.37,16830944.5,0.5,0.75,1.0,1.0,34.0,15,33,72,179,374
15306.0,2011-10-06,2011-07-14,3,19876.7,2011-12-10,4,65,0.75,2394.1,7374.04,17904.57,49668.37,16830944.5,0.5,0.75,1.0,1.0,34.0,15,33,72,179,374
15036.0,2011-09-28,2011-06-13,3,24526.48,2011-12-10,4,73,0.75,2394.1,7374.04,17904.57,49668.37,16830944.5,0.5,0.75,1.0,1.0,34.0,15,33,72,179,374
12412.0,2011-09-26,2011-06-23,3,23243.44,2011-12-10,4,75,0.75,2394.1,7374.04,17904.57,49668.37,16830944.5,0.5,0.75,1.0,1.0,34.0,15,33,72,179,374
14561.0,2011-09-25,2011-06-08,3,26178.79,2011-12-10,4,76,0.75,2394.1,7374.04,17904.57,49668.37,16830944.5,0.5,0.75,1.0,1.0,34.0,15,33,72,179,374
16872.0,2011-09-23,2011-06-08,3,1394.04,2011-12-10,4,78,0.75,2394.1,7374.04,17904.57,49668.37,16830944.5,0.5,0.75,1.0,1.0,34.0,15,33,72,179,374
12409.0,2011-09-22,2011-06-10,3,494628.67,2011-12-10,4,79,0.75,2394.1,7374.04,17904.57,49668.37,16830944.5,0.5,0.75,1.0,1.0,34.0,15,33,72,179,374
16027.0,2011-09-09,2011-02-10,6,1612.44,2011-12-10,8,92,0.75,2394.1,7374.04,17904.57,49668.37,16830944.5,0.5,0.75,1.0,1.0,34.0,15,33,72,179,374
15462.0,2011-09-06,2011-06-05,3,913.8,2011-12-10,4,95,0.75,2394.1,7374.04,17904.57,49668.37,16830944.5,0.5,0.75,1.0,1.0,34.0,15,33,72,179,374
17050.0,2011-09-04,2011-02-13,6,163437.06,2011-12-10,8,97,0.75,2394.1,7374.04,17904.57,49668.37,16830944.5,0.5,0.75,1.0,1.0,34.0,15,33,72,179,374
13003.0,2011-08-26,2011-05-09,3,326.2,2011-12-10,4,106,0.75,2394.1,7374.04,17904.57,49668.37,16830944.5,0.5,0.75,1.0,1.0,34.0,15,33,72,179,374
12649.0,2011-08-24,2011-05-11,3,8021.82,2011-12-10,4,108,0.75,2394.1,7374.04,17904.57,49668.37,16830944.5,0.5,0.75,1.0,1.0,34.0,15,33,72,179,374
12593.0,2011-08-23,2011-05-05,3,2910.5,2011-12-10,4,109,0.75,2394.1,7374.04,17904.57,49668.37,16830944.5,0.5,0.75,1.0,1.0,34.0,15,33,72,179,374
13242.0,2011-08-19,2011-05-10,3,1601.6,2011-12-10,4,113,0.75,2394.1,7374.04,17904.57,49668.37,16830944.5,0.5,0.75,1.0,1.0,34.0,15,33,72,179,374
12643.0,2011-08-03,2011-01-11,6,11532.88,2011-12-10,8,129,0.75,2394.1,7374.04,17904.57,49668.37,16830944.5,0.5,0.75,1.0,1.0,34.0,15,33,72,179,374
17429.0,2011-08-03,2011-05-05,3,6077.14,2011-12-10,4,129,0.75,2394.1,7374.04,17904.57,49668.37,16830944.5,0.5,0.75,1.0,1.0,34.0,15,33,72,179,374
17615.0,2011-08-01,2011-05-01,3,1250.3,2011-12-10,4,131,0.75,2394.1,7374.04,17904.57,49668.37,16830944.5,0.5,0.75,1.0,1.0,34.0,15,33,72,179,374
14403.0,2011-07-21,2011-04-06,3,9753.83,2011-12-10,4,142,0.75,2394.1,7374.04,17904.57,49668.37,16830944.5,0.5,0.75,1.0,1.0,34.0,15,33,72,179,374
15108.0,2011-07-21,2011-04-26,3,22380.1,2011-12-10,4,142,0.75,2394.1,7374.04,17904.57,49668.37,16830944.5,0.5,0.75,1.0,1.0,34.0,15,33,72,179,374
12947.0,2011-07-19,2010-12-01,6,26477.34,2011-12-10,8,144,0.75,2394.1,7374.04,17904.57,49668.37,16830944.5,0.5,0.75,1.0,1.0,34.0,15,33,72,179,374
14958.0,2011-07-15,2011-04-08,3,2194.46,2011-12-10,4,148,0.75,2394.1,7374.04,17904.57,49668.37,16830944.5,0.5,0.75,1.0,1.0,34.0,15,33,72,179,374
18037.0,2011-07-08,2010-12-12,6,133.15,2011-12-10,8,155,0.75,2394.1,7374.04,17904.57,49668.37,16830944.5,0.5,0.75,1.0,1.0,34.0,15,33,72,179,374
17440.0,2011-07-06,2011-04-06,3,365.82,2011-12-10,4,157,0.75,2394.1,7374.04,17904.57,49668.37,16830944.5,0.5,0.75,1.0,1.0,34.0,15,33,72,179,374
16146.0,2011-07-05,2011-04-21,3,9864.07,2011-12-10,4,158,0.75,2394.1,7374.04,17904.57,49668.37,16830944.5,0.5,0.75,1.0,1.0,34.0,15,33,72,179,374
14267.0,2011-06-30,2011-03-24,3,16033.5,2011-12-10,4,163,0.75,2394.1,7374.04,17904.57,49668.37,16830944.5,0.5,0.75,1.0,1.0,34.0,15,33,72,179,374
16214.0,2011-06-22,2011-03-15,3,13207.8,2011-12-10,4,171,0.75,2394.1,7374.04,17904.57,49668.37,16830944.5,0.5,0.75,1.0,1.0,34.0,15,33,72,179,374
13533.0,2011-06-10,2011-03-17,3,9291.0,2011-12-10,4,183,0.75,2394.1,7374.04,17904.57,49668.37,16830944.5,0.5,0.75,1.0,1.0,34.0,15,33,72,179,374
15643.0,2011-06-01,2011-03-02,3,5133.05,2011-12-10,4,192,0.75,2394.1,7374.04,17904.57,49668.37,16830944.5,0.5,0.75,1.0,1.0,34.0,15,33,72,179,374
18202.0,2011-05-24,2011-02-01,3,24247.57,2011-12-10,4,200,0.75,2394.1,7374.04,17904.57,49668.37,16830944.5,0.5,0.75,1.0,1.0,34.0,15,33,72,179,374
16431.0,2011-05-10,2011-02-15,3,17485.04,2011-12-10,4,214,0.75,2394.1,7374.04,17904.57,49668.37,16830944.5,0.5,0.75,1.0,1.0,34.0,15,33,72,179,374
12414.0,2011-05-06,2011-02-02,3,2123.01,2011-12-10,4,218,0.75,2394.1,7374.04,17904.57,49668.37,16830944.5,0.5,0.75,1.0,1.0,34.0,15,33,72,179,374
15749.0,2011-04-18,2011-01-11,3,168837.2,2011-12-10,4,236,0.75,2394.1,7374.04,17904.57,49668.37,16830944.5,0.5,0.75,1.0,1.0,34.0,15,33,72,179,374
14669.0,2011-04-12,2011-01-11,3,61440.63,2011-12-10,4,242,0.75,2394.1,7374.04,17904.57,49668.37,16830944.5,0.5,0.75,1.0,1.0,34.0,15,33,72,179,374
14616.0,2011-04-11,2011-01-26,3,406.08,2011-12-10,4,243,0.75,2394.1,7374.04,17904.57,49668.37,16830944.5,0.5,0.75,1.0,1.0,34.0,15,33,72,179,374
15032.0,2011-03-28,2010-12-08,3,127826.6,2011-12-10,4,257,0.75,2394.1,7374.04,17904.57,49668.37,16830944.5,0.5,0.75,1.0,1.0,34.0,15,33,72,179,374
16037.0,2011-03-15,2010-12-16,3,8476.68,2011-12-10,4,270,0.75,2394.1,7374.04,17904.57,49668.37,16830944.5,0.5,0.75,1.0,1.0,34.0,15,33,72,179,374
15456.0,2011-03-01,2010-12-15,3,10915.31,2011-12-10,4,284,0.75,2394.1,7374.04,17904.57,49668.37,16830944.5,0.5,0.75,1.0,1.0,34.0,15,33,72,179,374
13426.0,2011-12-09,2010-12-15,10,56117.88,2011-12-10,13,1,0.77,2394.1,7374.04,17904.57,49668.37,16830944.5,0.5,0.75,1.0,1.0,34.0,15,33,72,179,374
17491.0,2011-12-08,2010-12-07,10,39721.0,2011-12-10,13,2,0.77,2394.1,7374.04,17904.57,49668.37,16830944.5,0.5,0.75,1.0,1.0,34.0,15,33,72,179,374
17530.0,2011-12-08,2010-12-09,10,110742.06,2011-12-10,13,2,0.77,2394.1,7374.04,17904.57,49668.37,16830944.5,0.5,0.75,1.0,1.0,34.0,15,33,72,179,374
13890.0,2011-12-08,2010-12-16,10,22781.59,2011-12-10,13,2,0.77,2394.1,7374.04,17904.57,49668.37,16830944.5,0.5,0.75,1.0,1.0,34.0,15,33,72,179,374
18219.0,2011-12-07,2010-12-06,10,21296.45,2011-12-10,13,3,0.77,2394.1,7374.04,17904.57,49668.37,16830944.5,0.5,0.75,1.0,1.0,34.0,15,33,72,179,374
15984.0,2011-12-07,2010-12-06,10,119884.85,2011-12-10,13,3,0.77,2394.1,7374.04,17904.57,49668.37,16830944.5,0.5,0.75,1.0,1.0,34.0,15,33,72,179,374
13769.0,2011-12-07,2010-12-07,10,37308.45,2011-12-10,13,3,0.77,2394.1,7374.04,17904.57,49668.37,16830944.5,0.5,0.75,1.0,1.0,34.0,15,33,72,179,374
13305.0,2011-12-05,2010-12-02,10,17540.34,2011-12-10,13,5,0.77,2394.1,7374.04,17904.57,49668.37,16830944.5,0.5,0.75,1.0,1.0,34.0,15,33,72,179,374
17218.0,2011-12-05,2010-12-06,10,48677.3,2011-12-10,13,5,0.77,2394.1,7374.04,17904.57,49668.37,16830944.5,0.5,0.75,1.0,1.0,34.0,15,33,72,179,374
18044.0,2011-12-05,2010-12-14,10,19687.78,2011-12-10,13,5,0.77,2394.1,7374.04,17904.57,49668.37,16830944.5,0.5,0.75,1.0,1.0,34.0,15,33,72,179,374
18055.0,2011-12-02,2010-12-05,10,241729.26,2011-12-10,13,8,0.77,2394.1,7374.04,17904.57,49668.37,16830944.5,0.5,0.75,1.0,1.0,34.0,15,33,72,179,374
15373.0,2011-12-01,2010-12-03,10,18801.87,2011-12-10,13,9,0.77,2394.1,7374.04,17904.57,49668.37,16830944.5,0.5,0.75,1.0,1.0,34.0,15,33,72,179,374
14243.0,2011-12-01,2010-12-09,10,33255.43,2011-12-10,13,9,0.77,2394.1,7374.04,17904.57,49668.37,16830944.5,0.5,0.75,1.0,1.0,34.0,15,33,72,179,374
16966.0,2011-12-01,2011-04-13,7,10128.49,2011-12-10,9,9,0.78,2394.1,7374.04,17904.57,49668.37,16830944.5,0.5,0.75,1.0,1.0,34.0,15,33,72,179,374
14408.0,2011-11-29,2011-03-20,7,51557.76,2011-12-10,9,11,0.78,2394.1,7374.04,17904.57,49668.37,16830944.5,0.5,0.75,1.0,1.0,34.0,15,33,72,179,374
15861.0,2011-11-27,2011-03-17,7,248869.53,2011-12-10,9,13,0.78,2394.1,7374.04,17904.57,49668.37,16830944.5,0.5,0.75,1.0,1.0,34.0,15,33,72,179,374
17133.0,2011-11-24,2011-03-18,7,26957.32,2011-12-10,9,16,0.78,2394.1,7374.04,17904.57,49668.37,16830944.5,0.5,0.75,1.0,1.0,34.0,15,33,72,179,374
12948.0,2011-11-23,2011-03-20,7,38756.26,2011-12-10,9,17,0.78,2394.1,7374.04,17904.57,49668.37,16830944.5,0.5,0.75,1.0,1.0,34.0,15,33,72,179,374
13139.0,2011-11-23,2011-03-25,7,179843.64,2011-12-10,9,17,0.78,2394.1,7374.04,17904.57,49668.37,16830944.5,0.5,0.75,1.0,1.0,34.0,15,33,72,179,374
15671.0,2011-11-21,2011-03-14,7,26226.09,2011-12-10,9,19,0.78,2394.1,7374.04,17904.57,49668.37,16830944.5,0.5,0.75,1.0,1.0,34.0,15,33,72,179,374
15906.0,2011-11-20,2011-03-29,7,46413.92,2011-12-10,9,20,0.78,2394.1,7374.04,17904.57,49668.37,16830944.5,0.5,0.75,1.0,1.0,34.0,15,33,72,179,374
14112.0,2011-11-17,2011-03-09,7,91049.52,2011-12-10,9,23,0.78,2394.1,7374.04,17904.57,49668.37,16830944.5,0.5,0.75,1.0,1.0,34.0,15,33,72,179,374
17416.0,2011-11-10,2011-03-03,7,347425.36,2011-12-10,9,30,0.78,2394.1,7374.04,17904.57,49668.37,16830944.5,0.5,0.75,1.0,1.0,34.0,15,33,72,179,374
17164.0,2011-11-07,2011-03-11,7,71727.92,2011-12-10,9,33,0.78,2394.1,7374.04,17904.57,49668.37,16830944.5,0.5,0.75,1.0,1.0,34.0,15,33,72,179,374
15974.0,2011-10-31,2011-02-24,7,81660.93,2011-12-10,9,40,0.78,2394.1,7374.04,17904.57,49668.37,16830944.5,0.5,0.75,1.0,1.0,34.0,15,33,72,179,374
14004.0,2011-10-27,2011-02-24,7,94057.4,2011-12-10,9,44,0.78,2394.1,7374.04,17904.57,49668.37,16830944.5,0.5,0.75,1.0,1.0,34.0,15,33,72,179,374
13725.0,2011-10-21,2011-02-04,7,22748.34,2011-12-10,9,50,0.78,2394.1,7374.04,17904.57,49668.37,16830944.5,0.5,0.75,1.0,1.0,34.0,15,33,72,179,374
15874.0,2011-10-07,2011-02-28,7,117900.16,2011-12-10,9,64,0.78,2394.1,7374.04,17904.57,49668.37,16830944.5,0.5,0.75,1.0,1.0,34.0,15,33,72,179,374
15260.0,2011-08-31,2010-12-02,7,19677.59,2011-12-10,9,101,0.78,2394.1,7374.04,17904.57,49668.37,16830944.5,0.5,0.75,1.0,1.0,34.0,15,33,72,179,374
17848.0,2011-08-03,2010-12-16,7,3161.83,2011-12-10,9,129,0.78,2394.1,7374.04,17904.57,49668.37,16830944.5,0.5,0.75,1.0,1.0,34.0,15,33,72,179,374
12680.0,2011-12-09,2011-08-18,4,10467.65,2011-12-10,5,1,0.8,2394.1,7374.04,17904.57,49668.37,16830944.5,0.5,0.75,1.0,1.0,34.0,15,33,72,179,374
14730.0,2011-12-08,2011-03-08,8,126950.13,2011-12-10,10,2,0.8,2394.1,7374.04,17904.57,49668.37,16830944.5,0.5,0.75,1.0,1.0,34.0,15,33,72,179,374
15701.0,2011-12-07,2011-08-21,4,107092.3,2011-12-10,5,3,0.8,2394.1,7374.04,17904.57,49668.37,16830944.5,0.5,0.75,1.0,1.0,34.0,15,33,72,179,374
14141.0,2011-12-07,2011-08-26,4,9174.99,2011-12-10,5,3,0.8,2394.1,7374.04,17904.57,49668.37,16830944.5,0.5,0.75,1.0,1.0,34.0,15,33,72,179,374
12584.0,2011-12-06,2011-03-04,8,15579.8,2011-12-10,10,4,0.8,2394.1,7374.04,17904.57,49668.37,16830944.5,0.5,0.75,1.0,1.0,34.0,15,33,72,179,374
14071.0,2011-12-06,2011-03-20,8,54879.27,2011-12-10,10,4,0.8,2394.1,7374.04,17904.57,49668.37,16830944.5,0.5,0.75,1.0,1.0,34.0,15,33,72,179,374
16201.0,2011-12-06,2011-08-22,4,50754.48,2011-12-10,5,4,0.8,2394.1,7374.04,17904.57,49668.37,16830944.5,0.5,0.75,1.0,1.0,34.0,15,33,72,179,374
12364.0,2011-12-02,2011-08-19,4,31218.02,2011-12-10,5,8,0.8,2394.1,7374.04,17904.57,49668.37,16830944.5,0.5,0.75,1.0,1.0,34.0,15,33,72,179,374
13159.0,2011-12-01,2011-08-16,4,39786.17,2011-12-10,5,9,0.8,2394.1,7374.04,17904.57,49668.37,16830944.5,0.5,0.75,1.0,1.0,34.0,15,33,72,179,374
13012.0,2011-11-30,2011-02-18,8,21354.8,2011-12-10,10,10,0.8,2394.1,7374.04,17904.57,49668.37,16830944.5,0.5,0.75,1.0,1.0,34.0,15,33,72,179,374
16115.0,2011-11-30,2011-02-20,8,58249.4,2011-12-10,10,10,0.8,2394.1,7374.04,17904.57,49668.37,16830944.5,0.5,0.75,1.0,1.0,34.0,15,33,72,179,374
13137.0,2011-11-29,2011-02-04,8,341405.6,2011-12-10,10,11,0.8,2394.1,7374.04,17904.57,49668.37,16830944.5,0.5,0.75,1.0,1.0,34.0,15,33,72,179,374
13928.0,2011-11-29,2011-07-29,4,2089.42,2011-12-10,5,11,0.8,2394.1,7374.04,17904.57,49668.37,16830944.5,0.5,0.75,1.0,1.0,34.0,15,33,72,179,374
13277.0,2011-11-24,2011-07-29,4,550.3,2011-12-10,5,16,0.8,2394.1,7374.04,17904.57,49668.37,16830944.5,0.5,0.75,1.0,1.0,34.0,15,33,72,179,374
13681.0,2011-11-22,2011-07-07,4,12883.56,2011-12-10,5,18,0.8,2394.1,7374.04,17904.57,49668.37,16830944.5,0.5,0.75,1.0,1.0,34.0,15,33,72,179,374
13940.0,2011-11-22,2011-07-18,4,9828.04,2011-12-10,5,18,0.8,2394.1,7374.04,17904.57,49668.37,16830944.5,0.5,0.75,1.0,1.0,34.0,15,33,72,179,374
13971.0,2011-11-21,2011-02-27,8,50315.92,2011-12-10,10,19,0.8,2394.1,7374.04,17904.57,49668.37,16830944.5,0.5,0.75,1.0,1.0,34.0,15,33,72,179,374
13167.0,2011-11-21,2011-07-19,4,9715.68,2011-12-10,5,19,0.8,2394.1,7374.04,17904.57,49668.37,16830944.5,0.5,0.75,1.0,1.0,34.0,15,33,72,179,374
16009.0,2011-11-17,2011-07-03,4,26075.36,2011-12-10,5,23,0.8,2394.1,7374.04,17904.57,49668.37,16830944.5,0.5,0.75,1.0,1.0,34.0,15,33,72,179,374
15981.0,2011-11-15,2011-02-01,8,44244.8,2011-12-10,10,25,0.8,2394.1,7374.04,17904.57,49668.37,16830944.5,0.5,0.75,1.0,1.0,34.0,15,33,72,179,374
15618.0,2011-11-07,2011-07-26,4,10645.39,2011-12-10,5,33,0.8,2394.1,7374.04,17904.57,49668.37,16830944.5,0.5,0.75,1.0,1.0,34.0,15,33,72,179,374
12432.0,2011-10-28,2011-06-20,4,167414.32,2011-12-10,5,43,0.8,2394.1,7374.04,17904.57,49668.37,16830944.5,0.5,0.75,1.0,1.0,34.0,15,33,72,179,374
14341.0,2011-10-25,2011-01-25,8,50283.15,2011-12-10,10,46,0.8,2394.1,7374.04,17904.57,49668.37,16830944.5,0.5,0.75,1.0,1.0,34.0,15,33,72,179,374
14541.0,2011-10-12,2011-01-24,8,27608.56,2011-12-10,10,59,0.8,2394.1,7374.04,17904.57,49668.37,16830944.5,0.5,0.75,1.0,1.0,34.0,15,33,72,179,374
12939.0,2011-10-06,2011-01-09,8,91864.32,2011-12-10,10,65,0.8,2394.1,7374.04,17904.57,49668.37,16830944.5,0.5,0.75,1.0,1.0,34.0,15,33,72,179,374
15518.0,2011-10-06,2011-01-11,8,63958.84,2011-12-10,10,65,0.8,2394.1,7374.04,17904.57,49668.37,16830944.5,0.5,0.75,1.0,1.0,34.0,15,33,72,179,374
12637.0,2011-10-03,2011-01-20,8,317500.41,2011-12-10,10,68,0.8,2394.1,7374.04,17904.57,49668.37,16830944.5,0.5,0.75,1.0,1.0,34.0,15,33,72,179,374
16774.0,2011-10-03,2011-06-14,4,7368.92,2011-12-10,5,68,0.8,2394.1,7374.04,17904.57,49668.37,16830944.5,0.5,0.75,1.0,1.0,34.0,15,33,72,179,374
17894.0,2011-09-29,2010-12-08,8,23190.8,2011-12-10,10,72,0.8,2394.1,7374.04,17904.57,49668.37,16830944.5,0.5,0.75,1.0,1.0,34.0,15,33,72,179,374
18242.0,2011-09-28,2011-05-10,4,59122.78,2011-12-10,5,73,0.8,2394.1,7374.04,17904.57,49668.37,16830944.5,0.5,0.75,1.0,1.0,34.0,15,33,72,179,374
13555.0,2011-09-27,2011-05-22,4,143334.37,2011-12-10,5,74,0.8,2394.1,7374.04,17904.57,49668.37,16830944.5,0.5,0.75,1.0,1.0,34.0,15,33,72,179,374
13320.0,2011-09-22,2011-05-10,4,46439.2,2011-12-10,5,79,0.8,2394.1,7374.04,17904.57,49668.37,16830944.5,0.5,0.75,1.0,1.0,34.0,15,33,72,179,374
18232.0,2011-09-19,2011-05-26,4,5452.45,2011-12-10,5,82,0.8,2394.1,7374.04,17904.57,49668.37,16830944.5,0.5,0.75,1.0,1.0,34.0,15,33,72,179,374
14837.0,2011-09-11,2011-05-22,4,46223.02,2011-12-10,5,90,0.8,2394.1,7374.04,17904.57,49668.37,16830944.5,0.5,0.75,1.0,1.0,34.0,15,33,72,179,374
16806.0,2011-08-28,2011-04-14,4,17772.12,2011-12-10,5,104,0.8,2394.1,7374.04,17904.57,49668.37,16830944.5,0.5,0.75,1.0,1.0,34.0,15,33,72,179,374
15625.0,2011-08-28,2011-04-18,4,32818.9,2011-12-10,5,104,0.8,2394.1,7374.04,17904.57,49668.37,16830944.5,0.5,0.75,1.0,1.0,34.0,15,33,72,179,374
17268.0,2011-08-24,2011-04-08,4,1250.8,2011-12-10,5,108,0.8,2394.1,7374.04,17904.57,49668.37,16830944.5,0.5,0.75,1.0,1.0,34.0,15,33,72,179,374
14758.0,2011-07-18,2011-03-25,4,9563.53,2011-12-10,5,145,0.8,2394.1,7374.04,17904.57,49668.37,16830944.5,0.5,0.75,1.0,1.0,34.0,15,33,72,179,374
14352.0,2011-07-05,2011-03-11,4,14475.96,2011-12-10,5,158,0.8,2394.1,7374.04,17904.57,49668.37,16830944.5,0.5,0.75,1.0,1.0,34.0,15,33,72,179,374
15483.0,2011-07-01,2011-03-18,4,7613.94,2011-12-10,5,162,0.8,2394.1,7374.04,17904.57,49668.37,16830944.5,0.5,0.75,1.0,1.0,34.0,15,33,72,179,374
13475.0,2011-06-01,2011-02-14,4,31692.54,2011-12-10,5,192,0.8,2394.1,7374.04,17904.57,49668.37,16830944.5,0.5,0.75,1.0,1.0,34.0,15,33,72,179,374
17849.0,2011-05-05,2011-01-10,4,1192.9,2011-12-10,5,219,0.8,2394.1,7374.04,17904.57,49668.37,16830944.5,0.5,0.75,1.0,1.0,34.0,15,33,72,179,374
14532.0,2011-04-17,2010-12-22,4,15234.9,2011-12-10,5,237,0.8,2394.1,7374.04,17904.57,49668.37,16830944.5,0.5,0.75,1.0,1.0,34.0,15,33,72,179,374
15777.0,2011-04-12,2010-12-13,4,4390.92,2011-12-10,5,242,0.8,2394.1,7374.04,17904.57,49668.37,16830944.5,0.5,0.75,1.0,1.0,34.0,15,33,72,179,374
17705.0,2011-12-06,2011-02-11,9,18247.52,2011-12-10,11,4,0.82,2394.1,7374.04,17904.57,49668.37,16830944.5,0.5,0.75,1.0,1.0,34.0,15,33,72,179,374
16156.0,2011-12-01,2011-02-02,9,46948.74,2011-12-10,11,9,0.82,2394.1,7374.04,17904.57,49668.37,16830944.5,0.5,0.75,1.0,1.0,34.0,15,33,72,179,374
14258.0,2011-11-30,2011-01-06,9,176858.14,2011-12-10,11,10,0.82,2394.1,7374.04,17904.57,49668.37,16830944.5,0.5,0.75,1.0,1.0,34.0,15,33,72,179,374
14701.0,2011-11-29,2011-01-27,9,96313.37,2011-12-10,11,11,0.82,2394.1,7374.04,17904.57,49668.37,16830944.5,0.5,0.75,1.0,1.0,34.0,15,33,72,179,374
14587.0,2011-11-21,2011-01-12,9,63799.94,2011-12-10,11,19,0.82,2394.1,7374.04,17904.57,49668.37,16830944.5,0.5,0.75,1.0,1.0,34.0,15,33,72,179,374
14502.0,2011-11-20,2011-01-30,9,163566.22,2011-12-10,11,20,0.82,2394.1,7374.04,17904.57,49668.37,16830944.5,0.5,0.75,1.0,1.0,34.0,15,33,72,179,374
12626.0,2011-11-16,2011-01-17,9,218322.85,2011-12-10,11,24,0.82,2394.1,7374.04,17904.57,49668.37,16830944.5,0.5,0.75,1.0,1.0,34.0,15,33,72,179,374
14426.0,2011-11-16,2011-01-31,9,119294.81,2011-12-10,11,24,0.82,2394.1,7374.04,17904.57,49668.37,16830944.5,0.5,0.75,1.0,1.0,34.0,15,33,72,179,374
17634.0,2011-11-03,2011-01-06,9,74247.96,2011-12-10,11,37,0.82,2394.1,7374.04,17904.57,49668.37,16830944.5,0.5,0.75,1.0,1.0,34.0,15,33,72,179,374
17800.0,2011-11-02,2011-01-09,9,13178.65,2011-12-10,11,38,0.82,2394.1,7374.04,17904.57,49668.37,16830944.5,0.5,0.75,1.0,1.0,34.0,15,33,72,179,374
12594.0,2011-11-02,2011-01-21,9,56947.9,2011-12-10,11,38,0.82,2394.1,7374.04,17904.57,49668.37,16830944.5,0.5,0.75,1.0,1.0,34.0,15,33,72,179,374
12678.0,2011-10-28,2010-12-21,9,666896.41,2011-12-10,11,43,0.82,2394.1,7374.04,17904.57,49668.37,16830944.5,0.5,0.75,1.0,1.0,34.0,15,33,72,179,374
16019.0,2011-10-24,2010-12-10,9,69079.52,2011-12-10,11,47,0.82,2394.1,7374.04,17904.57,49668.37,16830944.5,0.5,0.75,1.0,1.0,34.0,15,33,72,179,374
13842.0,2011-10-12,2010-12-08,9,64785.94,2011-12-10,11,59,0.82,2394.1,7374.04,17904.57,49668.37,16830944.5,0.5,0.75,1.0,1.0,34.0,15,33,72,179,374
17554.0,2011-12-08,2011-07-14,5,36701.52,2011-12-10,6,2,0.83,2394.1,7374.04,17904.57,49668.37,16830944.5,0.5,0.75,1.0,1.0,34.0,15,33,72,179,374
18237.0,2011-12-07,2011-07-28,5,11255.53,2011-12-10,6,3,0.83,2394.1,7374.04,17904.57,49668.37,16830944.5,0.5,0.75,1.0,1.0,34.0,15,33,72,179,374
15033.0,2011-12-05,2011-01-14,10,136653.38,2011-12-10,12,5,0.83,2394.1,7374.04,17904.57,49668.37,16830944.5,0.5,0.75,1.0,1.0,34.0,15,33,72,179,374
13079.0,2011-12-05,2011-07-22,5,333.0,2011-12-10,6,5,0.83,2394.1,7374.04,17904.57,49668.37,16830944.5,0.5,0.75,1.0,1.0,34.0,15,33,72,179,374
12490.0,2011-12-04,2011-01-14,10,128652.53,2011-12-10,12,6,0.83,2394.1,7374.04,17904.57,49668.37,16830944.5,0.5,0.75,1.0,1.0,34.0,15,33,72,179,374
14493.0,2011-12-02,2011-07-07,5,53443.45,2011-12-10,6,8,0.83,2394.1,7374.04,17904.57,49668.37,16830944.5,0.5,0.75,1.0,1.0,34.0,15,33,72,179,374
12553.0,2011-12-01,2011-01-14,10,67847.78,2011-12-10,12,9,0.83,2394.1,7374.04,17904.57,49668.37,16830944.5,0.5,0.75,1.0,1.0,34.0,15,33,72,179,374
14963.0,2011-11-30,2011-06-09,5,55016.68,2011-12-10,6,10,0.83,2394.1,7374.04,17904.57,49668.37,16830944.5,0.5,0.75,1.0,1.0,34.0,15,33,72,179,374
17231.0,2011-11-27,2010-12-13,10,152946.69,2011-12-10,12,13,0.83,2394.1,7374.04,17904.57,49668.37,16830944.5,0.5,0.75,1.0,1.0,34.0,15,33,72,179,374
12476.0,2011-11-24,2010-12-13,10,150945.27,2011-12-10,12,16,0.83,2394.1,7374.04,17904.57,49668.37,16830944.5,0.5,0.75,1.0,1.0,34.0,15,33,72,179,374
15253.0,2011-11-23,2011-06-23,5,14389.5,2011-12-10,6,17,0.83,2394.1,7374.04,17904.57,49668.37,16830944.5,0.5,0.75,1.0,1.0,34.0,15,33,72,179,374
16985.0,2011-11-22,2010-12-16,10,71831.54,2011-12-10,12,18,0.83,2394.1,7374.04,17904.57,49668.37,16830944.5,0.5,0.75,1.0,1.0,34.0,15,33,72,179,374
16710.0,2011-11-20,2010-12-06,10,107058.69,2011-12-10,12,20,0.83,2394.1,7374.04,17904.57,49668.37,16830944.5,0.5,0.75,1.0,1.0,34.0,15,33,72,179,374
16293.0,2011-11-18,2010-12-07,10,25017.33,2011-12-10,12,22,0.83,2394.1,7374.04,17904.57,49668.37,16830944.5,0.5,0.75,1.0,1.0,34.0,15,33,72,179,374
18061.0,2011-11-18,2010-12-08,10,9842.43,2011-12-10,12,22,0.83,2394.1,7374.04,17904.57,49668.37,16830944.5,0.5,0.75,1.0,1.0,34.0,15,33,72,179,374
12444.0,2011-11-18,2011-06-21,5,119518.35,2011-12-10,6,22,0.83,2394.1,7374.04,17904.57,49668.37,16830944.5,0.5,0.75,1.0,1.0,34.0,15,33,72,179,374
12567.0,2011-11-17,2010-12-05,10,381722.78,2011-12-10,12,23,0.83,2394.1,7374.04,17904.57,49668.37,16830944.5,0.5,0.75,1.0,1.0,34.0,15,33,72,179,374
16638.0,2011-11-17,2010-12-06,10,22413.81,2011-12-10,12,23,0.83,2394.1,7374.04,17904.57,49668.37,16830944.5,0.5,0.75,1.0,1.0,34.0,15,33,72,179,374
12481.0,2011-11-17,2010-12-09,10,108272.16,2011-12-10,12,23,0.83,2394.1,7374.04,17904.57,49668.37,16830944.5,0.5,0.75,1.0,1.0,34.0,15,33,72,179,374
17799.0,2011-11-17,2010-12-13,10,146027.47,2011-12-10,12,23,0.83,2394.1,7374.04,17904.57,49668.37,16830944.5,0.5,0.75,1.0,1.0,34.0,15,33,72,179,374
15267.0,2011-11-17,2011-06-10,5,6362.0,2011-12-10,6,23,0.83,2394.1,7374.04,17904.57,49668.37,16830944.5,0.5,0.75,1.0,1.0,34.0,15,33,72,179,374
18075.0,2011-11-16,2010-12-14,10,31719.74,2011-12-10,12,24,0.83,2394.1,7374.04,17904.57,49668.37,16830944.5,0.5,0.75,1.0,1.0,34.0,15,33,72,179,374
13575.0,2011-11-16,2011-06-16,5,6963.5,2011-12-10,6,24,0.83,2394.1,7374.04,17904.57,49668.37,16830944.5,0.5,0.75,1.0,1.0,34.0,15,33,72,179,374
12600.0,2011-11-11,2010-12-03,10,14546.58,2011-12-10,12,29,0.83,2394.1,7374.04,17904.57,49668.37,16830944.5,0.5,0.75,1.0,1.0,34.0,15,33,72,179,374
12708.0,2011-11-10,2010-12-06,10,31327.05,2011-12-10,12,30,0.83,2394.1,7374.04,17904.57,49668.37,16830944.5,0.5,0.75,1.0,1.0,34.0,15,33,72,179,374
13983.0,2011-11-10,2010-12-08,10,22710.89,2011-12-10,12,30,0.83,2394.1,7374.04,17904.57,49668.37,16830944.5,0.5,0.75,1.0,1.0,34.0,15,33,72,179,374
18135.0,2011-11-10,2011-06-02,5,2447.44,2011-12-10,6,30,0.83,2394.1,7374.04,17904.57,49668.37,16830944.5,0.5,0.75,1.0,1.0,34.0,15,33,72,179,374
13047.0,2011-11-08,2010-12-01,10,65233.12,2011-12-10,12,32,0.83,2394.1,7374.04,17904.57,49668.37,16830944.5,0.5,0.75,1.0,1.0,34.0,15,33,72,179,374
15356.0,2011-11-08,2010-12-06,10,145467.08,2011-12-10,12,32,0.83,2394.1,7374.04,17904.57,49668.37,16830944.5,0.5,0.75,1.0,1.0,34.0,15,33,72,179,374
13097.0,2011-11-07,2010-12-14,10,187027.88,2011-12-10,12,33,0.83,2394.1,7374.04,17904.57,49668.37,16830944.5,0.5,0.75,1.0,1.0,34.0,15,33,72,179,374
13324.0,2011-11-03,2010-12-14,10,52634.15,2011-12-10,12,37,0.83,2394.1,7374.04,17904.57,49668.37,16830944.5,0.5,0.75,1.0,1.0,34.0,15,33,72,179,374
13524.0,2011-10-30,2011-05-04,5,3667.02,2011-12-10,6,41,0.83,2394.1,7374.04,17904.57,49668.37,16830944.5,0.5,0.75,1.0,1.0,34.0,15,33,72,179,374
16258.0,2011-10-25,2011-05-04,5,134686.78,2011-12-10,6,46,0.83,2394.1,7374.04,17904.57,49668.37,16830944.5,0.5,0.75,1.0,1.0,34.0,15,33,72,179,374
13136.0,2011-10-14,2011-05-11,5,70399.89,2011-12-10,6,57,0.83,2394.1,7374.04,17904.57,49668.37,16830944.5,0.5,0.75,1.0,1.0,34.0,15,33,72,179,374
13213.0,2011-10-14,2011-05-24,5,34220.48,2011-12-10,6,57,0.83,2394.1,7374.04,17904.57,49668.37,16830944.5,0.5,0.75,1.0,1.0,34.0,15,33,72,179,374
15201.0,2011-09-13,2011-04-06,5,20274.97,2011-12-10,6,88,0.83,2394.1,7374.04,17904.57,49668.37,16830944.5,0.5,0.75,1.0,1.0,34.0,15,33,72,179,374
16209.0,2011-09-12,2011-04-07,5,12740.36,2011-12-10,6,89,0.83,2394.1,7374.04,17904.57,49668.37,16830944.5,0.5,0.75,1.0,1.0,34.0,15,33,72,179,374
16172.0,2011-09-05,2011-04-12,5,18373.79,2011-12-10,6,96,0.83,2394.1,7374.04,17904.57,49668.37,16830944.5,0.5,0.75,1.0,1.0,34.0,15,33,72,179,374
14407.0,2011-08-24,2011-03-08,5,24703.38,2011-12-10,6,108,0.83,2394.1,7374.04,17904.57,49668.37,16830944.5,0.5,0.75,1.0,1.0,34.0,15,33,72,179,374
12601.0,2011-06-03,2011-01-11,5,2152.48,2011-12-10,6,190,0.83,2394.1,7374.04,17904.57,49668.37,16830944.5,0.5,0.75,1.0,1.0,34.0,15,33,72,179,374
18239.0,2011-05-05,2010-12-02,5,32303.45,2011-12-10,6,219,0.83,2394.1,7374.04,17904.57,49668.37,16830944.5,0.5,0.75,1.0,1.0,34.0,15,33,72,179,374
12662.0,2011-12-09,2010-12-01,11,75935.73,2011-12-10,13,1,0.85,2394.1,7374.04,17904.57,49668.37,16830944.5,0.5,0.75,1.0,1.0,34.0,15,33,72,179,374
17001.0,2011-12-09,2010-12-16,11,52643.95,2011-12-10,13,1,0.85,2394.1,7374.04,17904.57,49668.37,16830944.5,0.5,0.75,1.0,1.0,34.0,15,33,72,179,374
12747.0,2011-12-07,2010-12-05,11,32540.99,2011-12-10,13,3,0.85,2394.1,7374.04,17904.57,49668.37,16830944.5,0.5,0.75,1.0,1.0,34.0,15,33,72,179,374
14032.0,2011-12-07,2010-12-08,11,36126.88,2011-12-10,13,3,0.85,2394.1,7374.04,17904.57,49668.37,16830944.5,0.5,0.75,1.0,1.0,34.0,15,33,72,179,374
18092.0,2011-12-07,2010-12-09,11,73444.7,2011-12-10,13,3,0.85,2394.1,7374.04,17904.57,49668.37,16830944.5,0.5,0.75,1.0,1.0,34.0,15,33,72,179,374
15023.0,2011-12-06,2010-12-05,11,357283.52,2011-12-10,13,4,0.85,2394.1,7374.04,17904.57,49668.37,16830944.5,0.5,0.75,1.0,1.0,34.0,15,33,72,179,374
17954.0,2011-12-04,2010-12-03,11,112347.64,2011-12-10,13,6,0.85,2394.1,7374.04,17904.57,49668.37,16830944.5,0.5,0.75,1.0,1.0,34.0,15,33,72,179,374
17858.0,2011-12-04,2010-12-05,11,52332.83,2011-12-10,13,6,0.85,2394.1,7374.04,17904.57,49668.37,16830944.5,0.5,0.75,1.0,1.0,34.0,15,33,72,179,374
18077.0,2011-12-01,2010-12-08,11,56768.36,2011-12-10,13,9,0.85,2394.1,7374.04,17904.57,49668.37,16830944.5,0.5,0.75,1.0,1.0,34.0,15,33,72,179,374
16145.0,2011-12-01,2010-12-15,11,74759.78,2011-12-10,13,9,0.85,2394.1,7374.04,17904.57,49668.37,16830944.5,0.5,0.75,1.0,1.0,34.0,15,33,72,179,374
14503.0,2011-12-06,2011-06-14,6,94681.93,2011-12-10,7,4,0.86,2394.1,7374.04,17904.57,49668.37,16830944.5,0.5,0.75,1.0,1.0,34.0,15,33,72,179,374
17386.0,2011-12-02,2011-06-27,6,21328.58,2011-12-10,7,8,0.86,2394.1,7374.04,17904.57,49668.37,16830944.5,0.5,0.75,1.0,1.0,34.0,15,33,72,179,374
12919.0,2011-12-01,2011-06-23,6,12326.4,2011-12-10,7,9,0.86,2394.1,7374.04,17904.57,49668.37,16830944.5,0.5,0.75,1.0,1.0,34.0,15,33,72,179,374
16877.0,2011-11-27,2011-05-15,6,23671.89,2011-12-10,7,13,0.86,2394.1,7374.04,17904.57,49668.37,16830944.5,0.5,0.75,1.0,1.0,34.0,15,33,72,179,374
14515.0,2011-11-22,2011-05-05,6,44802.21,2011-12-10,7,18,0.86,2394.1,7374.04,17904.57,49668.37,16830944.5,0.5,0.75,1.0,1.0,34.0,15,33,72,179,374
13456.0,2011-11-22,2011-05-16,6,16384.58,2011-12-10,7,18,0.86,2394.1,7374.04,17904.57,49668.37,16830944.5,0.5,0.75,1.0,1.0,34.0,15,33,72,179,374
14883.0,2011-11-21,2011-05-12,6,10053.43,2011-12-10,7,19,0.86,2394.1,7374.04,17904.57,49668.37,16830944.5,0.5,0.75,1.0,1.0,34.0,15,33,72,179,374
14948.0,2011-11-16,2011-05-04,6,12761.83,2011-12-10,7,24,0.86,2394.1,7374.04,17904.57,49668.37,16830944.5,0.5,0.75,1.0,1.0,34.0,15,33,72,179,374
13450.0,2011-11-13,2011-05-05,6,24863.76,2011-12-10,7,27,0.86,2394.1,7374.04,17904.57,49668.37,16830944.5,0.5,0.75,1.0,1.0,34.0,15,33,72,179,374
16170.0,2011-10-20,2011-04-05,6,36798.11,2011-12-10,7,51,0.86,2394.1,7374.04,17904.57,49668.37,16830944.5,0.5,0.75,1.0,1.0,34.0,15,33,72,179,374
14852.0,2011-10-12,2011-04-01,6,68025.3,2011-12-10,7,59,0.86,2394.1,7374.04,17904.57,49668.37,16830944.5,0.5,0.75,1.0,1.0,34.0,15,33,72,179,374
12457.0,2011-10-04,2011-04-14,6,30802.99,2011-12-10,7,67,0.86,2394.1,7374.04,17904.57,49668.37,16830944.5,0.5,0.75,1.0,1.0,34.0,15,33,72,179,374
16681.0,2011-09-28,2011-03-31,6,15324.38,2011-12-10,7,73,0.86,2394.1,7374.04,17904.57,49668.37,16830944.5,0.5,0.75,1.0,1.0,34.0,15,33,72,179,374
15764.0,2011-09-12,2011-03-08,6,183473.32,2011-12-10,7,89,0.86,2394.1,7374.04,17904.57,49668.37,16830944.5,0.5,0.75,1.0,1.0,34.0,15,33,72,179,374
16419.0,2011-08-19,2011-02-01,6,5957.65,2011-12-10,7,113,0.86,2394.1,7374.04,17904.57,49668.37,16830944.5,0.5,0.75,1.0,1.0,34.0,15,33,72,179,374
12853.0,2011-07-28,2011-01-28,6,30069.6,2011-12-10,7,135,0.86,2394.1,7374.04,17904.57,49668.37,16830944.5,0.5,0.75,1.0,1.0,34.0,15,33,72,179,374
18260.0,2011-06-20,2010-12-16,6,54997.41,2011-12-10,7,173,0.86,2394.1,7374.04,17904.57,49668.37,16830944.5,0.5,0.75,1.0,1.0,34.0,15,33,72,179,374
18168.0,2011-06-16,2010-12-02,6,19299.58,2011-12-10,7,177,0.86,2394.1,7374.04,17904.57,49668.37,16830944.5,0.5,0.75,1.0,1.0,34.0,15,33,72,179,374
12868.0,2011-06-07,2010-12-01,6,28810.7,2011-12-10,7,186,0.86,2394.1,7374.04,17904.57,49668.37,16830944.5,0.5,0.75,1.0,1.0,34.0,15,33,72,179,374
12562.0,2011-12-01,2011-05-25,7,69511.63,2011-12-10,8,9,0.88,2394.1,7374.04,17904.57,49668.37,16830944.5,0.5,0.75,1.0,1.0,34.0,15,33,72,179,374
13232.0,2011-11-27,2011-04-10,7,33118.1,2011-12-10,8,13,0.88,2394.1,7374.04,17904.57,49668.37,16830944.5,0.5,0.75,1.0,1.0,34.0,15,33,72,179,374
15737.0,2011-11-25,2011-04-11,7,16712.83,2011-12-10,8,15,0.88,2394.1,7374.04,17904.57,49668.37,16830944.5,0.5,0.75,1.0,1.0,34.0,15,33,72,179,374
16609.0,2011-11-24,2011-04-01,7,235187.28,2011-12-10,8,16,0.88,2394.1,7374.04,17904.57,49668.37,16830944.5,0.5,0.75,1.0,1.0,34.0,15,33,72,179,374
13549.0,2011-11-14,2011-04-11,7,6661.1,2011-12-10,8,26,0.88,2394.1,7374.04,17904.57,49668.37,16830944.5,0.5,0.75,1.0,1.0,34.0,15,33,72,179,374
16348.0,2011-11-07,2011-04-13,7,38096.44,2011-12-10,8,33,0.88,2394.1,7374.04,17904.57,49668.37,16830944.5,0.5,0.75,1.0,1.0,34.0,15,33,72,179,374
15521.0,2011-10-30,2011-03-30,7,63955.53,2011-12-10,8,41,0.88,2394.1,7374.04,17904.57,49668.37,16830944.5,0.5,0.75,1.0,1.0,34.0,15,33,72,179,374
13340.0,2011-10-25,2011-03-08,7,310022.42,2011-12-10,8,46,0.88,2394.1,7374.04,17904.57,49668.37,16830944.5,0.5,0.75,1.0,1.0,34.0,15,33,72,179,374
15140.0,2011-10-18,2011-03-20,7,29402.77,2011-12-10,8,53,0.88,2394.1,7374.04,17904.57,49668.37,16830944.5,0.5,0.75,1.0,1.0,34.0,15,33,72,179,374
18094.0,2011-09-19,2011-02-21,7,34690.44,2011-12-10,8,82,0.88,2394.1,7374.04,17904.57,49668.37,16830944.5,0.5,0.75,1.0,1.0,34.0,15,33,72,179,374
15214.0,2011-12-08,2011-04-11,8,28585.23,2011-12-10,9,2,0.89,2394.1,7374.04,17904.57,49668.37,16830944.5,0.5,0.75,1.0,1.0,34.0,15,33,72,179,374
14868.0,2011-12-06,2011-04-20,8,53424.04,2011-12-10,9,4,0.89,2394.1,7374.04,17904.57,49668.37,16830944.5,0.5,0.75,1.0,1.0,34.0,15,33,72,179,374
14262.0,2011-12-01,2011-04-13,8,51919.54,2011-12-10,9,9,0.89,2394.1,7374.04,17904.57,49668.37,16830944.5,0.5,0.75,1.0,1.0,34.0,15,33,72,179,374
15632.0,2011-11-24,2011-03-10,8,76844.04,2011-12-10,9,16,0.89,2394.1,7374.04,17904.57,49668.37,16830944.5,0.5,0.75,1.0,1.0,34.0,15,33,72,179,374
12619.0,2011-11-23,2011-03-31,8,31792.88,2011-12-10,9,17,0.89,2394.1,7374.04,17904.57,49668.37,16830944.5,0.5,0.75,1.0,1.0,34.0,15,33,72,179,374
12428.0,2011-11-14,2011-03-01,8,381794.34,2011-12-10,9,26,0.89,2394.1,7374.04,17904.57,49668.37,16830944.5,0.5,0.75,1.0,1.0,34.0,15,33,72,179,374
14936.0,2011-11-06,2011-03-09,8,383440.61,2011-12-10,9,34,0.89,2394.1,7374.04,17904.57,49668.37,16830944.5,0.5,0.75,1.0,1.0,34.0,15,33,72,179,374
18257.0,2011-10-31,2011-02-16,8,43281.22,2011-12-10,9,40,0.89,2394.1,7374.04,17904.57,49668.37,16830944.5,0.5,0.75,1.0,1.0,34.0,15,33,72,179,374
14472.0,2011-08-28,2010-12-19,8,65776.56,2011-12-10,9,104,0.89,2394.1,7374.04,17904.57,49668.37,16830944.5,0.5,0.75,1.0,1.0,34.0,15,33,72,179,374
14344.0,2011-08-04,2010-12-06,8,6706.4,2011-12-10,9,128,0.89,2394.1,7374.04,17904.57,49668.37,16830944.5,0.5,0.75,1.0,1.0,34.0,15,33,72,179,374
17049.0,2011-12-07,2011-03-09,9,223023.92,2011-12-10,10,3,0.9,2394.1,7374.04,17904.57,49668.37,16830944.5,0.5,0.75,1.0,1.0,34.0,15,33,72,179,374
14292.0,2011-12-02,2011-03-02,9,54983.61,2011-12-10,10,8,0.9,2394.1,7374.04,17904.57,49668.37,16830944.5,0.5,0.75,1.0,1.0,34.0,15,33,72,179,374
17071.0,2011-11-11,2011-02-03,9,36784.38,2011-12-10,10,29,0.9,2394.1,7374.04,17904.57,49668.37,16830944.5,0.5,0.75,1.0,1.0,34.0,15,33,72,179,374
15059.0,2011-10-30,2011-01-09,9,30844.71,2011-12-10,10,41,0.9,2394.1,7374.04,17904.57,49668.37,16830944.5,0.5,0.75,1.0,1.0,34.0,15,33,72,179,374
14221.0,2011-10-28,2011-01-04,9,79999.22,2011-12-10,10,43,0.9,2394.1,7374.04,17904.57,49668.37,16830944.5,0.5,0.75,1.0,1.0,34.0,15,33,72,179,374
13993.0,2011-10-28,2011-01-13,9,35227.91,2011-12-10,10,43,0.9,2394.1,7374.04,17904.57,49668.37,16830944.5,0.5,0.75,1.0,1.0,34.0,15,33,72,179,374
15281.0,2011-10-12,2011-01-10,9,52817.59,2011-12-10,10,59,0.9,2394.1,7374.04,17904.57,49668.37,16830944.5,0.5,0.75,1.0,1.0,34.0,15,33,72,179,374
15606.0,2011-10-09,2011-01-19,9,23337.14,2011-12-10,10,62,0.9,2394.1,7374.04,17904.57,49668.37,16830944.5,0.5,0.75,1.0,1.0,34.0,15,33,72,179,374
12362.0,2011-12-06,2011-02-17,10,111543.7,2011-12-10,11,4,0.91,2394.1,7374.04,17904.57,49668.37,16830944.5,0.5,0.75,1.0,1.0,34.0,15,33,72,179,374
16549.0,2011-11-29,2011-01-09,10,478275.36,2011-12-10,11,11,0.91,2394.1,7374.04,17904.57,49668.37,16830944.5,0.5,0.75,1.0,1.0,34.0,15,33,72,179,374
17769.0,2011-11-27,2011-01-23,10,141088.98,2011-12-10,11,13,0.91,2394.1,7374.04,17904.57,49668.37,16830944.5,0.5,0.75,1.0,1.0,34.0,15,33,72,179,374
16407.0,2011-11-27,2011-01-31,10,42052.54,2011-12-10,11,13,0.91,2394.1,7374.04,17904.57,49668.37,16830944.5,0.5,0.75,1.0,1.0,34.0,15,33,72,179,374
13700.0,2011-11-13,2011-01-16,10,55467.36,2011-12-10,11,27,0.91,2394.1,7374.04,17904.57,49668.37,16830944.5,0.5,0.75,1.0,1.0,34.0,15,33,72,179,374
13491.0,2011-10-19,2010-12-02,10,10535.32,2011-12-10,11,52,0.91,2394.1,7374.04,17904.57,49668.37,16830944.5,0.5,0.75,1.0,1.0,34.0,15,33,72,179,374
17364.0,2011-12-09,2011-01-12,11,175958.07,2011-12-10,12,1,0.92,2394.1,7374.04,17904.57,49668.37,16830944.5,0.5,0.75,1.0,1.0,34.0,15,33,72,179,374
17870.0,2011-12-07,2010-12-08,12,54547.88,2011-12-10,13,3,0.92,2394.1,7374.04,17904.57,49668.37,16830944.5,0.5,0.75,1.0,1.0,34.0,15,33,72,179,374
15298.0,2011-12-07,2010-12-08,12,74111.36,2011-12-10,13,3,0.92,2394.1,7374.04,17904.57,49668.37,16830944.5,0.5,0.75,1.0,1.0,34.0,15,33,72,179,374
14825.0,2011-12-06,2010-12-06,12,22354.28,2011-12-10,13,4,0.92,2394.1,7374.04,17904.57,49668.37,16830944.5,0.5,0.75,1.0,1.0,34.0,15,33,72,179,374
18225.0,2011-12-06,2010-12-09,12,129534.91,2011-12-10,13,4,0.92,2394.1,7374.04,17904.57,49668.37,16830944.5,0.5,0.75,1.0,1.0,34.0,15,33,72,179,374
12877.0,2011-12-06,2010-12-16,12,27919.58,2011-12-10,13,4,0.92,2394.1,7374.04,17904.57,49668.37,16830944.5,0.5,0.75,1.0,1.0,34.0,15,33,72,179,374
17402.0,2011-12-05,2010-12-05,12,5758.48,2011-12-10,13,5,0.92,2394.1,7374.04,17904.57,49668.37,16830944.5,0.5,0.75,1.0,1.0,34.0,15,33,72,179,374
15854.0,2011-12-05,2010-12-13,12,29021.48,2011-12-10,13,5,0.92,2394.1,7374.04,17904.57,49668.37,16830944.5,0.5,0.75,1.0,1.0,34.0,15,33,72,179,374
18144.0,2011-12-02,2010-12-01,12,8672.65,2011-12-10,13,8,0.92,2394.1,7374.04,17904.57,49668.37,16830944.5,0.5,0.75,1.0,1.0,34.0,15,33,72,179,374
15570.0,2011-12-02,2010-12-05,12,115307.27,2011-12-10,13,8,0.92,2394.1,7374.04,17904.57,49668.37,16830944.5,0.5,0.75,1.0,1.0,34.0,15,33,72,179,374
14713.0,2011-11-30,2010-12-09,11,83081.61,2011-12-10,12,10,0.92,2394.1,7374.04,17904.57,49668.37,16830944.5,0.5,0.75,1.0,1.0,34.0,15,33,72,179,374
16775.0,2011-11-29,2010-12-07,11,19351.14,2011-12-10,12,11,0.92,2394.1,7374.04,17904.57,49668.37,16830944.5,0.5,0.75,1.0,1.0,34.0,15,33,72,179,374
14866.0,2011-11-29,2010-12-08,11,231582.28,2011-12-10,12,11,0.92,2394.1,7374.04,17904.57,49668.37,16830944.5,0.5,0.75,1.0,1.0,34.0,15,33,72,179,374
13081.0,2011-11-28,2010-12-03,11,3742499.51,2011-12-10,12,12,0.92,2394.1,7374.04,17904.57,49668.37,16830944.5,0.5,0.75,1.0,1.0,34.0,15,33,72,179,374
15514.0,2011-11-27,2010-12-10,11,92771.79,2011-12-10,12,13,0.92,2394.1,7374.04,17904.57,49668.37,16830944.5,0.5,0.75,1.0,1.0,34.0,15,33,72,179,374
15482.0,2011-11-24,2010-12-16,11,88923.36,2011-12-10,12,16,0.92,2394.1,7374.04,17904.57,49668.37,16830944.5,0.5,0.75,1.0,1.0,34.0,15,33,72,179,374
16670.0,2011-11-23,2010-12-16,11,117909.54,2011-12-10,12,17,0.92,2394.1,7374.04,17904.57,49668.37,16830944.5,0.5,0.75,1.0,1.0,34.0,15,33,72,179,374
14099.0,2011-11-23,2010-12-20,11,68646.24,2011-12-10,12,17,0.92,2394.1,7374.04,17904.57,49668.37,16830944.5,0.5,0.75,1.0,1.0,34.0,15,33,72,179,374
14159.0,2011-11-20,2010-12-12,11,580349.02,2011-12-10,12,20,0.92,2394.1,7374.04,17904.57,49668.37,16830944.5,0.5,0.75,1.0,1.0,34.0,15,33,72,179,374
15529.0,2011-11-17,2010-12-08,11,305641.51,2011-12-10,12,23,0.92,2394.1,7374.04,17904.57,49668.37,16830944.5,0.5,0.75,1.0,1.0,34.0,15,33,72,179,374
13178.0,2011-11-13,2010-12-14,11,152589.21,2011-12-10,12,27,0.92,2394.1,7374.04,17904.57,49668.37,16830944.5,0.5,0.75,1.0,1.0,34.0,15,33,72,179,374
17340.0,2011-11-10,2010-12-08,11,780860.63,2011-12-10,12,30,0.92,2394.1,7374.04,17904.57,49668.37,16830944.5,0.5,0.75,1.0,1.0,34.0,15,33,72,179,374
13148.0,2011-11-10,2010-12-10,11,88880.88,2011-12-10,12,30,0.92,2394.1,7374.04,17904.57,49668.37,16830944.5,0.5,0.75,1.0,1.0,34.0,15,33,72,179,374
15694.0,2011-12-09,2010-12-02,13,31742.31,2011-12-10,13,1,1.0,2394.1,7374.04,17904.57,49668.37,16830944.5,0.5,0.75,1.0,1.0,34.0,15,33,72,179,374
17490.0,2011-12-09,2011-06-16,7,17335.24,2011-12-10,7,1,1.0,2394.1,7374.04,17904.57,49668.37,16830944.5,0.5,0.75,1.0,1.0,34.0,15,33,72,179,374
12518.0,2011-12-09,2011-08-21,5,41264.65,2011-12-10,5,1,1.0,2394.1,7374.04,17904.57,49668.37,16830944.5,0.5,0.75,1.0,1.0,34.0,15,33,72,179,374
12985.0,2011-12-09,2011-11-11,2,50867.76,2011-12-10,2,1,1.0,2394.1,7374.04,17904.57,49668.37,16830944.5,0.5,0.75,1.0,1.0,34.0,15,33,72,179,374
12713.0,2011-12-09,2011-12-09,1,26022.6,2011-12-10,1,1,1.0,2394.1,7374.04,17904.57,49668.37,16830944.5,0.5,0.75,1.0,1.0,34.0,15,33,72,179,374
13013.0,2011-12-08,2010-12-03,13,84206.27,2011-12-10,13,2,1.0,2394.1,7374.04,17904.57,49668.37,16830944.5,0.5,0.75,1.0,1.0,34.0,15,33,72,179,374
14415.0,2011-12-08,2010-12-14,13,340806.85,2011-12-10,13,2,1.0,2394.1,7374.04,17904.57,49668.37,16830944.5,0.5,0.75,1.0,1.0,34.0,15,33,72,179,374
16401.0,2011-12-08,2011-01-16,12,70816.22,2011-12-10,12,2,1.0,2394.1,7374.04,17904.57,49668.37,16830944.5,0.5,0.75,1.0,1.0,34.0,15,33,72,179,374
15453.0,2011-12-08,2011-06-05,7,55132.83,2011-12-10,7,2,1.0,2394.1,7374.04,17904.57,49668.37,16830944.5,0.5,0.75,1.0,1.0,34.0,15,33,72,179,374
15484.0,2011-12-08,2011-09-22,4,215025.36,2011-12-10,4,2,1.0,2394.1,7374.04,17904.57,49668.37,16830944.5,0.5,0.75,1.0,1.0,34.0,15,33,72,179,374
17668.0,2011-12-08,2011-11-01,2,506.0,2011-12-10,2,2,1.0,2394.1,7374.04,17904.57,49668.37,16830944.5,0.5,0.75,1.0,1.0,34.0,15,33,72,179,374
16322.0,2011-12-08,2011-11-03,2,6238.89,2011-12-10,2,2,1.0,2394.1,7374.04,17904.57,49668.37,16830944.5,0.5,0.75,1.0,1.0,34.0,15,33,72,179,374
15877.0,2011-12-08,2011-11-22,2,30341.5,2011-12-10,2,2,1.0,2394.1,7374.04,17904.57,49668.37,16830944.5,0.5,0.75,1.0,1.0,34.0,15,33,72,179,374
13436.0,2011-12-08,2011-12-08,1,908.32,2011-12-10,1,2,1.0,2394.1,7374.04,17904.57,49668.37,16830944.5,0.5,0.75,1.0,1.0,34.0,15,33,72,179,374
15520.0,2011-12-08,2011-12-08,1,6183.0,2011-12-10,1,2,1.0,2394.1,7374.04,17904.57,49668.37,16830944.5,0.5,0.75,1.0,1.0,34.0,15,33,72,179,374
13298.0,2011-12-08,2011-12-08,1,720.0,2011-12-10,1,2,1.0,2394.1,7374.04,17904.57,49668.37,16830944.5,0.5,0.75,1.0,1.0,34.0,15,33,72,179,374
14569.0,2011-12-08,2011-12-08,1,2024.9,2011-12-10,1,2,1.0,2394.1,7374.04,17904.57,49668.37,16830944.5,0.5,0.75,1.0,1.0,34.0,15,33,72,179,374
16393.0,2011-12-07,2010-12-05,13,85169.36,2011-12-10,13,3,1.0,2394.1,7374.04,17904.57,49668.37,16830944.5,0.5,0.75,1.0,1.0,34.0,15,33,72,179,374
16191.0,2011-12-07,2010-12-14,13,67177.18,2011-12-10,13,3,1.0,2394.1,7374.04,17904.57,49668.37,16830944.5,0.5,0.75,1.0,1.0,34.0,15,33,72,179,374
16426.0,2011-12-07,2011-03-08,10,71048.72,2011-12-10,10,3,1.0,2394.1,7374.04,17904.57,49668.37,16830944.5,0.5,0.75,1.0,1.0,34.0,15,33,72,179,374
15136.0,2011-12-07,2011-09-04,4,30077.5,2011-12-10,4,3,1.0,2394.1,7374.04,17904.57,49668.37,16830944.5,0.5,0.75,1.0,1.0,34.0,15,33,72,179,374
12783.0,2011-12-07,2011-09-25,4,22348.5,2011-12-10,4,3,1.0,2394.1,7374.04,17904.57,49668.37,16830944.5,0.5,0.75,1.0,1.0,34.0,15,33,72,179,374
17590.0,2011-12-07,2011-10-30,3,112630.18,2011-12-10,3,3,1.0,2394.1,7374.04,17904.57,49668.37,16830944.5,0.5,0.75,1.0,1.0,34.0,15,33,72,179,374
17503.0,2011-12-07,2011-11-01,2,9652.08,2011-12-10,2,3,1.0,2394.1,7374.04,17904.57,49668.37,16830944.5,0.5,0.75,1.0,1.0,34.0,15,33,72,179,374
15883.0,2011-12-07,2011-11-06,2,8541.24,2011-12-10,2,3,1.0,2394.1,7374.04,17904.57,49668.37,16830944.5,0.5,0.75,1.0,1.0,34.0,15,33,72,179,374
16368.0,2011-12-07,2011-11-11,2,15540.65,2011-12-10,2,3,1.0,2394.1,7374.04,17904.57,49668.37,16830944.5,0.5,0.75,1.0,1.0,34.0,15,33,72,179,374
14904.0,2011-12-07,2011-11-14,2,38271.68,2011-12-10,2,3,1.0,2394.1,7374.04,17904.57,49668.37,16830944.5,0.5,0.75,1.0,1.0,34.0,15,33,72,179,374
17232.0,2011-12-07,2011-11-25,2,7592.8,2011-12-10,2,3,1.0,2394.1,7374.04,17904.57,49668.37,16830944.5,0.5,0.75,1.0,1.0,34.0,15,33,72,179,374
15195.0,2011-12-07,2011-12-07,1,3861.0,2011-12-10,1,3,1.0,2394.1,7374.04,17904.57,49668.37,16830944.5,0.5,0.75,1.0,1.0,34.0,15,33,72,179,374
14087.0,2011-12-07,2011-12-07,1,13414.98,2011-12-10,1,3,1.0,2394.1,7374.04,17904.57,49668.37,16830944.5,0.5,0.75,1.0,1.0,34.0,15,33,72,179,374
14204.0,2011-12-07,2011-12-07,1,5820.36,2011-12-10,1,3,1.0,2394.1,7374.04,17904.57,49668.37,16830944.5,0.5,0.75,1.0,1.0,34.0,15,33,72,179,374
15471.0,2011-12-07,2011-12-07,1,35034.48,2011-12-10,1,3,1.0,2394.1,7374.04,17904.57,49668.37,16830944.5,0.5,0.75,1.0,1.0,34.0,15,33,72,179,374
13994.0,2011-12-06,2011-07-14,6,85285.41,2011-12-10,6,4,1.0,2394.1,7374.04,17904.57,49668.37,16830944.5,0.5,0.75,1.0,1.0,34.0,15,33,72,179,374
17481.0,2011-12-06,2011-09-07,4,25336.02,2011-12-10,4,4,1.0,2394.1,7374.04,17904.57,49668.37,16830944.5,0.5,0.75,1.0,1.0,34.0,15,33,72,179,374
16015.0,2011-12-06,2011-10-21,3,44780.67,2011-12-10,3,4,1.0,2394.1,7374.04,17904.57,49668.37,16830944.5,0.5,0.75,1.0,1.0,34.0,15,33,72,179,374
14140.0,2011-12-06,2011-11-08,2,30846.92,2011-12-10,2,4,1.0,2394.1,7374.04,17904.57,49668.37,16830944.5,0.5,0.75,1.0,1.0,34.0,15,33,72,179,374
17290.0,2011-12-06,2011-11-23,2,23649.36,2011-12-10,2,4,1.0,2394.1,7374.04,17904.57,49668.37,16830944.5,0.5,0.75,1.0,1.0,34.0,15,33,72,179,374
12478.0,2011-12-06,2011-12-06,1,17407.66,2011-12-10,1,4,1.0,2394.1,7374.04,17904.57,49668.37,16830944.5,0.5,0.75,1.0,1.0,34.0,15,33,72,179,374
15992.0,2011-12-06,2011-12-06,1,54.08,2011-12-10,1,4,1.0,2394.1,7374.04,17904.57,49668.37,16830944.5,0.5,0.75,1.0,1.0,34.0,15,33,72,179,374
15318.0,2011-12-06,2011-12-06,1,10316.46,2011-12-10,1,4,1.0,2394.1,7374.04,17904.57,49668.37,16830944.5,0.5,0.75,1.0,1.0,34.0,15,33,72,179,374
17914.0,2011-12-06,2011-12-06,1,24689.34,2011-12-10,1,4,1.0,2394.1,7374.04,17904.57,49668.37,16830944.5,0.5,0.75,1.0,1.0,34.0,15,33,72,179,374
16528.0,2011-12-06,2011-12-06,1,2646.84,2011-12-10,1,4,1.0,2394.1,7374.04,17904.57,49668.37,16830944.5,0.5,0.75,1.0,1.0,34.0,15,33,72,179,374
12442.0,2011-12-06,2011-12-06,1,1584.66,2011-12-10,1,4,1.0,2394.1,7374.04,17904.57,49668.37,16830944.5,0.5,0.75,1.0,1.0,34.0,15,33,72,179,374
16569.0,2011-12-06,2011-12-06,1,621.0,2011-12-10,1,4,1.0,2394.1,7374.04,17904.57,49668.37,16830944.5,0.5,0.75,1.0,1.0,34.0,15,33,72,179,374
12650.0,2011-12-06,2011-12-06,1,4606.36,2011-12-10,1,4,1.0,2394.1,7374.04,17904.57,49668.37,16830944.5,0.5,0.75,1.0,1.0,34.0,15,33,72,179,374
14578.0,2011-12-06,2011-12-06,1,4047.12,2011-12-10,1,4,1.0,2394.1,7374.04,17904.57,49668.37,16830944.5,0.5,0.75,1.0,1.0,34.0,15,33,72,179,374
17404.0,2011-12-05,2010-12-14,13,664089.64,2011-12-10,13,5,1.0,2394.1,7374.04,17904.57,49668.37,16830944.5,0.5,0.75,1.0,1.0,34.0,15,33,72,179,374
14401.0,2011-12-05,2010-12-15,13,57071.02,2011-12-10,13,5,1.0,2394.1,7374.04,17904.57,49668.37,16830944.5,0.5,0.75,1.0,1.0,34.0,15,33,72,179,374
18180.0,2011-12-05,2011-07-20,6,35931.13,2011-12-10,6,5,1.0,2394.1,7374.04,17904.57,49668.37,16830944.5,0.5,0.75,1.0,1.0,34.0,15,33,72,179,374
12381.0,2011-12-05,2011-08-12,5,54633.78,2011-12-10,5,5,1.0,2394.1,7374.04,17904.57,49668.37,16830944.5,0.5,0.75,1.0,1.0,34.0,15,33,72,179,374
16379.0,2011-12-05,2011-09-22,4,61467.12,2011-12-10,4,5,1.0,2394.1,7374.04,17904.57,49668.37,16830944.5,0.5,0.75,1.0,1.0,34.0,15,33,72,179,374
17006.0,2011-12-05,2011-09-25,4,7816.82,2011-12-10,4,5,1.0,2394.1,7374.04,17904.57,49668.37,16830944.5,0.5,0.75,1.0,1.0,34.0,15,33,72,179,374
12628.0,2011-12-05,2011-10-06,3,9042.3,2011-12-10,3,5,1.0,2394.1,7374.04,17904.57,49668.37,16830944.5,0.5,0.75,1.0,1.0,34.0,15,33,72,179,374
16851.0,2011-12-05,2011-10-19,3,2294.16,2011-12-10,3,5,1.0,2394.1,7374.04,17904.57,49668.37,16830944.5,0.5,0.75,1.0,1.0,34.0,15,33,72,179,374
15274.0,2011-12-05,2011-11-21,2,16916.51,2011-12-10,2,5,1.0,2394.1,7374.04,17904.57,49668.37,16830944.5,0.5,0.75,1.0,1.0,34.0,15,33,72,179,374
16811.0,2011-12-05,2011-11-22,2,7531.56,2011-12-10,2,5,1.0,2394.1,7374.04,17904.57,49668.37,16830944.5,0.5,0.75,1.0,1.0,34.0,15,33,72,179,374
17254.0,2011-12-05,2011-11-24,2,14329.65,2011-12-10,2,5,1.0,2394.1,7374.04,17904.57,49668.37,16830944.5,0.5,0.75,1.0,1.0,34.0,15,33,72,179,374
15097.0,2011-12-05,2011-12-05,1,6202.0,2011-12-10,1,5,1.0,2394.1,7374.04,17904.57,49668.37,16830944.5,0.5,0.75,1.0,1.0,34.0,15,33,72,179,374
18015.0,2011-12-05,2011-12-05,1,5521.38,2011-12-10,1,5,1.0,2394.1,7374.04,17904.57,49668.37,16830944.5,0.5,0.75,1.0,1.0,34.0,15,33,72,179,374
16597.0,2011-12-05,2011-12-05,1,630.28,2011-12-10,1,5,1.0,2394.1,7374.04,17904.57,49668.37,16830944.5,0.5,0.75,1.0,1.0,34.0,15,33,72,179,374
13790.0,2011-12-05,2011-12-05,1,15696.0,2011-12-10,1,5,1.0,2394.1,7374.04,17904.57,49668.37,16830944.5,0.5,0.75,1.0,1.0,34.0,15,33,72,179,374
14219.0,2011-12-05,2011-12-05,1,629.58,2011-12-10,1,5,1.0,2394.1,7374.04,17904.57,49668.37,16830944.5,0.5,0.75,1.0,1.0,34.0,15,33,72,179,374
12367.0,2011-12-05,2011-12-05,1,1509.0,2011-12-10,1,5,1.0,2394.1,7374.04,17904.57,49668.37,16830944.5,0.5,0.75,1.0,1.0,34.0,15,33,72,179,374
17383.0,2011-12-05,2011-12-05,1,10163.79,2011-12-10,1,5,1.0,2394.1,7374.04,17904.57,49668.37,16830944.5,0.5,0.75,1.0,1.0,34.0,15,33,72,179,374
13435.0,2011-12-04,2011-06-03,7,54873.79,2011-12-10,7,6,1.0,2394.1,7374.04,17904.57,49668.37,16830944.5,0.5,0.75,1.0,1.0,34.0,15,33,72,179,374
12952.0,2011-12-04,2011-09-22,4,30437.77,2011-12-10,4,6,1.0,2394.1,7374.04,17904.57,49668.37,16830944.5,0.5,0.75,1.0,1.0,34.0,15,33,72,179,374
12827.0,2011-12-04,2011-10-26,3,4328.25,2011-12-10,3,6,1.0,2394.1,7374.04,17904.57,49668.37,16830944.5,0.5,0.75,1.0,1.0,34.0,15,33,72,179,374
14354.0,2011-12-04,2011-11-09,2,754.2,2011-12-10,2,6,1.0,2394.1,7374.04,17904.57,49668.37,16830944.5,0.5,0.75,1.0,1.0,34.0,15,33,72,179,374
13596.0,2011-12-04,2011-11-27,2,56496.37,2011-12-10,2,6,1.0,2394.1,7374.04,17904.57,49668.37,16830944.5,0.5,0.75,1.0,1.0,34.0,15,33,72,179,374
13153.0,2011-12-04,2011-12-04,1,7293.3,2011-12-10,1,6,1.0,2394.1,7374.04,17904.57,49668.37,16830944.5,0.5,0.75,1.0,1.0,34.0,15,33,72,179,374
15773.0,2011-12-04,2011-12-04,1,6356.8,2011-12-10,1,6,1.0,2394.1,7374.04,17904.57,49668.37,16830944.5,0.5,0.75,1.0,1.0,34.0,15,33,72,179,374
17936.0,2011-12-04,2011-12-04,1,26787.26,2011-12-10,1,6,1.0,2394.1,7374.04,17904.57,49668.37,16830944.5,0.5,0.75,1.0,1.0,34.0,15,33,72,179,374
16535.0,2011-12-04,2011-12-04,1,12579.0,2011-12-10,1,6,1.0,2394.1,7374.04,17904.57,49668.37,16830944.5,0.5,0.75,1.0,1.0,34.0,15,33,72,179,374
16988.0,2011-12-04,2011-12-04,1,504.35,2011-12-10,1,6,1.0,2394.1,7374.04,17904.57,49668.37,16830944.5,0.5,0.75,1.0,1.0,34.0,15,33,72,179,374
15547.0,2011-12-02,2010-12-12,13,242426.37,2011-12-10,13,8,1.0,2394.1,7374.04,17904.57,49668.37,16830944.5,0.5,0.75,1.0,1.0,34.0,15,33,72,179,374
16989.0,2011-12-02,2011-07-12,6,6279.45,2011-12-10,6,8,1.0,2394.1,7374.04,17904.57,49668.37,16830944.5,0.5,0.75,1.0,1.0,34.0,15,33,72,179,374
17495.0,2011-12-02,2011-11-01,2,6069.02,2011-12-10,2,8,1.0,2394.1,7374.04,17904.57,49668.37,16830944.5,0.5,0.75,1.0,1.0,34.0,15,33,72,179,374
13868.0,2011-12-02,2011-11-01,2,18023.49,2011-12-10,2,8,1.0,2394.1,7374.04,17904.57,49668.37,16830944.5,0.5,0.75,1.0,1.0,34.0,15,33,72,179,374
17221.0,2011-12-02,2011-11-03,2,10059.6,2011-12-10,2,8,1.0,2394.1,7374.04,17904.57,49668.37,16830944.5,0.5,0.75,1.0,1.0,34.0,15,33,72,179,374
14788.0,2011-12-02,2011-11-13,2,8819.35,2011-12-10,2,8,1.0,2394.1,7374.04,17904.57,49668.37,16830944.5,0.5,0.75,1.0,1.0,34.0,15,33,72,179,374
12762.0,2011-12-02,2011-11-14,2,69067.51,2011-12-10,2,8,1.0,2394.1,7374.04,17904.57,49668.37,16830944.5,0.5,0.75,1.0,1.0,34.0,15,33,72,179,374
12558.0,2011-12-02,2011-12-02,1,2969.56,2011-12-10,1,8,1.0,2394.1,7374.04,17904.57,49668.37,16830944.5,0.5,0.75,1.0,1.0,34.0,15,33,72,179,374
17942.0,2011-12-02,2011-12-02,1,155.0,2011-12-10,1,8,1.0,2394.1,7374.04,17904.57,49668.37,16830944.5,0.5,0.75,1.0,1.0,34.0,15,33,72,179,374
12587.0,2011-12-02,2011-12-02,1,312.0,2011-12-10,1,8,1.0,2394.1,7374.04,17904.57,49668.37,16830944.5,0.5,0.75,1.0,1.0,34.0,15,33,72,179,374
13560.0,2011-12-02,2011-12-02,1,5754.21,2011-12-10,1,8,1.0,2394.1,7374.04,17904.57,49668.37,16830944.5,0.5,0.75,1.0,1.0,34.0,15,33,72,179,374
15539.0,2011-12-02,2011-12-02,1,22076.86,2011-12-10,1,8,1.0,2394.1,7374.04,17904.57,49668.37,16830944.5,0.5,0.75,1.0,1.0,34.0,15,33,72,179,374
13017.0,2011-12-02,2011-12-02,1,204.0,2011-12-10,1,8,1.0,2394.1,7374.04,17904.57,49668.37,16830944.5,0.5,0.75,1.0,1.0,34.0,15,33,72,179,374
18174.0,2011-12-02,2011-12-02,1,104.0,2011-12-10,1,8,1.0,2394.1,7374.04,17904.57,49668.37,16830944.5,0.5,0.75,1.0,1.0,34.0,15,33,72,179,374
13090.0,2011-12-01,2010-12-02,13,65400.69,2011-12-10,13,9,1.0,2394.1,7374.04,17904.57,49668.37,16830944.5,0.5,0.75,1.0,1.0,34.0,15,33,72,179,374
16700.0,2011-12-01,2010-12-08,13,121061.87,2011-12-10,13,9,1.0,2394.1,7374.04,17904.57,49668.37,16830944.5,0.5,0.75,1.0,1.0,34.0,15,33,72,179,374
16701.0,2011-12-01,2010-12-13,13,73904.15,2011-12-10,13,9,1.0,2394.1,7374.04,17904.57,49668.37,16830944.5,0.5,0.75,1.0,1.0,34.0,15,33,72,179,374
14178.0,2011-12-01,2011-06-10,7,75213.8,2011-12-10,7,9,1.0,2394.1,7374.04,17904.57,49668.37,16830944.5,0.5,0.75,1.0,1.0,34.0,15,33,72,179,374
18122.0,2011-12-01,2011-07-12,6,122595.82,2011-12-10,6,9,1.0,2394.1,7374.04,17904.57,49668.37,16830944.5,0.5,0.75,1.0,1.0,34.0,15,33,72,179,374
15500.0,2011-12-01,2011-09-19,4,14831.67,2011-12-10,4,9,1.0,2394.1,7374.04,17904.57,49668.37,16830944.5,0.5,0.75,1.0,1.0,34.0,15,33,72,179,374
16169.0,2011-12-01,2011-09-25,4,40499.76,2011-12-10,4,9,1.0,2394.1,7374.04,17904.57,49668.37,16830944.5,0.5,0.75,1.0,1.0,34.0,15,33,72,179,374
17014.0,2011-12-01,2011-10-04,3,11637.21,2011-12-10,3,9,1.0,2394.1,7374.04,17904.57,49668.37,16830944.5,0.5,0.75,1.0,1.0,34.0,15,33,72,179,374
13040.0,2011-12-01,2011-11-06,2,14590.53,2011-12-10,2,9,1.0,2394.1,7374.04,17904.57,49668.37,16830944.5,0.5,0.75,1.0,1.0,34.0,15,33,72,179,374
15531.0,2011-12-01,2011-11-09,2,264385.36,2011-12-10,2,9,1.0,2394.1,7374.04,17904.57,49668.37,16830944.5,0.5,0.75,1.0,1.0,34.0,15,33,72,179,374
17566.0,2011-12-01,2011-11-14,2,59973.6,2011-12-10,2,9,1.0,2394.1,7374.04,17904.57,49668.37,16830944.5,0.5,0.75,1.0,1.0,34.0,15,33,72,179,374
16376.0,2011-12-01,2011-11-22,2,87312.75,2011-12-10,2,9,1.0,2394.1,7374.04,17904.57,49668.37,16830944.5,0.5,0.75,1.0,1.0,34.0,15,33,72,179,374
14804.0,2011-12-01,2011-12-01,1,2725.2,2011-12-10,1,9,1.0,2394.1,7374.04,17904.57,49668.37,16830944.5,0.5,0.75,1.0,1.0,34.0,15,33,72,179,374
15904.0,2011-12-01,2011-12-01,1,4197.17,2011-12-10,1,9,1.0,2394.1,7374.04,17904.57,49668.37,16830944.5,0.5,0.75,1.0,1.0,34.0,15,33,72,179,374
16789.0,2011-12-01,2011-12-01,1,404.0,2011-12-10,1,9,1.0,2394.1,7374.04,17904.57,49668.37,16830944.5,0.5,0.75,1.0,1.0,34.0,15,33,72,179,374
14062.0,2011-11-30,2010-12-10,12,114839.5,2011-12-10,12,10,1.0,2394.1,7374.04,17904.57,49668.37,16830944.5,0.5,0.75,1.0,1.0,34.0,15,33,72,179,374
15611.0,2011-11-30,2011-01-09,11,4829.1,2011-12-10,11,10,1.0,2394.1,7374.04,17904.57,49668.37,16830944.5,0.5,0.75,1.0,1.0,34.0,15,33,72,179,374
14755.0,2011-11-30,2011-01-09,11,87961.84,2011-12-10,11,10,1.0,2394.1,7374.04,17904.57,49668.37,16830944.5,0.5,0.75,1.0,1.0,34.0,15,33,72,179,374
13784.0,2011-11-30,2011-01-11,11,7815.84,2011-12-10,11,10,1.0,2394.1,7374.04,17904.57,49668.37,16830944.5,0.5,0.75,1.0,1.0,34.0,15,33,72,179,374
15782.0,2011-11-30,2011-09-11,3,27276.54,2011-12-10,3,10,1.0,2394.1,7374.04,17904.57,49668.37,16830944.5,0.5,0.75,1.0,1.0,34.0,15,33,72,179,374
12488.0,2011-11-30,2011-09-25,3,21199.79,2011-12-10,3,10,1.0,2394.1,7374.04,17904.57,49668.37,16830944.5,0.5,0.75,1.0,1.0,34.0,15,33,72,179,374
17737.0,2011-11-30,2011-10-12,2,847.74,2011-12-10,2,10,1.0,2394.1,7374.04,17904.57,49668.37,16830944.5,0.5,0.75,1.0,1.0,34.0,15,33,72,179,374
12630.0,2011-11-30,2011-10-27,2,26214.94,2011-12-10,2,10,1.0,2394.1,7374.04,17904.57,49668.37,16830944.5,0.5,0.75,1.0,1.0,34.0,15,33,72,179,374
15444.0,2011-11-30,2011-10-30,2,159040.64,2011-12-10,2,10,1.0,2394.1,7374.04,17904.57,49668.37,16830944.5,0.5,0.75,1.0,1.0,34.0,15,33,72,179,374
18058.0,2011-11-30,2011-11-30,1,510.48,2011-12-10,1,10,1.0,2394.1,7374.04,17904.57,49668.37,16830944.5,0.5,0.75,1.0,1.0,34.0,15,33,72,179,374
12953.0,2011-11-30,2011-11-30,1,4124.25,2011-12-10,1,10,1.0,2394.1,7374.04,17904.57,49668.37,16830944.5,0.5,0.75,1.0,1.0,34.0,15,33,72,179,374
12966.0,2011-11-30,2011-11-30,1,1329.12,2011-12-10,1,10,1.0,2394.1,7374.04,17904.57,49668.37,16830944.5,0.5,0.75,1.0,1.0,34.0,15,33,72,179,374
17911.0,2011-11-30,2011-11-30,1,12947.74,2011-12-10,1,10,1.0,2394.1,7374.04,17904.57,49668.37,16830944.5,0.5,0.75,1.0,1.0,34.0,15,33,72,179,374
13999.0,2011-11-29,2010-12-13,12,62706.62,2011-12-10,12,11,1.0,2394.1,7374.04,17904.57,49668.37,16830944.5,0.5,0.75,1.0,1.0,34.0,15,33,72,179,374
15218.0,2011-11-29,2011-01-25,11,88498.56,2011-12-10,11,11,1.0,2394.1,7374.04,17904.57,49668.37,16830944.5,0.5,0.75,1.0,1.0,34.0,15,33,72,179,374
13014.0,2011-11-29,2011-03-03,9,17561.71,2011-12-10,9,11,1.0,2394.1,7374.04,17904.57,49668.37,16830944.5,0.5,0.75,1.0,1.0,34.0,15,33,72,179,374
14125.0,2011-11-29,2011-09-22,3,154199.08,2011-12-10,3,11,1.0,2394.1,7374.04,17904.57,49668.37,16830944.5,0.5,0.75,1.0,1.0,34.0,15,33,72,179,374
14550.0,2011-11-29,2011-10-26,2,17364.07,2011-12-10,2,11,1.0,2394.1,7374.04,17904.57,49668.37,16830944.5,0.5,0.75,1.0,1.0,34.0,15,33,72,179,374
13349.0,2011-11-29,2011-11-29,1,2959.8,2011-12-10,1,11,1.0,2394.1,7374.04,17904.57,49668.37,16830944.5,0.5,0.75,1.0,1.0,34.0,15,33,72,179,374
15619.0,2011-11-29,2011-11-29,1,1009.2,2011-12-10,1,11,1.0,2394.1,7374.04,17904.57,49668.37,16830944.5,0.5,0.75,1.0,1.0,34.0,15,33,72,179,374
15148.0,2011-11-29,2011-11-29,1,6025.8,2011-12-10,1,11,1.0,2394.1,7374.04,17904.57,49668.37,16830944.5,0.5,0.75,1.0,1.0,34.0,15,33,72,179,374
14601.0,2011-11-29,2011-11-29,1,1497.72,2011-12-10,1,11,1.0,2394.1,7374.04,17904.57,49668.37,16830944.5,0.5,0.75,1.0,1.0,34.0,15,33,72,179,374
15783.0,2011-11-29,2011-11-29,1,3448.2,2011-12-10,1,11,1.0,2394.1,7374.04,17904.57,49668.37,16830944.5,0.5,0.75,1.0,1.0,34.0,15,33,72,179,374
13428.0,2011-11-29,2011-11-29,1,13700.87,2011-12-10,1,11,1.0,2394.1,7374.04,17904.57,49668.37,16830944.5,0.5,0.75,1.0,1.0,34.0,15,33,72,179,374
15790.0,2011-11-29,2011-11-29,1,5747.4,2011-12-10,1,11,1.0,2394.1,7374.04,17904.57,49668.37,16830944.5,0.5,0.75,1.0,1.0,34.0,15,33,72,179,374
14349.0,2011-11-29,2011-11-29,1,3750.0,2011-12-10,1,11,1.0,2394.1,7374.04,17904.57,49668.37,16830944.5,0.5,0.75,1.0,1.0,34.0,15,33,72,179,374
17419.0,2011-11-28,2010-12-07,12,62756.92,2011-12-10,12,12,1.0,2394.1,7374.04,17904.57,49668.37,16830944.5,0.5,0.75,1.0,1.0,34.0,15,33,72,179,374
14511.0,2011-11-28,2011-07-29,5,18002.06,2011-12-10,5,12,1.0,2394.1,7374.04,17904.57,49668.37,16830944.5,0.5,0.75,1.0,1.0,34.0,15,33,72,179,374
12657.0,2011-11-28,2011-09-22,3,12519.22,2011-12-10,3,12,1.0,2394.1,7374.04,17904.57,49668.37,16830944.5,0.5,0.75,1.0,1.0,34.0,15,33,72,179,374
15721.0,2011-11-28,2011-11-28,1,44872.2,2011-12-10,1,12,1.0,2394.1,7374.04,17904.57,49668.37,16830944.5,0.5,0.75,1.0,1.0,34.0,15,33,72,179,374
13844.0,2011-11-28,2011-11-28,1,7232.4,2011-12-10,1,12,1.0,2394.1,7374.04,17904.57,49668.37,16830944.5,0.5,0.75,1.0,1.0,34.0,15,33,72,179,374
12479.0,2011-11-28,2011-11-28,1,11937.8,2011-12-10,1,12,1.0,2394.1,7374.04,17904.57,49668.37,16830944.5,0.5,0.75,1.0,1.0,34.0,15,33,72,179,374
12660.0,2011-11-28,2011-11-28,1,2725.2,2011-12-10,1,12,1.0,2394.1,7374.04,17904.57,49668.37,16830944.5,0.5,0.75,1.0,1.0,34.0,15,33,72,179,374
15540.0,2011-11-28,2011-11-28,1,3199.5,2011-12-10,1,12,1.0,2394.1,7374.04,17904.57,49668.37,16830944.5,0.5,0.75,1.0,1.0,34.0,15,33,72,179,374
17379.0,2011-11-28,2011-11-28,1,33586.78,2011-12-10,1,12,1.0,2394.1,7374.04,17904.57,49668.37,16830944.5,0.5,0.75,1.0,1.0,34.0,15,33,72,179,374
16800.0,2011-11-28,2011-11-28,1,141457.94,2011-12-10,1,12,1.0,2394.1,7374.04,17904.57,49668.37,16830944.5,0.5,0.75,1.0,1.0,34.0,15,33,72,179,374
17806.0,2011-11-28,2011-11-28,1,23479.72,2011-12-10,1,12,1.0,2394.1,7374.04,17904.57,49668.37,16830944.5,0.5,0.75,1.0,1.0,34.0,15,33,72,179,374
17359.0,2011-11-28,2011-11-28,1,1511.44,2011-12-10,1,12,1.0,2394.1,7374.04,17904.57,49668.37,16830944.5,0.5,0.75,1.0,1.0,34.0,15,33,72,179,374
13188.0,2011-11-28,2011-11-28,1,99.6,2011-12-10,1,12,1.0,2394.1,7374.04,17904.57,49668.37,16830944.5,0.5,0.75,1.0,1.0,34.0,15,33,72,179,374
14480.0,2011-11-28,2011-11-28,1,3627.65,2011-12-10,1,12,1.0,2394.1,7374.04,17904.57,49668.37,16830944.5,0.5,0.75,1.0,1.0,34.0,15,33,72,179,374
15054.0,2011-11-27,2011-10-30,2,17567.1,2011-12-10,2,13,1.0,2394.1,7374.04,17904.57,49668.37,16830944.5,0.5,0.75,1.0,1.0,34.0,15,33,72,179,374
16024.0,2011-11-27,2011-11-27,1,16079.36,2011-12-10,1,13,1.0,2394.1,7374.04,17904.57,49668.37,16830944.5,0.5,0.75,1.0,1.0,34.0,15,33,72,179,374
14954.0,2011-11-27,2011-11-27,1,15410.52,2011-12-10,1,13,1.0,2394.1,7374.04,17904.57,49668.37,16830944.5,0.5,0.75,1.0,1.0,34.0,15,33,72,179,374
17885.0,2011-11-27,2011-11-27,1,11446.47,2011-12-10,1,13,1.0,2394.1,7374.04,17904.57,49668.37,16830944.5,0.5,0.75,1.0,1.0,34.0,15,33,72,179,374
14093.0,2011-11-27,2011-11-27,1,46499.25,2011-12-10,1,13,1.0,2394.1,7374.04,17904.57,49668.37,16830944.5,0.5,0.75,1.0,1.0,34.0,15,33,72,179,374
13184.0,2011-11-25,2011-02-22,10,37955.85,2011-12-10,10,15,1.0,2394.1,7374.04,17904.57,49668.37,16830944.5,0.5,0.75,1.0,1.0,34.0,15,33,72,179,374
15134.0,2011-11-25,2011-04-13,8,13733.71,2011-12-10,8,15,1.0,2394.1,7374.04,17904.57,49668.37,16830944.5,0.5,0.75,1.0,1.0,34.0,15,33,72,179,374
17557.0,2011-11-25,2011-09-19,3,7297.1,2011-12-10,3,15,1.0,2394.1,7374.04,17904.57,49668.37,16830944.5,0.5,0.75,1.0,1.0,34.0,15,33,72,179,374
13978.0,2011-11-25,2011-10-25,2,2263.66,2011-12-10,2,15,1.0,2394.1,7374.04,17904.57,49668.37,16830944.5,0.5,0.75,1.0,1.0,34.0,15,33,72,179,374
16856.0,2011-11-25,2011-11-25,1,70.8,2011-12-10,1,15,1.0,2394.1,7374.04,17904.57,49668.37,16830944.5,0.5,0.75,1.0,1.0,34.0,15,33,72,179,374
14703.0,2011-11-25,2011-11-25,1,6999.74,2011-12-10,1,15,1.0,2394.1,7374.04,17904.57,49668.37,16830944.5,0.5,0.75,1.0,1.0,34.0,15,33,72,179,374
17385.0,2011-11-25,2011-11-25,1,11553.36,2011-12-10,1,15,1.0,2394.1,7374.04,17904.57,49668.37,16830944.5,0.5,0.75,1.0,1.0,34.0,15,33,72,179,374
12531.0,2011-11-25,2011-11-25,1,1524.32,2011-12-10,1,15,1.0,2394.1,7374.04,17904.57,49668.37,16830944.5,0.5,0.75,1.0,1.0,34.0,15,33,72,179,374
14966.0,2011-11-25,2011-11-25,1,7270.16,2011-12-10,1,15,1.0,2394.1,7374.04,17904.57,49668.37,16830944.5,0.5,0.75,1.0,1.0,34.0,15,33,72,179,374
13332.0,2011-11-25,2011-11-25,1,6768.0,2011-12-10,1,15,1.0,2394.1,7374.04,17904.57,49668.37,16830944.5,0.5,0.75,1.0,1.0,34.0,15,33,72,179,374
14946.0,2011-11-25,2011-11-25,1,302.7,2011-12-10,1,15,1.0,2394.1,7374.04,17904.57,49668.37,16830944.5,0.5,0.75,1.0,1.0,34.0,15,33,72,179,374
16570.0,2011-11-24,2011-02-01,10,56405.67,2011-12-10,10,16,1.0,2394.1,7374.04,17904.57,49668.37,16830944.5,0.5,0.75,1.0,1.0,34.0,15,33,72,179,374
13588.0,2011-11-24,2011-03-29,9,63090.36,2011-12-10,9,16,1.0,2394.1,7374.04,17904.57,49668.37,16830944.5,0.5,0.75,1.0,1.0,34.0,15,33,72,179,374
16157.0,2011-11-24,2011-09-28,3,3947.73,2011-12-10,3,16,1.0,2394.1,7374.04,17904.57,49668.37,16830944.5,0.5,0.75,1.0,1.0,34.0,15,33,72,179,374
14539.0,2011-11-24,2011-10-26,2,11265.31,2011-12-10,2,16,1.0,2394.1,7374.04,17904.57,49668.37,16830944.5,0.5,0.75,1.0,1.0,34.0,15,33,72,179,374
13638.0,2011-11-24,2011-11-24,1,679.98,2011-12-10,1,16,1.0,2394.1,7374.04,17904.57,49668.37,16830944.5,0.5,0.75,1.0,1.0,34.0,15,33,72,179,374
16482.0,2011-11-24,2011-11-24,1,3971.16,2011-12-10,1,16,1.0,2394.1,7374.04,17904.57,49668.37,16830944.5,0.5,0.75,1.0,1.0,34.0,15,33,72,179,374
12784.0,2011-11-24,2011-11-24,1,27835.92,2011-12-10,1,16,1.0,2394.1,7374.04,17904.57,49668.37,16830944.5,0.5,0.75,1.0,1.0,34.0,15,33,72,179,374
17458.0,2011-11-24,2011-11-24,1,17091.0,2011-12-10,1,16,1.0,2394.1,7374.04,17904.57,49668.37,16830944.5,0.5,0.75,1.0,1.0,34.0,15,33,72,179,374
17767.0,2011-11-24,2011-11-24,1,5695.2,2011-12-10,1,16,1.0,2394.1,7374.04,17904.57,49668.37,16830944.5,0.5,0.75,1.0,1.0,34.0,15,33,72,179,374
15725.0,2011-11-24,2011-11-24,1,13288.0,2011-12-10,1,16,1.0,2394.1,7374.04,17904.57,49668.37,16830944.5,0.5,0.75,1.0,1.0,34.0,15,33,72,179,374
17247.0,2011-11-24,2011-11-24,1,10817.0,2011-12-10,1,16,1.0,2394.1,7374.04,17904.57,49668.37,16830944.5,0.5,0.75,1.0,1.0,34.0,15,33,72,179,374
18184.0,2011-11-24,2011-11-24,1,49.8,2011-12-10,1,16,1.0,2394.1,7374.04,17904.57,49668.37,16830944.5,0.5,0.75,1.0,1.0,34.0,15,33,72,179,374
15428.0,2011-11-24,2011-11-24,1,562.68,2011-12-10,1,16,1.0,2394.1,7374.04,17904.57,49668.37,16830944.5,0.5,0.75,1.0,1.0,34.0,15,33,72,179,374
17727.0,2011-11-24,2011-11-24,1,59343.85,2011-12-10,1,16,1.0,2394.1,7374.04,17904.57,49668.37,16830944.5,0.5,0.75,1.0,1.0,34.0,15,33,72,179,374
14756.0,2011-11-24,2011-11-24,1,20062.68,2011-12-10,1,16,1.0,2394.1,7374.04,17904.57,49668.37,16830944.5,0.5,0.75,1.0,1.0,34.0,15,33,72,179,374
17809.0,2011-11-23,2010-12-01,12,49120.04,2011-12-10,12,17,1.0,2394.1,7374.04,17904.57,49668.37,16830944.5,0.5,0.75,1.0,1.0,34.0,15,33,72,179,374
14733.0,2011-11-23,2010-12-07,12,172380.85,2011-12-10,12,17,1.0,2394.1,7374.04,17904.57,49668.37,16830944.5,0.5,0.75,1.0,1.0,34.0,15,33,72,179,374
13644.0,2011-11-23,2011-08-26,4,83145.71,2011-12-10,4,17,1.0,2394.1,7374.04,17904.57,49668.37,16830944.5,0.5,0.75,1.0,1.0,34.0,15,33,72,179,374
12452.0,2011-11-23,2011-11-23,1,6671.4,2011-12-10,1,17,1.0,2394.1,7374.04,17904.57,49668.37,16830944.5,0.5,0.75,1.0,1.0,34.0,15,33,72,179,374
14581.0,2011-11-23,2011-11-23,1,2356.2,2011-12-10,1,17,1.0,2394.1,7374.04,17904.57,49668.37,16830944.5,0.5,0.75,1.0,1.0,34.0,15,33,72,179,374
14675.0,2011-11-23,2011-11-23,1,55939.95,2011-12-10,1,17,1.0,2394.1,7374.04,17904.57,49668.37,16830944.5,0.5,0.75,1.0,1.0,34.0,15,33,72,179,374
18084.0,2011-11-23,2011-11-23,1,90.48,2011-12-10,1,17,1.0,2394.1,7374.04,17904.57,49668.37,16830944.5,0.5,0.75,1.0,1.0,34.0,15,33,72,179,374
17659.0,2011-11-22,2010-12-02,12,50802.26,2011-12-10,12,18,1.0,2394.1,7374.04,17904.57,49668.37,16830944.5,0.5,0.75,1.0,1.0,34.0,15,33,72,179,374
17073.0,2011-11-22,2011-08-22,4,46786.83,2011-12-10,4,18,1.0,2394.1,7374.04,17904.57,49668.37,16830944.5,0.5,0.75,1.0,1.0,34.0,15,33,72,179,374
17453.0,2011-11-22,2011-10-06,2,4265.73,2011-12-10,2,18,1.0,2394.1,7374.04,17904.57,49668.37,16830944.5,0.5,0.75,1.0,1.0,34.0,15,33,72,179,374
16311.0,2011-11-22,2011-10-21,2,11861.13,2011-12-10,2,18,1.0,2394.1,7374.04,17904.57,49668.37,16830944.5,0.5,0.75,1.0,1.0,34.0,15,33,72,179,374
13363.0,2011-11-22,2011-10-27,2,26933.79,2011-12-10,2,18,1.0,2394.1,7374.04,17904.57,49668.37,16830944.5,0.5,0.75,1.0,1.0,34.0,15,33,72,179,374
15977.0,2011-11-22,2011-10-31,2,28939.72,2011-12-10,2,18,1.0,2394.1,7374.04,17904.57,49668.37,16830944.5,0.5,0.75,1.0,1.0,34.0,15,33,72,179,374
15699.0,2011-11-22,2011-11-22,1,3036.6,2011-12-10,1,18,1.0,2394.1,7374.04,17904.57,49668.37,16830944.5,0.5,0.75,1.0,1.0,34.0,15,33,72,179,374
13403.0,2011-11-22,2011-11-22,1,225.0,2011-12-10,1,18,1.0,2394.1,7374.04,17904.57,49668.37,16830944.5,0.5,0.75,1.0,1.0,34.0,15,33,72,179,374
16956.0,2011-11-22,2011-11-22,1,3150.56,2011-12-10,1,18,1.0,2394.1,7374.04,17904.57,49668.37,16830944.5,0.5,0.75,1.0,1.0,34.0,15,33,72,179,374
17600.0,2011-11-22,2011-11-22,1,1740.24,2011-12-10,1,18,1.0,2394.1,7374.04,17904.57,49668.37,16830944.5,0.5,0.75,1.0,1.0,34.0,15,33,72,179,374
14424.0,2011-11-22,2011-11-22,1,322.08,2011-12-10,1,18,1.0,2394.1,7374.04,17904.57,49668.37,16830944.5,0.5,0.75,1.0,1.0,34.0,15,33,72,179,374
13322.0,2011-11-22,2011-11-22,1,4987.0,2011-12-10,1,18,1.0,2394.1,7374.04,17904.57,49668.37,16830944.5,0.5,0.75,1.0,1.0,34.0,15,33,72,179,374
17297.0,2011-11-22,2011-11-22,1,4962.24,2011-12-10,1,18,1.0,2394.1,7374.04,17904.57,49668.37,16830944.5,0.5,0.75,1.0,1.0,34.0,15,33,72,179,374
13986.0,2011-11-22,2011-11-22,1,4165.98,2011-12-10,1,18,1.0,2394.1,7374.04,17904.57,49668.37,16830944.5,0.5,0.75,1.0,1.0,34.0,15,33,72,179,374
12920.0,2011-11-22,2011-11-22,1,3388.58,2011-12-10,1,18,1.0,2394.1,7374.04,17904.57,49668.37,16830944.5,0.5,0.75,1.0,1.0,34.0,15,33,72,179,374
18249.0,2011-11-22,2011-11-22,1,762.72,2011-12-10,1,18,1.0,2394.1,7374.04,17904.57,49668.37,16830944.5,0.5,0.75,1.0,1.0,34.0,15,33,72,179,374
12586.0,2011-11-22,2011-11-22,1,1865.4,2011-12-10,1,18,1.0,2394.1,7374.04,17904.57,49668.37,16830944.5,0.5,0.75,1.0,1.0,34.0,15,33,72,179,374
15634.0,2011-11-22,2011-11-22,1,3653.25,2011-12-10,1,18,1.0,2394.1,7374.04,17904.57,49668.37,16830944.5,0.5,0.75,1.0,1.0,34.0,15,33,72,179,374
16366.0,2011-11-21,2011-11-21,1,4510.4,2011-12-10,1,19,1.0,2394.1,7374.04,17904.57,49668.37,16830944.5,0.5,0.75,1.0,1.0,34.0,15,33,72,179,374
14300.0,2011-11-21,2011-11-21,1,129.6,2011-12-10,1,19,1.0,2394.1,7374.04,17904.57,49668.37,16830944.5,0.5,0.75,1.0,1.0,34.0,15,33,72,179,374
12349.0,2011-11-21,2011-11-21,1,84951.9,2011-12-10,1,19,1.0,2394.1,7374.04,17904.57,49668.37,16830944.5,0.5,0.75,1.0,1.0,34.0,15,33,72,179,374
12658.0,2011-11-21,2011-11-21,1,16539.0,2011-12-10,1,19,1.0,2394.1,7374.04,17904.57,49668.37,16830944.5,0.5,0.75,1.0,1.0,34.0,15,33,72,179,374
12795.0,2011-11-21,2011-11-21,1,1730.97,2011-12-10,1,19,1.0,2394.1,7374.04,17904.57,49668.37,16830944.5,0.5,0.75,1.0,1.0,34.0,15,33,72,179,374
15567.0,2011-11-21,2011-11-21,1,1026.36,2011-12-10,1,19,1.0,2394.1,7374.04,17904.57,49668.37,16830944.5,0.5,0.75,1.0,1.0,34.0,15,33,72,179,374
15645.0,2011-11-21,2011-11-21,1,31824.52,2011-12-10,1,19,1.0,2394.1,7374.04,17904.57,49668.37,16830944.5,0.5,0.75,1.0,1.0,34.0,15,33,72,179,374
16406.0,2011-11-21,2011-11-21,1,10110.34,2011-12-10,1,19,1.0,2394.1,7374.04,17904.57,49668.37,16830944.5,0.5,0.75,1.0,1.0,34.0,15,33,72,179,374
15857.0,2011-11-21,2011-11-21,1,4158.0,2011-12-10,1,19,1.0,2394.1,7374.04,17904.57,49668.37,16830944.5,0.5,0.75,1.0,1.0,34.0,15,33,72,179,374
12984.0,2011-11-21,2011-11-21,1,390.0,2011-12-10,1,19,1.0,2394.1,7374.04,17904.57,49668.37,16830944.5,0.5,0.75,1.0,1.0,34.0,15,33,72,179,374
17253.0,2011-11-21,2011-11-21,1,1804.74,2011-12-10,1,19,1.0,2394.1,7374.04,17904.57,49668.37,16830944.5,0.5,0.75,1.0,1.0,34.0,15,33,72,179,374
13739.0,2011-11-21,2011-11-21,1,650.7,2011-12-10,1,19,1.0,2394.1,7374.04,17904.57,49668.37,16830944.5,0.5,0.75,1.0,1.0,34.0,15,33,72,179,374
17010.0,2011-11-21,2011-11-21,1,2148.96,2011-12-10,1,19,1.0,2394.1,7374.04,17904.57,49668.37,16830944.5,0.5,0.75,1.0,1.0,34.0,15,33,72,179,374
15115.0,2011-11-21,2011-11-21,1,4298.58,2011-12-10,1,19,1.0,2394.1,7374.04,17904.57,49668.37,16830944.5,0.5,0.75,1.0,1.0,34.0,15,33,72,179,374
12395.0,2011-11-20,2010-12-03,12,27938.95,2011-12-10,12,20,1.0,2394.1,7374.04,17904.57,49668.37,16830944.5,0.5,0.75,1.0,1.0,34.0,15,33,72,179,374
12523.0,2011-11-20,2011-01-12,11,11487.85,2011-12-10,11,20,1.0,2394.1,7374.04,17904.57,49668.37,16830944.5,0.5,0.75,1.0,1.0,34.0,15,33,72,179,374
17758.0,2011-11-20,2011-04-03,8,222528.45,2011-12-10,8,20,1.0,2394.1,7374.04,17904.57,49668.37,16830944.5,0.5,0.75,1.0,1.0,34.0,15,33,72,179,374
13200.0,2011-11-20,2011-08-05,4,10053.94,2011-12-10,4,20,1.0,2394.1,7374.04,17904.57,49668.37,16830944.5,0.5,0.75,1.0,1.0,34.0,15,33,72,179,374
15533.0,2011-11-20,2011-09-11,3,18789.17,2011-12-10,3,20,1.0,2394.1,7374.04,17904.57,49668.37,16830944.5,0.5,0.75,1.0,1.0,34.0,15,33,72,179,374
14359.0,2011-11-20,2011-09-13,3,14842.5,2011-12-10,3,20,1.0,2394.1,7374.04,17904.57,49668.37,16830944.5,0.5,0.75,1.0,1.0,34.0,15,33,72,179,374
17425.0,2011-11-20,2011-10-10,2,29006.94,2011-12-10,2,20,1.0,2394.1,7374.04,17904.57,49668.37,16830944.5,0.5,0.75,1.0,1.0,34.0,15,33,72,179,374
15963.0,2011-11-20,2011-10-25,2,6329.58,2011-12-10,2,20,1.0,2394.1,7374.04,17904.57,49668.37,16830944.5,0.5,0.75,1.0,1.0,34.0,15,33,72,179,374
16506.0,2011-11-20,2011-10-30,2,145.5,2011-12-10,2,20,1.0,2394.1,7374.04,17904.57,49668.37,16830944.5,0.5,0.75,1.0,1.0,34.0,15,33,72,179,374
12702.0,2011-11-20,2011-11-20,1,2211.0,2011-12-10,1,20,1.0,2394.1,7374.04,17904.57,49668.37,16830944.5,0.5,0.75,1.0,1.0,34.0,15,33,72,179,374
14881.0,2011-11-20,2011-11-20,1,4341.8,2011-12-10,1,20,1.0,2394.1,7374.04,17904.57,49668.37,16830944.5,0.5,0.75,1.0,1.0,34.0,15,33,72,179,374
16784.0,2011-11-20,2011-11-20,1,322.8,2011-12-10,1,20,1.0,2394.1,7374.04,17904.57,49668.37,16830944.5,0.5,0.75,1.0,1.0,34.0,15,33,72,179,374
14052.0,2011-11-20,2011-11-20,1,10714.14,2011-12-10,1,20,1.0,2394.1,7374.04,17904.57,49668.37,16830944.5,0.5,0.75,1.0,1.0,34.0,15,33,72,179,374
18110.0,2011-11-20,2011-11-20,1,9609.6,2011-12-10,1,20,1.0,2394.1,7374.04,17904.57,49668.37,16830944.5,0.5,0.75,1.0,1.0,34.0,15,33,72,179,374
17561.0,2011-11-20,2011-11-20,1,6980.4,2011-12-10,1,20,1.0,2394.1,7374.04,17904.57,49668.37,16830944.5,0.5,0.75,1.0,1.0,34.0,15,33,72,179,374
15988.0,2011-11-20,2011-11-20,1,2817.12,2011-12-10,1,20,1.0,2394.1,7374.04,17904.57,49668.37,16830944.5,0.5,0.75,1.0,1.0,34.0,15,33,72,179,374
14950.0,2011-11-20,2011-11-20,1,2922.0,2011-12-10,1,20,1.0,2394.1,7374.04,17904.57,49668.37,16830944.5,0.5,0.75,1.0,1.0,34.0,15,33,72,179,374
16666.0,2011-11-20,2011-11-20,1,3807.36,2011-12-10,1,20,1.0,2394.1,7374.04,17904.57,49668.37,16830944.5,0.5,0.75,1.0,1.0,34.0,15,33,72,179,374
14860.0,2011-11-20,2011-11-20,1,1873.52,2011-12-10,1,20,1.0,2394.1,7374.04,17904.57,49668.37,16830944.5,0.5,0.75,1.0,1.0,34.0,15,33,72,179,374
17636.0,2011-11-20,2011-11-20,1,5711.2,2011-12-10,1,20,1.0,2394.1,7374.04,17904.57,49668.37,16830944.5,0.5,0.75,1.0,1.0,34.0,15,33,72,179,374
13832.0,2011-11-20,2011-11-20,1,156.6,2011-12-10,1,20,1.0,2394.1,7374.04,17904.57,49668.37,16830944.5,0.5,0.75,1.0,1.0,34.0,15,33,72,179,374
13142.0,2011-11-20,2011-11-20,1,6099.28,2011-12-10,1,20,1.0,2394.1,7374.04,17904.57,49668.37,16830944.5,0.5,0.75,1.0,1.0,34.0,15,33,72,179,374
13094.0,2011-11-18,2010-12-06,12,4408.2,2011-12-10,12,22,1.0,2394.1,7374.04,17904.57,49668.37,16830944.5,0.5,0.75,1.0,1.0,34.0,15,33,72,179,374
15933.0,2011-11-18,2011-09-14,3,26759.49,2011-12-10,3,22,1.0,2394.1,7374.04,17904.57,49668.37,16830944.5,0.5,0.75,1.0,1.0,34.0,15,33,72,179,374
16924.0,2011-11-18,2011-09-16,3,23876.1,2011-12-10,3,22,1.0,2394.1,7374.04,17904.57,49668.37,16830944.5,0.5,0.75,1.0,1.0,34.0,15,33,72,179,374
15088.0,2011-11-18,2011-10-03,2,33996.36,2011-12-10,2,22,1.0,2394.1,7374.04,17904.57,49668.37,16830944.5,0.5,0.75,1.0,1.0,34.0,15,33,72,179,374
14641.0,2011-11-18,2011-11-18,1,773.22,2011-12-10,1,22,1.0,2394.1,7374.04,17904.57,49668.37,16830944.5,0.5,0.75,1.0,1.0,34.0,15,33,72,179,374
12618.0,2011-11-18,2011-11-18,1,1373.1,2011-12-10,1,22,1.0,2394.1,7374.04,17904.57,49668.37,16830944.5,0.5,0.75,1.0,1.0,34.0,15,33,72,179,374
12391.0,2011-11-18,2011-11-18,1,42531.02,2011-12-10,1,22,1.0,2394.1,7374.04,17904.57,49668.37,16830944.5,0.5,0.75,1.0,1.0,34.0,15,33,72,179,374
17286.0,2011-11-18,2011-11-18,1,6398.48,2011-12-10,1,22,1.0,2394.1,7374.04,17904.57,49668.37,16830944.5,0.5,0.75,1.0,1.0,34.0,15,33,72,179,374
17904.0,2011-11-18,2011-11-18,1,4422.95,2011-12-10,1,22,1.0,2394.1,7374.04,17904.57,49668.37,16830944.5,0.5,0.75,1.0,1.0,34.0,15,33,72,179,374
17301.0,2011-11-18,2011-11-18,1,10485.09,2011-12-10,1,22,1.0,2394.1,7374.04,17904.57,49668.37,16830944.5,0.5,0.75,1.0,1.0,34.0,15,33,72,179,374
15368.0,2011-11-18,2011-11-18,1,1787.76,2011-12-10,1,22,1.0,2394.1,7374.04,17904.57,49668.37,16830944.5,0.5,0.75,1.0,1.0,34.0,15,33,72,179,374
14793.0,2011-11-18,2011-11-18,1,3205.86,2011-12-10,1,22,1.0,2394.1,7374.04,17904.57,49668.37,16830944.5,0.5,0.75,1.0,1.0,34.0,15,33,72,179,374
17650.0,2011-11-18,2011-11-18,1,1328.64,2011-12-10,1,22,1.0,2394.1,7374.04,17904.57,49668.37,16830944.5,0.5,0.75,1.0,1.0,34.0,15,33,72,179,374
16186.0,2011-11-17,2010-12-02,12,90125.13,2011-12-10,12,23,1.0,2394.1,7374.04,17904.57,49668.37,16830944.5,0.5,0.75,1.0,1.0,34.0,15,33,72,179,374
12647.0,2011-11-17,2010-12-05,12,22349.51,2011-12-10,12,23,1.0,2394.1,7374.04,17904.57,49668.37,16830944.5,0.5,0.75,1.0,1.0,34.0,15,33,72,179,374
12610.0,2011-11-17,2011-08-05,4,43977.68,2011-12-10,4,23,1.0,2394.1,7374.04,17904.57,49668.37,16830944.5,0.5,0.75,1.0,1.0,34.0,15,33,72,179,374
17330.0,2011-11-17,2011-10-03,2,1423.5,2011-12-10,2,23,1.0,2394.1,7374.04,17904.57,49668.37,16830944.5,0.5,0.75,1.0,1.0,34.0,15,33,72,179,374
13028.0,2011-11-17,2011-10-25,2,14955.54,2011-12-10,2,23,1.0,2394.1,7374.04,17904.57,49668.37,16830944.5,0.5,0.75,1.0,1.0,34.0,15,33,72,179,374
14416.0,2011-11-17,2011-10-28,2,4358.66,2011-12-10,2,23,1.0,2394.1,7374.04,17904.57,49668.37,16830944.5,0.5,0.75,1.0,1.0,34.0,15,33,72,179,374
15657.0,2011-11-17,2011-11-17,1,30.0,2011-12-10,1,23,1.0,2394.1,7374.04,17904.57,49668.37,16830944.5,0.5,0.75,1.0,1.0,34.0,15,33,72,179,374
13160.0,2011-11-17,2011-11-17,1,367.2,2011-12-10,1,23,1.0,2394.1,7374.04,17904.57,49668.37,16830944.5,0.5,0.75,1.0,1.0,34.0,15,33,72,179,374
12847.0,2011-11-17,2011-11-17,1,79310.14,2011-12-10,1,23,1.0,2394.1,7374.04,17904.57,49668.37,16830944.5,0.5,0.75,1.0,1.0,34.0,15,33,72,179,374
17985.0,2011-11-17,2011-11-17,1,12262.95,2011-12-10,1,23,1.0,2394.1,7374.04,17904.57,49668.37,16830944.5,0.5,0.75,1.0,1.0,34.0,15,33,72,179,374
14362.0,2011-11-17,2011-11-17,1,5938.0,2011-12-10,1,23,1.0,2394.1,7374.04,17904.57,49668.37,16830944.5,0.5,0.75,1.0,1.0,34.0,15,33,72,179,374
13828.0,2011-11-17,2011-11-17,1,3142.35,2011-12-10,1,23,1.0,2394.1,7374.04,17904.57,49668.37,16830944.5,0.5,0.75,1.0,1.0,34.0,15,33,72,179,374
15435.0,2011-11-17,2011-11-17,1,3397.68,2011-12-10,1,23,1.0,2394.1,7374.04,17904.57,49668.37,16830944.5,0.5,0.75,1.0,1.0,34.0,15,33,72,179,374
12445.0,2011-11-17,2011-11-17,1,232.2,2011-12-10,1,23,1.0,2394.1,7374.04,17904.57,49668.37,16830944.5,0.5,0.75,1.0,1.0,34.0,15,33,72,179,374
12731.0,2011-11-16,2010-12-10,12,427396.66,2011-12-10,12,24,1.0,2394.1,7374.04,17904.57,49668.37,16830944.5,0.5,0.75,1.0,1.0,34.0,15,33,72,179,374
13629.0,2011-11-16,2011-01-05,11,34629.18,2011-12-10,11,24,1.0,2394.1,7374.04,17904.57,49668.37,16830944.5,0.5,0.75,1.0,1.0,34.0,15,33,72,179,374
12500.0,2011-11-16,2011-01-10,11,15516.71,2011-12-10,11,24,1.0,2394.1,7374.04,17904.57,49668.37,16830944.5,0.5,0.75,1.0,1.0,34.0,15,33,72,179,374
12910.0,2011-11-16,2011-04-12,8,40613.6,2011-12-10,8,24,1.0,2394.1,7374.04,17904.57,49668.37,16830944.5,0.5,0.75,1.0,1.0,34.0,15,33,72,179,374
12640.0,2011-11-16,2011-09-19,3,19220.08,2011-12-10,3,24,1.0,2394.1,7374.04,17904.57,49668.37,16830944.5,0.5,0.75,1.0,1.0,34.0,15,33,72,179,374
16669.0,2011-11-16,2011-09-22,3,90463.9,2011-12-10,3,24,1.0,2394.1,7374.04,17904.57,49668.37,16830944.5,0.5,0.75,1.0,1.0,34.0,15,33,72,179,374
13816.0,2011-11-16,2011-10-06,2,5985.9,2011-12-10,2,24,1.0,2394.1,7374.04,17904.57,49668.37,16830944.5,0.5,0.75,1.0,1.0,34.0,15,33,72,179,374
17549.0,2011-11-16,2011-10-19,2,539.04,2011-12-10,2,24,1.0,2394.1,7374.04,17904.57,49668.37,16830944.5,0.5,0.75,1.0,1.0,34.0,15,33,72,179,374
16855.0,2011-11-16,2011-10-27,2,2303.0,2011-12-10,2,24,1.0,2394.1,7374.04,17904.57,49668.37,16830944.5,0.5,0.75,1.0,1.0,34.0,15,33,72,179,374
13449.0,2011-11-16,2011-11-16,1,5545.72,2011-12-10,1,24,1.0,2394.1,7374.04,17904.57,49668.37,16830944.5,0.5,0.75,1.0,1.0,34.0,15,33,72,179,374
15269.0,2011-11-16,2011-11-16,1,118.8,2011-12-10,1,24,1.0,2394.1,7374.04,17904.57,49668.37,16830944.5,0.5,0.75,1.0,1.0,34.0,15,33,72,179,374
15900.0,2011-11-16,2011-11-16,1,17906.61,2011-12-10,1,24,1.0,2394.1,7374.04,17904.57,49668.37,16830944.5,0.5,0.75,1.0,1.0,34.0,15,33,72,179,374
17680.0,2011-11-16,2011-11-16,1,2028.4,2011-12-10,1,24,1.0,2394.1,7374.04,17904.57,49668.37,16830944.5,0.5,0.75,1.0,1.0,34.0,15,33,72,179,374
13926.0,2011-11-16,2011-11-16,1,1494.0,2011-12-10,1,24,1.0,2394.1,7374.04,17904.57,49668.37,16830944.5,0.5,0.75,1.0,1.0,34.0,15,33,72,179,374
16204.0,2011-11-16,2011-11-16,1,23125.47,2011-12-10,1,24,1.0,2394.1,7374.04,17904.57,49668.37,16830944.5,0.5,0.75,1.0,1.0,34.0,15,33,72,179,374
17896.0,2011-11-16,2011-11-16,1,512.64,2011-12-10,1,24,1.0,2394.1,7374.04,17904.57,49668.37,16830944.5,0.5,0.75,1.0,1.0,34.0,15,33,72,179,374
15432.0,2011-11-16,2011-11-16,1,1711.9,2011-12-10,1,24,1.0,2394.1,7374.04,17904.57,49668.37,16830944.5,0.5,0.75,1.0,1.0,34.0,15,33,72,179,374
18006.0,2011-11-16,2011-11-16,1,9782.96,2011-12-10,1,24,1.0,2394.1,7374.04,17904.57,49668.37,16830944.5,0.5,0.75,1.0,1.0,34.0,15,33,72,179,374
17564.0,2011-11-15,2011-09-20,3,7302.71,2011-12-10,3,25,1.0,2394.1,7374.04,17904.57,49668.37,16830944.5,0.5,0.75,1.0,1.0,34.0,15,33,72,179,374
16423.0,2011-11-15,2011-11-15,1,6230.16,2011-12-10,1,25,1.0,2394.1,7374.04,17904.57,49668.37,16830944.5,0.5,0.75,1.0,1.0,34.0,15,33,72,179,374
15419.0,2011-11-15,2011-11-15,1,1086.88,2011-12-10,1,25,1.0,2394.1,7374.04,17904.57,49668.37,16830944.5,0.5,0.75,1.0,1.0,34.0,15,33,72,179,374
17510.0,2011-11-15,2011-11-15,1,5376.62,2011-12-10,1,25,1.0,2394.1,7374.04,17904.57,49668.37,16830944.5,0.5,0.75,1.0,1.0,34.0,15,33,72,179,374
15758.0,2011-11-15,2011-11-15,1,1847.25,2011-12-10,1,25,1.0,2394.1,7374.04,17904.57,49668.37,16830944.5,0.5,0.75,1.0,1.0,34.0,15,33,72,179,374
14725.0,2011-11-15,2011-11-15,1,23803.78,2011-12-10,1,25,1.0,2394.1,7374.04,17904.57,49668.37,16830944.5,0.5,0.75,1.0,1.0,34.0,15,33,72,179,374
14666.0,2011-11-15,2011-11-15,1,2279.55,2011-12-10,1,25,1.0,2394.1,7374.04,17904.57,49668.37,16830944.5,0.5,0.75,1.0,1.0,34.0,15,33,72,179,374
14714.0,2011-11-15,2011-11-15,1,1020.32,2011-12-10,1,25,1.0,2394.1,7374.04,17904.57,49668.37,16830944.5,0.5,0.75,1.0,1.0,34.0,15,33,72,179,374
17153.0,2011-11-15,2011-11-15,1,2992.92,2011-12-10,1,25,1.0,2394.1,7374.04,17904.57,49668.37,16830944.5,0.5,0.75,1.0,1.0,34.0,15,33,72,179,374
15720.0,2011-11-15,2011-11-15,1,59523.39,2011-12-10,1,25,1.0,2394.1,7374.04,17904.57,49668.37,16830944.5,0.5,0.75,1.0,1.0,34.0,15,33,72,179,374
18181.0,2011-11-15,2011-11-15,1,13954.35,2011-12-10,1,25,1.0,2394.1,7374.04,17904.57,49668.37,16830944.5,0.5,0.75,1.0,1.0,34.0,15,33,72,179,374
15556.0,2011-11-15,2011-11-15,1,7289.73,2011-12-10,1,25,1.0,2394.1,7374.04,17904.57,49668.37,16830944.5,0.5,0.75,1.0,1.0,34.0,15,33,72,179,374
12890.0,2011-11-15,2011-11-15,1,31198.54,2011-12-10,1,25,1.0,2394.1,7374.04,17904.57,49668.37,16830944.5,0.5,0.75,1.0,1.0,34.0,15,33,72,179,374
15058.0,2011-11-14,2011-01-31,11,44445.3,2011-12-10,11,26,1.0,2394.1,7374.04,17904.57,49668.37,16830944.5,0.5,0.75,1.0,1.0,34.0,15,33,72,179,374
15050.0,2011-11-14,2011-09-29,3,79397.48,2011-12-10,3,26,1.0,2394.1,7374.04,17904.57,49668.37,16830944.5,0.5,0.75,1.0,1.0,34.0,15,33,72,179,374
17081.0,2011-11-14,2011-10-24,2,7196.58,2011-12-10,2,26,1.0,2394.1,7374.04,17904.57,49668.37,16830944.5,0.5,0.75,1.0,1.0,34.0,15,33,72,179,374
14494.0,2011-11-14,2011-11-14,1,976.92,2011-12-10,1,26,1.0,2394.1,7374.04,17904.57,49668.37,16830944.5,0.5,0.75,1.0,1.0,34.0,15,33,72,179,374
14902.0,2011-11-14,2011-11-14,1,6653.2,2011-12-10,1,26,1.0,2394.1,7374.04,17904.57,49668.37,16830944.5,0.5,0.75,1.0,1.0,34.0,15,33,72,179,374
16936.0,2011-11-14,2011-11-14,1,14208.88,2011-12-10,1,26,1.0,2394.1,7374.04,17904.57,49668.37,16830944.5,0.5,0.75,1.0,1.0,34.0,15,33,72,179,374
12938.0,2011-11-14,2011-11-14,1,1027.26,2011-12-10,1,26,1.0,2394.1,7374.04,17904.57,49668.37,16830944.5,0.5,0.75,1.0,1.0,34.0,15,33,72,179,374
15168.0,2011-11-14,2011-11-14,1,532.8,2011-12-10,1,26,1.0,2394.1,7374.04,17904.57,49668.37,16830944.5,0.5,0.75,1.0,1.0,34.0,15,33,72,179,374
17538.0,2011-11-14,2011-11-14,1,885.78,2011-12-10,1,26,1.0,2394.1,7374.04,17904.57,49668.37,16830944.5,0.5,0.75,1.0,1.0,34.0,15,33,72,179,374
18082.0,2011-11-14,2011-11-14,1,46126.57,2011-12-10,1,26,1.0,2394.1,7374.04,17904.57,49668.37,16830944.5,0.5,0.75,1.0,1.0,34.0,15,33,72,179,374
18117.0,2011-11-14,2011-11-14,1,23733.28,2011-12-10,1,26,1.0,2394.1,7374.04,17904.57,49668.37,16830944.5,0.5,0.75,1.0,1.0,34.0,15,33,72,179,374
15458.0,2011-11-14,2011-11-14,1,1131.48,2011-12-10,1,26,1.0,2394.1,7374.04,17904.57,49668.37,16830944.5,0.5,0.75,1.0,1.0,34.0,15,33,72,179,374
16207.0,2011-11-14,2011-11-14,1,5276.46,2011-12-10,1,26,1.0,2394.1,7374.04,17904.57,49668.37,16830944.5,0.5,0.75,1.0,1.0,34.0,15,33,72,179,374
17793.0,2011-11-14,2011-11-14,1,13519.77,2011-12-10,1,26,1.0,2394.1,7374.04,17904.57,49668.37,16830944.5,0.5,0.75,1.0,1.0,34.0,15,33,72,179,374
17044.0,2011-11-14,2011-11-14,1,5690.88,2011-12-10,1,26,1.0,2394.1,7374.04,17904.57,49668.37,16830944.5,0.5,0.75,1.0,1.0,34.0,15,33,72,179,374
14953.0,2011-11-14,2011-11-14,1,14575.68,2011-12-10,1,26,1.0,2394.1,7374.04,17904.57,49668.37,16830944.5,0.5,0.75,1.0,1.0,34.0,15,33,72,179,374
16504.0,2011-11-14,2011-11-14,1,41656.68,2011-12-10,1,26,1.0,2394.1,7374.04,17904.57,49668.37,16830944.5,0.5,0.75,1.0,1.0,34.0,15,33,72,179,374
12374.0,2011-11-14,2011-11-14,1,16905.9,2011-12-10,1,26,1.0,2394.1,7374.04,17904.57,49668.37,16830944.5,0.5,0.75,1.0,1.0,34.0,15,33,72,179,374
14227.0,2011-11-13,2011-02-28,10,92422.43,2011-12-10,10,27,1.0,2394.1,7374.04,17904.57,49668.37,16830944.5,0.5,0.75,1.0,1.0,34.0,15,33,72,179,374
14661.0,2011-11-13,2011-11-13,1,123.15,2011-12-10,1,27,1.0,2394.1,7374.04,17904.57,49668.37,16830944.5,0.5,0.75,1.0,1.0,34.0,15,33,72,179,374
13170.0,2011-11-13,2011-11-13,1,3712.32,2011-12-10,1,27,1.0,2394.1,7374.04,17904.57,49668.37,16830944.5,0.5,0.75,1.0,1.0,34.0,15,33,72,179,374
13146.0,2011-11-13,2011-11-13,1,3891.47,2011-12-10,1,27,1.0,2394.1,7374.04,17904.57,49668.37,16830944.5,0.5,0.75,1.0,1.0,34.0,15,33,72,179,374
13603.0,2011-11-13,2011-11-13,1,3236.0,2011-12-10,1,27,1.0,2394.1,7374.04,17904.57,49668.37,16830944.5,0.5,0.75,1.0,1.0,34.0,15,33,72,179,374
14382.0,2011-11-13,2011-11-13,1,79315.6,2011-12-10,1,27,1.0,2394.1,7374.04,17904.57,49668.37,16830944.5,0.5,0.75,1.0,1.0,34.0,15,33,72,179,374
16720.0,2011-11-13,2011-11-13,1,4191.48,2011-12-10,1,27,1.0,2394.1,7374.04,17904.57,49668.37,16830944.5,0.5,0.75,1.0,1.0,34.0,15,33,72,179,374
16912.0,2011-11-11,2011-01-20,11,24804.47,2011-12-10,11,29,1.0,2394.1,7374.04,17904.57,49668.37,16830944.5,0.5,0.75,1.0,1.0,34.0,15,33,72,179,374
17162.0,2011-11-11,2011-02-07,10,23252.31,2011-12-10,10,29,1.0,2394.1,7374.04,17904.57,49668.37,16830944.5,0.5,0.75,1.0,1.0,34.0,15,33,72,179,374
17512.0,2011-11-11,2011-02-11,10,42574.29,2011-12-10,10,29,1.0,2394.1,7374.04,17904.57,49668.37,16830944.5,0.5,0.75,1.0,1.0,34.0,15,33,72,179,374
15608.0,2011-11-11,2011-08-11,4,23937.6,2011-12-10,4,29,1.0,2394.1,7374.04,17904.57,49668.37,16830944.5,0.5,0.75,1.0,1.0,34.0,15,33,72,179,374
16460.0,2011-11-11,2011-09-19,3,33394.57,2011-12-10,3,29,1.0,2394.1,7374.04,17904.57,49668.37,16830944.5,0.5,0.75,1.0,1.0,34.0,15,33,72,179,374
13810.0,2011-11-11,2011-10-14,2,9734.72,2011-12-10,2,29,1.0,2394.1,7374.04,17904.57,49668.37,16830944.5,0.5,0.75,1.0,1.0,34.0,15,33,72,179,374
14789.0,2011-11-11,2011-11-11,1,1185.84,2011-12-10,1,29,1.0,2394.1,7374.04,17904.57,49668.37,16830944.5,0.5,0.75,1.0,1.0,34.0,15,33,72,179,374
18209.0,2011-11-11,2011-11-11,1,1112.8,2011-12-10,1,29,1.0,2394.1,7374.04,17904.57,49668.37,16830944.5,0.5,0.75,1.0,1.0,34.0,15,33,72,179,374
15557.0,2011-11-11,2011-11-11,1,6307.0,2011-12-10,1,29,1.0,2394.1,7374.04,17904.57,49668.37,16830944.5,0.5,0.75,1.0,1.0,34.0,15,33,72,179,374
16433.0,2011-11-11,2011-11-11,1,3132.42,2011-12-10,1,29,1.0,2394.1,7374.04,17904.57,49668.37,16830944.5,0.5,0.75,1.0,1.0,34.0,15,33,72,179,374
15692.0,2011-11-11,2011-11-11,1,2292.48,2011-12-10,1,29,1.0,2394.1,7374.04,17904.57,49668.37,16830944.5,0.5,0.75,1.0,1.0,34.0,15,33,72,179,374
17052.0,2011-11-11,2011-11-11,1,35217.0,2011-12-10,1,29,1.0,2394.1,7374.04,17904.57,49668.37,16830944.5,0.5,0.75,1.0,1.0,34.0,15,33,72,179,374
18014.0,2011-11-11,2011-11-11,1,5325.44,2011-12-10,1,29,1.0,2394.1,7374.04,17904.57,49668.37,16830944.5,0.5,0.75,1.0,1.0,34.0,15,33,72,179,374
13732.0,2011-11-11,2011-11-11,1,16231.38,2011-12-10,1,29,1.0,2394.1,7374.04,17904.57,49668.37,16830944.5,0.5,0.75,1.0,1.0,34.0,15,33,72,179,374
13091.0,2011-11-11,2011-11-11,1,7262.22,2011-12-10,1,29,1.0,2394.1,7374.04,17904.57,49668.37,16830944.5,0.5,0.75,1.0,1.0,34.0,15,33,72,179,374
17573.0,2011-11-10,2011-09-07,3,4508.38,2011-12-10,3,30,1.0,2394.1,7374.04,17904.57,49668.37,16830944.5,0.5,0.75,1.0,1.0,34.0,15,33,72,179,374
15355.0,2011-11-10,2011-10-17,2,1914.8,2011-12-10,2,30,1.0,2394.1,7374.04,17904.57,49668.37,16830944.5,0.5,0.75,1.0,1.0,34.0,15,33,72,179,374
13460.0,2011-11-10,2011-10-21,2,1637.94,2011-12-10,2,30,1.0,2394.1,7374.04,17904.57,49668.37,16830944.5,0.5,0.75,1.0,1.0,34.0,15,33,72,179,374
17500.0,2011-11-10,2011-11-10,1,66.0,2011-12-10,1,30,1.0,2394.1,7374.04,17904.57,49668.37,16830944.5,0.5,0.75,1.0,1.0,34.0,15,33,72,179,374
17197.0,2011-11-10,2011-11-10,1,11025.21,2011-12-10,1,30,1.0,2394.1,7374.04,17904.57,49668.37,16830944.5,0.5,0.75,1.0,1.0,34.0,15,33,72,179,374
16025.0,2011-11-10,2011-11-10,1,12310.48,2011-12-10,1,30,1.0,2394.1,7374.04,17904.57,49668.37,16830944.5,0.5,0.75,1.0,1.0,34.0,15,33,72,179,374
12659.0,2011-11-10,2011-11-10,1,294.72,2011-12-10,1,30,1.0,2394.1,7374.04,17904.57,49668.37,16830944.5,0.5,0.75,1.0,1.0,34.0,15,33,72,179,374
17791.0,2011-11-10,2011-11-10,1,1061.0,2011-12-10,1,30,1.0,2394.1,7374.04,17904.57,49668.37,16830944.5,0.5,0.75,1.0,1.0,34.0,15,33,72,179,374
15463.0,2011-11-10,2011-11-10,1,882.98,2011-12-10,1,30,1.0,2394.1,7374.04,17904.57,49668.37,16830944.5,0.5,0.75,1.0,1.0,34.0,15,33,72,179,374
17977.0,2011-11-10,2011-11-10,1,3788.41,2011-12-10,1,30,1.0,2394.1,7374.04,17904.57,49668.37,16830944.5,0.5,0.75,1.0,1.0,34.0,15,33,72,179,374
12617.0,2011-11-10,2011-11-10,1,13425.2,2011-12-10,1,30,1.0,2394.1,7374.04,17904.57,49668.37,16830944.5,0.5,0.75,1.0,1.0,34.0,15,33,72,179,374
14863.0,2011-11-10,2011-11-10,1,2934.36,2011-12-10,1,30,1.0,2394.1,7374.04,17904.57,49668.37,16830944.5,0.5,0.75,1.0,1.0,34.0,15,33,72,179,374
16903.0,2011-11-10,2011-11-10,1,20493.72,2011-12-10,1,30,1.0,2394.1,7374.04,17904.57,49668.37,16830944.5,0.5,0.75,1.0,1.0,34.0,15,33,72,179,374
12538.0,2011-11-10,2011-11-10,1,6483.0,2011-12-10,1,30,1.0,2394.1,7374.04,17904.57,49668.37,16830944.5,0.5,0.75,1.0,1.0,34.0,15,33,72,179,374
17901.0,2011-11-10,2011-11-10,1,696.22,2011-12-10,1,30,1.0,2394.1,7374.04,17904.57,49668.37,16830944.5,0.5,0.75,1.0,1.0,34.0,15,33,72,179,374
16767.0,2011-11-09,2011-01-27,11,154723.08,2011-12-10,11,31,1.0,2394.1,7374.04,17904.57,49668.37,16830944.5,0.5,0.75,1.0,1.0,34.0,15,33,72,179,374
15114.0,2011-11-09,2011-02-11,10,61475.12,2011-12-10,10,31,1.0,2394.1,7374.04,17904.57,49668.37,16830944.5,0.5,0.75,1.0,1.0,34.0,15,33,72,179,374
12949.0,2011-11-09,2011-04-01,8,176053.24,2011-12-10,8,31,1.0,2394.1,7374.04,17904.57,49668.37,16830944.5,0.5,0.75,1.0,1.0,34.0,15,33,72,179,374
16751.0,2011-11-09,2011-11-09,1,44118.0,2011-12-10,1,31,1.0,2394.1,7374.04,17904.57,49668.37,16830944.5,0.5,0.75,1.0,1.0,34.0,15,33,72,179,374
12893.0,2011-11-09,2011-11-09,1,6396.76,2011-12-10,1,31,1.0,2394.1,7374.04,17904.57,49668.37,16830944.5,0.5,0.75,1.0,1.0,34.0,15,33,72,179,374
17011.0,2011-11-09,2011-11-09,1,4063.5,2011-12-10,1,31,1.0,2394.1,7374.04,17904.57,49668.37,16830944.5,0.5,0.75,1.0,1.0,34.0,15,33,72,179,374
12532.0,2011-11-09,2011-11-09,1,4707.45,2011-12-10,1,31,1.0,2394.1,7374.04,17904.57,49668.37,16830944.5,0.5,0.75,1.0,1.0,34.0,15,33,72,179,374
17038.0,2011-11-09,2011-11-09,1,2472.8,2011-12-10,1,31,1.0,2394.1,7374.04,17904.57,49668.37,16830944.5,0.5,0.75,1.0,1.0,34.0,15,33,72,179,374
14968.0,2011-11-09,2011-11-09,1,5007.24,2011-12-10,1,31,1.0,2394.1,7374.04,17904.57,49668.37,16830944.5,0.5,0.75,1.0,1.0,34.0,15,33,72,179,374
12504.0,2011-11-09,2011-11-09,1,120.0,2011-12-10,1,31,1.0,2394.1,7374.04,17904.57,49668.37,16830944.5,0.5,0.75,1.0,1.0,34.0,15,33,72,179,374
16516.0,2011-11-09,2011-11-09,1,610.2,2011-12-10,1,31,1.0,2394.1,7374.04,17904.57,49668.37,16830944.5,0.5,0.75,1.0,1.0,34.0,15,33,72,179,374
13522.0,2011-11-09,2011-11-09,1,629.0,2011-12-10,1,31,1.0,2394.1,7374.04,17904.57,49668.37,16830944.5,0.5,0.75,1.0,1.0,34.0,15,33,72,179,374
15986.0,2011-11-09,2011-11-09,1,2353.68,2011-12-10,1,31,1.0,2394.1,7374.04,17904.57,49668.37,16830944.5,0.5,0.75,1.0,1.0,34.0,15,33,72,179,374
13992.0,2011-11-09,2011-11-09,1,384.0,2011-12-10,1,31,1.0,2394.1,7374.04,17904.57,49668.37,16830944.5,0.5,0.75,1.0,1.0,34.0,15,33,72,179,374
16953.0,2011-11-09,2011-11-09,1,20.8,2011-12-10,1,31,1.0,2394.1,7374.04,17904.57,49668.37,16830944.5,0.5,0.75,1.0,1.0,34.0,15,33,72,179,374
18274.0,2011-11-09,2011-11-09,1,1631.7,2011-12-10,1,31,1.0,2394.1,7374.04,17904.57,49668.37,16830944.5,0.5,0.75,1.0,1.0,34.0,15,33,72,179,374
15450.0,2011-11-09,2011-11-09,1,11740.36,2011-12-10,1,31,1.0,2394.1,7374.04,17904.57,49668.37,16830944.5,0.5,0.75,1.0,1.0,34.0,15,33,72,179,374
17633.0,2011-11-08,2011-08-11,4,22652.75,2011-12-10,4,32,1.0,2394.1,7374.04,17904.57,49668.37,16830944.5,0.5,0.75,1.0,1.0,34.0,15,33,72,179,374
16284.0,2011-11-08,2011-10-20,2,44136.39,2011-12-10,2,32,1.0,2394.1,7374.04,17904.57,49668.37,16830944.5,0.5,0.75,1.0,1.0,34.0,15,33,72,179,374
13710.0,2011-11-08,2011-11-08,1,1443.84,2011-12-10,1,32,1.0,2394.1,7374.04,17904.57,49668.37,16830944.5,0.5,0.75,1.0,1.0,34.0,15,33,72,179,374
16732.0,2011-11-08,2011-11-08,1,16905.0,2011-12-10,1,32,1.0,2394.1,7374.04,17904.57,49668.37,16830944.5,0.5,0.75,1.0,1.0,34.0,15,33,72,179,374
17219.0,2011-11-08,2011-11-08,1,2855.75,2011-12-10,1,32,1.0,2394.1,7374.04,17904.57,49668.37,16830944.5,0.5,0.75,1.0,1.0,34.0,15,33,72,179,374
16505.0,2011-11-08,2011-11-08,1,3110.4,2011-12-10,1,32,1.0,2394.1,7374.04,17904.57,49668.37,16830944.5,0.5,0.75,1.0,1.0,34.0,15,33,72,179,374
15957.0,2011-11-08,2011-11-08,1,15961.6,2011-12-10,1,32,1.0,2394.1,7374.04,17904.57,49668.37,16830944.5,0.5,0.75,1.0,1.0,34.0,15,33,72,179,374
15043.0,2011-11-08,2011-11-08,1,1611.0,2011-12-10,1,32,1.0,2394.1,7374.04,17904.57,49668.37,16830944.5,0.5,0.75,1.0,1.0,34.0,15,33,72,179,374
17313.0,2011-11-08,2011-11-08,1,55892.16,2011-12-10,1,32,1.0,2394.1,7374.04,17904.57,49668.37,16830944.5,0.5,0.75,1.0,1.0,34.0,15,33,72,179,374
18216.0,2011-11-08,2011-11-08,1,7924.35,2011-12-10,1,32,1.0,2394.1,7374.04,17904.57,49668.37,16830944.5,0.5,0.75,1.0,1.0,34.0,15,33,72,179,374
17022.0,2011-11-08,2011-11-08,1,497.0,2011-12-10,1,32,1.0,2394.1,7374.04,17904.57,49668.37,16830944.5,0.5,0.75,1.0,1.0,34.0,15,33,72,179,374
15153.0,2011-11-08,2011-11-08,1,5318.1,2011-12-10,1,32,1.0,2394.1,7374.04,17904.57,49668.37,16830944.5,0.5,0.75,1.0,1.0,34.0,15,33,72,179,374
15330.0,2011-11-07,2011-10-10,2,4536.0,2011-12-10,2,33,1.0,2394.1,7374.04,17904.57,49668.37,16830944.5,0.5,0.75,1.0,1.0,34.0,15,33,72,179,374
17761.0,2011-11-07,2011-11-07,1,7646.08,2011-12-10,1,33,1.0,2394.1,7374.04,17904.57,49668.37,16830944.5,0.5,0.75,1.0,1.0,34.0,15,33,72,179,374
15870.0,2011-11-07,2011-11-07,1,25919.25,2011-12-10,1,33,1.0,2394.1,7374.04,17904.57,49668.37,16830944.5,0.5,0.75,1.0,1.0,34.0,15,33,72,179,374
14080.0,2011-11-07,2011-11-07,1,182.4,2011-12-10,1,33,1.0,2394.1,7374.04,17904.57,49668.37,16830944.5,0.5,0.75,1.0,1.0,34.0,15,33,72,179,374
17623.0,2011-11-07,2011-11-07,1,16100.8,2011-12-10,1,33,1.0,2394.1,7374.04,17904.57,49668.37,16830944.5,0.5,0.75,1.0,1.0,34.0,15,33,72,179,374
14073.0,2011-11-07,2011-11-07,1,1963.52,2011-12-10,1,33,1.0,2394.1,7374.04,17904.57,49668.37,16830944.5,0.5,0.75,1.0,1.0,34.0,15,33,72,179,374
14929.0,2011-11-07,2011-11-07,1,1728.8,2011-12-10,1,33,1.0,2394.1,7374.04,17904.57,49668.37,16830944.5,0.5,0.75,1.0,1.0,34.0,15,33,72,179,374
16243.0,2011-11-06,2011-10-16,2,5271.7,2011-12-10,2,34,1.0,2394.1,7374.04,17904.57,49668.37,16830944.5,0.5,0.75,1.0,1.0,34.0,15,33,72,179,374
15017.0,2011-11-06,2011-11-06,1,2196.97,2011-12-10,1,34,1.0,2394.1,7374.04,17904.57,49668.37,16830944.5,0.5,0.75,1.0,1.0,34.0,15,33,72,179,374
13532.0,2011-11-06,2011-11-06,1,13880.46,2011-12-10,1,34,1.0,2394.1,7374.04,17904.57,49668.37,16830944.5,0.5,0.75,1.0,1.0,34.0,15,33,72,179,374
16445.0,2011-11-06,2011-11-06,1,12691.66,2011-12-10,1,34,1.0,2394.1,7374.04,17904.57,49668.37,16830944.5,0.5,0.75,1.0,1.0,34.0,15,33,72,179,374
12638.0,2011-11-06,2011-11-06,1,19444.22,2011-12-10,1,34,1.0,2394.1,7374.04,17904.57,49668.37,16830944.5,0.5,0.75,1.0,1.0,34.0,15,33,72,179,374
14174.0,2011-11-06,2011-11-06,1,3112.75,2011-12-10,1,34,1.0,2394.1,7374.04,17904.57,49668.37,16830944.5,0.5,0.75,1.0,1.0,34.0,15,33,72,179,374
14039.0,2011-11-06,2011-11-06,1,913.2,2011-12-10,1,34,1.0,2394.1,7374.04,17904.57,49668.37,16830944.5,0.5,0.75,1.0,1.0,34.0,15,33,72,179,374
15526.0,2011-11-06,2011-11-06,1,18.28,2011-12-10,1,34,1.0,2394.1,7374.04,17904.57,49668.37,16830944.5,0.5,0.75,1.0,1.0,34.0,15,33,72,179,374
17831.0,2011-11-06,2011-11-06,1,70.8,2011-12-10,1,34,1.0,2394.1,7374.04,17904.57,49668.37,16830944.5,0.5,0.75,1.0,1.0,34.0,15,33,72,179,374
15025.0,2011-11-06,2011-11-06,1,25919.26,2011-12-10,1,34,1.0,2394.1,7374.04,17904.57,49668.37,16830944.5,0.5,0.75,1.0,1.0,34.0,15,33,72,179,374
12357.0,2011-11-06,2011-11-06,1,619078.59,2011-12-10,1,34,1.0,2394.1,7374.04,17904.57,49668.37,16830944.5,0.5,0.75,1.0,1.0,34.0,15,33,72,179,374
15010.0,2011-11-04,2011-11-04,1,5627.61,2011-12-10,1,36,1.0,2394.1,7374.04,17904.57,49668.37,16830944.5,0.5,0.75,1.0,1.0,34.0,15,33,72,179,374
18022.0,2011-11-04,2011-11-04,1,120726.08,2011-12-10,1,36,1.0,2394.1,7374.04,17904.57,49668.37,16830944.5,0.5,0.75,1.0,1.0,34.0,15,33,72,179,374
16318.0,2011-11-04,2011-11-04,1,6234.85,2011-12-10,1,36,1.0,2394.1,7374.04,17904.57,49668.37,16830944.5,0.5,0.75,1.0,1.0,34.0,15,33,72,179,374
17274.0,2011-11-04,2011-11-04,1,3023.46,2011-12-10,1,36,1.0,2394.1,7374.04,17904.57,49668.37,16830944.5,0.5,0.75,1.0,1.0,34.0,15,33,72,179,374
15597.0,2011-11-04,2011-11-04,1,7140.54,2011-12-10,1,36,1.0,2394.1,7374.04,17904.57,49668.37,16830944.5,0.5,0.75,1.0,1.0,34.0,15,33,72,179,374
17233.0,2011-11-04,2011-11-04,1,3981.12,2011-12-10,1,36,1.0,2394.1,7374.04,17904.57,49668.37,16830944.5,0.5,0.75,1.0,1.0,34.0,15,33,72,179,374
16887.0,2011-11-04,2011-11-04,1,7210.56,2011-12-10,1,36,1.0,2394.1,7374.04,17904.57,49668.37,16830944.5,0.5,0.75,1.0,1.0,34.0,15,33,72,179,374
13938.0,2011-11-04,2011-11-04,1,501.62,2011-12-10,1,36,1.0,2394.1,7374.04,17904.57,49668.37,16830944.5,0.5,0.75,1.0,1.0,34.0,15,33,72,179,374
17653.0,2011-11-03,2011-08-11,4,15003.5,2011-12-10,4,37,1.0,2394.1,7374.04,17904.57,49668.37,16830944.5,0.5,0.75,1.0,1.0,34.0,15,33,72,179,374
14815.0,2011-11-03,2011-10-03,2,24688.5,2011-12-10,2,37,1.0,2394.1,7374.04,17904.57,49668.37,16830944.5,0.5,0.75,1.0,1.0,34.0,15,33,72,179,374
15612.0,2011-11-03,2011-10-09,2,429.95,2011-12-10,2,37,1.0,2394.1,7374.04,17904.57,49668.37,16830944.5,0.5,0.75,1.0,1.0,34.0,15,33,72,179,374
16337.0,2011-11-03,2011-11-03,1,1198.35,2011-12-10,1,37,1.0,2394.1,7374.04,17904.57,49668.37,16830944.5,0.5,0.75,1.0,1.0,34.0,15,33,72,179,374
14098.0,2011-11-03,2011-11-03,1,3094.35,2011-12-10,1,37,1.0,2394.1,7374.04,17904.57,49668.37,16830944.5,0.5,0.75,1.0,1.0,34.0,15,33,72,179,374
15551.0,2011-11-03,2011-11-03,1,7838.64,2011-12-10,1,37,1.0,2394.1,7374.04,17904.57,49668.37,16830944.5,0.5,0.75,1.0,1.0,34.0,15,33,72,179,374
13721.0,2011-11-03,2011-11-03,1,13590.18,2011-12-10,1,37,1.0,2394.1,7374.04,17904.57,49668.37,16830944.5,0.5,0.75,1.0,1.0,34.0,15,33,72,179,374
17403.0,2011-11-03,2011-11-03,1,8693.44,2011-12-10,1,37,1.0,2394.1,7374.04,17904.57,49668.37,16830944.5,0.5,0.75,1.0,1.0,34.0,15,33,72,179,374
16914.0,2011-11-03,2011-11-03,1,6251.35,2011-12-10,1,37,1.0,2394.1,7374.04,17904.57,49668.37,16830944.5,0.5,0.75,1.0,1.0,34.0,15,33,72,179,374
16602.0,2011-11-03,2011-11-03,1,14311.64,2011-12-10,1,37,1.0,2394.1,7374.04,17904.57,49668.37,16830944.5,0.5,0.75,1.0,1.0,34.0,15,33,72,179,374
12544.0,2011-11-03,2011-11-03,1,5700.6,2011-12-10,1,37,1.0,2394.1,7374.04,17904.57,49668.37,16830944.5,0.5,0.75,1.0,1.0,34.0,15,33,72,179,374
12830.0,2011-11-02,2011-06-21,6,60575.92,2011-12-10,6,38,1.0,2394.1,7374.04,17904.57,49668.37,16830944.5,0.5,0.75,1.0,1.0,34.0,15,33,72,179,374
16747.0,2011-11-02,2011-10-03,2,16885.94,2011-12-10,2,38,1.0,2394.1,7374.04,17904.57,49668.37,16830944.5,0.5,0.75,1.0,1.0,34.0,15,33,72,179,374
15830.0,2011-11-02,2011-11-02,1,20054.0,2011-12-10,1,38,1.0,2394.1,7374.04,17904.57,49668.37,16830944.5,0.5,0.75,1.0,1.0,34.0,15,33,72,179,374
15275.0,2011-11-02,2011-11-02,1,19706.04,2011-12-10,1,38,1.0,2394.1,7374.04,17904.57,49668.37,16830944.5,0.5,0.75,1.0,1.0,34.0,15,33,72,179,374
15576.0,2011-11-02,2011-11-02,1,33168.33,2011-12-10,1,38,1.0,2394.1,7374.04,17904.57,49668.37,16830944.5,0.5,0.75,1.0,1.0,34.0,15,33,72,179,374
18105.0,2011-11-02,2011-11-02,1,1760.01,2011-12-10,1,38,1.0,2394.1,7374.04,17904.57,49668.37,16830944.5,0.5,0.75,1.0,1.0,34.0,15,33,72,179,374
18164.0,2011-11-02,2011-11-02,1,8898.7,2011-12-10,1,38,1.0,2394.1,7374.04,17904.57,49668.37,16830944.5,0.5,0.75,1.0,1.0,34.0,15,33,72,179,374
14974.0,2011-11-02,2011-11-02,1,1795.31,2011-12-10,1,38,1.0,2394.1,7374.04,17904.57,49668.37,16830944.5,0.5,0.75,1.0,1.0,34.0,15,33,72,179,374
17947.0,2011-11-02,2011-11-02,1,1590.12,2011-12-10,1,38,1.0,2394.1,7374.04,17904.57,49668.37,16830944.5,0.5,0.75,1.0,1.0,34.0,15,33,72,179,374
18104.0,2011-11-02,2011-11-02,1,28676.32,2011-12-10,1,38,1.0,2394.1,7374.04,17904.57,49668.37,16830944.5,0.5,0.75,1.0,1.0,34.0,15,33,72,179,374
13271.0,2011-11-02,2011-11-02,1,20868.48,2011-12-10,1,38,1.0,2394.1,7374.04,17904.57,49668.37,16830944.5,0.5,0.75,1.0,1.0,34.0,15,33,72,179,374
14528.0,2011-11-02,2011-11-02,1,5902.74,2011-12-10,1,38,1.0,2394.1,7374.04,17904.57,49668.37,16830944.5,0.5,0.75,1.0,1.0,34.0,15,33,72,179,374
13697.0,2011-11-01,2011-11-01,1,1815.6,2011-12-10,1,39,1.0,2394.1,7374.04,17904.57,49668.37,16830944.5,0.5,0.75,1.0,1.0,34.0,15,33,72,179,374
14345.0,2011-11-01,2011-11-01,1,653.88,2011-12-10,1,39,1.0,2394.1,7374.04,17904.57,49668.37,16830944.5,0.5,0.75,1.0,1.0,34.0,15,33,72,179,374
16830.0,2011-11-01,2011-11-01,1,7495.93,2011-12-10,1,39,1.0,2394.1,7374.04,17904.57,49668.37,16830944.5,0.5,0.75,1.0,1.0,34.0,15,33,72,179,374
12491.0,2011-11-01,2011-11-01,1,9541.2,2011-12-10,1,39,1.0,2394.1,7374.04,17904.57,49668.37,16830944.5,0.5,0.75,1.0,1.0,34.0,15,33,72,179,374
14485.0,2011-11-01,2011-11-01,1,6628.5,2011-12-10,1,39,1.0,2394.1,7374.04,17904.57,49668.37,16830944.5,0.5,0.75,1.0,1.0,34.0,15,33,72,179,374
15423.0,2011-11-01,2011-11-01,1,87.0,2011-12-10,1,39,1.0,2394.1,7374.04,17904.57,49668.37,16830944.5,0.5,0.75,1.0,1.0,34.0,15,33,72,179,374
16971.0,2011-11-01,2011-11-01,1,3858.26,2011-12-10,1,39,1.0,2394.1,7374.04,17904.57,49668.37,16830944.5,0.5,0.75,1.0,1.0,34.0,15,33,72,179,374
13813.0,2011-10-31,2011-07-28,4,17478.02,2011-12-10,4,40,1.0,2394.1,7374.04,17904.57,49668.37,16830944.5,0.5,0.75,1.0,1.0,34.0,15,33,72,179,374
13186.0,2011-10-31,2011-08-03,3,57065.9,2011-12-10,3,40,1.0,2394.1,7374.04,17904.57,49668.37,16830944.5,0.5,0.75,1.0,1.0,34.0,15,33,72,179,374
13145.0,2011-10-31,2011-08-04,3,495.36,2011-12-10,3,40,1.0,2394.1,7374.04,17904.57,49668.37,16830944.5,0.5,0.75,1.0,1.0,34.0,15,33,72,179,374
12581.0,2011-10-31,2011-10-31,1,2206.88,2011-12-10,1,40,1.0,2394.1,7374.04,17904.57,49668.37,16830944.5,0.5,0.75,1.0,1.0,34.0,15,33,72,179,374
15360.0,2011-10-31,2011-10-31,1,5563.09,2011-12-10,1,40,1.0,2394.1,7374.04,17904.57,49668.37,16830944.5,0.5,0.75,1.0,1.0,34.0,15,33,72,179,374
13103.0,2011-10-31,2011-10-31,1,851.64,2011-12-10,1,40,1.0,2394.1,7374.04,17904.57,49668.37,16830944.5,0.5,0.75,1.0,1.0,34.0,15,33,72,179,374
15667.0,2011-10-31,2011-10-31,1,3917.16,2011-12-10,1,40,1.0,2394.1,7374.04,17904.57,49668.37,16830944.5,0.5,0.75,1.0,1.0,34.0,15,33,72,179,374
13651.0,2011-10-31,2011-10-31,1,396.0,2011-12-10,1,40,1.0,2394.1,7374.04,17904.57,49668.37,16830944.5,0.5,0.75,1.0,1.0,34.0,15,33,72,179,374
12552.0,2011-10-31,2011-10-31,1,2364.67,2011-12-10,1,40,1.0,2394.1,7374.04,17904.57,49668.37,16830944.5,0.5,0.75,1.0,1.0,34.0,15,33,72,179,374
16127.0,2011-10-31,2011-10-31,1,26250.0,2011-12-10,1,40,1.0,2394.1,7374.04,17904.57,49668.37,16830944.5,0.5,0.75,1.0,1.0,34.0,15,33,72,179,374
12588.0,2011-10-31,2011-10-31,1,398.25,2011-12-10,1,40,1.0,2394.1,7374.04,17904.57,49668.37,16830944.5,0.5,0.75,1.0,1.0,34.0,15,33,72,179,374
14810.0,2011-10-30,2010-12-05,11,49818.83,2011-12-10,11,41,1.0,2394.1,7374.04,17904.57,49668.37,16830944.5,0.5,0.75,1.0,1.0,34.0,15,33,72,179,374
13566.0,2011-10-30,2011-09-18,2,82666.15,2011-12-10,2,41,1.0,2394.1,7374.04,17904.57,49668.37,16830944.5,0.5,0.75,1.0,1.0,34.0,15,33,72,179,374
17447.0,2011-10-30,2011-09-29,2,11781.84,2011-12-10,2,41,1.0,2394.1,7374.04,17904.57,49668.37,16830944.5,0.5,0.75,1.0,1.0,34.0,15,33,72,179,374
16601.0,2011-10-30,2011-10-30,1,4957.4,2011-12-10,1,41,1.0,2394.1,7374.04,17904.57,49668.37,16830944.5,0.5,0.75,1.0,1.0,34.0,15,33,72,179,374
13278.0,2011-10-30,2011-10-30,1,23750.1,2011-12-10,1,41,1.0,2394.1,7374.04,17904.57,49668.37,16830944.5,0.5,0.75,1.0,1.0,34.0,15,33,72,179,374
14582.0,2011-10-30,2011-10-30,1,471.05,2011-12-10,1,41,1.0,2394.1,7374.04,17904.57,49668.37,16830944.5,0.5,0.75,1.0,1.0,34.0,15,33,72,179,374
15748.0,2011-10-30,2011-10-30,1,2787.2,2011-12-10,1,41,1.0,2394.1,7374.04,17904.57,49668.37,16830944.5,0.5,0.75,1.0,1.0,34.0,15,33,72,179,374
14158.0,2011-10-30,2011-10-30,1,16486.68,2011-12-10,1,41,1.0,2394.1,7374.04,17904.57,49668.37,16830944.5,0.5,0.75,1.0,1.0,34.0,15,33,72,179,374
15385.0,2011-10-30,2011-10-30,1,3802.56,2011-12-10,1,41,1.0,2394.1,7374.04,17904.57,49668.37,16830944.5,0.5,0.75,1.0,1.0,34.0,15,33,72,179,374
14295.0,2011-10-30,2011-10-30,1,831.0,2011-12-10,1,41,1.0,2394.1,7374.04,17904.57,49668.37,16830944.5,0.5,0.75,1.0,1.0,34.0,15,33,72,179,374
18067.0,2011-10-30,2011-10-30,1,11166.05,2011-12-10,1,41,1.0,2394.1,7374.04,17904.57,49668.37,16830944.5,0.5,0.75,1.0,1.0,34.0,15,33,72,179,374
16190.0,2011-10-30,2011-10-30,1,626.15,2011-12-10,1,41,1.0,2394.1,7374.04,17904.57,49668.37,16830944.5,0.5,0.75,1.0,1.0,34.0,15,33,72,179,374
13607.0,2011-10-30,2011-10-30,1,57702.84,2011-12-10,1,41,1.0,2394.1,7374.04,17904.57,49668.37,16830944.5,0.5,0.75,1.0,1.0,34.0,15,33,72,179,374
17669.0,2011-10-28,2011-04-04,7,35717.12,2011-12-10,7,43,1.0,2394.1,7374.04,17904.57,49668.37,16830944.5,0.5,0.75,1.0,1.0,34.0,15,33,72,179,374
16102.0,2011-10-28,2011-08-03,3,33558.68,2011-12-10,3,43,1.0,2394.1,7374.04,17904.57,49668.37,16830944.5,0.5,0.75,1.0,1.0,34.0,15,33,72,179,374
13812.0,2011-10-28,2011-08-26,3,6319.5,2011-12-10,3,43,1.0,2394.1,7374.04,17904.57,49668.37,16830944.5,0.5,0.75,1.0,1.0,34.0,15,33,72,179,374
12895.0,2011-10-28,2011-09-14,2,3850.7,2011-12-10,2,43,1.0,2394.1,7374.04,17904.57,49668.37,16830944.5,0.5,0.75,1.0,1.0,34.0,15,33,72,179,374
14412.0,2011-10-28,2011-09-28,2,15555.96,2011-12-10,2,43,1.0,2394.1,7374.04,17904.57,49668.37,16830944.5,0.5,0.75,1.0,1.0,34.0,15,33,72,179,374
16648.0,2011-10-28,2011-10-28,1,5522.54,2011-12-10,1,43,1.0,2394.1,7374.04,17904.57,49668.37,16830944.5,0.5,0.75,1.0,1.0,34.0,15,33,72,179,374
14218.0,2011-10-28,2011-10-28,1,2033.76,2011-12-10,1,43,1.0,2394.1,7374.04,17904.57,49668.37,16830944.5,0.5,0.75,1.0,1.0,34.0,15,33,72,179,374
15096.0,2011-10-28,2011-10-28,1,2068.9,2011-12-10,1,43,1.0,2394.1,7374.04,17904.57,49668.37,16830944.5,0.5,0.75,1.0,1.0,34.0,15,33,72,179,374
17839.0,2011-10-28,2011-10-28,1,18972.8,2011-12-10,1,43,1.0,2394.1,7374.04,17904.57,49668.37,16830944.5,0.5,0.75,1.0,1.0,34.0,15,33,72,179,374
18261.0,2011-10-27,2011-09-05,2,3604.54,2011-12-10,2,44,1.0,2394.1,7374.04,17904.57,49668.37,16830944.5,0.5,0.75,1.0,1.0,34.0,15,33,72,179,374
13416.0,2011-10-27,2011-09-19,2,4208.5,2011-12-10,2,44,1.0,2394.1,7374.04,17904.57,49668.37,16830944.5,0.5,0.75,1.0,1.0,34.0,15,33,72,179,374
15659.0,2011-10-27,2011-10-27,1,3370.95,2011-12-10,1,44,1.0,2394.1,7374.04,17904.57,49668.37,16830944.5,0.5,0.75,1.0,1.0,34.0,15,33,72,179,374
18276.0,2011-10-27,2011-10-27,1,4702.04,2011-12-10,1,44,1.0,2394.1,7374.04,17904.57,49668.37,16830944.5,0.5,0.75,1.0,1.0,34.0,15,33,72,179,374
17684.0,2011-10-27,2011-10-27,1,3045.14,2011-12-10,1,44,1.0,2394.1,7374.04,17904.57,49668.37,16830944.5,0.5,0.75,1.0,1.0,34.0,15,33,72,179,374
17878.0,2011-10-27,2011-10-27,1,8629.2,2011-12-10,1,44,1.0,2394.1,7374.04,17904.57,49668.37,16830944.5,0.5,0.75,1.0,1.0,34.0,15,33,72,179,374
14752.0,2011-10-27,2011-10-27,1,1948.2,2011-12-10,1,44,1.0,2394.1,7374.04,17904.57,49668.37,16830944.5,0.5,0.75,1.0,1.0,34.0,15,33,72,179,374
16847.0,2011-10-27,2011-10-27,1,2321.28,2011-12-10,1,44,1.0,2394.1,7374.04,17904.57,49668.37,16830944.5,0.5,0.75,1.0,1.0,34.0,15,33,72,179,374
16026.0,2011-10-27,2011-10-27,1,7554.88,2011-12-10,1,44,1.0,2394.1,7374.04,17904.57,49668.37,16830944.5,0.5,0.75,1.0,1.0,34.0,15,33,72,179,374
12430.0,2011-10-27,2011-10-27,1,1517.4,2011-12-10,1,44,1.0,2394.1,7374.04,17904.57,49668.37,16830944.5,0.5,0.75,1.0,1.0,34.0,15,33,72,179,374
14357.0,2011-10-27,2011-10-27,1,8632.8,2011-12-10,1,44,1.0,2394.1,7374.04,17904.57,49668.37,16830944.5,0.5,0.75,1.0,1.0,34.0,15,33,72,179,374
16680.0,2011-10-27,2011-10-27,1,1197.6,2011-12-10,1,44,1.0,2394.1,7374.04,17904.57,49668.37,16830944.5,0.5,0.75,1.0,1.0,34.0,15,33,72,179,374
12812.0,2011-10-26,2011-10-26,1,3444.6,2011-12-10,1,45,1.0,2394.1,7374.04,17904.57,49668.37,16830944.5,0.5,0.75,1.0,1.0,34.0,15,33,72,179,374
16071.0,2011-10-26,2011-10-26,1,5686.51,2011-12-10,1,45,1.0,2394.1,7374.04,17904.57,49668.37,16830944.5,0.5,0.75,1.0,1.0,34.0,15,33,72,179,374
17712.0,2011-10-26,2011-10-26,1,10483.46,2011-12-10,1,45,1.0,2394.1,7374.04,17904.57,49668.37,16830944.5,0.5,0.75,1.0,1.0,34.0,15,33,72,179,374
14598.0,2011-10-26,2011-10-26,1,11098.5,2011-12-10,1,45,1.0,2394.1,7374.04,17904.57,49668.37,16830944.5,0.5,0.75,1.0,1.0,34.0,15,33,72,179,374
15320.0,2011-10-26,2011-10-26,1,9052.05,2011-12-10,1,45,1.0,2394.1,7374.04,17904.57,49668.37,16830944.5,0.5,0.75,1.0,1.0,34.0,15,33,72,179,374
16415.0,2011-10-26,2011-10-26,1,10621.2,2011-12-10,1,45,1.0,2394.1,7374.04,17904.57,49668.37,16830944.5,0.5,0.75,1.0,1.0,34.0,15,33,72,179,374
12448.0,2011-10-26,2011-10-26,1,6009.0,2011-12-10,1,45,1.0,2394.1,7374.04,17904.57,49668.37,16830944.5,0.5,0.75,1.0,1.0,34.0,15,33,72,179,374
16345.0,2011-10-26,2011-10-26,1,14620.34,2011-12-10,1,45,1.0,2394.1,7374.04,17904.57,49668.37,16830944.5,0.5,0.75,1.0,1.0,34.0,15,33,72,179,374
17895.0,2011-10-26,2011-10-26,1,1568.0,2011-12-10,1,45,1.0,2394.1,7374.04,17904.57,49668.37,16830944.5,0.5,0.75,1.0,1.0,34.0,15,33,72,179,374
12398.0,2011-10-25,2011-10-25,1,120595.44,2011-12-10,1,46,1.0,2394.1,7374.04,17904.57,49668.37,16830944.5,0.5,0.75,1.0,1.0,34.0,15,33,72,179,374
15345.0,2011-10-25,2011-10-25,1,2995.07,2011-12-10,1,46,1.0,2394.1,7374.04,17904.57,49668.37,16830944.5,0.5,0.75,1.0,1.0,34.0,15,33,72,179,374
16708.0,2011-10-25,2011-10-25,1,15070.75,2011-12-10,1,46,1.0,2394.1,7374.04,17904.57,49668.37,16830944.5,0.5,0.75,1.0,1.0,34.0,15,33,72,179,374
18045.0,2011-10-25,2011-10-25,1,8321.4,2011-12-10,1,46,1.0,2394.1,7374.04,17904.57,49668.37,16830944.5,0.5,0.75,1.0,1.0,34.0,15,33,72,179,374
13182.0,2011-10-25,2011-10-25,1,1332.98,2011-12-10,1,46,1.0,2394.1,7374.04,17904.57,49668.37,16830944.5,0.5,0.75,1.0,1.0,34.0,15,33,72,179,374
15158.0,2011-10-25,2011-10-25,1,2809.8,2011-12-10,1,46,1.0,2394.1,7374.04,17904.57,49668.37,16830944.5,0.5,0.75,1.0,1.0,34.0,15,33,72,179,374
16056.0,2011-10-25,2011-10-25,1,32343.0,2011-12-10,1,46,1.0,2394.1,7374.04,17904.57,49668.37,16830944.5,0.5,0.75,1.0,1.0,34.0,15,33,72,179,374
15786.0,2011-10-24,2011-08-17,3,575824.84,2011-12-10,3,47,1.0,2394.1,7374.04,17904.57,49668.37,16830944.5,0.5,0.75,1.0,1.0,34.0,15,33,72,179,374
15801.0,2011-10-24,2011-08-22,3,41269.02,2011-12-10,3,47,1.0,2394.1,7374.04,17904.57,49668.37,16830944.5,0.5,0.75,1.0,1.0,34.0,15,33,72,179,374
17004.0,2011-10-24,2011-09-08,2,31702.0,2011-12-10,2,47,1.0,2394.1,7374.04,17904.57,49668.37,16830944.5,0.5,0.75,1.0,1.0,34.0,15,33,72,179,374
12546.0,2011-10-24,2011-09-23,2,35990.8,2011-12-10,2,47,1.0,2394.1,7374.04,17904.57,49668.37,16830944.5,0.5,0.75,1.0,1.0,34.0,15,33,72,179,374
15592.0,2011-10-24,2011-10-24,1,9325.92,2011-12-10,1,47,1.0,2394.1,7374.04,17904.57,49668.37,16830944.5,0.5,0.75,1.0,1.0,34.0,15,33,72,179,374
15277.0,2011-10-24,2011-10-24,1,3070.8,2011-12-10,1,47,1.0,2394.1,7374.04,17904.57,49668.37,16830944.5,0.5,0.75,1.0,1.0,34.0,15,33,72,179,374
16491.0,2011-10-24,2011-10-24,1,25980.6,2011-12-10,1,47,1.0,2394.1,7374.04,17904.57,49668.37,16830944.5,0.5,0.75,1.0,1.0,34.0,15,33,72,179,374
14764.0,2011-10-24,2011-10-24,1,1669.8,2011-12-10,1,47,1.0,2394.1,7374.04,17904.57,49668.37,16830944.5,0.5,0.75,1.0,1.0,34.0,15,33,72,179,374
15142.0,2011-10-24,2011-10-24,1,12967.24,2011-12-10,1,47,1.0,2394.1,7374.04,17904.57,49668.37,16830944.5,0.5,0.75,1.0,1.0,34.0,15,33,72,179,374
17344.0,2011-10-24,2011-10-24,1,4202.67,2011-12-10,1,47,1.0,2394.1,7374.04,17904.57,49668.37,16830944.5,0.5,0.75,1.0,1.0,34.0,15,33,72,179,374
18240.0,2011-10-24,2011-10-24,1,2535.48,2011-12-10,1,47,1.0,2394.1,7374.04,17904.57,49668.37,16830944.5,0.5,0.75,1.0,1.0,34.0,15,33,72,179,374
14474.0,2011-10-24,2011-10-24,1,8532.92,2011-12-10,1,47,1.0,2394.1,7374.04,17904.57,49668.37,16830944.5,0.5,0.75,1.0,1.0,34.0,15,33,72,179,374
14139.0,2011-10-24,2011-10-24,1,9798.0,2011-12-10,1,47,1.0,2394.1,7374.04,17904.57,49668.37,16830944.5,0.5,0.75,1.0,1.0,34.0,15,33,72,179,374
15844.0,2011-10-24,2011-10-24,1,1088.4,2011-12-10,1,47,1.0,2394.1,7374.04,17904.57,49668.37,16830944.5,0.5,0.75,1.0,1.0,34.0,15,33,72,179,374
13176.0,2011-10-24,2011-10-24,1,31118.31,2011-12-10,1,47,1.0,2394.1,7374.04,17904.57,49668.37,16830944.5,0.5,0.75,1.0,1.0,34.0,15,33,72,179,374
15000.0,2011-10-23,2011-10-23,1,37770.04,2011-12-10,1,48,1.0,2394.1,7374.04,17904.57,49668.37,16830944.5,0.5,0.75,1.0,1.0,34.0,15,33,72,179,374
16017.0,2011-10-23,2011-10-23,1,5160.9,2011-12-10,1,48,1.0,2394.1,7374.04,17904.57,49668.37,16830944.5,0.5,0.75,1.0,1.0,34.0,15,33,72,179,374
13598.0,2011-10-23,2011-10-23,1,5392.96,2011-12-10,1,48,1.0,2394.1,7374.04,17904.57,49668.37,16830944.5,0.5,0.75,1.0,1.0,34.0,15,33,72,179,374
17111.0,2011-10-23,2011-10-23,1,6963.19,2011-12-10,1,48,1.0,2394.1,7374.04,17904.57,49668.37,16830944.5,0.5,0.75,1.0,1.0,34.0,15,33,72,179,374
17836.0,2011-10-23,2011-10-23,1,2645.04,2011-12-10,1,48,1.0,2394.1,7374.04,17904.57,49668.37,16830944.5,0.5,0.75,1.0,1.0,34.0,15,33,72,179,374
17940.0,2011-10-21,2011-02-10,9,7444.18,2011-12-10,9,50,1.0,2394.1,7374.04,17904.57,49668.37,16830944.5,0.5,0.75,1.0,1.0,34.0,15,33,72,179,374
12403.0,2011-10-21,2011-10-21,1,1566.8,2011-12-10,1,50,1.0,2394.1,7374.04,17904.57,49668.37,16830944.5,0.5,0.75,1.0,1.0,34.0,15,33,72,179,374
14967.0,2011-10-21,2011-10-21,1,2782.8,2011-12-10,1,50,1.0,2394.1,7374.04,17904.57,49668.37,16830944.5,0.5,0.75,1.0,1.0,34.0,15,33,72,179,374
15286.0,2011-10-21,2011-10-21,1,721.65,2011-12-10,1,50,1.0,2394.1,7374.04,17904.57,49668.37,16830944.5,0.5,0.75,1.0,1.0,34.0,15,33,72,179,374
17832.0,2011-10-21,2011-10-21,1,9477.57,2011-12-10,1,50,1.0,2394.1,7374.04,17904.57,49668.37,16830944.5,0.5,0.75,1.0,1.0,34.0,15,33,72,179,374
15740.0,2011-10-21,2011-10-21,1,1393.92,2011-12-10,1,50,1.0,2394.1,7374.04,17904.57,49668.37,16830944.5,0.5,0.75,1.0,1.0,34.0,15,33,72,179,374
13974.0,2011-10-21,2011-10-21,1,11580.52,2011-12-10,1,50,1.0,2394.1,7374.04,17904.57,49668.37,16830944.5,0.5,0.75,1.0,1.0,34.0,15,33,72,179,374
15677.0,2011-10-21,2011-10-21,1,18520.33,2011-12-10,1,50,1.0,2394.1,7374.04,17904.57,49668.37,16830944.5,0.5,0.75,1.0,1.0,34.0,15,33,72,179,374
14261.0,2011-10-20,2011-09-22,2,27919.4,2011-12-10,2,51,1.0,2394.1,7374.04,17904.57,49668.37,16830944.5,0.5,0.75,1.0,1.0,34.0,15,33,72,179,374
15565.0,2011-10-20,2011-09-30,2,692.64,2011-12-10,2,51,1.0,2394.1,7374.04,17904.57,49668.37,16830944.5,0.5,0.75,1.0,1.0,34.0,15,33,72,179,374
16260.0,2011-10-20,2011-10-20,1,12156.75,2011-12-10,1,51,1.0,2394.1,7374.04,17904.57,49668.37,16830944.5,0.5,0.75,1.0,1.0,34.0,15,33,72,179,374
14638.0,2011-10-20,2011-10-20,1,5622.4,2011-12-10,1,51,1.0,2394.1,7374.04,17904.57,49668.37,16830944.5,0.5,0.75,1.0,1.0,34.0,15,33,72,179,374
17354.0,2011-10-20,2011-10-20,1,22288.96,2011-12-10,1,51,1.0,2394.1,7374.04,17904.57,49668.37,16830944.5,0.5,0.75,1.0,1.0,34.0,15,33,72,179,374
15664.0,2011-10-20,2011-10-20,1,4671.45,2011-12-10,1,51,1.0,2394.1,7374.04,17904.57,49668.37,16830944.5,0.5,0.75,1.0,1.0,34.0,15,33,72,179,374
13245.0,2011-10-20,2011-10-20,1,2858.35,2011-12-10,1,51,1.0,2394.1,7374.04,17904.57,49668.37,16830944.5,0.5,0.75,1.0,1.0,34.0,15,33,72,179,374
14923.0,2011-10-20,2011-10-20,1,26227.5,2011-12-10,1,51,1.0,2394.1,7374.04,17904.57,49668.37,16830944.5,0.5,0.75,1.0,1.0,34.0,15,33,72,179,374
16177.0,2011-10-20,2011-10-20,1,2318.25,2011-12-10,1,51,1.0,2394.1,7374.04,17904.57,49668.37,16830944.5,0.5,0.75,1.0,1.0,34.0,15,33,72,179,374
13366.0,2011-10-20,2011-10-20,1,56.16,2011-12-10,1,51,1.0,2394.1,7374.04,17904.57,49668.37,16830944.5,0.5,0.75,1.0,1.0,34.0,15,33,72,179,374
16846.0,2011-10-20,2011-10-20,1,2357.52,2011-12-10,1,51,1.0,2394.1,7374.04,17904.57,49668.37,16830944.5,0.5,0.75,1.0,1.0,34.0,15,33,72,179,374
14484.0,2011-10-20,2011-10-20,1,4506.88,2011-12-10,1,51,1.0,2394.1,7374.04,17904.57,49668.37,16830944.5,0.5,0.75,1.0,1.0,34.0,15,33,72,179,374
13897.0,2011-10-20,2011-10-20,1,5289.72,2011-12-10,1,51,1.0,2394.1,7374.04,17904.57,49668.37,16830944.5,0.5,0.75,1.0,1.0,34.0,15,33,72,179,374
14585.0,2011-10-20,2011-10-20,1,4159.4,2011-12-10,1,51,1.0,2394.1,7374.04,17904.57,49668.37,16830944.5,0.5,0.75,1.0,1.0,34.0,15,33,72,179,374
17125.0,2011-10-20,2011-10-20,1,6961.5,2011-12-10,1,51,1.0,2394.1,7374.04,17904.57,49668.37,16830944.5,0.5,0.75,1.0,1.0,34.0,15,33,72,179,374
15836.0,2011-10-20,2011-10-20,1,199.88,2011-12-10,1,51,1.0,2394.1,7374.04,17904.57,49668.37,16830944.5,0.5,0.75,1.0,1.0,34.0,15,33,72,179,374
14306.0,2011-10-19,2011-09-15,2,38914.64,2011-12-10,2,52,1.0,2394.1,7374.04,17904.57,49668.37,16830944.5,0.5,0.75,1.0,1.0,34.0,15,33,72,179,374
16123.0,2011-10-19,2011-10-19,1,4318.2,2011-12-10,1,52,1.0,2394.1,7374.04,17904.57,49668.37,16830944.5,0.5,0.75,1.0,1.0,34.0,15,33,72,179,374
17148.0,2011-10-19,2011-10-19,1,1123.92,2011-12-10,1,52,1.0,2394.1,7374.04,17904.57,49668.37,16830944.5,0.5,0.75,1.0,1.0,34.0,15,33,72,179,374
17973.0,2011-10-19,2011-10-19,1,5055.6,2011-12-10,1,52,1.0,2394.1,7374.04,17904.57,49668.37,16830944.5,0.5,0.75,1.0,1.0,34.0,15,33,72,179,374
15610.0,2011-10-19,2011-10-19,1,674.76,2011-12-10,1,52,1.0,2394.1,7374.04,17904.57,49668.37,16830944.5,0.5,0.75,1.0,1.0,34.0,15,33,72,179,374
15853.0,2011-10-19,2011-10-19,1,3324.0,2011-12-10,1,52,1.0,2394.1,7374.04,17904.57,49668.37,16830944.5,0.5,0.75,1.0,1.0,34.0,15,33,72,179,374
18019.0,2011-10-19,2011-10-19,1,114.0,2011-12-10,1,52,1.0,2394.1,7374.04,17904.57,49668.37,16830944.5,0.5,0.75,1.0,1.0,34.0,15,33,72,179,374
15468.0,2011-10-19,2011-10-19,1,9389.82,2011-12-10,1,52,1.0,2394.1,7374.04,17904.57,49668.37,16830944.5,0.5,0.75,1.0,1.0,34.0,15,33,72,179,374
16826.0,2011-10-19,2011-10-19,1,6907.95,2011-12-10,1,52,1.0,2394.1,7374.04,17904.57,49668.37,16830944.5,0.5,0.75,1.0,1.0,34.0,15,33,72,179,374
17824.0,2011-10-19,2011-10-19,1,3879.2,2011-12-10,1,52,1.0,2394.1,7374.04,17904.57,49668.37,16830944.5,0.5,0.75,1.0,1.0,34.0,15,33,72,179,374
15803.0,2011-10-19,2011-10-19,1,3326.56,2011-12-10,1,52,1.0,2394.1,7374.04,17904.57,49668.37,16830944.5,0.5,0.75,1.0,1.0,34.0,15,33,72,179,374
15006.0,2011-10-19,2011-10-19,1,63936.6,2011-12-10,1,52,1.0,2394.1,7374.04,17904.57,49668.37,16830944.5,0.5,0.75,1.0,1.0,34.0,15,33,72,179,374
14799.0,2011-10-19,2011-10-19,1,1406.35,2011-12-10,1,52,1.0,2394.1,7374.04,17904.57,49668.37,16830944.5,0.5,0.75,1.0,1.0,34.0,15,33,72,179,374
16734.0,2011-10-18,2011-08-17,3,12736.64,2011-12-10,3,53,1.0,2394.1,7374.04,17904.57,49668.37,16830944.5,0.5,0.75,1.0,1.0,34.0,15,33,72,179,374
13032.0,2011-10-18,2011-09-13,2,30524.85,2011-12-10,2,53,1.0,2394.1,7374.04,17904.57,49668.37,16830944.5,0.5,0.75,1.0,1.0,34.0,15,33,72,179,374
17679.0,2011-10-18,2011-09-15,2,33352.32,2011-12-10,2,53,1.0,2394.1,7374.04,17904.57,49668.37,16830944.5,0.5,0.75,1.0,1.0,34.0,15,33,72,179,374
15637.0,2011-10-18,2011-10-18,1,3350.4,2011-12-10,1,53,1.0,2394.1,7374.04,17904.57,49668.37,16830944.5,0.5,0.75,1.0,1.0,34.0,15,33,72,179,374
16848.0,2011-10-18,2011-10-18,1,3939.88,2011-12-10,1,53,1.0,2394.1,7374.04,17904.57,49668.37,16830944.5,0.5,0.75,1.0,1.0,34.0,15,33,72,179,374
15678.0,2011-10-18,2011-10-18,1,4232.4,2011-12-10,1,53,1.0,2394.1,7374.04,17904.57,49668.37,16830944.5,0.5,0.75,1.0,1.0,34.0,15,33,72,179,374
14015.0,2011-10-18,2011-10-18,1,18346.8,2011-12-10,1,53,1.0,2394.1,7374.04,17904.57,49668.37,16830944.5,0.5,0.75,1.0,1.0,34.0,15,33,72,179,374
13594.0,2011-10-18,2011-10-18,1,10321.22,2011-12-10,1,53,1.0,2394.1,7374.04,17904.57,49668.37,16830944.5,0.5,0.75,1.0,1.0,34.0,15,33,72,179,374
15327.0,2011-10-18,2011-10-18,1,875.7,2011-12-10,1,53,1.0,2394.1,7374.04,17904.57,49668.37,16830944.5,0.5,0.75,1.0,1.0,34.0,15,33,72,179,374
14861.0,2011-10-18,2011-10-18,1,754.74,2011-12-10,1,53,1.0,2394.1,7374.04,17904.57,49668.37,16830944.5,0.5,0.75,1.0,1.0,34.0,15,33,72,179,374
12611.0,2011-10-18,2011-10-18,1,66149.62,2011-12-10,1,53,1.0,2394.1,7374.04,17904.57,49668.37,16830944.5,0.5,0.75,1.0,1.0,34.0,15,33,72,179,374
12863.0,2011-10-18,2011-10-18,1,724.8,2011-12-10,1,53,1.0,2394.1,7374.04,17904.57,49668.37,16830944.5,0.5,0.75,1.0,1.0,34.0,15,33,72,179,374
15604.0,2011-10-18,2011-10-18,1,3678.63,2011-12-10,1,53,1.0,2394.1,7374.04,17904.57,49668.37,16830944.5,0.5,0.75,1.0,1.0,34.0,15,33,72,179,374
14381.0,2011-10-18,2011-10-18,1,11350.08,2011-12-10,1,53,1.0,2394.1,7374.04,17904.57,49668.37,16830944.5,0.5,0.75,1.0,1.0,34.0,15,33,72,179,374
14211.0,2011-10-17,2011-02-17,9,32264.36,2011-12-10,9,54,1.0,2394.1,7374.04,17904.57,49668.37,16830944.5,0.5,0.75,1.0,1.0,34.0,15,33,72,179,374
12794.0,2011-10-17,2011-09-02,2,18904.24,2011-12-10,2,54,1.0,2394.1,7374.04,17904.57,49668.37,16830944.5,0.5,0.75,1.0,1.0,34.0,15,33,72,179,374
12475.0,2011-10-17,2011-10-17,1,23428.3,2011-12-10,1,54,1.0,2394.1,7374.04,17904.57,49668.37,16830944.5,0.5,0.75,1.0,1.0,34.0,15,33,72,179,374
16542.0,2011-10-17,2011-10-17,1,598.1,2011-12-10,1,54,1.0,2394.1,7374.04,17904.57,49668.37,16830944.5,0.5,0.75,1.0,1.0,34.0,15,33,72,179,374
18042.0,2011-10-17,2011-10-17,1,560.1,2011-12-10,1,54,1.0,2394.1,7374.04,17904.57,49668.37,16830944.5,0.5,0.75,1.0,1.0,34.0,15,33,72,179,374
16563.0,2011-10-17,2011-10-17,1,15551.04,2011-12-10,1,54,1.0,2394.1,7374.04,17904.57,49668.37,16830944.5,0.5,0.75,1.0,1.0,34.0,15,33,72,179,374
17201.0,2011-10-17,2011-10-17,1,13705.2,2011-12-10,1,54,1.0,2394.1,7374.04,17904.57,49668.37,16830944.5,0.5,0.75,1.0,1.0,34.0,15,33,72,179,374
17520.0,2011-10-17,2011-10-17,1,11835.46,2011-12-10,1,54,1.0,2394.1,7374.04,17904.57,49668.37,16830944.5,0.5,0.75,1.0,1.0,34.0,15,33,72,179,374
13923.0,2011-10-17,2011-10-17,1,6348.47,2011-12-10,1,54,1.0,2394.1,7374.04,17904.57,49668.37,16830944.5,0.5,0.75,1.0,1.0,34.0,15,33,72,179,374
16412.0,2011-10-17,2011-10-17,1,5314.05,2011-12-10,1,54,1.0,2394.1,7374.04,17904.57,49668.37,16830944.5,0.5,0.75,1.0,1.0,34.0,15,33,72,179,374
17205.0,2011-10-17,2011-10-17,1,4993.04,2011-12-10,1,54,1.0,2394.1,7374.04,17904.57,49668.37,16830944.5,0.5,0.75,1.0,1.0,34.0,15,33,72,179,374
17534.0,2011-10-17,2011-10-17,1,2010.24,2011-12-10,1,54,1.0,2394.1,7374.04,17904.57,49668.37,16830944.5,0.5,0.75,1.0,1.0,34.0,15,33,72,179,374
15335.0,2011-10-17,2011-10-17,1,5791.45,2011-12-10,1,54,1.0,2394.1,7374.04,17904.57,49668.37,16830944.5,0.5,0.75,1.0,1.0,34.0,15,33,72,179,374
16737.0,2011-10-17,2011-10-17,1,417.6,2011-12-10,1,54,1.0,2394.1,7374.04,17904.57,49668.37,16830944.5,0.5,0.75,1.0,1.0,34.0,15,33,72,179,374
15066.0,2011-10-17,2011-10-17,1,29757.42,2011-12-10,1,54,1.0,2394.1,7374.04,17904.57,49668.37,16830944.5,0.5,0.75,1.0,1.0,34.0,15,33,72,179,374
17206.0,2011-10-17,2011-10-17,1,1429.68,2011-12-10,1,54,1.0,2394.1,7374.04,17904.57,49668.37,16830944.5,0.5,0.75,1.0,1.0,34.0,15,33,72,179,374
17785.0,2011-10-17,2011-10-17,1,1481.28,2011-12-10,1,54,1.0,2394.1,7374.04,17904.57,49668.37,16830944.5,0.5,0.75,1.0,1.0,34.0,15,33,72,179,374
16932.0,2011-10-17,2011-10-17,1,8582.82,2011-12-10,1,54,1.0,2394.1,7374.04,17904.57,49668.37,16830944.5,0.5,0.75,1.0,1.0,34.0,15,33,72,179,374
16363.0,2011-10-17,2011-10-17,1,301.44,2011-12-10,1,54,1.0,2394.1,7374.04,17904.57,49668.37,16830944.5,0.5,0.75,1.0,1.0,34.0,15,33,72,179,374
14830.0,2011-10-17,2011-10-17,1,7885.2,2011-12-10,1,54,1.0,2394.1,7374.04,17904.57,49668.37,16830944.5,0.5,0.75,1.0,1.0,34.0,15,33,72,179,374
17244.0,2011-10-17,2011-10-17,1,29601.9,2011-12-10,1,54,1.0,2394.1,7374.04,17904.57,49668.37,16830944.5,0.5,0.75,1.0,1.0,34.0,15,33,72,179,374
15598.0,2011-10-17,2011-10-17,1,2907.84,2011-12-10,1,54,1.0,2394.1,7374.04,17904.57,49668.37,16830944.5,0.5,0.75,1.0,1.0,34.0,15,33,72,179,374
16674.0,2011-10-16,2011-09-02,2,15871.62,2011-12-10,2,55,1.0,2394.1,7374.04,17904.57,49668.37,16830944.5,0.5,0.75,1.0,1.0,34.0,15,33,72,179,374
12940.0,2011-10-16,2011-09-13,2,34703.49,2011-12-10,2,55,1.0,2394.1,7374.04,17904.57,49668.37,16830944.5,0.5,0.75,1.0,1.0,34.0,15,33,72,179,374
14780.0,2011-10-16,2011-09-21,2,5781.04,2011-12-10,2,55,1.0,2394.1,7374.04,17904.57,49668.37,16830944.5,0.5,0.75,1.0,1.0,34.0,15,33,72,179,374
13878.0,2011-10-16,2011-10-16,1,31793.4,2011-12-10,1,55,1.0,2394.1,7374.04,17904.57,49668.37,16830944.5,0.5,0.75,1.0,1.0,34.0,15,33,72,179,374
15994.0,2011-10-16,2011-10-16,1,13205.61,2011-12-10,1,55,1.0,2394.1,7374.04,17904.57,49668.37,16830944.5,0.5,0.75,1.0,1.0,34.0,15,33,72,179,374
16052.0,2011-10-16,2011-10-16,1,10312.32,2011-12-10,1,55,1.0,2394.1,7374.04,17904.57,49668.37,16830944.5,0.5,0.75,1.0,1.0,34.0,15,33,72,179,374
14937.0,2011-10-14,2011-08-01,3,18807.16,2011-12-10,3,57,1.0,2394.1,7374.04,17904.57,49668.37,16830944.5,0.5,0.75,1.0,1.0,34.0,15,33,72,179,374
18228.0,2011-10-14,2011-09-21,2,11204.41,2011-12-10,2,57,1.0,2394.1,7374.04,17904.57,49668.37,16830944.5,0.5,0.75,1.0,1.0,34.0,15,33,72,179,374
14089.0,2011-10-14,2011-10-14,1,2254.0,2011-12-10,1,57,1.0,2394.1,7374.04,17904.57,49668.37,16830944.5,0.5,0.75,1.0,1.0,34.0,15,33,72,179,374
16413.0,2011-10-14,2011-10-14,1,7417.5,2011-12-10,1,57,1.0,2394.1,7374.04,17904.57,49668.37,16830944.5,0.5,0.75,1.0,1.0,34.0,15,33,72,179,374
13006.0,2011-10-14,2011-10-14,1,129.96,2011-12-10,1,57,1.0,2394.1,7374.04,17904.57,49668.37,16830944.5,0.5,0.75,1.0,1.0,34.0,15,33,72,179,374
17986.0,2011-10-14,2011-10-14,1,20.8,2011-12-10,1,57,1.0,2394.1,7374.04,17904.57,49668.37,16830944.5,0.5,0.75,1.0,1.0,34.0,15,33,72,179,374
12454.0,2011-10-14,2011-10-14,1,35885.72,2011-12-10,1,57,1.0,2394.1,7374.04,17904.57,49668.37,16830944.5,0.5,0.75,1.0,1.0,34.0,15,33,72,179,374
13911.0,2011-10-13,2011-02-04,9,43080.18,2011-12-10,9,58,1.0,2394.1,7374.04,17904.57,49668.37,16830944.5,0.5,0.75,1.0,1.0,34.0,15,33,72,179,374
15272.0,2011-10-13,2011-09-14,2,15955.57,2011-12-10,2,58,1.0,2394.1,7374.04,17904.57,49668.37,16830944.5,0.5,0.75,1.0,1.0,34.0,15,33,72,179,374
14537.0,2011-10-13,2011-10-13,1,3555.6,2011-12-10,1,58,1.0,2394.1,7374.04,17904.57,49668.37,16830944.5,0.5,0.75,1.0,1.0,34.0,15,33,72,179,374
17279.0,2011-10-13,2011-10-13,1,611.58,2011-12-10,1,58,1.0,2394.1,7374.04,17904.57,49668.37,16830944.5,0.5,0.75,1.0,1.0,34.0,15,33,72,179,374
12446.0,2011-10-13,2011-10-13,1,37625.28,2011-12-10,1,58,1.0,2394.1,7374.04,17904.57,49668.37,16830944.5,0.5,0.75,1.0,1.0,34.0,15,33,72,179,374
12631.0,2011-10-13,2011-10-13,1,10725.0,2011-12-10,1,58,1.0,2394.1,7374.04,17904.57,49668.37,16830944.5,0.5,0.75,1.0,1.0,34.0,15,33,72,179,374
14975.0,2011-10-13,2011-10-13,1,3079.34,2011-12-10,1,58,1.0,2394.1,7374.04,17904.57,49668.37,16830944.5,0.5,0.75,1.0,1.0,34.0,15,33,72,179,374
13853.0,2011-10-13,2011-10-13,1,15906.8,2011-12-10,1,58,1.0,2394.1,7374.04,17904.57,49668.37,16830944.5,0.5,0.75,1.0,1.0,34.0,15,33,72,179,374
16773.0,2011-10-13,2011-10-13,1,4041.0,2011-12-10,1,58,1.0,2394.1,7374.04,17904.57,49668.37,16830944.5,0.5,0.75,1.0,1.0,34.0,15,33,72,179,374
16430.0,2011-10-13,2011-10-13,1,1805.1,2011-12-10,1,58,1.0,2394.1,7374.04,17904.57,49668.37,16830944.5,0.5,0.75,1.0,1.0,34.0,15,33,72,179,374
16793.0,2011-10-13,2011-10-13,1,3402.6,2011-12-10,1,58,1.0,2394.1,7374.04,17904.57,49668.37,16830944.5,0.5,0.75,1.0,1.0,34.0,15,33,72,179,374
17614.0,2011-10-13,2011-10-13,1,34766.74,2011-12-10,1,58,1.0,2394.1,7374.04,17904.57,49668.37,16830944.5,0.5,0.75,1.0,1.0,34.0,15,33,72,179,374
13858.0,2011-10-13,2011-10-13,1,1991.7,2011-12-10,1,58,1.0,2394.1,7374.04,17904.57,49668.37,16830944.5,0.5,0.75,1.0,1.0,34.0,15,33,72,179,374
14642.0,2011-10-12,2011-10-12,1,192.24,2011-12-10,1,59,1.0,2394.1,7374.04,17904.57,49668.37,16830944.5,0.5,0.75,1.0,1.0,34.0,15,33,72,179,374
12602.0,2011-10-12,2011-10-12,1,1421.42,2011-12-10,1,59,1.0,2394.1,7374.04,17904.57,49668.37,16830944.5,0.5,0.75,1.0,1.0,34.0,15,33,72,179,374
17190.0,2011-10-12,2011-10-12,1,4495.32,2011-12-10,1,59,1.0,2394.1,7374.04,17904.57,49668.37,16830944.5,0.5,0.75,1.0,1.0,34.0,15,33,72,179,374
16753.0,2011-10-12,2011-10-12,1,7108.86,2011-12-10,1,59,1.0,2394.1,7374.04,17904.57,49668.37,16830944.5,0.5,0.75,1.0,1.0,34.0,15,33,72,179,374
13464.0,2011-10-12,2011-10-12,1,22449.01,2011-12-10,1,59,1.0,2394.1,7374.04,17904.57,49668.37,16830944.5,0.5,0.75,1.0,1.0,34.0,15,33,72,179,374
18277.0,2011-10-12,2011-10-12,1,883.04,2011-12-10,1,59,1.0,2394.1,7374.04,17904.57,49668.37,16830944.5,0.5,0.75,1.0,1.0,34.0,15,33,72,179,374
12667.0,2011-10-12,2011-10-12,1,12783.9,2011-12-10,1,59,1.0,2394.1,7374.04,17904.57,49668.37,16830944.5,0.5,0.75,1.0,1.0,34.0,15,33,72,179,374
14952.0,2011-10-11,2010-12-10,11,103481.54,2011-12-10,11,60,1.0,2394.1,7374.04,17904.57,49668.37,16830944.5,0.5,0.75,1.0,1.0,34.0,15,33,72,179,374
12772.0,2011-10-11,2011-10-11,1,27689.4,2011-12-10,1,60,1.0,2394.1,7374.04,17904.57,49668.37,16830944.5,0.5,0.75,1.0,1.0,34.0,15,33,72,179,374
12371.0,2011-10-11,2011-10-11,1,86469.6,2011-12-10,1,60,1.0,2394.1,7374.04,17904.57,49668.37,16830944.5,0.5,0.75,1.0,1.0,34.0,15,33,72,179,374
17620.0,2011-10-11,2011-10-11,1,142.32,2011-12-10,1,60,1.0,2394.1,7374.04,17904.57,49668.37,16830944.5,0.5,0.75,1.0,1.0,34.0,15,33,72,179,374
12824.0,2011-10-11,2011-10-11,1,9928.0,2011-12-10,1,60,1.0,2394.1,7374.04,17904.57,49668.37,16830944.5,0.5,0.75,1.0,1.0,34.0,15,33,72,179,374
16171.0,2011-10-11,2011-10-11,1,219.6,2011-12-10,1,60,1.0,2394.1,7374.04,17904.57,49668.37,16830944.5,0.5,0.75,1.0,1.0,34.0,15,33,72,179,374
12536.0,2011-10-11,2011-10-11,1,943304.13,2011-12-10,1,60,1.0,2394.1,7374.04,17904.57,49668.37,16830944.5,0.5,0.75,1.0,1.0,34.0,15,33,72,179,374
13690.0,2011-10-11,2011-10-11,1,682.5,2011-12-10,1,60,1.0,2394.1,7374.04,17904.57,49668.37,16830944.5,0.5,0.75,1.0,1.0,34.0,15,33,72,179,374
14529.0,2011-10-10,2011-08-21,3,47306.64,2011-12-10,3,61,1.0,2394.1,7374.04,17904.57,49668.37,16830944.5,0.5,0.75,1.0,1.0,34.0,15,33,72,179,374
15193.0,2011-10-10,2011-10-10,1,4775.81,2011-12-10,1,61,1.0,2394.1,7374.04,17904.57,49668.37,16830944.5,0.5,0.75,1.0,1.0,34.0,15,33,72,179,374
14027.0,2011-10-10,2011-10-10,1,628.92,2011-12-10,1,61,1.0,2394.1,7374.04,17904.57,49668.37,16830944.5,0.5,0.75,1.0,1.0,34.0,15,33,72,179,374
16179.0,2011-10-10,2011-10-10,1,1775.8,2011-12-10,1,61,1.0,2394.1,7374.04,17904.57,49668.37,16830944.5,0.5,0.75,1.0,1.0,34.0,15,33,72,179,374
18169.0,2011-10-10,2011-10-10,1,1213.2,2011-12-10,1,61,1.0,2394.1,7374.04,17904.57,49668.37,16830944.5,0.5,0.75,1.0,1.0,34.0,15,33,72,179,374
18126.0,2011-10-10,2011-10-10,1,11582.48,2011-12-10,1,61,1.0,2394.1,7374.04,17904.57,49668.37,16830944.5,0.5,0.75,1.0,1.0,34.0,15,33,72,179,374
16982.0,2011-10-10,2011-10-10,1,8449.32,2011-12-10,1,61,1.0,2394.1,7374.04,17904.57,49668.37,16830944.5,0.5,0.75,1.0,1.0,34.0,15,33,72,179,374
16776.0,2011-10-10,2011-10-10,1,27999.75,2011-12-10,1,61,1.0,2394.1,7374.04,17904.57,49668.37,16830944.5,0.5,0.75,1.0,1.0,34.0,15,33,72,179,374
13980.0,2011-10-10,2011-10-10,1,1218.06,2011-12-10,1,61,1.0,2394.1,7374.04,17904.57,49668.37,16830944.5,0.5,0.75,1.0,1.0,34.0,15,33,72,179,374
13352.0,2011-10-10,2011-10-10,1,8003.54,2011-12-10,1,61,1.0,2394.1,7374.04,17904.57,49668.37,16830944.5,0.5,0.75,1.0,1.0,34.0,15,33,72,179,374
15553.0,2011-10-10,2011-10-10,1,21140.64,2011-12-10,1,61,1.0,2394.1,7374.04,17904.57,49668.37,16830944.5,0.5,0.75,1.0,1.0,34.0,15,33,72,179,374
15886.0,2011-10-10,2011-10-10,1,1882.54,2011-12-10,1,61,1.0,2394.1,7374.04,17904.57,49668.37,16830944.5,0.5,0.75,1.0,1.0,34.0,15,33,72,179,374
12607.0,2011-10-10,2011-10-10,1,156256.0,2011-12-10,1,61,1.0,2394.1,7374.04,17904.57,49668.37,16830944.5,0.5,0.75,1.0,1.0,34.0,15,33,72,179,374
16104.0,2011-10-09,2011-10-09,1,7042.28,2011-12-10,1,62,1.0,2394.1,7374.04,17904.57,49668.37,16830944.5,0.5,0.75,1.0,1.0,34.0,15,33,72,179,374
13259.0,2011-10-09,2011-10-09,1,21957.2,2011-12-10,1,62,1.0,2394.1,7374.04,17904.57,49668.37,16830944.5,0.5,0.75,1.0,1.0,34.0,15,33,72,179,374
16248.0,2011-10-09,2011-10-09,1,1070.58,2011-12-10,1,62,1.0,2394.1,7374.04,17904.57,49668.37,16830944.5,0.5,0.75,1.0,1.0,34.0,15,33,72,179,374
16595.0,2011-10-09,2011-10-09,1,29417.64,2011-12-10,1,62,1.0,2394.1,7374.04,17904.57,49668.37,16830944.5,0.5,0.75,1.0,1.0,34.0,15,33,72,179,374
13260.0,2011-10-09,2011-10-09,1,1554.12,2011-12-10,1,62,1.0,2394.1,7374.04,17904.57,49668.37,16830944.5,0.5,0.75,1.0,1.0,34.0,15,33,72,179,374
18088.0,2011-10-09,2011-10-09,1,4812.12,2011-12-10,1,62,1.0,2394.1,7374.04,17904.57,49668.37,16830944.5,0.5,0.75,1.0,1.0,34.0,15,33,72,179,374
13193.0,2011-10-09,2011-10-09,1,2826.04,2011-12-10,1,62,1.0,2394.1,7374.04,17904.57,49668.37,16830944.5,0.5,0.75,1.0,1.0,34.0,15,33,72,179,374
14801.0,2011-10-09,2011-10-09,1,10709.12,2011-12-10,1,62,1.0,2394.1,7374.04,17904.57,49668.37,16830944.5,0.5,0.75,1.0,1.0,34.0,15,33,72,179,374
16380.0,2011-10-09,2011-10-09,1,56978.88,2011-12-10,1,62,1.0,2394.1,7374.04,17904.57,49668.37,16830944.5,0.5,0.75,1.0,1.0,34.0,15,33,72,179,374
16921.0,2011-10-09,2011-10-09,1,10187.4,2011-12-10,1,62,1.0,2394.1,7374.04,17904.57,49668.37,16830944.5,0.5,0.75,1.0,1.0,34.0,15,33,72,179,374
12885.0,2011-10-07,2011-08-08,3,29503.58,2011-12-10,3,64,1.0,2394.1,7374.04,17904.57,49668.37,16830944.5,0.5,0.75,1.0,1.0,34.0,15,33,72,179,374
13276.0,2011-10-07,2011-09-01,2,9713.99,2011-12-10,2,64,1.0,2394.1,7374.04,17904.57,49668.37,16830944.5,0.5,0.75,1.0,1.0,34.0,15,33,72,179,374
14067.0,2011-10-07,2011-09-04,2,8586.87,2011-12-10,2,64,1.0,2394.1,7374.04,17904.57,49668.37,16830944.5,0.5,0.75,1.0,1.0,34.0,15,33,72,179,374
16354.0,2011-10-07,2011-09-27,2,12913.1,2011-12-10,2,64,1.0,2394.1,7374.04,17904.57,49668.37,16830944.5,0.5,0.75,1.0,1.0,34.0,15,33,72,179,374
17030.0,2011-10-07,2011-10-07,1,1298.7,2011-12-10,1,64,1.0,2394.1,7374.04,17904.57,49668.37,16830944.5,0.5,0.75,1.0,1.0,34.0,15,33,72,179,374
12420.0,2011-10-07,2011-10-07,1,11379.36,2011-12-10,1,64,1.0,2394.1,7374.04,17904.57,49668.37,16830944.5,0.5,0.75,1.0,1.0,34.0,15,33,72,179,374
14792.0,2011-10-07,2011-10-07,1,12.4,2011-12-10,1,64,1.0,2394.1,7374.04,17904.57,49668.37,16830944.5,0.5,0.75,1.0,1.0,34.0,15,33,72,179,374
12519.0,2011-10-07,2011-10-07,1,4045.44,2011-12-10,1,64,1.0,2394.1,7374.04,17904.57,49668.37,16830944.5,0.5,0.75,1.0,1.0,34.0,15,33,72,179,374
13359.0,2011-10-07,2011-10-07,1,8570.32,2011-12-10,1,64,1.0,2394.1,7374.04,17904.57,49668.37,16830944.5,0.5,0.75,1.0,1.0,34.0,15,33,72,179,374
13876.0,2011-10-07,2011-10-07,1,592.8,2011-12-10,1,64,1.0,2394.1,7374.04,17904.57,49668.37,16830944.5,0.5,0.75,1.0,1.0,34.0,15,33,72,179,374
12740.0,2011-10-07,2011-10-07,1,10675.6,2011-12-10,1,64,1.0,2394.1,7374.04,17904.57,49668.37,16830944.5,0.5,0.75,1.0,1.0,34.0,15,33,72,179,374
13806.0,2011-10-07,2011-10-07,1,1963.17,2011-12-10,1,64,1.0,2394.1,7374.04,17904.57,49668.37,16830944.5,0.5,0.75,1.0,1.0,34.0,15,33,72,179,374
13587.0,2011-10-07,2011-10-07,1,2891.0,2011-12-10,1,64,1.0,2394.1,7374.04,17904.57,49668.37,16830944.5,0.5,0.75,1.0,1.0,34.0,15,33,72,179,374
13419.0,2011-10-07,2011-10-07,1,3536.96,2011-12-10,1,64,1.0,2394.1,7374.04,17904.57,49668.37,16830944.5,0.5,0.75,1.0,1.0,34.0,15,33,72,179,374
13689.0,2011-10-07,2011-10-07,1,5460.0,2011-12-10,1,64,1.0,2394.1,7374.04,17904.57,49668.37,16830944.5,0.5,0.75,1.0,1.0,34.0,15,33,72,179,374
13763.0,2011-10-07,2011-10-07,1,25724.4,2011-12-10,1,64,1.0,2394.1,7374.04,17904.57,49668.37,16830944.5,0.5,0.75,1.0,1.0,34.0,15,33,72,179,374
16184.0,2011-10-06,2011-05-12,6,10172.15,2011-12-10,6,65,1.0,2394.1,7374.04,17904.57,49668.37,16830944.5,0.5,0.75,1.0,1.0,34.0,15,33,72,179,374
15706.0,2011-10-06,2011-08-15,3,15976.92,2011-12-10,3,65,1.0,2394.1,7374.04,17904.57,49668.37,16830944.5,0.5,0.75,1.0,1.0,34.0,15,33,72,179,374
13845.0,2011-10-06,2011-10-06,1,2816.82,2011-12-10,1,65,1.0,2394.1,7374.04,17904.57,49668.37,16830944.5,0.5,0.75,1.0,1.0,34.0,15,33,72,179,374
15837.0,2011-10-06,2011-10-06,1,6652.6,2011-12-10,1,65,1.0,2394.1,7374.04,17904.57,49668.37,16830944.5,0.5,0.75,1.0,1.0,34.0,15,33,72,179,374
13177.0,2011-10-06,2011-10-06,1,4801.65,2011-12-10,1,65,1.0,2394.1,7374.04,17904.57,49668.37,16830944.5,0.5,0.75,1.0,1.0,34.0,15,33,72,179,374
14317.0,2011-10-06,2011-10-06,1,10077.76,2011-12-10,1,65,1.0,2394.1,7374.04,17904.57,49668.37,16830944.5,0.5,0.75,1.0,1.0,34.0,15,33,72,179,374
13602.0,2011-10-06,2011-10-06,1,9864.47,2011-12-10,1,65,1.0,2394.1,7374.04,17904.57,49668.37,16830944.5,0.5,0.75,1.0,1.0,34.0,15,33,72,179,374
16895.0,2011-10-06,2011-10-06,1,13416.08,2011-12-10,1,65,1.0,2394.1,7374.04,17904.57,49668.37,16830944.5,0.5,0.75,1.0,1.0,34.0,15,33,72,179,374
13504.0,2011-10-06,2011-10-06,1,4949.12,2011-12-10,1,65,1.0,2394.1,7374.04,17904.57,49668.37,16830944.5,0.5,0.75,1.0,1.0,34.0,15,33,72,179,374
13422.0,2011-10-06,2011-10-06,1,297753.2,2011-12-10,1,65,1.0,2394.1,7374.04,17904.57,49668.37,16830944.5,0.5,0.75,1.0,1.0,34.0,15,33,72,179,374
15264.0,2011-10-06,2011-10-06,1,9056.02,2011-12-10,1,65,1.0,2394.1,7374.04,17904.57,49668.37,16830944.5,0.5,0.75,1.0,1.0,34.0,15,33,72,179,374
16432.0,2011-10-06,2011-10-06,1,2299.2,2011-12-10,1,65,1.0,2394.1,7374.04,17904.57,49668.37,16830944.5,0.5,0.75,1.0,1.0,34.0,15,33,72,179,374
14518.0,2011-10-06,2011-10-06,1,2084.88,2011-12-10,1,65,1.0,2394.1,7374.04,17904.57,49668.37,16830944.5,0.5,0.75,1.0,1.0,34.0,15,33,72,179,374
15937.0,2011-10-06,2011-10-06,1,1017.45,2011-12-10,1,65,1.0,2394.1,7374.04,17904.57,49668.37,16830944.5,0.5,0.75,1.0,1.0,34.0,15,33,72,179,374
12923.0,2011-10-06,2011-10-06,1,4397.96,2011-12-10,1,65,1.0,2394.1,7374.04,17904.57,49668.37,16830944.5,0.5,0.75,1.0,1.0,34.0,15,33,72,179,374
15766.0,2011-10-06,2011-10-06,1,2895.6,2011-12-10,1,65,1.0,2394.1,7374.04,17904.57,49668.37,16830944.5,0.5,0.75,1.0,1.0,34.0,15,33,72,179,374
15300.0,2011-10-06,2011-10-06,1,11815.44,2011-12-10,1,65,1.0,2394.1,7374.04,17904.57,49668.37,16830944.5,0.5,0.75,1.0,1.0,34.0,15,33,72,179,374
13348.0,2011-10-06,2011-10-06,1,3272.64,2011-12-10,1,65,1.0,2394.1,7374.04,17904.57,49668.37,16830944.5,0.5,0.75,1.0,1.0,34.0,15,33,72,179,374
16160.0,2011-10-05,2011-09-15,2,13146.6,2011-12-10,2,66,1.0,2394.1,7374.04,17904.57,49668.37,16830944.5,0.5,0.75,1.0,1.0,34.0,15,33,72,179,374
15762.0,2011-10-05,2011-09-23,2,7943.57,2011-12-10,2,66,1.0,2394.1,7374.04,17904.57,49668.37,16830944.5,0.5,0.75,1.0,1.0,34.0,15,33,72,179,374
15127.0,2011-10-05,2011-10-05,1,6504.48,2011-12-10,1,66,1.0,2394.1,7374.04,17904.57,49668.37,16830944.5,0.5,0.75,1.0,1.0,34.0,15,33,72,179,374
16106.0,2011-10-05,2011-10-05,1,650.28,2011-12-10,1,66,1.0,2394.1,7374.04,17904.57,49668.37,16830944.5,0.5,0.75,1.0,1.0,34.0,15,33,72,179,374
13483.0,2011-10-05,2011-10-05,1,1403.4,2011-12-10,1,66,1.0,2394.1,7374.04,17904.57,49668.37,16830944.5,0.5,0.75,1.0,1.0,34.0,15,33,72,179,374
17382.0,2011-10-05,2011-10-05,1,50.4,2011-12-10,1,66,1.0,2394.1,7374.04,17904.57,49668.37,16830944.5,0.5,0.75,1.0,1.0,34.0,15,33,72,179,374
17222.0,2011-10-05,2011-10-05,1,9916.2,2011-12-10,1,66,1.0,2394.1,7374.04,17904.57,49668.37,16830944.5,0.5,0.75,1.0,1.0,34.0,15,33,72,179,374
16803.0,2011-10-05,2011-10-05,1,7975.2,2011-12-10,1,66,1.0,2394.1,7374.04,17904.57,49668.37,16830944.5,0.5,0.75,1.0,1.0,34.0,15,33,72,179,374
13947.0,2011-10-05,2011-10-05,1,453.0,2011-12-10,1,66,1.0,2394.1,7374.04,17904.57,49668.37,16830944.5,0.5,0.75,1.0,1.0,34.0,15,33,72,179,374
16758.0,2011-10-05,2011-10-05,1,5526.72,2011-12-10,1,66,1.0,2394.1,7374.04,17904.57,49668.37,16830944.5,0.5,0.75,1.0,1.0,34.0,15,33,72,179,374
17647.0,2011-10-05,2011-10-05,1,328.44,2011-12-10,1,66,1.0,2394.1,7374.04,17904.57,49668.37,16830944.5,0.5,0.75,1.0,1.0,34.0,15,33,72,179,374
14054.0,2011-10-05,2011-10-05,1,554.76,2011-12-10,1,66,1.0,2394.1,7374.04,17904.57,49668.37,16830944.5,0.5,0.75,1.0,1.0,34.0,15,33,72,179,374
18033.0,2011-10-05,2011-10-05,1,3330.98,2011-12-10,1,66,1.0,2394.1,7374.04,17904.57,49668.37,16830944.5,0.5,0.75,1.0,1.0,34.0,15,33,72,179,374
15241.0,2011-10-04,2011-03-01,8,26417.19,2011-12-10,8,67,1.0,2394.1,7374.04,17904.57,49668.37,16830944.5,0.5,0.75,1.0,1.0,34.0,15,33,72,179,374
13801.0,2011-10-04,2011-10-04,1,4997.0,2011-12-10,1,67,1.0,2394.1,7374.04,17904.57,49668.37,16830944.5,0.5,0.75,1.0,1.0,34.0,15,33,72,179,374
16881.0,2011-10-04,2011-10-04,1,432.0,2011-12-10,1,67,1.0,2394.1,7374.04,17904.57,49668.37,16830944.5,0.5,0.75,1.0,1.0,34.0,15,33,72,179,374
15255.0,2011-10-04,2011-10-04,1,39806.1,2011-12-10,1,67,1.0,2394.1,7374.04,17904.57,49668.37,16830944.5,0.5,0.75,1.0,1.0,34.0,15,33,72,179,374
14184.0,2011-10-04,2011-10-04,1,5016.53,2011-12-10,1,67,1.0,2394.1,7374.04,17904.57,49668.37,16830944.5,0.5,0.75,1.0,1.0,34.0,15,33,72,179,374
13351.0,2011-10-04,2011-10-04,1,4859.1,2011-12-10,1,67,1.0,2394.1,7374.04,17904.57,49668.37,16830944.5,0.5,0.75,1.0,1.0,34.0,15,33,72,179,374
15739.0,2011-10-04,2011-10-04,1,3592.96,2011-12-10,1,67,1.0,2394.1,7374.04,17904.57,49668.37,16830944.5,0.5,0.75,1.0,1.0,34.0,15,33,72,179,374
17957.0,2011-10-04,2011-10-04,1,3462.08,2011-12-10,1,67,1.0,2394.1,7374.04,17904.57,49668.37,16830944.5,0.5,0.75,1.0,1.0,34.0,15,33,72,179,374
15276.0,2011-10-04,2011-10-04,1,6467.31,2011-12-10,1,67,1.0,2394.1,7374.04,17904.57,49668.37,16830944.5,0.5,0.75,1.0,1.0,34.0,15,33,72,179,374
13431.0,2011-10-03,2011-09-12,2,28949.0,2011-12-10,2,68,1.0,2394.1,7374.04,17904.57,49668.37,16830944.5,0.5,0.75,1.0,1.0,34.0,15,33,72,179,374
14488.0,2011-10-03,2011-10-03,1,42543.34,2011-12-10,1,68,1.0,2394.1,7374.04,17904.57,49668.37,16830944.5,0.5,0.75,1.0,1.0,34.0,15,33,72,179,374
14333.0,2011-10-03,2011-10-03,1,1693.8,2011-12-10,1,68,1.0,2394.1,7374.04,17904.57,49668.37,16830944.5,0.5,0.75,1.0,1.0,34.0,15,33,72,179,374
13635.0,2011-10-03,2011-10-03,1,63874.93,2011-12-10,1,68,1.0,2394.1,7374.04,17904.57,49668.37,16830944.5,0.5,0.75,1.0,1.0,34.0,15,33,72,179,374
15091.0,2011-10-03,2011-10-03,1,12954.59,2011-12-10,1,68,1.0,2394.1,7374.04,17904.57,49668.37,16830944.5,0.5,0.75,1.0,1.0,34.0,15,33,72,179,374
15930.0,2011-10-03,2011-10-03,1,8959.23,2011-12-10,1,68,1.0,2394.1,7374.04,17904.57,49668.37,16830944.5,0.5,0.75,1.0,1.0,34.0,15,33,72,179,374
16183.0,2011-10-03,2011-10-03,1,5080.65,2011-12-10,1,68,1.0,2394.1,7374.04,17904.57,49668.37,16830944.5,0.5,0.75,1.0,1.0,34.0,15,33,72,179,374
16591.0,2011-10-02,2011-10-02,1,2135.0,2011-12-10,1,69,1.0,2394.1,7374.04,17904.57,49668.37,16830944.5,0.5,0.75,1.0,1.0,34.0,15,33,72,179,374
15774.0,2011-10-02,2011-10-02,1,4155.9,2011-12-10,1,69,1.0,2394.1,7374.04,17904.57,49668.37,16830944.5,0.5,0.75,1.0,1.0,34.0,15,33,72,179,374
18008.0,2011-09-30,2011-01-25,9,3410.68,2011-12-10,9,71,1.0,2394.1,7374.04,17904.57,49668.37,16830944.5,0.5,0.75,1.0,1.0,34.0,15,33,72,179,374
18053.0,2011-09-30,2011-09-30,1,5377.38,2011-12-10,1,71,1.0,2394.1,7374.04,17904.57,49668.37,16830944.5,0.5,0.75,1.0,1.0,34.0,15,33,72,179,374
16101.0,2011-09-30,2011-09-30,1,95865.0,2011-12-10,1,71,1.0,2394.1,7374.04,17904.57,49668.37,16830944.5,0.5,0.75,1.0,1.0,34.0,15,33,72,179,374
15593.0,2011-09-30,2011-09-30,1,999.0,2011-12-10,1,71,1.0,2394.1,7374.04,17904.57,49668.37,16830944.5,0.5,0.75,1.0,1.0,34.0,15,33,72,179,374
13095.0,2011-09-30,2011-09-30,1,446.4,2011-12-10,1,71,1.0,2394.1,7374.04,17904.57,49668.37,16830944.5,0.5,0.75,1.0,1.0,34.0,15,33,72,179,374
13347.0,2011-09-30,2011-09-30,1,2039.52,2011-12-10,1,71,1.0,2394.1,7374.04,17904.57,49668.37,16830944.5,0.5,0.75,1.0,1.0,34.0,15,33,72,179,374
15185.0,2011-09-30,2011-09-30,1,4614.4,2011-12-10,1,71,1.0,2394.1,7374.04,17904.57,49668.37,16830944.5,0.5,0.75,1.0,1.0,34.0,15,33,72,179,374
16404.0,2011-09-30,2011-09-30,1,5633.1,2011-12-10,1,71,1.0,2394.1,7374.04,17904.57,49668.37,16830944.5,0.5,0.75,1.0,1.0,34.0,15,33,72,179,374
16613.0,2011-09-30,2011-09-30,1,18557.7,2011-12-10,1,71,1.0,2394.1,7374.04,17904.57,49668.37,16830944.5,0.5,0.75,1.0,1.0,34.0,15,33,72,179,374
16589.0,2011-09-29,2011-07-01,3,6043.2,2011-12-10,3,72,1.0,2394.1,7374.04,17904.57,49668.37,16830944.5,0.5,0.75,1.0,1.0,34.0,15,33,72,179,374
17724.0,2011-09-29,2011-07-24,3,10948.2,2011-12-10,3,72,1.0,2394.1,7374.04,17904.57,49668.37,16830944.5,0.5,0.75,1.0,1.0,34.0,15,33,72,179,374
14305.0,2011-09-29,2011-07-27,3,94777.67,2011-12-10,3,72,1.0,2394.1,7374.04,17904.57,49668.37,16830944.5,0.5,0.75,1.0,1.0,34.0,15,33,72,179,374
16650.0,2011-09-29,2011-09-29,1,11532.66,2011-12-10,1,72,1.0,2394.1,7374.04,17904.57,49668.37,16830944.5,0.5,0.75,1.0,1.0,34.0,15,33,72,179,374
18192.0,2011-09-29,2011-09-29,1,38692.26,2011-12-10,1,72,1.0,2394.1,7374.04,17904.57,49668.37,16830944.5,0.5,0.75,1.0,1.0,34.0,15,33,72,179,374
17427.0,2011-09-29,2011-09-29,1,201.6,2011-12-10,1,72,1.0,2394.1,7374.04,17904.57,49668.37,16830944.5,0.5,0.75,1.0,1.0,34.0,15,33,72,179,374
15175.0,2011-09-29,2011-09-29,1,5155.22,2011-12-10,1,72,1.0,2394.1,7374.04,17904.57,49668.37,16830944.5,0.5,0.75,1.0,1.0,34.0,15,33,72,179,374
13886.0,2011-09-29,2011-09-29,1,3059.84,2011-12-10,1,72,1.0,2394.1,7374.04,17904.57,49668.37,16830944.5,0.5,0.75,1.0,1.0,34.0,15,33,72,179,374
13354.0,2011-09-29,2011-09-29,1,37920.03,2011-12-10,1,72,1.0,2394.1,7374.04,17904.57,49668.37,16830944.5,0.5,0.75,1.0,1.0,34.0,15,33,72,179,374
13503.0,2011-09-29,2011-09-29,1,3087.2,2011-12-10,1,72,1.0,2394.1,7374.04,17904.57,49668.37,16830944.5,0.5,0.75,1.0,1.0,34.0,15,33,72,179,374
16574.0,2011-09-29,2011-09-29,1,12640.32,2011-12-10,1,72,1.0,2394.1,7374.04,17904.57,49668.37,16830944.5,0.5,0.75,1.0,1.0,34.0,15,33,72,179,374
12718.0,2011-09-29,2011-09-29,1,3099.95,2011-12-10,1,72,1.0,2394.1,7374.04,17904.57,49668.37,16830944.5,0.5,0.75,1.0,1.0,34.0,15,33,72,179,374
12703.0,2011-09-29,2011-09-29,1,5311.0,2011-12-10,1,72,1.0,2394.1,7374.04,17904.57,49668.37,16830944.5,0.5,0.75,1.0,1.0,34.0,15,33,72,179,374
13364.0,2011-09-29,2011-09-29,1,1349.6,2011-12-10,1,72,1.0,2394.1,7374.04,17904.57,49668.37,16830944.5,0.5,0.75,1.0,1.0,34.0,15,33,72,179,374
17370.0,2011-09-28,2011-06-23,4,3457.68,2011-12-10,4,73,1.0,2394.1,7374.04,17904.57,49668.37,16830944.5,0.5,0.75,1.0,1.0,34.0,15,33,72,179,374
14947.0,2011-09-28,2011-08-01,2,2076.96,2011-12-10,2,73,1.0,2394.1,7374.04,17904.57,49668.37,16830944.5,0.5,0.75,1.0,1.0,34.0,15,33,72,179,374
14109.0,2011-09-28,2011-09-28,1,1297.8,2011-12-10,1,73,1.0,2394.1,7374.04,17904.57,49668.37,16830944.5,0.5,0.75,1.0,1.0,34.0,15,33,72,179,374
15348.0,2011-09-28,2011-09-28,1,1422.36,2011-12-10,1,73,1.0,2394.1,7374.04,17904.57,49668.37,16830944.5,0.5,0.75,1.0,1.0,34.0,15,33,72,179,374
16281.0,2011-09-28,2011-09-28,1,35055.02,2011-12-10,1,73,1.0,2394.1,7374.04,17904.57,49668.37,16830944.5,0.5,0.75,1.0,1.0,34.0,15,33,72,179,374
13061.0,2011-09-28,2011-09-28,1,2486.1,2011-12-10,1,73,1.0,2394.1,7374.04,17904.57,49668.37,16830944.5,0.5,0.75,1.0,1.0,34.0,15,33,72,179,374
17513.0,2011-09-28,2011-09-28,1,3079.2,2011-12-10,1,73,1.0,2394.1,7374.04,17904.57,49668.37,16830944.5,0.5,0.75,1.0,1.0,34.0,15,33,72,179,374
16909.0,2011-09-28,2011-09-28,1,6824.52,2011-12-10,1,73,1.0,2394.1,7374.04,17904.57,49668.37,16830944.5,0.5,0.75,1.0,1.0,34.0,15,33,72,179,374
17788.0,2011-09-27,2011-08-02,2,2218.8,2011-12-10,2,74,1.0,2394.1,7374.04,17904.57,49668.37,16830944.5,0.5,0.75,1.0,1.0,34.0,15,33,72,179,374
13514.0,2011-09-27,2011-09-27,1,608.8,2011-12-10,1,74,1.0,2394.1,7374.04,17904.57,49668.37,16830944.5,0.5,0.75,1.0,1.0,34.0,15,33,72,179,374
17805.0,2011-09-27,2011-09-27,1,5123.1,2011-12-10,1,74,1.0,2394.1,7374.04,17904.57,49668.37,16830944.5,0.5,0.75,1.0,1.0,34.0,15,33,72,179,374
18278.0,2011-09-27,2011-09-27,1,1565.1,2011-12-10,1,74,1.0,2394.1,7374.04,17904.57,49668.37,16830944.5,0.5,0.75,1.0,1.0,34.0,15,33,72,179,374
13979.0,2011-09-27,2011-09-27,1,46972.98,2011-12-10,1,74,1.0,2394.1,7374.04,17904.57,49668.37,16830944.5,0.5,0.75,1.0,1.0,34.0,15,33,72,179,374
16181.0,2011-09-27,2011-09-27,1,3360.94,2011-12-10,1,74,1.0,2394.1,7374.04,17904.57,49668.37,16830944.5,0.5,0.75,1.0,1.0,34.0,15,33,72,179,374
13390.0,2011-09-26,2011-09-26,1,5096.16,2011-12-10,1,75,1.0,2394.1,7374.04,17904.57,49668.37,16830944.5,0.5,0.75,1.0,1.0,34.0,15,33,72,179,374
13927.0,2011-09-26,2011-09-26,1,7328.79,2011-12-10,1,75,1.0,2394.1,7374.04,17904.57,49668.37,16830944.5,0.5,0.75,1.0,1.0,34.0,15,33,72,179,374
14908.0,2011-09-26,2011-09-26,1,1262.1,2011-12-10,1,75,1.0,2394.1,7374.04,17904.57,49668.37,16830944.5,0.5,0.75,1.0,1.0,34.0,15,33,72,179,374
13639.0,2011-09-26,2011-09-26,1,41333.6,2011-12-10,1,75,1.0,2394.1,7374.04,17904.57,49668.37,16830944.5,0.5,0.75,1.0,1.0,34.0,15,33,72,179,374
15958.0,2011-09-26,2011-09-26,1,730.45,2011-12-10,1,75,1.0,2394.1,7374.04,17904.57,49668.37,16830944.5,0.5,0.75,1.0,1.0,34.0,15,33,72,179,374
15243.0,2011-09-26,2011-09-26,1,6966.96,2011-12-10,1,75,1.0,2394.1,7374.04,17904.57,49668.37,16830944.5,0.5,0.75,1.0,1.0,34.0,15,33,72,179,374
16468.0,2011-09-26,2011-09-26,1,62.4,2011-12-10,1,75,1.0,2394.1,7374.04,17904.57,49668.37,16830944.5,0.5,0.75,1.0,1.0,34.0,15,33,72,179,374
13866.0,2011-09-26,2011-09-26,1,1019.69,2011-12-10,1,75,1.0,2394.1,7374.04,17904.57,49668.37,16830944.5,0.5,0.75,1.0,1.0,34.0,15,33,72,179,374
14473.0,2011-09-26,2011-09-26,1,896.04,2011-12-10,1,75,1.0,2394.1,7374.04,17904.57,49668.37,16830944.5,0.5,0.75,1.0,1.0,34.0,15,33,72,179,374
12612.0,2011-09-26,2011-09-26,1,12024.72,2011-12-10,1,75,1.0,2394.1,7374.04,17904.57,49668.37,16830944.5,0.5,0.75,1.0,1.0,34.0,15,33,72,179,374
16342.0,2011-09-25,2011-06-13,4,908.34,2011-12-10,4,76,1.0,2394.1,7374.04,17904.57,49668.37,16830944.5,0.5,0.75,1.0,1.0,34.0,15,33,72,179,374
17506.0,2011-09-25,2011-09-25,1,4230.8,2011-12-10,1,76,1.0,2394.1,7374.04,17904.57,49668.37,16830944.5,0.5,0.75,1.0,1.0,34.0,15,33,72,179,374
16480.0,2011-09-25,2011-09-25,1,29130.13,2011-12-10,1,76,1.0,2394.1,7374.04,17904.57,49668.37,16830944.5,0.5,0.75,1.0,1.0,34.0,15,33,72,179,374
17498.0,2011-09-25,2011-09-25,1,4627.74,2011-12-10,1,76,1.0,2394.1,7374.04,17904.57,49668.37,16830944.5,0.5,0.75,1.0,1.0,34.0,15,33,72,179,374
17154.0,2011-09-25,2011-09-25,1,7574.82,2011-12-10,1,76,1.0,2394.1,7374.04,17904.57,49668.37,16830944.5,0.5,0.75,1.0,1.0,34.0,15,33,72,179,374
16594.0,2011-09-25,2011-09-25,1,6857.06,2011-12-10,1,76,1.0,2394.1,7374.04,17904.57,49668.37,16830944.5,0.5,0.75,1.0,1.0,34.0,15,33,72,179,374
14757.0,2011-09-25,2011-09-25,1,7119.0,2011-12-10,1,76,1.0,2394.1,7374.04,17904.57,49668.37,16830944.5,0.5,0.75,1.0,1.0,34.0,15,33,72,179,374
16198.0,2011-09-25,2011-09-25,1,4150.64,2011-12-10,1,76,1.0,2394.1,7374.04,17904.57,49668.37,16830944.5,0.5,0.75,1.0,1.0,34.0,15,33,72,179,374
13670.0,2011-09-25,2011-09-25,1,8742.5,2011-12-10,1,76,1.0,2394.1,7374.04,17904.57,49668.37,16830944.5,0.5,0.75,1.0,1.0,34.0,15,33,72,179,374
18066.0,2011-09-25,2011-09-25,1,3180.0,2011-12-10,1,76,1.0,2394.1,7374.04,17904.57,49668.37,16830944.5,0.5,0.75,1.0,1.0,34.0,15,33,72,179,374
14806.0,2011-09-25,2011-09-25,1,1844.4,2011-12-10,1,76,1.0,2394.1,7374.04,17904.57,49668.37,16830944.5,0.5,0.75,1.0,1.0,34.0,15,33,72,179,374
15154.0,2011-09-25,2011-09-25,1,17937.6,2011-12-10,1,76,1.0,2394.1,7374.04,17904.57,49668.37,16830944.5,0.5,0.75,1.0,1.0,34.0,15,33,72,179,374
15744.0,2011-09-23,2011-09-23,1,104.4,2011-12-10,1,78,1.0,2394.1,7374.04,17904.57,49668.37,16830944.5,0.5,0.75,1.0,1.0,34.0,15,33,72,179,374
13127.0,2011-09-23,2011-09-23,1,3887.55,2011-12-10,1,78,1.0,2394.1,7374.04,17904.57,49668.37,16830944.5,0.5,0.75,1.0,1.0,34.0,15,33,72,179,374
17480.0,2011-09-23,2011-09-23,1,14842.78,2011-12-10,1,78,1.0,2394.1,7374.04,17904.57,49668.37,16830944.5,0.5,0.75,1.0,1.0,34.0,15,33,72,179,374
15075.0,2011-09-23,2011-09-23,1,15961.92,2011-12-10,1,78,1.0,2394.1,7374.04,17904.57,49668.37,16830944.5,0.5,0.75,1.0,1.0,34.0,15,33,72,179,374
16978.0,2011-09-23,2011-09-23,1,11171.88,2011-12-10,1,78,1.0,2394.1,7374.04,17904.57,49668.37,16830944.5,0.5,0.75,1.0,1.0,34.0,15,33,72,179,374
14014.0,2011-09-23,2011-09-23,1,19702.02,2011-12-10,1,78,1.0,2394.1,7374.04,17904.57,49668.37,16830944.5,0.5,0.75,1.0,1.0,34.0,15,33,72,179,374
13336.0,2011-09-23,2011-09-23,1,39131.0,2011-12-10,1,78,1.0,2394.1,7374.04,17904.57,49668.37,16830944.5,0.5,0.75,1.0,1.0,34.0,15,33,72,179,374
14652.0,2011-09-23,2011-09-23,1,2545.56,2011-12-10,1,78,1.0,2394.1,7374.04,17904.57,49668.37,16830944.5,0.5,0.75,1.0,1.0,34.0,15,33,72,179,374
15475.0,2011-09-23,2011-09-23,1,11376.68,2011-12-10,1,78,1.0,2394.1,7374.04,17904.57,49668.37,16830944.5,0.5,0.75,1.0,1.0,34.0,15,33,72,179,374
15978.0,2011-09-23,2011-09-23,1,50831.04,2011-12-10,1,78,1.0,2394.1,7374.04,17904.57,49668.37,16830944.5,0.5,0.75,1.0,1.0,34.0,15,33,72,179,374
16485.0,2011-09-23,2011-09-23,1,11514.75,2011-12-10,1,78,1.0,2394.1,7374.04,17904.57,49668.37,16830944.5,0.5,0.75,1.0,1.0,34.0,15,33,72,179,374
14854.0,2011-09-22,2011-03-10,7,61572.17,2011-12-10,7,79,1.0,2394.1,7374.04,17904.57,49668.37,16830944.5,0.5,0.75,1.0,1.0,34.0,15,33,72,179,374
13486.0,2011-09-22,2011-07-07,3,24913.64,2011-12-10,3,79,1.0,2394.1,7374.04,17904.57,49668.37,16830944.5,0.5,0.75,1.0,1.0,34.0,15,33,72,179,374
17172.0,2011-09-22,2011-09-22,1,4766.4,2011-12-10,1,79,1.0,2394.1,7374.04,17904.57,49668.37,16830944.5,0.5,0.75,1.0,1.0,34.0,15,33,72,179,374
16213.0,2011-09-22,2011-09-22,1,412.5,2011-12-10,1,79,1.0,2394.1,7374.04,17904.57,49668.37,16830944.5,0.5,0.75,1.0,1.0,34.0,15,33,72,179,374
15603.0,2011-09-22,2011-09-22,1,96.96,2011-12-10,1,79,1.0,2394.1,7374.04,17904.57,49668.37,16830944.5,0.5,0.75,1.0,1.0,34.0,15,33,72,179,374
16236.0,2011-09-22,2011-09-22,1,8644.0,2011-12-10,1,79,1.0,2394.1,7374.04,17904.57,49668.37,16830944.5,0.5,0.75,1.0,1.0,34.0,15,33,72,179,374
17603.0,2011-09-22,2011-09-22,1,1447.2,2011-12-10,1,79,1.0,2394.1,7374.04,17904.57,49668.37,16830944.5,0.5,0.75,1.0,1.0,34.0,15,33,72,179,374
17079.0,2011-09-22,2011-09-22,1,237.6,2011-12-10,1,79,1.0,2394.1,7374.04,17904.57,49668.37,16830944.5,0.5,0.75,1.0,1.0,34.0,15,33,72,179,374
12579.0,2011-09-22,2011-09-22,1,9383.92,2011-12-10,1,79,1.0,2394.1,7374.04,17904.57,49668.37,16830944.5,0.5,0.75,1.0,1.0,34.0,15,33,72,179,374
13279.0,2011-09-22,2011-09-22,1,1239.75,2011-12-10,1,79,1.0,2394.1,7374.04,17904.57,49668.37,16830944.5,0.5,0.75,1.0,1.0,34.0,15,33,72,179,374
12425.0,2011-09-22,2011-09-22,1,24979.8,2011-12-10,1,79,1.0,2394.1,7374.04,17904.57,49668.37,16830944.5,0.5,0.75,1.0,1.0,34.0,15,33,72,179,374
16715.0,2011-09-22,2011-09-22,1,5732.68,2011-12-10,1,79,1.0,2394.1,7374.04,17904.57,49668.37,16830944.5,0.5,0.75,1.0,1.0,34.0,15,33,72,179,374
13519.0,2011-09-22,2011-09-22,1,473.7,2011-12-10,1,79,1.0,2394.1,7374.04,17904.57,49668.37,16830944.5,0.5,0.75,1.0,1.0,34.0,15,33,72,179,374
17731.0,2011-09-21,2011-06-09,4,11601.42,2011-12-10,4,80,1.0,2394.1,7374.04,17904.57,49668.37,16830944.5,0.5,0.75,1.0,1.0,34.0,15,33,72,179,374
12390.0,2011-09-21,2011-09-21,1,11640.78,2011-12-10,1,80,1.0,2394.1,7374.04,17904.57,49668.37,16830944.5,0.5,0.75,1.0,1.0,34.0,15,33,72,179,374
17415.0,2011-09-21,2011-09-21,1,1107.52,2011-12-10,1,80,1.0,2394.1,7374.04,17904.57,49668.37,16830944.5,0.5,0.75,1.0,1.0,34.0,15,33,72,179,374
12550.0,2011-09-21,2011-09-21,1,44818.4,2011-12-10,1,80,1.0,2394.1,7374.04,17904.57,49668.37,16830944.5,0.5,0.75,1.0,1.0,34.0,15,33,72,179,374
16627.0,2011-09-21,2011-09-21,1,1992.1,2011-12-10,1,80,1.0,2394.1,7374.04,17904.57,49668.37,16830944.5,0.5,0.75,1.0,1.0,34.0,15,33,72,179,374
17475.0,2011-09-21,2011-09-21,1,2721.18,2011-12-10,1,80,1.0,2394.1,7374.04,17904.57,49668.37,16830944.5,0.5,0.75,1.0,1.0,34.0,15,33,72,179,374
14951.0,2011-09-21,2011-09-21,1,5195.36,2011-12-10,1,80,1.0,2394.1,7374.04,17904.57,49668.37,16830944.5,0.5,0.75,1.0,1.0,34.0,15,33,72,179,374
14887.0,2011-09-21,2011-09-21,1,11172.0,2011-12-10,1,80,1.0,2394.1,7374.04,17904.57,49668.37,16830944.5,0.5,0.75,1.0,1.0,34.0,15,33,72,179,374
15341.0,2011-09-20,2011-09-20,1,34348.84,2011-12-10,1,81,1.0,2394.1,7374.04,17904.57,49668.37,16830944.5,0.5,0.75,1.0,1.0,34.0,15,33,72,179,374
16215.0,2011-09-20,2011-09-20,1,2638.8,2011-12-10,1,81,1.0,2394.1,7374.04,17904.57,49668.37,16830944.5,0.5,0.75,1.0,1.0,34.0,15,33,72,179,374
15888.0,2011-09-20,2011-09-20,1,1009.91,2011-12-10,1,81,1.0,2394.1,7374.04,17904.57,49668.37,16830944.5,0.5,0.75,1.0,1.0,34.0,15,33,72,179,374
13356.0,2011-09-20,2011-09-20,1,22038.84,2011-12-10,1,81,1.0,2394.1,7374.04,17904.57,49668.37,16830944.5,0.5,0.75,1.0,1.0,34.0,15,33,72,179,374
13325.0,2011-09-19,2011-09-19,1,8103.6,2011-12-10,1,82,1.0,2394.1,7374.04,17904.57,49668.37,16830944.5,0.5,0.75,1.0,1.0,34.0,15,33,72,179,374
13774.0,2011-09-19,2011-09-19,1,6931.05,2011-12-10,1,82,1.0,2394.1,7374.04,17904.57,49668.37,16830944.5,0.5,0.75,1.0,1.0,34.0,15,33,72,179,374
12497.0,2011-09-19,2011-09-19,1,12390.3,2011-12-10,1,82,1.0,2394.1,7374.04,17904.57,49668.37,16830944.5,0.5,0.75,1.0,1.0,34.0,15,33,72,179,374
12752.0,2011-09-19,2011-09-19,1,201897.78,2011-12-10,1,82,1.0,2394.1,7374.04,17904.57,49668.37,16830944.5,0.5,0.75,1.0,1.0,34.0,15,33,72,179,374
15504.0,2011-09-19,2011-09-19,1,686.79,2011-12-10,1,82,1.0,2394.1,7374.04,17904.57,49668.37,16830944.5,0.5,0.75,1.0,1.0,34.0,15,33,72,179,374
13228.0,2011-09-19,2011-09-19,1,716.0,2011-12-10,1,82,1.0,2394.1,7374.04,17904.57,49668.37,16830944.5,0.5,0.75,1.0,1.0,34.0,15,33,72,179,374
17628.0,2011-09-19,2011-09-19,1,378.75,2011-12-10,1,82,1.0,2394.1,7374.04,17904.57,49668.37,16830944.5,0.5,0.75,1.0,1.0,34.0,15,33,72,179,374
16527.0,2011-09-19,2011-09-19,1,3192.84,2011-12-10,1,82,1.0,2394.1,7374.04,17904.57,49668.37,16830944.5,0.5,0.75,1.0,1.0,34.0,15,33,72,179,374
15947.0,2011-09-18,2011-09-18,1,34087.68,2011-12-10,1,83,1.0,2394.1,7374.04,17904.57,49668.37,16830944.5,0.5,0.75,1.0,1.0,34.0,15,33,72,179,374
18194.0,2011-09-18,2011-09-18,1,6816.88,2011-12-10,1,83,1.0,2394.1,7374.04,17904.57,49668.37,16830944.5,0.5,0.75,1.0,1.0,34.0,15,33,72,179,374
13067.0,2011-09-18,2011-09-18,1,1731.9,2011-12-10,1,83,1.0,2394.1,7374.04,17904.57,49668.37,16830944.5,0.5,0.75,1.0,1.0,34.0,15,33,72,179,374
16108.0,2011-09-16,2011-09-16,1,38798.5,2011-12-10,1,85,1.0,2394.1,7374.04,17904.57,49668.37,16830944.5,0.5,0.75,1.0,1.0,34.0,15,33,72,179,374
15099.0,2011-09-16,2011-09-16,1,9441.04,2011-12-10,1,85,1.0,2394.1,7374.04,17904.57,49668.37,16830944.5,0.5,0.75,1.0,1.0,34.0,15,33,72,179,374
14124.0,2011-09-16,2011-09-16,1,2097.9,2011-12-10,1,85,1.0,2394.1,7374.04,17904.57,49668.37,16830944.5,0.5,0.75,1.0,1.0,34.0,15,33,72,179,374
15975.0,2011-09-16,2011-09-16,1,8904.24,2011-12-10,1,85,1.0,2394.1,7374.04,17904.57,49668.37,16830944.5,0.5,0.75,1.0,1.0,34.0,15,33,72,179,374
15523.0,2011-09-16,2011-09-16,1,3631.59,2011-12-10,1,85,1.0,2394.1,7374.04,17904.57,49668.37,16830944.5,0.5,0.75,1.0,1.0,34.0,15,33,72,179,374
16878.0,2011-09-16,2011-09-16,1,39.9,2011-12-10,1,85,1.0,2394.1,7374.04,17904.57,49668.37,16830944.5,0.5,0.75,1.0,1.0,34.0,15,33,72,179,374
12722.0,2011-09-15,2011-07-12,3,20995.16,2011-12-10,3,86,1.0,2394.1,7374.04,17904.57,49668.37,16830944.5,0.5,0.75,1.0,1.0,34.0,15,33,72,179,374
15205.0,2011-09-15,2011-08-04,2,7860.57,2011-12-10,2,86,1.0,2394.1,7374.04,17904.57,49668.37,16830944.5,0.5,0.75,1.0,1.0,34.0,15,33,72,179,374
15322.0,2011-09-15,2011-09-15,1,25435.2,2011-12-10,1,86,1.0,2394.1,7374.04,17904.57,49668.37,16830944.5,0.5,0.75,1.0,1.0,34.0,15,33,72,179,374
17333.0,2011-09-15,2011-09-15,1,13839.0,2011-12-10,1,86,1.0,2394.1,7374.04,17904.57,49668.37,16830944.5,0.5,0.75,1.0,1.0,34.0,15,33,72,179,374
13518.0,2011-09-15,2011-09-15,1,19775.76,2011-12-10,1,86,1.0,2394.1,7374.04,17904.57,49668.37,16830944.5,0.5,0.75,1.0,1.0,34.0,15,33,72,179,374
14894.0,2011-09-15,2011-09-15,1,15082.25,2011-12-10,1,86,1.0,2394.1,7374.04,17904.57,49668.37,16830944.5,0.5,0.75,1.0,1.0,34.0,15,33,72,179,374
15466.0,2011-09-15,2011-09-15,1,18176.48,2011-12-10,1,86,1.0,2394.1,7374.04,17904.57,49668.37,16830944.5,0.5,0.75,1.0,1.0,34.0,15,33,72,179,374
15417.0,2011-09-15,2011-09-15,1,14246.4,2011-12-10,1,86,1.0,2394.1,7374.04,17904.57,49668.37,16830944.5,0.5,0.75,1.0,1.0,34.0,15,33,72,179,374
12995.0,2011-09-15,2011-09-15,1,633.96,2011-12-10,1,86,1.0,2394.1,7374.04,17904.57,49668.37,16830944.5,0.5,0.75,1.0,1.0,34.0,15,33,72,179,374
14557.0,2011-09-15,2011-09-15,1,12614.08,2011-12-10,1,86,1.0,2394.1,7374.04,17904.57,49668.37,16830944.5,0.5,0.75,1.0,1.0,34.0,15,33,72,179,374
14177.0,2011-09-14,2011-06-13,4,4305.26,2011-12-10,4,87,1.0,2394.1,7374.04,17904.57,49668.37,16830944.5,0.5,0.75,1.0,1.0,34.0,15,33,72,179,374
14660.0,2011-09-14,2011-08-31,2,3519.75,2011-12-10,2,87,1.0,2394.1,7374.04,17904.57,49668.37,16830944.5,0.5,0.75,1.0,1.0,34.0,15,33,72,179,374
17640.0,2011-09-14,2011-09-14,1,3108.3,2011-12-10,1,87,1.0,2394.1,7374.04,17904.57,49668.37,16830944.5,0.5,0.75,1.0,1.0,34.0,15,33,72,179,374
12756.0,2011-09-14,2011-09-14,1,448.32,2011-12-10,1,87,1.0,2394.1,7374.04,17904.57,49668.37,16830944.5,0.5,0.75,1.0,1.0,34.0,15,33,72,179,374
17347.0,2011-09-14,2011-09-14,1,228.96,2011-12-10,1,87,1.0,2394.1,7374.04,17904.57,49668.37,16830944.5,0.5,0.75,1.0,1.0,34.0,15,33,72,179,374
12566.0,2011-09-14,2011-09-14,1,3612.75,2011-12-10,1,87,1.0,2394.1,7374.04,17904.57,49668.37,16830944.5,0.5,0.75,1.0,1.0,34.0,15,33,72,179,374
13877.0,2011-09-14,2011-09-14,1,351.72,2011-12-10,1,87,1.0,2394.1,7374.04,17904.57,49668.37,16830944.5,0.5,0.75,1.0,1.0,34.0,15,33,72,179,374
16451.0,2011-09-13,2011-09-13,1,3737.58,2011-12-10,1,88,1.0,2394.1,7374.04,17904.57,49668.37,16830944.5,0.5,0.75,1.0,1.0,34.0,15,33,72,179,374
15216.0,2011-09-13,2011-09-13,1,193.2,2011-12-10,1,88,1.0,2394.1,7374.04,17904.57,49668.37,16830944.5,0.5,0.75,1.0,1.0,34.0,15,33,72,179,374
17037.0,2011-09-13,2011-09-13,1,82762.4,2011-12-10,1,88,1.0,2394.1,7374.04,17904.57,49668.37,16830944.5,0.5,0.75,1.0,1.0,34.0,15,33,72,179,374
15343.0,2011-09-13,2011-09-13,1,4011.2,2011-12-10,1,88,1.0,2394.1,7374.04,17904.57,49668.37,16830944.5,0.5,0.75,1.0,1.0,34.0,15,33,72,179,374
14753.0,2011-09-13,2011-09-13,1,15754.25,2011-12-10,1,88,1.0,2394.1,7374.04,17904.57,49668.37,16830944.5,0.5,0.75,1.0,1.0,34.0,15,33,72,179,374
16959.0,2011-09-13,2011-09-13,1,821.45,2011-12-10,1,88,1.0,2394.1,7374.04,17904.57,49668.37,16830944.5,0.5,0.75,1.0,1.0,34.0,15,33,72,179,374
18251.0,2011-09-13,2011-09-13,1,69035.52,2011-12-10,1,88,1.0,2394.1,7374.04,17904.57,49668.37,16830944.5,0.5,0.75,1.0,1.0,34.0,15,33,72,179,374
16984.0,2011-09-12,2011-08-01,2,840932.38,2011-12-10,2,89,1.0,2394.1,7374.04,17904.57,49668.37,16830944.5,0.5,0.75,1.0,1.0,34.0,15,33,72,179,374
13375.0,2011-09-12,2011-09-12,1,25476.5,2011-12-10,1,89,1.0,2394.1,7374.04,17904.57,49668.37,16830944.5,0.5,0.75,1.0,1.0,34.0,15,33,72,179,374
16211.0,2011-09-12,2011-09-12,1,6584.4,2011-12-10,1,89,1.0,2394.1,7374.04,17904.57,49668.37,16830944.5,0.5,0.75,1.0,1.0,34.0,15,33,72,179,374
12884.0,2011-09-12,2011-09-12,1,834.3,2011-12-10,1,89,1.0,2394.1,7374.04,17904.57,49668.37,16830944.5,0.5,0.75,1.0,1.0,34.0,15,33,72,179,374
16141.0,2011-09-12,2011-09-12,1,14253.3,2011-12-10,1,89,1.0,2394.1,7374.04,17904.57,49668.37,16830944.5,0.5,0.75,1.0,1.0,34.0,15,33,72,179,374
17919.0,2011-09-12,2011-09-12,1,23435.28,2011-12-10,1,89,1.0,2394.1,7374.04,17904.57,49668.37,16830944.5,0.5,0.75,1.0,1.0,34.0,15,33,72,179,374
17433.0,2011-09-12,2011-09-12,1,14729.52,2011-12-10,1,89,1.0,2394.1,7374.04,17904.57,49668.37,16830944.5,0.5,0.75,1.0,1.0,34.0,15,33,72,179,374
15035.0,2011-09-11,2011-09-11,1,6823.71,2011-12-10,1,90,1.0,2394.1,7374.04,17904.57,49668.37,16830944.5,0.5,0.75,1.0,1.0,34.0,15,33,72,179,374
14212.0,2011-09-11,2011-09-11,1,9634.32,2011-12-10,1,90,1.0,2394.1,7374.04,17904.57,49668.37,16830944.5,0.5,0.75,1.0,1.0,34.0,15,33,72,179,374
13372.0,2011-09-11,2011-09-11,1,6118.8,2011-12-10,1,90,1.0,2394.1,7374.04,17904.57,49668.37,16830944.5,0.5,0.75,1.0,1.0,34.0,15,33,72,179,374
18255.0,2011-09-11,2011-09-11,1,619.8,2011-12-10,1,90,1.0,2394.1,7374.04,17904.57,49668.37,16830944.5,0.5,0.75,1.0,1.0,34.0,15,33,72,179,374
16796.0,2011-09-11,2011-09-11,1,5501.16,2011-12-10,1,90,1.0,2394.1,7374.04,17904.57,49668.37,16830944.5,0.5,0.75,1.0,1.0,34.0,15,33,72,179,374
12965.0,2011-09-11,2011-09-11,1,64771.74,2011-12-10,1,90,1.0,2394.1,7374.04,17904.57,49668.37,16830944.5,0.5,0.75,1.0,1.0,34.0,15,33,72,179,374
18215.0,2011-09-11,2011-09-11,1,3891.42,2011-12-10,1,90,1.0,2394.1,7374.04,17904.57,49668.37,16830944.5,0.5,0.75,1.0,1.0,34.0,15,33,72,179,374
13441.0,2011-09-09,2011-09-09,1,3856.32,2011-12-10,1,92,1.0,2394.1,7374.04,17904.57,49668.37,16830944.5,0.5,0.75,1.0,1.0,34.0,15,33,72,179,374
15652.0,2011-09-09,2011-09-09,1,6356.8,2011-12-10,1,92,1.0,2394.1,7374.04,17904.57,49668.37,16830944.5,0.5,0.75,1.0,1.0,34.0,15,33,72,179,374
15198.0,2011-09-08,2011-08-07,2,968.2,2011-12-10,2,93,1.0,2394.1,7374.04,17904.57,49668.37,16830944.5,0.5,0.75,1.0,1.0,34.0,15,33,72,179,374
15653.0,2011-09-08,2011-08-16,2,1850.88,2011-12-10,2,93,1.0,2394.1,7374.04,17904.57,49668.37,16830944.5,0.5,0.75,1.0,1.0,34.0,15,33,72,179,374
13889.0,2011-09-08,2011-09-08,1,6253.5,2011-12-10,1,93,1.0,2394.1,7374.04,17904.57,49668.37,16830944.5,0.5,0.75,1.0,1.0,34.0,15,33,72,179,374
15488.0,2011-09-08,2011-09-08,1,76.32,2011-12-10,1,93,1.0,2394.1,7374.04,17904.57,49668.37,16830944.5,0.5,0.75,1.0,1.0,34.0,15,33,72,179,374
18222.0,2011-09-08,2011-09-08,1,6409.85,2011-12-10,1,93,1.0,2394.1,7374.04,17904.57,49668.37,16830944.5,0.5,0.75,1.0,1.0,34.0,15,33,72,179,374
13244.0,2011-09-08,2011-09-08,1,2274.96,2011-12-10,1,93,1.0,2394.1,7374.04,17904.57,49668.37,16830944.5,0.5,0.75,1.0,1.0,34.0,15,33,72,179,374
13210.0,2011-09-07,2011-09-07,1,7776.56,2011-12-10,1,94,1.0,2394.1,7374.04,17904.57,49668.37,16830944.5,0.5,0.75,1.0,1.0,34.0,15,33,72,179,374
15885.0,2011-09-07,2011-09-07,1,3361.15,2011-12-10,1,94,1.0,2394.1,7374.04,17904.57,49668.37,16830944.5,0.5,0.75,1.0,1.0,34.0,15,33,72,179,374
16400.0,2011-09-06,2011-09-06,1,8035.44,2011-12-10,1,95,1.0,2394.1,7374.04,17904.57,49668.37,16830944.5,0.5,0.75,1.0,1.0,34.0,15,33,72,179,374
14208.0,2011-09-06,2011-09-06,1,934.72,2011-12-10,1,95,1.0,2394.1,7374.04,17904.57,49668.37,16830944.5,0.5,0.75,1.0,1.0,34.0,15,33,72,179,374
13130.0,2011-09-06,2011-09-06,1,128.0,2011-12-10,1,95,1.0,2394.1,7374.04,17904.57,49668.37,16830944.5,0.5,0.75,1.0,1.0,34.0,15,33,72,179,374
15491.0,2011-09-05,2011-04-18,6,73374.85,2011-12-10,6,96,1.0,2394.1,7374.04,17904.57,49668.37,16830944.5,0.5,0.75,1.0,1.0,34.0,15,33,72,179,374
15307.0,2011-09-05,2011-09-05,1,1080.8,2011-12-10,1,96,1.0,2394.1,7374.04,17904.57,49668.37,16830944.5,0.5,0.75,1.0,1.0,34.0,15,33,72,179,374
16820.0,2011-09-05,2011-09-05,1,9456.92,2011-12-10,1,96,1.0,2394.1,7374.04,17904.57,49668.37,16830944.5,0.5,0.75,1.0,1.0,34.0,15,33,72,179,374
17309.0,2011-09-05,2011-09-05,1,993.0,2011-12-10,1,96,1.0,2394.1,7374.04,17904.57,49668.37,16830944.5,0.5,0.75,1.0,1.0,34.0,15,33,72,179,374
16761.0,2011-09-04,2011-09-04,1,4116.06,2011-12-10,1,97,1.0,2394.1,7374.04,17904.57,49668.37,16830944.5,0.5,0.75,1.0,1.0,34.0,15,33,72,179,374
12851.0,2011-09-04,2011-09-04,1,5197.44,2011-12-10,1,97,1.0,2394.1,7374.04,17904.57,49668.37,16830944.5,0.5,0.75,1.0,1.0,34.0,15,33,72,179,374
14436.0,2011-09-02,2011-09-02,1,612.48,2011-12-10,1,99,1.0,2394.1,7374.04,17904.57,49668.37,16830944.5,0.5,0.75,1.0,1.0,34.0,15,33,72,179,374
18027.0,2011-09-02,2011-09-02,1,2421.51,2011-12-10,1,99,1.0,2394.1,7374.04,17904.57,49668.37,16830944.5,0.5,0.75,1.0,1.0,34.0,15,33,72,179,374
14171.0,2011-09-02,2011-09-02,1,16964.2,2011-12-10,1,99,1.0,2394.1,7374.04,17904.57,49668.37,16830944.5,0.5,0.75,1.0,1.0,34.0,15,33,72,179,374
13470.0,2011-09-01,2011-08-16,2,957.0,2011-12-10,2,100,1.0,2394.1,7374.04,17904.57,49668.37,16830944.5,0.5,0.75,1.0,1.0,34.0,15,33,72,179,374
12436.0,2011-09-01,2011-09-01,1,6435.15,2011-12-10,1,100,1.0,2394.1,7374.04,17904.57,49668.37,16830944.5,0.5,0.75,1.0,1.0,34.0,15,33,72,179,374
13045.0,2011-09-01,2011-09-01,1,5495.04,2011-12-10,1,100,1.0,2394.1,7374.04,17904.57,49668.37,16830944.5,0.5,0.75,1.0,1.0,34.0,15,33,72,179,374
13099.0,2011-09-01,2011-09-01,1,207.36,2011-12-10,1,100,1.0,2394.1,7374.04,17904.57,49668.37,16830944.5,0.5,0.75,1.0,1.0,34.0,15,33,72,179,374
12739.0,2011-09-01,2011-09-01,1,18263.52,2011-12-10,1,100,1.0,2394.1,7374.04,17904.57,49668.37,16830944.5,0.5,0.75,1.0,1.0,34.0,15,33,72,179,374
14420.0,2011-09-01,2011-09-01,1,11238.08,2011-12-10,1,100,1.0,2394.1,7374.04,17904.57,49668.37,16830944.5,0.5,0.75,1.0,1.0,34.0,15,33,72,179,374
16278.0,2011-08-31,2011-08-31,1,3885.28,2011-12-10,1,101,1.0,2394.1,7374.04,17904.57,49668.37,16830944.5,0.5,0.75,1.0,1.0,34.0,15,33,72,179,374
12814.0,2011-08-30,2011-08-30,1,85.92,2011-12-10,1,102,1.0,2394.1,7374.04,17904.57,49668.37,16830944.5,0.5,0.75,1.0,1.0,34.0,15,33,72,179,374
15866.0,2011-08-30,2011-08-30,1,7546.56,2011-12-10,1,102,1.0,2394.1,7374.04,17904.57,49668.37,16830944.5,0.5,0.75,1.0,1.0,34.0,15,33,72,179,374
15095.0,2011-08-28,2011-05-20,4,24113.3,2011-12-10,4,104,1.0,2394.1,7374.04,17904.57,49668.37,16830944.5,0.5,0.75,1.0,1.0,34.0,15,33,72,179,374
15325.0,2011-08-28,2011-08-28,1,7952.21,2011-12-10,1,104,1.0,2394.1,7374.04,17904.57,49668.37,16830944.5,0.5,0.75,1.0,1.0,34.0,15,33,72,179,374
13778.0,2011-08-28,2011-08-28,1,1608.3,2011-12-10,1,104,1.0,2394.1,7374.04,17904.57,49668.37,16830944.5,0.5,0.75,1.0,1.0,34.0,15,33,72,179,374
16641.0,2011-08-26,2011-08-26,1,2355.1,2011-12-10,1,106,1.0,2394.1,7374.04,17904.57,49668.37,16830944.5,0.5,0.75,1.0,1.0,34.0,15,33,72,179,374
15074.0,2011-08-26,2011-08-26,1,31452.54,2011-12-10,1,106,1.0,2394.1,7374.04,17904.57,49668.37,16830944.5,0.5,0.75,1.0,1.0,34.0,15,33,72,179,374
14196.0,2011-08-25,2011-08-25,1,1592.6,2011-12-10,1,107,1.0,2394.1,7374.04,17904.57,49668.37,16830944.5,0.5,0.75,1.0,1.0,34.0,15,33,72,179,374
15263.0,2011-08-25,2011-08-25,1,1534.61,2011-12-10,1,107,1.0,2394.1,7374.04,17904.57,49668.37,16830944.5,0.5,0.75,1.0,1.0,34.0,15,33,72,179,374
14314.0,2011-08-25,2011-08-25,1,960.0,2011-12-10,1,107,1.0,2394.1,7374.04,17904.57,49668.37,16830944.5,0.5,0.75,1.0,1.0,34.0,15,33,72,179,374
16093.0,2011-08-25,2011-08-25,1,17.0,2011-12-10,1,107,1.0,2394.1,7374.04,17904.57,49668.37,16830944.5,0.5,0.75,1.0,1.0,34.0,15,33,72,179,374
17844.0,2011-08-25,2011-08-25,1,257.8,2011-12-10,1,107,1.0,2394.1,7374.04,17904.57,49668.37,16830944.5,0.5,0.75,1.0,1.0,34.0,15,33,72,179,374
14687.0,2011-08-25,2011-08-25,1,9425.7,2011-12-10,1,107,1.0,2394.1,7374.04,17904.57,49668.37,16830944.5,0.5,0.75,1.0,1.0,34.0,15,33,72,179,374
16429.0,2011-08-25,2011-08-25,1,4.95,2011-12-10,1,107,1.0,2394.1,7374.04,17904.57,49668.37,16830944.5,0.5,0.75,1.0,1.0,34.0,15,33,72,179,374
14055.0,2011-08-25,2011-08-25,1,5069.92,2011-12-10,1,107,1.0,2394.1,7374.04,17904.57,49668.37,16830944.5,0.5,0.75,1.0,1.0,34.0,15,33,72,179,374
12715.0,2011-08-25,2011-08-25,1,5477.2,2011-12-10,1,107,1.0,2394.1,7374.04,17904.57,49668.37,16830944.5,0.5,0.75,1.0,1.0,34.0,15,33,72,179,374
15663.0,2011-08-25,2011-08-25,1,1243.26,2011-12-10,1,107,1.0,2394.1,7374.04,17904.57,49668.37,16830944.5,0.5,0.75,1.0,1.0,34.0,15,33,72,179,374
18200.0,2011-08-25,2011-08-25,1,5241.6,2011-12-10,1,107,1.0,2394.1,7374.04,17904.57,49668.37,16830944.5,0.5,0.75,1.0,1.0,34.0,15,33,72,179,374
16723.0,2011-08-24,2011-08-24,1,12282.15,2011-12-10,1,108,1.0,2394.1,7374.04,17904.57,49668.37,16830944.5,0.5,0.75,1.0,1.0,34.0,15,33,72,179,374
13411.0,2011-08-24,2011-08-24,1,3461.2,2011-12-10,1,108,1.0,2394.1,7374.04,17904.57,49668.37,16830944.5,0.5,0.75,1.0,1.0,34.0,15,33,72,179,374
16340.0,2011-08-24,2011-08-24,1,74118.0,2011-12-10,1,108,1.0,2394.1,7374.04,17904.57,49668.37,16830944.5,0.5,0.75,1.0,1.0,34.0,15,33,72,179,374
14523.0,2011-08-23,2011-08-23,1,2514.49,2011-12-10,1,109,1.0,2394.1,7374.04,17904.57,49668.37,16830944.5,0.5,0.75,1.0,1.0,34.0,15,33,72,179,374
14265.0,2011-08-22,2011-07-14,2,4778.76,2011-12-10,2,110,1.0,2394.1,7374.04,17904.57,49668.37,16830944.5,0.5,0.75,1.0,1.0,34.0,15,33,72,179,374
13933.0,2011-08-22,2011-07-14,2,6984.06,2011-12-10,2,110,1.0,2394.1,7374.04,17904.57,49668.37,16830944.5,0.5,0.75,1.0,1.0,34.0,15,33,72,179,374
14566.0,2011-08-21,2011-08-21,1,5728.0,2011-12-10,1,111,1.0,2394.1,7374.04,17904.57,49668.37,16830944.5,0.5,0.75,1.0,1.0,34.0,15,33,72,179,374
16536.0,2011-08-21,2011-08-21,1,16788.62,2011-12-10,1,111,1.0,2394.1,7374.04,17904.57,49668.37,16830944.5,0.5,0.75,1.0,1.0,34.0,15,33,72,179,374
15313.0,2011-08-21,2011-08-21,1,52.0,2011-12-10,1,111,1.0,2394.1,7374.04,17904.57,49668.37,16830944.5,0.5,0.75,1.0,1.0,34.0,15,33,72,179,374
17747.0,2011-08-19,2011-08-19,1,71.4,2011-12-10,1,113,1.0,2394.1,7374.04,17904.57,49668.37,16830944.5,0.5,0.75,1.0,1.0,34.0,15,33,72,179,374
12513.0,2011-08-19,2011-08-19,1,17161.32,2011-12-10,1,113,1.0,2394.1,7374.04,17904.57,49668.37,16830944.5,0.5,0.75,1.0,1.0,34.0,15,33,72,179,374
15396.0,2011-08-19,2011-08-19,1,2862.34,2011-12-10,1,113,1.0,2394.1,7374.04,17904.57,49668.37,16830944.5,0.5,0.75,1.0,1.0,34.0,15,33,72,179,374
12418.0,2011-08-19,2011-08-19,1,14870.4,2011-12-10,1,113,1.0,2394.1,7374.04,17904.57,49668.37,16830944.5,0.5,0.75,1.0,1.0,34.0,15,33,72,179,374
16828.0,2011-08-19,2011-08-19,1,794.5,2011-12-10,1,113,1.0,2394.1,7374.04,17904.57,49668.37,16830944.5,0.5,0.75,1.0,1.0,34.0,15,33,72,179,374
14772.0,2011-08-19,2011-08-19,1,1012.08,2011-12-10,1,113,1.0,2394.1,7374.04,17904.57,49668.37,16830944.5,0.5,0.75,1.0,1.0,34.0,15,33,72,179,374
12968.0,2011-08-19,2011-08-19,1,504.0,2011-12-10,1,113,1.0,2394.1,7374.04,17904.57,49668.37,16830944.5,0.5,0.75,1.0,1.0,34.0,15,33,72,179,374
17045.0,2011-08-18,2011-07-06,2,2522.2,2011-12-10,2,114,1.0,2394.1,7374.04,17904.57,49668.37,16830944.5,0.5,0.75,1.0,1.0,34.0,15,33,72,179,374
15232.0,2011-08-18,2011-07-22,2,9508.58,2011-12-10,2,114,1.0,2394.1,7374.04,17904.57,49668.37,16830944.5,0.5,0.75,1.0,1.0,34.0,15,33,72,179,374
12688.0,2011-08-18,2011-08-18,1,642871.8,2011-12-10,1,114,1.0,2394.1,7374.04,17904.57,49668.37,16830944.5,0.5,0.75,1.0,1.0,34.0,15,33,72,179,374
12729.0,2011-08-18,2011-08-18,1,8675.83,2011-12-10,1,114,1.0,2394.1,7374.04,17904.57,49668.37,16830944.5,0.5,0.75,1.0,1.0,34.0,15,33,72,179,374
13273.0,2011-08-18,2011-08-18,1,2223.68,2011-12-10,1,114,1.0,2394.1,7374.04,17904.57,49668.37,16830944.5,0.5,0.75,1.0,1.0,34.0,15,33,72,179,374
15472.0,2011-08-18,2011-08-18,1,26022.84,2011-12-10,1,114,1.0,2394.1,7374.04,17904.57,49668.37,16830944.5,0.5,0.75,1.0,1.0,34.0,15,33,72,179,374
16582.0,2011-08-18,2011-08-18,1,1881.72,2011-12-10,1,114,1.0,2394.1,7374.04,17904.57,49668.37,16830944.5,0.5,0.75,1.0,1.0,34.0,15,33,72,179,374
15541.0,2011-08-17,2011-08-17,1,2468.77,2011-12-10,1,115,1.0,2394.1,7374.04,17904.57,49668.37,16830944.5,0.5,0.75,1.0,1.0,34.0,15,33,72,179,374
17070.0,2011-08-17,2011-08-17,1,18411.12,2011-12-10,1,115,1.0,2394.1,7374.04,17904.57,49668.37,16830944.5,0.5,0.75,1.0,1.0,34.0,15,33,72,179,374
14918.0,2011-08-16,2011-07-08,2,32751.0,2011-12-10,2,116,1.0,2394.1,7374.04,17904.57,49668.37,16830944.5,0.5,0.75,1.0,1.0,34.0,15,33,72,179,374
12641.0,2011-08-16,2011-08-16,1,1031.2,2011-12-10,1,116,1.0,2394.1,7374.04,17904.57,49668.37,16830944.5,0.5,0.75,1.0,1.0,34.0,15,33,72,179,374
18143.0,2011-08-15,2011-07-21,2,29767.15,2011-12-10,2,117,1.0,2394.1,7374.04,17904.57,49668.37,16830944.5,0.5,0.75,1.0,1.0,34.0,15,33,72,179,374
13621.0,2011-08-15,2011-08-15,1,4063.15,2011-12-10,1,117,1.0,2394.1,7374.04,17904.57,49668.37,16830944.5,0.5,0.75,1.0,1.0,34.0,15,33,72,179,374
16272.0,2011-08-15,2011-08-15,1,10292.5,2011-12-10,1,117,1.0,2394.1,7374.04,17904.57,49668.37,16830944.5,0.5,0.75,1.0,1.0,34.0,15,33,72,179,374
17958.0,2011-08-15,2011-08-15,1,816.96,2011-12-10,1,117,1.0,2394.1,7374.04,17904.57,49668.37,16830944.5,0.5,0.75,1.0,1.0,34.0,15,33,72,179,374
16961.0,2011-08-15,2011-08-15,1,3278.38,2011-12-10,1,117,1.0,2394.1,7374.04,17904.57,49668.37,16830944.5,0.5,0.75,1.0,1.0,34.0,15,33,72,179,374
16902.0,2011-08-15,2011-08-15,1,45369.34,2011-12-10,1,117,1.0,2394.1,7374.04,17904.57,49668.37,16830944.5,0.5,0.75,1.0,1.0,34.0,15,33,72,179,374
15480.0,2011-08-15,2011-08-15,1,23830.95,2011-12-10,1,117,1.0,2394.1,7374.04,17904.57,49668.37,16830944.5,0.5,0.75,1.0,1.0,34.0,15,33,72,179,374
15683.0,2011-08-14,2011-08-14,1,1937.5,2011-12-10,1,118,1.0,2394.1,7374.04,17904.57,49668.37,16830944.5,0.5,0.75,1.0,1.0,34.0,15,33,72,179,374
14301.0,2011-08-14,2011-08-14,1,8321.82,2011-12-10,1,118,1.0,2394.1,7374.04,17904.57,49668.37,16830944.5,0.5,0.75,1.0,1.0,34.0,15,33,72,179,374
14855.0,2011-08-12,2011-07-28,2,6390.6,2011-12-10,2,120,1.0,2394.1,7374.04,17904.57,49668.37,16830944.5,0.5,0.75,1.0,1.0,34.0,15,33,72,179,374
17122.0,2011-08-12,2011-08-12,1,968.24,2011-12-10,1,120,1.0,2394.1,7374.04,17904.57,49668.37,16830944.5,0.5,0.75,1.0,1.0,34.0,15,33,72,179,374
14406.0,2011-08-12,2011-08-12,1,957.95,2011-12-10,1,120,1.0,2394.1,7374.04,17904.57,49668.37,16830944.5,0.5,0.75,1.0,1.0,34.0,15,33,72,179,374
17248.0,2011-08-11,2011-08-11,1,21986.85,2011-12-10,1,121,1.0,2394.1,7374.04,17904.57,49668.37,16830944.5,0.5,0.75,1.0,1.0,34.0,15,33,72,179,374
13645.0,2011-08-11,2011-08-11,1,928.8,2011-12-10,1,121,1.0,2394.1,7374.04,17904.57,49668.37,16830944.5,0.5,0.75,1.0,1.0,34.0,15,33,72,179,374
13307.0,2011-08-11,2011-08-11,1,15.0,2011-12-10,1,121,1.0,2394.1,7374.04,17904.57,49668.37,16830944.5,0.5,0.75,1.0,1.0,34.0,15,33,72,179,374
16292.0,2011-08-10,2011-08-10,1,4517.6,2011-12-10,1,122,1.0,2394.1,7374.04,17904.57,49668.37,16830944.5,0.5,0.75,1.0,1.0,34.0,15,33,72,179,374
15247.0,2011-08-09,2011-08-09,1,2136.0,2011-12-10,1,123,1.0,2394.1,7374.04,17904.57,49668.37,16830944.5,0.5,0.75,1.0,1.0,34.0,15,33,72,179,374
13355.0,2011-08-09,2011-08-09,1,17753.7,2011-12-10,1,123,1.0,2394.1,7374.04,17904.57,49668.37,16830944.5,0.5,0.75,1.0,1.0,34.0,15,33,72,179,374
14053.0,2011-08-07,2011-07-03,2,568.75,2011-12-10,2,125,1.0,2394.1,7374.04,17904.57,49668.37,16830944.5,0.5,0.75,1.0,1.0,34.0,15,33,72,179,374
14331.0,2011-08-07,2011-07-27,2,8568.18,2011-12-10,2,125,1.0,2394.1,7374.04,17904.57,49668.37,16830944.5,0.5,0.75,1.0,1.0,34.0,15,33,72,179,374
14079.0,2011-08-07,2011-08-07,1,3332.5,2011-12-10,1,125,1.0,2394.1,7374.04,17904.57,49668.37,16830944.5,0.5,0.75,1.0,1.0,34.0,15,33,72,179,374
13082.0,2011-08-05,2011-01-05,8,35542.34,2011-12-10,8,127,1.0,2394.1,7374.04,17904.57,49668.37,16830944.5,0.5,0.75,1.0,1.0,34.0,15,33,72,179,374
16302.0,2011-08-05,2011-08-05,1,2565.42,2011-12-10,1,127,1.0,2394.1,7374.04,17904.57,49668.37,16830944.5,0.5,0.75,1.0,1.0,34.0,15,33,72,179,374
13513.0,2011-08-05,2011-08-05,1,1733.4,2011-12-10,1,127,1.0,2394.1,7374.04,17904.57,49668.37,16830944.5,0.5,0.75,1.0,1.0,34.0,15,33,72,179,374
15254.0,2011-08-04,2011-08-04,1,5406.48,2011-12-10,1,128,1.0,2394.1,7374.04,17904.57,49668.37,16830944.5,0.5,0.75,1.0,1.0,34.0,15,33,72,179,374
18099.0,2011-08-04,2011-08-04,1,3197.89,2011-12-10,1,128,1.0,2394.1,7374.04,17904.57,49668.37,16830944.5,0.5,0.75,1.0,1.0,34.0,15,33,72,179,374
13218.0,2011-08-04,2011-08-04,1,313.2,2011-12-10,1,128,1.0,2394.1,7374.04,17904.57,49668.37,16830944.5,0.5,0.75,1.0,1.0,34.0,15,33,72,179,374
16324.0,2011-08-03,2011-06-15,3,22105.65,2011-12-10,3,129,1.0,2394.1,7374.04,17904.57,49668.37,16830944.5,0.5,0.75,1.0,1.0,34.0,15,33,72,179,374
12750.0,2011-08-03,2011-08-03,1,2615.76,2011-12-10,1,129,1.0,2394.1,7374.04,17904.57,49668.37,16830944.5,0.5,0.75,1.0,1.0,34.0,15,33,72,179,374
15374.0,2011-08-03,2011-08-03,1,234.0,2011-12-10,1,129,1.0,2394.1,7374.04,17904.57,49668.37,16830944.5,0.5,0.75,1.0,1.0,34.0,15,33,72,179,374
14972.0,2011-08-03,2011-08-03,1,1040.55,2011-12-10,1,129,1.0,2394.1,7374.04,17904.57,49668.37,16830944.5,0.5,0.75,1.0,1.0,34.0,15,33,72,179,374
17514.0,2011-08-03,2011-08-03,1,7805.85,2011-12-10,1,129,1.0,2394.1,7374.04,17904.57,49668.37,16830944.5,0.5,0.75,1.0,1.0,34.0,15,33,72,179,374
12917.0,2011-08-03,2011-08-03,1,1188.0,2011-12-10,1,129,1.0,2394.1,7374.04,17904.57,49668.37,16830944.5,0.5,0.75,1.0,1.0,34.0,15,33,72,179,374
17353.0,2011-08-02,2011-07-08,2,6960.0,2011-12-10,2,130,1.0,2394.1,7374.04,17904.57,49668.37,16830944.5,0.5,0.75,1.0,1.0,34.0,15,33,72,179,374
17553.0,2011-08-02,2011-08-02,1,2975.2,2011-12-10,1,130,1.0,2394.1,7374.04,17904.57,49668.37,16830944.5,0.5,0.75,1.0,1.0,34.0,15,33,72,179,374
13075.0,2011-08-02,2011-08-02,1,20231.42,2011-12-10,1,130,1.0,2394.1,7374.04,17904.57,49668.37,16830944.5,0.5,0.75,1.0,1.0,34.0,15,33,72,179,374
15342.0,2011-08-02,2011-08-02,1,8996.22,2011-12-10,1,130,1.0,2394.1,7374.04,17904.57,49668.37,16830944.5,0.5,0.75,1.0,1.0,34.0,15,33,72,179,374
12644.0,2011-08-02,2011-08-02,1,12072.48,2011-12-10,1,130,1.0,2394.1,7374.04,17904.57,49668.37,16830944.5,0.5,0.75,1.0,1.0,34.0,15,33,72,179,374
12378.0,2011-08-02,2011-08-02,1,789438.98,2011-12-10,1,130,1.0,2394.1,7374.04,17904.57,49668.37,16830944.5,0.5,0.75,1.0,1.0,34.0,15,33,72,179,374
13850.0,2011-08-02,2011-08-02,1,134459.42,2011-12-10,1,130,1.0,2394.1,7374.04,17904.57,49668.37,16830944.5,0.5,0.75,1.0,1.0,34.0,15,33,72,179,374
14076.0,2011-08-02,2011-08-02,1,4748.4,2011-12-10,1,130,1.0,2394.1,7374.04,17904.57,49668.37,16830944.5,0.5,0.75,1.0,1.0,34.0,15,33,72,179,374
17887.0,2011-08-02,2011-08-02,1,503.6,2011-12-10,1,130,1.0,2394.1,7374.04,17904.57,49668.37,16830944.5,0.5,0.75,1.0,1.0,34.0,15,33,72,179,374
17941.0,2011-08-01,2011-08-01,1,609.12,2011-12-10,1,131,1.0,2394.1,7374.04,17904.57,49668.37,16830944.5,0.5,0.75,1.0,1.0,34.0,15,33,72,179,374
17053.0,2011-08-01,2011-08-01,1,4103.88,2011-12-10,1,131,1.0,2394.1,7374.04,17904.57,49668.37,16830944.5,0.5,0.75,1.0,1.0,34.0,15,33,72,179,374
12534.0,2011-08-01,2011-08-01,1,50867.74,2011-12-10,1,131,1.0,2394.1,7374.04,17904.57,49668.37,16830944.5,0.5,0.75,1.0,1.0,34.0,15,33,72,179,374
17695.0,2011-07-31,2011-06-21,2,13364.38,2011-12-10,2,132,1.0,2394.1,7374.04,17904.57,49668.37,16830944.5,0.5,0.75,1.0,1.0,34.0,15,33,72,179,374
14885.0,2011-07-31,2011-07-31,1,11479.8,2011-12-10,1,132,1.0,2394.1,7374.04,17904.57,49668.37,16830944.5,0.5,0.75,1.0,1.0,34.0,15,33,72,179,374
15438.0,2011-07-31,2011-07-31,1,3153.99,2011-12-10,1,132,1.0,2394.1,7374.04,17904.57,49668.37,16830944.5,0.5,0.75,1.0,1.0,34.0,15,33,72,179,374
15942.0,2011-07-29,2011-07-29,1,3606.48,2011-12-10,1,134,1.0,2394.1,7374.04,17904.57,49668.37,16830944.5,0.5,0.75,1.0,1.0,34.0,15,33,72,179,374
14143.0,2011-07-29,2011-07-29,1,259.2,2011-12-10,1,134,1.0,2394.1,7374.04,17904.57,49668.37,16830944.5,0.5,0.75,1.0,1.0,34.0,15,33,72,179,374
15120.0,2011-07-29,2011-07-29,1,4473.04,2011-12-10,1,134,1.0,2394.1,7374.04,17904.57,49668.37,16830944.5,0.5,0.75,1.0,1.0,34.0,15,33,72,179,374
16147.0,2011-07-29,2011-07-29,1,5220.0,2011-12-10,1,134,1.0,2394.1,7374.04,17904.57,49668.37,16830944.5,0.5,0.75,1.0,1.0,34.0,15,33,72,179,374
15149.0,2011-07-29,2011-07-29,1,7142.55,2011-12-10,1,134,1.0,2394.1,7374.04,17904.57,49668.37,16830944.5,0.5,0.75,1.0,1.0,34.0,15,33,72,179,374
15776.0,2011-07-29,2011-07-29,1,2794.05,2011-12-10,1,134,1.0,2394.1,7374.04,17904.57,49668.37,16830944.5,0.5,0.75,1.0,1.0,34.0,15,33,72,179,374
13106.0,2011-07-29,2011-07-29,1,76.5,2011-12-10,1,134,1.0,2394.1,7374.04,17904.57,49668.37,16830944.5,0.5,0.75,1.0,1.0,34.0,15,33,72,179,374
12453.0,2011-07-28,2011-07-28,1,30404.87,2011-12-10,1,135,1.0,2394.1,7374.04,17904.57,49668.37,16830944.5,0.5,0.75,1.0,1.0,34.0,15,33,72,179,374
15639.0,2011-07-28,2011-07-28,1,3776.76,2011-12-10,1,135,1.0,2394.1,7374.04,17904.57,49668.37,16830944.5,0.5,0.75,1.0,1.0,34.0,15,33,72,179,374
15118.0,2011-07-28,2011-07-28,1,244.8,2011-12-10,1,135,1.0,2394.1,7374.04,17904.57,49668.37,16830944.5,0.5,0.75,1.0,1.0,34.0,15,33,72,179,374
15746.0,2011-07-28,2011-07-28,1,5512.64,2011-12-10,1,135,1.0,2394.1,7374.04,17904.57,49668.37,16830944.5,0.5,0.75,1.0,1.0,34.0,15,33,72,179,374
16696.0,2011-07-27,2011-04-05,4,2716.8,2011-12-10,4,136,1.0,2394.1,7374.04,17904.57,49668.37,16830944.5,0.5,0.75,1.0,1.0,34.0,15,33,72,179,374
13194.0,2011-07-27,2011-07-27,1,182.1,2011-12-10,1,136,1.0,2394.1,7374.04,17904.57,49668.37,16830944.5,0.5,0.75,1.0,1.0,34.0,15,33,72,179,374
16447.0,2011-07-27,2011-07-27,1,7791.44,2011-12-10,1,136,1.0,2394.1,7374.04,17904.57,49668.37,16830944.5,0.5,0.75,1.0,1.0,34.0,15,33,72,179,374
15261.0,2011-07-27,2011-07-27,1,4841.58,2011-12-10,1,136,1.0,2394.1,7374.04,17904.57,49668.37,16830944.5,0.5,0.75,1.0,1.0,34.0,15,33,72,179,374
15855.0,2011-07-26,2011-03-21,5,12565.9,2011-12-10,5,137,1.0,2394.1,7374.04,17904.57,49668.37,16830944.5,0.5,0.75,1.0,1.0,34.0,15,33,72,179,374
13492.0,2011-07-26,2011-05-09,3,22482.18,2011-12-10,3,137,1.0,2394.1,7374.04,17904.57,49668.37,16830944.5,0.5,0.75,1.0,1.0,34.0,15,33,72,179,374
17040.0,2011-07-25,2011-07-25,1,1917.36,2011-12-10,1,138,1.0,2394.1,7374.04,17904.57,49668.37,16830944.5,0.5,0.75,1.0,1.0,34.0,15,33,72,179,374
14100.0,2011-07-25,2011-07-25,1,5067.4,2011-12-10,1,138,1.0,2394.1,7374.04,17904.57,49668.37,16830944.5,0.5,0.75,1.0,1.0,34.0,15,33,72,179,374
13296.0,2011-07-25,2011-07-25,1,213.6,2011-12-10,1,138,1.0,2394.1,7374.04,17904.57,49668.37,16830944.5,0.5,0.75,1.0,1.0,34.0,15,33,72,179,374
17693.0,2011-07-25,2011-07-25,1,2330.58,2011-12-10,1,138,1.0,2394.1,7374.04,17904.57,49668.37,16830944.5,0.5,0.75,1.0,1.0,34.0,15,33,72,179,374
15372.0,2011-07-25,2011-07-25,1,54199.8,2011-12-10,1,138,1.0,2394.1,7374.04,17904.57,49668.37,16830944.5,0.5,0.75,1.0,1.0,34.0,15,33,72,179,374
17265.0,2011-07-24,2011-06-12,2,36172.25,2011-12-10,2,139,1.0,2394.1,7374.04,17904.57,49668.37,16830944.5,0.5,0.75,1.0,1.0,34.0,15,33,72,179,374
16305.0,2011-07-24,2011-07-24,1,7946.84,2011-12-10,1,139,1.0,2394.1,7374.04,17904.57,49668.37,16830944.5,0.5,0.75,1.0,1.0,34.0,15,33,72,179,374
12864.0,2011-07-24,2011-07-24,1,441.36,2011-12-10,1,139,1.0,2394.1,7374.04,17904.57,49668.37,16830944.5,0.5,0.75,1.0,1.0,34.0,15,33,72,179,374
13116.0,2011-07-24,2011-07-24,1,8913.36,2011-12-10,1,139,1.0,2394.1,7374.04,17904.57,49668.37,16830944.5,0.5,0.75,1.0,1.0,34.0,15,33,72,179,374
17649.0,2011-07-24,2011-07-24,1,39851.21,2011-12-10,1,139,1.0,2394.1,7374.04,17904.57,49668.37,16830944.5,0.5,0.75,1.0,1.0,34.0,15,33,72,179,374
16178.0,2011-07-24,2011-07-24,1,1050.7,2011-12-10,1,139,1.0,2394.1,7374.04,17904.57,49668.37,16830944.5,0.5,0.75,1.0,1.0,34.0,15,33,72,179,374
18262.0,2011-07-22,2011-07-22,1,1943.24,2011-12-10,1,141,1.0,2394.1,7374.04,17904.57,49668.37,16830944.5,0.5,0.75,1.0,1.0,34.0,15,33,72,179,374
14259.0,2011-07-21,2011-07-21,1,600.0,2011-12-10,1,142,1.0,2394.1,7374.04,17904.57,49668.37,16830944.5,0.5,0.75,1.0,1.0,34.0,15,33,72,179,374
17694.0,2011-07-21,2011-07-21,1,4246.8,2011-12-10,1,142,1.0,2394.1,7374.04,17904.57,49668.37,16830944.5,0.5,0.75,1.0,1.0,34.0,15,33,72,179,374
17660.0,2011-07-21,2011-07-21,1,8186.2,2011-12-10,1,142,1.0,2394.1,7374.04,17904.57,49668.37,16830944.5,0.5,0.75,1.0,1.0,34.0,15,33,72,179,374
15623.0,2011-07-21,2011-07-21,1,4440.91,2011-12-10,1,142,1.0,2394.1,7374.04,17904.57,49668.37,16830944.5,0.5,0.75,1.0,1.0,34.0,15,33,72,179,374
12521.0,2011-07-20,2011-07-20,1,19106.28,2011-12-10,1,143,1.0,2394.1,7374.04,17904.57,49668.37,16830944.5,0.5,0.75,1.0,1.0,34.0,15,33,72,179,374
17866.0,2011-07-20,2011-07-20,1,2966.85,2011-12-10,1,143,1.0,2394.1,7374.04,17904.57,49668.37,16830944.5,0.5,0.75,1.0,1.0,34.0,15,33,72,179,374
17962.0,2011-07-20,2011-07-20,1,3157.92,2011-12-10,1,143,1.0,2394.1,7374.04,17904.57,49668.37,16830944.5,0.5,0.75,1.0,1.0,34.0,15,33,72,179,374
12840.0,2011-07-19,2011-04-27,4,82489.9,2011-12-10,4,144,1.0,2394.1,7374.04,17904.57,49668.37,16830944.5,0.5,0.75,1.0,1.0,34.0,15,33,72,179,374
14117.0,2011-07-19,2011-07-19,1,270.0,2011-12-10,1,144,1.0,2394.1,7374.04,17904.57,49668.37,16830944.5,0.5,0.75,1.0,1.0,34.0,15,33,72,179,374
13967.0,2011-07-17,2011-07-17,1,161.4,2011-12-10,1,146,1.0,2394.1,7374.04,17904.57,49668.37,16830944.5,0.5,0.75,1.0,1.0,34.0,15,33,72,179,374
16054.0,2011-07-17,2011-07-17,1,41521.4,2011-12-10,1,146,1.0,2394.1,7374.04,17904.57,49668.37,16830944.5,0.5,0.75,1.0,1.0,34.0,15,33,72,179,374
12833.0,2011-07-17,2011-07-17,1,5812.74,2011-12-10,1,146,1.0,2394.1,7374.04,17904.57,49668.37,16830944.5,0.5,0.75,1.0,1.0,34.0,15,33,72,179,374
17984.0,2011-07-17,2011-07-17,1,6576.71,2011-12-10,1,146,1.0,2394.1,7374.04,17904.57,49668.37,16830944.5,0.5,0.75,1.0,1.0,34.0,15,33,72,179,374
17948.0,2011-07-15,2011-07-15,1,358.56,2011-12-10,1,148,1.0,2394.1,7374.04,17904.57,49668.37,16830944.5,0.5,0.75,1.0,1.0,34.0,15,33,72,179,374
15004.0,2011-07-15,2011-07-15,1,138885.42,2011-12-10,1,148,1.0,2394.1,7374.04,17904.57,49668.37,16830944.5,0.5,0.75,1.0,1.0,34.0,15,33,72,179,374
14722.0,2011-07-15,2011-07-15,1,4983.16,2011-12-10,1,148,1.0,2394.1,7374.04,17904.57,49668.37,16830944.5,0.5,0.75,1.0,1.0,34.0,15,33,72,179,374
14891.0,2011-07-14,2011-06-05,2,12763.26,2011-12-10,2,149,1.0,2394.1,7374.04,17904.57,49668.37,16830944.5,0.5,0.75,1.0,1.0,34.0,15,33,72,179,374
12405.0,2011-07-14,2011-07-14,1,69175.89,2011-12-10,1,149,1.0,2394.1,7374.04,17904.57,49668.37,16830944.5,0.5,0.75,1.0,1.0,34.0,15,33,72,179,374
14847.0,2011-07-14,2011-07-14,1,3412.8,2011-12-10,1,149,1.0,2394.1,7374.04,17904.57,49668.37,16830944.5,0.5,0.75,1.0,1.0,34.0,15,33,72,179,374
15256.0,2011-07-14,2011-07-14,1,590.7,2011-12-10,1,149,1.0,2394.1,7374.04,17904.57,49668.37,16830944.5,0.5,0.75,1.0,1.0,34.0,15,33,72,179,374
13420.0,2011-07-13,2011-06-22,2,286.8,2011-12-10,2,150,1.0,2394.1,7374.04,17904.57,49668.37,16830944.5,0.5,0.75,1.0,1.0,34.0,15,33,72,179,374
15895.0,2011-07-13,2011-07-13,1,1970.87,2011-12-10,1,150,1.0,2394.1,7374.04,17904.57,49668.37,16830944.5,0.5,0.75,1.0,1.0,34.0,15,33,72,179,374
15795.0,2011-07-13,2011-07-13,1,18084.96,2011-12-10,1,150,1.0,2394.1,7374.04,17904.57,49668.37,16830944.5,0.5,0.75,1.0,1.0,34.0,15,33,72,179,374
16450.0,2011-07-13,2011-07-13,1,3431.12,2011-12-10,1,150,1.0,2394.1,7374.04,17904.57,49668.37,16830944.5,0.5,0.75,1.0,1.0,34.0,15,33,72,179,374
13667.0,2011-07-13,2011-07-13,1,21169.94,2011-12-10,1,150,1.0,2394.1,7374.04,17904.57,49668.37,16830944.5,0.5,0.75,1.0,1.0,34.0,15,33,72,179,374
14400.0,2011-07-13,2011-07-13,1,14367.5,2011-12-10,1,150,1.0,2394.1,7374.04,17904.57,49668.37,16830944.5,0.5,0.75,1.0,1.0,34.0,15,33,72,179,374
17444.0,2011-07-11,2011-06-20,2,134657.19,2011-12-10,2,152,1.0,2394.1,7374.04,17904.57,49668.37,16830944.5,0.5,0.75,1.0,1.0,34.0,15,33,72,179,374
13678.0,2011-07-11,2011-07-11,1,3721.6,2011-12-10,1,152,1.0,2394.1,7374.04,17904.57,49668.37,16830944.5,0.5,0.75,1.0,1.0,34.0,15,33,72,179,374
14552.0,2011-07-11,2011-07-11,1,9574.06,2011-12-10,1,152,1.0,2394.1,7374.04,17904.57,49668.37,16830944.5,0.5,0.75,1.0,1.0,34.0,15,33,72,179,374
12461.0,2011-07-08,2011-07-08,1,20126.04,2011-12-10,1,155,1.0,2394.1,7374.04,17904.57,49668.37,16830944.5,0.5,0.75,1.0,1.0,34.0,15,33,72,179,374
12648.0,2011-07-08,2011-07-08,1,4850.7,2011-12-10,1,155,1.0,2394.1,7374.04,17904.57,49668.37,16830944.5,0.5,0.75,1.0,1.0,34.0,15,33,72,179,374
13291.0,2011-07-07,2011-07-07,1,13536.4,2011-12-10,1,156,1.0,2394.1,7374.04,17904.57,49668.37,16830944.5,0.5,0.75,1.0,1.0,34.0,15,33,72,179,374
13583.0,2011-07-07,2011-07-07,1,39578.76,2011-12-10,1,156,1.0,2394.1,7374.04,17904.57,49668.37,16830944.5,0.5,0.75,1.0,1.0,34.0,15,33,72,179,374
14459.0,2011-07-07,2011-07-07,1,51107.76,2011-12-10,1,156,1.0,2394.1,7374.04,17904.57,49668.37,16830944.5,0.5,0.75,1.0,1.0,34.0,15,33,72,179,374
13699.0,2011-07-07,2011-07-07,1,4320.12,2011-12-10,1,156,1.0,2394.1,7374.04,17904.57,49668.37,16830944.5,0.5,0.75,1.0,1.0,34.0,15,33,72,179,374
12450.0,2011-07-06,2011-06-19,2,803.28,2011-12-10,2,157,1.0,2394.1,7374.04,17904.57,49668.37,16830944.5,0.5,0.75,1.0,1.0,34.0,15,33,72,179,374
16829.0,2011-07-06,2011-07-06,1,2169.42,2011-12-10,1,157,1.0,2394.1,7374.04,17904.57,49668.37,16830944.5,0.5,0.75,1.0,1.0,34.0,15,33,72,179,374
12977.0,2011-07-06,2011-07-06,1,75.18,2011-12-10,1,157,1.0,2394.1,7374.04,17904.57,49668.37,16830944.5,0.5,0.75,1.0,1.0,34.0,15,33,72,179,374
13338.0,2011-07-05,2011-07-05,1,5341.05,2011-12-10,1,158,1.0,2394.1,7374.04,17904.57,49668.37,16830944.5,0.5,0.75,1.0,1.0,34.0,15,33,72,179,374
18203.0,2011-07-05,2011-07-05,1,2413.49,2011-12-10,1,158,1.0,2394.1,7374.04,17904.57,49668.37,16830944.5,0.5,0.75,1.0,1.0,34.0,15,33,72,179,374
16338.0,2011-07-05,2011-07-05,1,1998.5,2011-12-10,1,158,1.0,2394.1,7374.04,17904.57,49668.37,16830944.5,0.5,0.75,1.0,1.0,34.0,15,33,72,179,374
17046.0,2011-07-05,2011-07-05,1,14124.44,2011-12-10,1,158,1.0,2394.1,7374.04,17904.57,49668.37,16830944.5,0.5,0.75,1.0,1.0,34.0,15,33,72,179,374
15349.0,2011-07-04,2011-06-05,2,19320.56,2011-12-10,2,159,1.0,2394.1,7374.04,17904.57,49668.37,16830944.5,0.5,0.75,1.0,1.0,34.0,15,33,72,179,374
17464.0,2011-07-04,2011-07-04,1,2609.64,2011-12-10,1,159,1.0,2394.1,7374.04,17904.57,49668.37,16830944.5,0.5,0.75,1.0,1.0,34.0,15,33,72,179,374
16344.0,2011-07-04,2011-07-04,1,202.2,2011-12-10,1,159,1.0,2394.1,7374.04,17904.57,49668.37,16830944.5,0.5,0.75,1.0,1.0,34.0,15,33,72,179,374
17939.0,2011-07-03,2011-07-03,1,1189.68,2011-12-10,1,160,1.0,2394.1,7374.04,17904.57,49668.37,16830944.5,0.5,0.75,1.0,1.0,34.0,15,33,72,179,374
13833.0,2011-07-03,2011-07-03,1,8382.4,2011-12-10,1,160,1.0,2394.1,7374.04,17904.57,49668.37,16830944.5,0.5,0.75,1.0,1.0,34.0,15,33,72,179,374
17899.0,2011-07-03,2011-07-03,1,4304.35,2011-12-10,1,160,1.0,2394.1,7374.04,17904.57,49668.37,16830944.5,0.5,0.75,1.0,1.0,34.0,15,33,72,179,374
15007.0,2011-07-03,2011-07-03,1,1616.56,2011-12-10,1,160,1.0,2394.1,7374.04,17904.57,49668.37,16830944.5,0.5,0.75,1.0,1.0,34.0,15,33,72,179,374
17781.0,2011-07-03,2011-07-03,1,860.2,2011-12-10,1,160,1.0,2394.1,7374.04,17904.57,49668.37,16830944.5,0.5,0.75,1.0,1.0,34.0,15,33,72,179,374
16498.0,2011-07-01,2011-06-30,2,1286.83,2011-12-10,2,162,1.0,2394.1,7374.04,17904.57,49668.37,16830944.5,0.5,0.75,1.0,1.0,34.0,15,33,72,179,374
17123.0,2011-07-01,2011-07-01,1,3107.7,2011-12-10,1,162,1.0,2394.1,7374.04,17904.57,49668.37,16830944.5,0.5,0.75,1.0,1.0,34.0,15,33,72,179,374
12922.0,2011-07-01,2011-07-01,1,11350.64,2011-12-10,1,162,1.0,2394.1,7374.04,17904.57,49668.37,16830944.5,0.5,0.75,1.0,1.0,34.0,15,33,72,179,374
15578.0,2011-06-30,2011-06-30,1,1652.3,2011-12-10,1,163,1.0,2394.1,7374.04,17904.57,49668.37,16830944.5,0.5,0.75,1.0,1.0,34.0,15,33,72,179,374
13745.0,2011-06-30,2011-06-30,1,7501.0,2011-12-10,1,163,1.0,2394.1,7374.04,17904.57,49668.37,16830944.5,0.5,0.75,1.0,1.0,34.0,15,33,72,179,374
17891.0,2011-06-30,2011-06-30,1,6931.24,2011-12-10,1,163,1.0,2394.1,7374.04,17904.57,49668.37,16830944.5,0.5,0.75,1.0,1.0,34.0,15,33,72,179,374
16801.0,2011-06-29,2011-03-11,4,32458.54,2011-12-10,4,164,1.0,2394.1,7374.04,17904.57,49668.37,16830944.5,0.5,0.75,1.0,1.0,34.0,15,33,72,179,374
15537.0,2011-06-29,2011-06-29,1,2161.31,2011-12-10,1,164,1.0,2394.1,7374.04,17904.57,49668.37,16830944.5,0.5,0.75,1.0,1.0,34.0,15,33,72,179,374
14327.0,2011-06-29,2011-06-29,1,3739.8,2011-12-10,1,164,1.0,2394.1,7374.04,17904.57,49668.37,16830944.5,0.5,0.75,1.0,1.0,34.0,15,33,72,179,374
16545.0,2011-06-28,2011-06-28,1,1017.9,2011-12-10,1,165,1.0,2394.1,7374.04,17904.57,49668.37,16830944.5,0.5,0.75,1.0,1.0,34.0,15,33,72,179,374
14351.0,2011-06-28,2011-06-28,1,51.0,2011-12-10,1,165,1.0,2394.1,7374.04,17904.57,49668.37,16830944.5,0.5,0.75,1.0,1.0,34.0,15,33,72,179,374
15976.0,2011-06-27,2011-05-03,2,19164.25,2011-12-10,2,166,1.0,2394.1,7374.04,17904.57,49668.37,16830944.5,0.5,0.75,1.0,1.0,34.0,15,33,72,179,374
12493.0,2011-06-27,2011-05-26,2,3444.66,2011-12-10,2,166,1.0,2394.1,7374.04,17904.57,49668.37,16830944.5,0.5,0.75,1.0,1.0,34.0,15,33,72,179,374
14104.0,2011-06-27,2011-06-27,1,1392.48,2011-12-10,1,166,1.0,2394.1,7374.04,17904.57,49668.37,16830944.5,0.5,0.75,1.0,1.0,34.0,15,33,72,179,374
17110.0,2011-06-27,2011-06-27,1,608.8,2011-12-10,1,166,1.0,2394.1,7374.04,17904.57,49668.37,16830944.5,0.5,0.75,1.0,1.0,34.0,15,33,72,179,374
18193.0,2011-06-27,2011-06-27,1,2924.74,2011-12-10,1,166,1.0,2394.1,7374.04,17904.57,49668.37,16830944.5,0.5,0.75,1.0,1.0,34.0,15,33,72,179,374
15644.0,2011-06-26,2011-03-23,4,66353.3,2011-12-10,4,167,1.0,2394.1,7374.04,17904.57,49668.37,16830944.5,0.5,0.75,1.0,1.0,34.0,15,33,72,179,374
14795.0,2011-06-26,2011-06-26,1,788.7,2011-12-10,1,167,1.0,2394.1,7374.04,17904.57,49668.37,16830944.5,0.5,0.75,1.0,1.0,34.0,15,33,72,179,374
12548.0,2011-06-26,2011-06-26,1,268.8,2011-12-10,1,167,1.0,2394.1,7374.04,17904.57,49668.37,16830944.5,0.5,0.75,1.0,1.0,34.0,15,33,72,179,374
15258.0,2011-06-24,2011-05-06,2,6568.58,2011-12-10,2,169,1.0,2394.1,7374.04,17904.57,49668.37,16830944.5,0.5,0.75,1.0,1.0,34.0,15,33,72,179,374
15379.0,2011-06-23,2010-12-16,7,129824.82,2011-12-10,7,170,1.0,2394.1,7374.04,17904.57,49668.37,16830944.5,0.5,0.75,1.0,1.0,34.0,15,33,72,179,374
16647.0,2011-06-23,2011-05-19,2,1581.3,2011-12-10,2,170,1.0,2394.1,7374.04,17904.57,49668.37,16830944.5,0.5,0.75,1.0,1.0,34.0,15,33,72,179,374
16287.0,2011-06-23,2011-06-23,1,1140.0,2011-12-10,1,170,1.0,2394.1,7374.04,17904.57,49668.37,16830944.5,0.5,0.75,1.0,1.0,34.0,15,33,72,179,374
15130.0,2011-06-23,2011-06-23,1,7262.42,2011-12-10,1,170,1.0,2394.1,7374.04,17904.57,49668.37,16830944.5,0.5,0.75,1.0,1.0,34.0,15,33,72,179,374
17709.0,2011-06-23,2011-06-23,1,373.75,2011-12-10,1,170,1.0,2394.1,7374.04,17904.57,49668.37,16830944.5,0.5,0.75,1.0,1.0,34.0,15,33,72,179,374
13300.0,2011-06-23,2011-06-23,1,7437.8,2011-12-10,1,170,1.0,2394.1,7374.04,17904.57,49668.37,16830944.5,0.5,0.75,1.0,1.0,34.0,15,33,72,179,374
13937.0,2011-06-23,2011-06-23,1,1429.65,2011-12-10,1,170,1.0,2394.1,7374.04,17904.57,49668.37,16830944.5,0.5,0.75,1.0,1.0,34.0,15,33,72,179,374
16114.0,2011-06-22,2011-06-22,1,1086.0,2011-12-10,1,171,1.0,2394.1,7374.04,17904.57,49668.37,16830944.5,0.5,0.75,1.0,1.0,34.0,15,33,72,179,374
17877.0,2011-06-22,2011-06-22,1,1738.11,2011-12-10,1,171,1.0,2394.1,7374.04,17904.57,49668.37,16830944.5,0.5,0.75,1.0,1.0,34.0,15,33,72,179,374
16247.0,2011-06-22,2011-06-22,1,1206.24,2011-12-10,1,171,1.0,2394.1,7374.04,17904.57,49668.37,16830944.5,0.5,0.75,1.0,1.0,34.0,15,33,72,179,374
15041.0,2011-06-22,2011-06-22,1,11114.4,2011-12-10,1,171,1.0,2394.1,7374.04,17904.57,49668.37,16830944.5,0.5,0.75,1.0,1.0,34.0,15,33,72,179,374
15507.0,2011-06-21,2011-06-21,1,16212.42,2011-12-10,1,172,1.0,2394.1,7374.04,17904.57,49668.37,16830944.5,0.5,0.75,1.0,1.0,34.0,15,33,72,179,374
16526.0,2011-06-21,2011-06-21,1,2614.26,2011-12-10,1,172,1.0,2394.1,7374.04,17904.57,49668.37,16830944.5,0.5,0.75,1.0,1.0,34.0,15,33,72,179,374
17960.0,2011-06-21,2011-06-21,1,1918.28,2011-12-10,1,172,1.0,2394.1,7374.04,17904.57,49668.37,16830944.5,0.5,0.75,1.0,1.0,34.0,15,33,72,179,374
15412.0,2011-06-21,2011-06-21,1,640.24,2011-12-10,1,172,1.0,2394.1,7374.04,17904.57,49668.37,16830944.5,0.5,0.75,1.0,1.0,34.0,15,33,72,179,374
16320.0,2011-06-20,2011-05-10,2,36755.56,2011-12-10,2,173,1.0,2394.1,7374.04,17904.57,49668.37,16830944.5,0.5,0.75,1.0,1.0,34.0,15,33,72,179,374
15076.0,2011-06-20,2011-06-20,1,36942.6,2011-12-10,1,173,1.0,2394.1,7374.04,17904.57,49668.37,16830944.5,0.5,0.75,1.0,1.0,34.0,15,33,72,179,374
15921.0,2011-06-20,2011-06-20,1,7143.34,2011-12-10,1,173,1.0,2394.1,7374.04,17904.57,49668.37,16830944.5,0.5,0.75,1.0,1.0,34.0,15,33,72,179,374
15016.0,2011-06-20,2011-06-20,1,2525.22,2011-12-10,1,173,1.0,2394.1,7374.04,17904.57,49668.37,16830944.5,0.5,0.75,1.0,1.0,34.0,15,33,72,179,374
15825.0,2011-06-20,2011-06-20,1,4633.92,2011-12-10,1,173,1.0,2394.1,7374.04,17904.57,49668.37,16830944.5,0.5,0.75,1.0,1.0,34.0,15,33,72,179,374
15389.0,2011-06-20,2011-06-20,1,500.0,2011-12-10,1,173,1.0,2394.1,7374.04,17904.57,49668.37,16830944.5,0.5,0.75,1.0,1.0,34.0,15,33,72,179,374
15280.0,2011-06-20,2011-06-20,1,1809.92,2011-12-10,1,173,1.0,2394.1,7374.04,17904.57,49668.37,16830944.5,0.5,0.75,1.0,1.0,34.0,15,33,72,179,374
15909.0,2011-06-19,2011-06-19,1,1343.58,2011-12-10,1,174,1.0,2394.1,7374.04,17904.57,49668.37,16830944.5,0.5,0.75,1.0,1.0,34.0,15,33,72,179,374
13618.0,2011-06-19,2011-06-19,1,2305.42,2011-12-10,1,174,1.0,2394.1,7374.04,17904.57,49668.37,16830944.5,0.5,0.75,1.0,1.0,34.0,15,33,72,179,374
16050.0,2011-06-19,2011-06-19,1,1379.0,2011-12-10,1,174,1.0,2394.1,7374.04,17904.57,49668.37,16830944.5,0.5,0.75,1.0,1.0,34.0,15,33,72,179,374
17879.0,2011-06-19,2011-06-19,1,1071.12,2011-12-10,1,174,1.0,2394.1,7374.04,17904.57,49668.37,16830944.5,0.5,0.75,1.0,1.0,34.0,15,33,72,179,374
13568.0,2011-06-19,2011-06-19,1,7864.7,2011-12-10,1,174,1.0,2394.1,7374.04,17904.57,49668.37,16830944.5,0.5,0.75,1.0,1.0,34.0,15,33,72,179,374
12837.0,2011-06-19,2011-06-19,1,671.85,2011-12-10,1,174,1.0,2394.1,7374.04,17904.57,49668.37,16830944.5,0.5,0.75,1.0,1.0,34.0,15,33,72,179,374
17204.0,2011-06-17,2011-03-21,4,26023.24,2011-12-10,4,176,1.0,2394.1,7374.04,17904.57,49668.37,16830944.5,0.5,0.75,1.0,1.0,34.0,15,33,72,179,374
12980.0,2011-06-16,2010-12-16,7,5423.4,2011-12-10,7,177,1.0,2394.1,7374.04,17904.57,49668.37,16830944.5,0.5,0.75,1.0,1.0,34.0,15,33,72,179,374
15585.0,2011-06-16,2011-06-16,1,14114.3,2011-12-10,1,177,1.0,2394.1,7374.04,17904.57,49668.37,16830944.5,0.5,0.75,1.0,1.0,34.0,15,33,72,179,374
16739.0,2011-06-16,2011-06-16,1,3481.8,2011-12-10,1,177,1.0,2394.1,7374.04,17904.57,49668.37,16830944.5,0.5,0.75,1.0,1.0,34.0,15,33,72,179,374
16276.0,2011-06-16,2011-06-16,1,4863.6,2011-12-10,1,177,1.0,2394.1,7374.04,17904.57,49668.37,16830944.5,0.5,0.75,1.0,1.0,34.0,15,33,72,179,374
13826.0,2011-06-16,2011-06-16,1,613.8,2011-12-10,1,177,1.0,2394.1,7374.04,17904.57,49668.37,16830944.5,0.5,0.75,1.0,1.0,34.0,15,33,72,179,374
15219.0,2011-06-16,2011-06-16,1,458.4,2011-12-10,1,177,1.0,2394.1,7374.04,17904.57,49668.37,16830944.5,0.5,0.75,1.0,1.0,34.0,15,33,72,179,374
16644.0,2011-06-15,2011-05-11,2,38123.99,2011-12-10,2,178,1.0,2394.1,7374.04,17904.57,49668.37,16830944.5,0.5,0.75,1.0,1.0,34.0,15,33,72,179,374
12809.0,2011-06-15,2011-06-15,1,7918.02,2011-12-10,1,178,1.0,2394.1,7374.04,17904.57,49668.37,16830944.5,0.5,0.75,1.0,1.0,34.0,15,33,72,179,374
16461.0,2011-06-15,2011-06-15,1,1993.42,2011-12-10,1,178,1.0,2394.1,7374.04,17904.57,49668.37,16830944.5,0.5,0.75,1.0,1.0,34.0,15,33,72,179,374
13343.0,2011-06-15,2011-06-15,1,4945.81,2011-12-10,1,178,1.0,2394.1,7374.04,17904.57,49668.37,16830944.5,0.5,0.75,1.0,1.0,34.0,15,33,72,179,374
18165.0,2011-06-15,2011-06-15,1,3024.6,2011-12-10,1,178,1.0,2394.1,7374.04,17904.57,49668.37,16830944.5,0.5,0.75,1.0,1.0,34.0,15,33,72,179,374
14222.0,2011-06-15,2011-06-15,1,26928.8,2011-12-10,1,178,1.0,2394.1,7374.04,17904.57,49668.37,16830944.5,0.5,0.75,1.0,1.0,34.0,15,33,72,179,374
13936.0,2011-06-13,2011-06-13,1,9791.08,2011-12-10,1,180,1.0,2394.1,7374.04,17904.57,49668.37,16830944.5,0.5,0.75,1.0,1.0,34.0,15,33,72,179,374
12732.0,2011-06-13,2011-06-13,1,2400.86,2011-12-10,1,180,1.0,2394.1,7374.04,17904.57,49668.37,16830944.5,0.5,0.75,1.0,1.0,34.0,15,33,72,179,374
15069.0,2011-06-13,2011-06-13,1,60544.86,2011-12-10,1,180,1.0,2394.1,7374.04,17904.57,49668.37,16830944.5,0.5,0.75,1.0,1.0,34.0,15,33,72,179,374
17349.0,2011-06-13,2011-06-13,1,784.0,2011-12-10,1,180,1.0,2394.1,7374.04,17904.57,49668.37,16830944.5,0.5,0.75,1.0,1.0,34.0,15,33,72,179,374
13080.0,2011-06-13,2011-06-13,1,348.48,2011-12-10,1,180,1.0,2394.1,7374.04,17904.57,49668.37,16830944.5,0.5,0.75,1.0,1.0,34.0,15,33,72,179,374
13663.0,2011-06-13,2011-06-13,1,2463.11,2011-12-10,1,180,1.0,2394.1,7374.04,17904.57,49668.37,16830944.5,0.5,0.75,1.0,1.0,34.0,15,33,72,179,374
18281.0,2011-06-12,2011-06-12,1,234.6,2011-12-10,1,181,1.0,2394.1,7374.04,17904.57,49668.37,16830944.5,0.5,0.75,1.0,1.0,34.0,15,33,72,179,374
13686.0,2011-06-10,2011-06-10,1,576.0,2011-12-10,1,183,1.0,2394.1,7374.04,17904.57,49668.37,16830944.5,0.5,0.75,1.0,1.0,34.0,15,33,72,179,374
16581.0,2011-06-10,2011-06-10,1,952.56,2011-12-10,1,183,1.0,2394.1,7374.04,17904.57,49668.37,16830944.5,0.5,0.75,1.0,1.0,34.0,15,33,72,179,374
17234.0,2011-06-10,2011-06-10,1,1482.52,2011-12-10,1,183,1.0,2394.1,7374.04,17904.57,49668.37,16830944.5,0.5,0.75,1.0,1.0,34.0,15,33,72,179,374
16614.0,2011-06-10,2011-06-10,1,12017.25,2011-12-10,1,183,1.0,2394.1,7374.04,17904.57,49668.37,16830944.5,0.5,0.75,1.0,1.0,34.0,15,33,72,179,374
15098.0,2011-06-10,2011-06-10,1,297.0,2011-12-10,1,183,1.0,2394.1,7374.04,17904.57,49668.37,16830944.5,0.5,0.75,1.0,1.0,34.0,15,33,72,179,374
14241.0,2011-06-09,2011-06-09,1,2137.0,2011-12-10,1,184,1.0,2394.1,7374.04,17904.57,49668.37,16830944.5,0.5,0.75,1.0,1.0,34.0,15,33,72,179,374
16113.0,2011-06-09,2011-06-09,1,4217.47,2011-12-10,1,184,1.0,2394.1,7374.04,17904.57,49668.37,16830944.5,0.5,0.75,1.0,1.0,34.0,15,33,72,179,374
14622.0,2011-06-08,2011-06-08,1,6732.18,2011-12-10,1,185,1.0,2394.1,7374.04,17904.57,49668.37,16830944.5,0.5,0.75,1.0,1.0,34.0,15,33,72,179,374
15609.0,2011-06-08,2011-06-08,1,3762.92,2011-12-10,1,185,1.0,2394.1,7374.04,17904.57,49668.37,16830944.5,0.5,0.75,1.0,1.0,34.0,15,33,72,179,374
13466.0,2011-06-08,2011-06-08,1,3937.5,2011-12-10,1,185,1.0,2394.1,7374.04,17904.57,49668.37,16830944.5,0.5,0.75,1.0,1.0,34.0,15,33,72,179,374
14542.0,2011-06-07,2011-06-07,1,516.25,2011-12-10,1,186,1.0,2394.1,7374.04,17904.57,49668.37,16830944.5,0.5,0.75,1.0,1.0,34.0,15,33,72,179,374
18072.0,2011-06-07,2011-06-07,1,4453.92,2011-12-10,1,186,1.0,2394.1,7374.04,17904.57,49668.37,16830944.5,0.5,0.75,1.0,1.0,34.0,15,33,72,179,374
14375.0,2011-06-07,2011-06-07,1,19326.0,2011-12-10,1,186,1.0,2394.1,7374.04,17904.57,49668.37,16830944.5,0.5,0.75,1.0,1.0,34.0,15,33,72,179,374
17124.0,2011-06-07,2011-06-07,1,9564.48,2011-12-10,1,186,1.0,2394.1,7374.04,17904.57,49668.37,16830944.5,0.5,0.75,1.0,1.0,34.0,15,33,72,179,374
17987.0,2011-06-07,2011-06-07,1,2581.41,2011-12-10,1,186,1.0,2394.1,7374.04,17904.57,49668.37,16830944.5,0.5,0.75,1.0,1.0,34.0,15,33,72,179,374
13395.0,2011-06-07,2011-06-07,1,5516.4,2011-12-10,1,186,1.0,2394.1,7374.04,17904.57,49668.37,16830944.5,0.5,0.75,1.0,1.0,34.0,15,33,72,179,374
15852.0,2011-06-06,2011-05-26,2,997.28,2011-12-10,2,187,1.0,2394.1,7374.04,17904.57,49668.37,16830944.5,0.5,0.75,1.0,1.0,34.0,15,33,72,179,374
16849.0,2011-06-06,2011-06-06,1,508.62,2011-12-10,1,187,1.0,2394.1,7374.04,17904.57,49668.37,16830944.5,0.5,0.75,1.0,1.0,34.0,15,33,72,179,374
12802.0,2011-06-06,2011-06-06,1,9541.92,2011-12-10,1,187,1.0,2394.1,7374.04,17904.57,49668.37,16830944.5,0.5,0.75,1.0,1.0,34.0,15,33,72,179,374
15386.0,2011-06-06,2011-06-06,1,12218.34,2011-12-10,1,187,1.0,2394.1,7374.04,17904.57,49668.37,16830944.5,0.5,0.75,1.0,1.0,34.0,15,33,72,179,374
16611.0,2011-06-06,2011-06-06,1,1294.9,2011-12-10,1,187,1.0,2394.1,7374.04,17904.57,49668.37,16830944.5,0.5,0.75,1.0,1.0,34.0,15,33,72,179,374
14682.0,2011-06-05,2011-05-22,2,52.0,2011-12-10,2,188,1.0,2394.1,7374.04,17904.57,49668.37,16830944.5,0.5,0.75,1.0,1.0,34.0,15,33,72,179,374
16963.0,2011-06-05,2011-06-05,1,773.85,2011-12-10,1,188,1.0,2394.1,7374.04,17904.57,49668.37,16830944.5,0.5,0.75,1.0,1.0,34.0,15,33,72,179,374
13682.0,2011-06-05,2011-06-05,1,68.0,2011-12-10,1,188,1.0,2394.1,7374.04,17904.57,49668.37,16830944.5,0.5,0.75,1.0,1.0,34.0,15,33,72,179,374
16230.0,2011-06-03,2011-05-03,2,8765.34,2011-12-10,2,190,1.0,2394.1,7374.04,17904.57,49668.37,16830944.5,0.5,0.75,1.0,1.0,34.0,15,33,72,179,374
13885.0,2011-06-03,2011-05-23,2,7473.5,2011-12-10,2,190,1.0,2394.1,7374.04,17904.57,49668.37,16830944.5,0.5,0.75,1.0,1.0,34.0,15,33,72,179,374
16117.0,2011-06-03,2011-06-03,1,5468.68,2011-12-10,1,190,1.0,2394.1,7374.04,17904.57,49668.37,16830944.5,0.5,0.75,1.0,1.0,34.0,15,33,72,179,374
16967.0,2011-06-03,2011-06-03,1,6699.42,2011-12-10,1,190,1.0,2394.1,7374.04,17904.57,49668.37,16830944.5,0.5,0.75,1.0,1.0,34.0,15,33,72,179,374
15405.0,2011-06-03,2011-06-03,1,1729.7,2011-12-10,1,190,1.0,2394.1,7374.04,17904.57,49668.37,16830944.5,0.5,0.75,1.0,1.0,34.0,15,33,72,179,374
16659.0,2011-06-03,2011-06-03,1,78.24,2011-12-10,1,190,1.0,2394.1,7374.04,17904.57,49668.37,16830944.5,0.5,0.75,1.0,1.0,34.0,15,33,72,179,374
14453.0,2011-06-02,2011-06-02,1,2309.58,2011-12-10,1,191,1.0,2394.1,7374.04,17904.57,49668.37,16830944.5,0.5,0.75,1.0,1.0,34.0,15,33,72,179,374
16529.0,2011-06-02,2011-06-02,1,13657.5,2011-12-10,1,191,1.0,2394.1,7374.04,17904.57,49668.37,16830944.5,0.5,0.75,1.0,1.0,34.0,15,33,72,179,374
17531.0,2011-06-02,2011-06-02,1,4153.8,2011-12-10,1,191,1.0,2394.1,7374.04,17904.57,49668.37,16830944.5,0.5,0.75,1.0,1.0,34.0,15,33,72,179,374
16424.0,2011-06-01,2011-06-01,1,667.8,2011-12-10,1,192,1.0,2394.1,7374.04,17904.57,49668.37,16830944.5,0.5,0.75,1.0,1.0,34.0,15,33,72,179,374
13062.0,2011-06-01,2011-06-01,1,852.48,2011-12-10,1,192,1.0,2394.1,7374.04,17904.57,49668.37,16830944.5,0.5,0.75,1.0,1.0,34.0,15,33,72,179,374
16483.0,2011-05-31,2011-05-31,1,1531.2,2011-12-10,1,193,1.0,2394.1,7374.04,17904.57,49668.37,16830944.5,0.5,0.75,1.0,1.0,34.0,15,33,72,179,374
13398.0,2011-05-31,2011-05-31,1,9507.97,2011-12-10,1,193,1.0,2394.1,7374.04,17904.57,49668.37,16830944.5,0.5,0.75,1.0,1.0,34.0,15,33,72,179,374
13070.0,2011-05-31,2011-05-31,1,2059.2,2011-12-10,1,193,1.0,2394.1,7374.04,17904.57,49668.37,16830944.5,0.5,0.75,1.0,1.0,34.0,15,33,72,179,374
12790.0,2011-05-31,2011-05-31,1,3660.44,2011-12-10,1,193,1.0,2394.1,7374.04,17904.57,49668.37,16830944.5,0.5,0.75,1.0,1.0,34.0,15,33,72,179,374
16810.0,2011-05-31,2011-05-31,1,4054.96,2011-12-10,1,193,1.0,2394.1,7374.04,17904.57,49668.37,16830944.5,0.5,0.75,1.0,1.0,34.0,15,33,72,179,374
17152.0,2011-05-29,2011-03-21,3,7585.6,2011-12-10,3,195,1.0,2394.1,7374.04,17904.57,49668.37,16830944.5,0.5,0.75,1.0,1.0,34.0,15,33,72,179,374
12426.0,2011-05-29,2011-05-29,1,13825.84,2011-12-10,1,195,1.0,2394.1,7374.04,17904.57,49668.37,16830944.5,0.5,0.75,1.0,1.0,34.0,15,33,72,179,374
17051.0,2011-05-29,2011-05-29,1,9961.98,2011-12-10,1,195,1.0,2394.1,7374.04,17904.57,49668.37,16830944.5,0.5,0.75,1.0,1.0,34.0,15,33,72,179,374
15925.0,2011-05-29,2011-05-29,1,1857.9,2011-12-10,1,195,1.0,2394.1,7374.04,17904.57,49668.37,16830944.5,0.5,0.75,1.0,1.0,34.0,15,33,72,179,374
14280.0,2011-05-27,2011-05-27,1,759.78,2011-12-10,1,197,1.0,2394.1,7374.04,17904.57,49668.37,16830944.5,0.5,0.75,1.0,1.0,34.0,15,33,72,179,374
13135.0,2011-05-27,2011-05-27,1,3096.0,2011-12-10,1,197,1.0,2394.1,7374.04,17904.57,49668.37,16830944.5,0.5,0.75,1.0,1.0,34.0,15,33,72,179,374
16275.0,2011-05-27,2011-05-27,1,13278.16,2011-12-10,1,197,1.0,2394.1,7374.04,17904.57,49668.37,16830944.5,0.5,0.75,1.0,1.0,34.0,15,33,72,179,374
16323.0,2011-05-27,2011-05-27,1,207.5,2011-12-10,1,197,1.0,2394.1,7374.04,17904.57,49668.37,16830944.5,0.5,0.75,1.0,1.0,34.0,15,33,72,179,374
14740.0,2011-05-26,2011-03-01,3,36700.5,2011-12-10,3,198,1.0,2394.1,7374.04,17904.57,49668.37,16830944.5,0.5,0.75,1.0,1.0,34.0,15,33,72,179,374
16356.0,2011-05-26,2011-03-07,3,3147.15,2011-12-10,3,198,1.0,2394.1,7374.04,17904.57,49668.37,16830944.5,0.5,0.75,1.0,1.0,34.0,15,33,72,179,374
12974.0,2011-05-26,2011-05-26,1,873.95,2011-12-10,1,198,1.0,2394.1,7374.04,17904.57,49668.37,16830944.5,0.5,0.75,1.0,1.0,34.0,15,33,72,179,374
14816.0,2011-05-26,2011-05-26,1,11.9,2011-12-10,1,198,1.0,2394.1,7374.04,17904.57,49668.37,16830944.5,0.5,0.75,1.0,1.0,34.0,15,33,72,179,374
16763.0,2011-05-25,2011-05-25,1,5595.3,2011-12-10,1,199,1.0,2394.1,7374.04,17904.57,49668.37,16830944.5,0.5,0.75,1.0,1.0,34.0,15,33,72,179,374
14705.0,2011-05-25,2011-05-25,1,179.0,2011-12-10,1,199,1.0,2394.1,7374.04,17904.57,49668.37,16830944.5,0.5,0.75,1.0,1.0,34.0,15,33,72,179,374
16448.0,2011-05-25,2011-05-25,1,3104.41,2011-12-10,1,199,1.0,2394.1,7374.04,17904.57,49668.37,16830944.5,0.5,0.75,1.0,1.0,34.0,15,33,72,179,374
15314.0,2011-05-24,2011-05-24,1,7871.28,2011-12-10,1,200,1.0,2394.1,7374.04,17904.57,49668.37,16830944.5,0.5,0.75,1.0,1.0,34.0,15,33,72,179,374
15042.0,2011-05-24,2011-05-24,1,140.04,2011-12-10,1,200,1.0,2394.1,7374.04,17904.57,49668.37,16830944.5,0.5,0.75,1.0,1.0,34.0,15,33,72,179,374
13479.0,2011-05-23,2011-04-19,2,1574.55,2011-12-10,2,201,1.0,2394.1,7374.04,17904.57,49668.37,16830944.5,0.5,0.75,1.0,1.0,34.0,15,33,72,179,374
13223.0,2011-05-23,2011-04-21,2,350.4,2011-12-10,2,201,1.0,2394.1,7374.04,17904.57,49668.37,16830944.5,0.5,0.75,1.0,1.0,34.0,15,33,72,179,374
13339.0,2011-05-23,2011-05-23,1,29253.76,2011-12-10,1,201,1.0,2394.1,7374.04,17904.57,49668.37,16830944.5,0.5,0.75,1.0,1.0,34.0,15,33,72,179,374
17715.0,2011-05-23,2011-05-23,1,326.4,2011-12-10,1,201,1.0,2394.1,7374.04,17904.57,49668.37,16830944.5,0.5,0.75,1.0,1.0,34.0,15,33,72,179,374
13737.0,2011-05-23,2011-05-23,1,8159.2,2011-12-10,1,201,1.0,2394.1,7374.04,17904.57,49668.37,16830944.5,0.5,0.75,1.0,1.0,34.0,15,33,72,179,374
14195.0,2011-05-22,2011-04-01,2,2580.0,2011-12-10,2,202,1.0,2394.1,7374.04,17904.57,49668.37,16830944.5,0.5,0.75,1.0,1.0,34.0,15,33,72,179,374
13227.0,2011-05-22,2011-05-22,1,2319.3,2011-12-10,1,202,1.0,2394.1,7374.04,17904.57,49668.37,16830944.5,0.5,0.75,1.0,1.0,34.0,15,33,72,179,374
17176.0,2011-05-22,2011-05-22,1,4591.95,2011-12-10,1,202,1.0,2394.1,7374.04,17904.57,49668.37,16830944.5,0.5,0.75,1.0,1.0,34.0,15,33,72,179,374
14647.0,2011-05-22,2011-05-22,1,7296.6,2011-12-10,1,202,1.0,2394.1,7374.04,17904.57,49668.37,16830944.5,0.5,0.75,1.0,1.0,34.0,15,33,72,179,374
15292.0,2011-05-22,2011-05-22,1,2732.94,2011-12-10,1,202,1.0,2394.1,7374.04,17904.57,49668.37,16830944.5,0.5,0.75,1.0,1.0,34.0,15,33,72,179,374
15705.0,2011-05-22,2011-05-22,1,858.6,2011-12-10,1,202,1.0,2394.1,7374.04,17904.57,49668.37,16830944.5,0.5,0.75,1.0,1.0,34.0,15,33,72,179,374
17455.0,2011-05-20,2011-05-20,1,782.6,2011-12-10,1,204,1.0,2394.1,7374.04,17904.57,49668.37,16830944.5,0.5,0.75,1.0,1.0,34.0,15,33,72,179,374
13243.0,2011-05-20,2011-05-20,1,24481.02,2011-12-10,1,204,1.0,2394.1,7374.04,17904.57,49668.37,16830944.5,0.5,0.75,1.0,1.0,34.0,15,33,72,179,374
17245.0,2011-05-19,2011-05-19,1,1543.05,2011-12-10,1,205,1.0,2394.1,7374.04,17904.57,49668.37,16830944.5,0.5,0.75,1.0,1.0,34.0,15,33,72,179,374
17871.0,2011-05-19,2011-05-19,1,1559.0,2011-12-10,1,205,1.0,2394.1,7374.04,17904.57,49668.37,16830944.5,0.5,0.75,1.0,1.0,34.0,15,33,72,179,374
13887.0,2011-05-19,2011-05-19,1,5265.75,2011-12-10,1,205,1.0,2394.1,7374.04,17904.57,49668.37,16830944.5,0.5,0.75,1.0,1.0,34.0,15,33,72,179,374
12353.0,2011-05-19,2011-05-19,1,58.6,2011-12-10,1,205,1.0,2394.1,7374.04,17904.57,49668.37,16830944.5,0.5,0.75,1.0,1.0,34.0,15,33,72,179,374
12999.0,2011-05-18,2011-04-08,2,6585.96,2011-12-10,2,206,1.0,2394.1,7374.04,17904.57,49668.37,16830944.5,0.5,0.75,1.0,1.0,34.0,15,33,72,179,374
12690.0,2011-05-18,2011-05-18,1,3446.43,2011-12-10,1,206,1.0,2394.1,7374.04,17904.57,49668.37,16830944.5,0.5,0.75,1.0,1.0,34.0,15,33,72,179,374
17556.0,2011-05-18,2011-05-18,1,714.75,2011-12-10,1,206,1.0,2394.1,7374.04,17904.57,49668.37,16830944.5,0.5,0.75,1.0,1.0,34.0,15,33,72,179,374
13572.0,2011-05-18,2011-05-18,1,35051.8,2011-12-10,1,206,1.0,2394.1,7374.04,17904.57,49668.37,16830944.5,0.5,0.75,1.0,1.0,34.0,15,33,72,179,374
13976.0,2011-05-17,2011-05-17,1,3579.8,2011-12-10,1,207,1.0,2394.1,7374.04,17904.57,49668.37,16830944.5,0.5,0.75,1.0,1.0,34.0,15,33,72,179,374
15813.0,2011-05-16,2011-04-14,2,18509.35,2011-12-10,2,208,1.0,2394.1,7374.04,17904.57,49668.37,16830944.5,0.5,0.75,1.0,1.0,34.0,15,33,72,179,374
14489.0,2011-05-16,2011-05-16,1,13901.4,2011-12-10,1,208,1.0,2394.1,7374.04,17904.57,49668.37,16830944.5,0.5,0.75,1.0,1.0,34.0,15,33,72,179,374
14888.0,2011-05-16,2011-05-16,1,7384.0,2011-12-10,1,208,1.0,2394.1,7374.04,17904.57,49668.37,16830944.5,0.5,0.75,1.0,1.0,34.0,15,33,72,179,374
14689.0,2011-05-15,2011-05-15,1,1466.4,2011-12-10,1,209,1.0,2394.1,7374.04,17904.57,49668.37,16830944.5,0.5,0.75,1.0,1.0,34.0,15,33,72,179,374
15333.0,2011-05-15,2011-05-15,1,16456.96,2011-12-10,1,209,1.0,2394.1,7374.04,17904.57,49668.37,16830944.5,0.5,0.75,1.0,1.0,34.0,15,33,72,179,374
17263.0,2011-05-15,2011-05-15,1,1459.12,2011-12-10,1,209,1.0,2394.1,7374.04,17904.57,49668.37,16830944.5,0.5,0.75,1.0,1.0,34.0,15,33,72,179,374
12770.0,2011-05-13,2011-05-13,1,12995.4,2011-12-10,1,211,1.0,2394.1,7374.04,17904.57,49668.37,16830944.5,0.5,0.75,1.0,1.0,34.0,15,33,72,179,374
14873.0,2011-05-13,2011-05-13,1,8358.46,2011-12-10,1,211,1.0,2394.1,7374.04,17904.57,49668.37,16830944.5,0.5,0.75,1.0,1.0,34.0,15,33,72,179,374
12976.0,2011-05-12,2011-05-12,1,16249.2,2011-12-10,1,212,1.0,2394.1,7374.04,17904.57,49668.37,16830944.5,0.5,0.75,1.0,1.0,34.0,15,33,72,179,374
16116.0,2011-05-12,2011-05-12,1,12960.64,2011-12-10,1,212,1.0,2394.1,7374.04,17904.57,49668.37,16830944.5,0.5,0.75,1.0,1.0,34.0,15,33,72,179,374
14988.0,2011-05-12,2011-05-12,1,12549.81,2011-12-10,1,212,1.0,2394.1,7374.04,17904.57,49668.37,16830944.5,0.5,0.75,1.0,1.0,34.0,15,33,72,179,374
16006.0,2011-05-12,2011-05-12,1,811.2,2011-12-10,1,212,1.0,2394.1,7374.04,17904.57,49668.37,16830944.5,0.5,0.75,1.0,1.0,34.0,15,33,72,179,374
12590.0,2011-05-12,2011-05-12,1,625864.42,2011-12-10,1,212,1.0,2394.1,7374.04,17904.57,49668.37,16830944.5,0.5,0.75,1.0,1.0,34.0,15,33,72,179,374
14000.0,2011-05-12,2011-05-12,1,9534.9,2011-12-10,1,212,1.0,2394.1,7374.04,17904.57,49668.37,16830944.5,0.5,0.75,1.0,1.0,34.0,15,33,72,179,374
17970.0,2011-05-12,2011-05-12,1,15867.06,2011-12-10,1,212,1.0,2394.1,7374.04,17904.57,49668.37,16830944.5,0.5,0.75,1.0,1.0,34.0,15,33,72,179,374
15729.0,2011-05-11,2011-05-11,1,425.0,2011-12-10,1,213,1.0,2394.1,7374.04,17904.57,49668.37,16830944.5,0.5,0.75,1.0,1.0,34.0,15,33,72,179,374
13052.0,2011-05-11,2011-05-11,1,5749.4,2011-12-10,1,213,1.0,2394.1,7374.04,17904.57,49668.37,16830944.5,0.5,0.75,1.0,1.0,34.0,15,33,72,179,374
18133.0,2011-05-11,2011-05-11,1,931.5,2011-12-10,1,213,1.0,2394.1,7374.04,17904.57,49668.37,16830944.5,0.5,0.75,1.0,1.0,34.0,15,33,72,179,374
13235.0,2011-05-11,2011-05-11,1,52985.52,2011-12-10,1,213,1.0,2394.1,7374.04,17904.57,49668.37,16830944.5,0.5,0.75,1.0,1.0,34.0,15,33,72,179,374
16306.0,2011-05-10,2010-12-07,6,8934.81,2011-12-10,6,214,1.0,2394.1,7374.04,17904.57,49668.37,16830944.5,0.5,0.75,1.0,1.0,34.0,15,33,72,179,374
17597.0,2011-05-10,2011-05-10,1,86221.0,2011-12-10,1,214,1.0,2394.1,7374.04,17904.57,49668.37,16830944.5,0.5,0.75,1.0,1.0,34.0,15,33,72,179,374
14288.0,2011-05-10,2011-05-10,1,5634.0,2011-12-10,1,214,1.0,2394.1,7374.04,17904.57,49668.37,16830944.5,0.5,0.75,1.0,1.0,34.0,15,33,72,179,374
15063.0,2011-05-10,2011-05-10,1,140.4,2011-12-10,1,214,1.0,2394.1,7374.04,17904.57,49668.37,16830944.5,0.5,0.75,1.0,1.0,34.0,15,33,72,179,374
13990.0,2011-05-10,2011-05-10,1,4980.8,2011-12-10,1,214,1.0,2394.1,7374.04,17904.57,49668.37,16830944.5,0.5,0.75,1.0,1.0,34.0,15,33,72,179,374
16756.0,2011-05-09,2011-05-09,1,2566.8,2011-12-10,1,215,1.0,2394.1,7374.04,17904.57,49668.37,16830944.5,0.5,0.75,1.0,1.0,34.0,15,33,72,179,374
18120.0,2011-05-09,2011-05-09,1,1460.0,2011-12-10,1,215,1.0,2394.1,7374.04,17904.57,49668.37,16830944.5,0.5,0.75,1.0,1.0,34.0,15,33,72,179,374
12355.0,2011-05-09,2011-05-09,1,4554.0,2011-12-10,1,215,1.0,2394.1,7374.04,17904.57,49668.37,16830944.5,0.5,0.75,1.0,1.0,34.0,15,33,72,179,374
14699.0,2011-05-09,2011-05-09,1,873.04,2011-12-10,1,215,1.0,2394.1,7374.04,17904.57,49668.37,16830944.5,0.5,0.75,1.0,1.0,34.0,15,33,72,179,374
12821.0,2011-05-09,2011-05-09,1,378.6,2011-12-10,1,215,1.0,2394.1,7374.04,17904.57,49668.37,16830944.5,0.5,0.75,1.0,1.0,34.0,15,33,72,179,374
13642.0,2011-05-08,2011-05-08,1,16590.0,2011-12-10,1,216,1.0,2394.1,7374.04,17904.57,49668.37,16830944.5,0.5,0.75,1.0,1.0,34.0,15,33,72,179,374
13561.0,2011-05-08,2011-05-08,1,1447.32,2011-12-10,1,216,1.0,2394.1,7374.04,17904.57,49668.37,16830944.5,0.5,0.75,1.0,1.0,34.0,15,33,72,179,374
14353.0,2011-05-08,2011-05-08,1,543.6,2011-12-10,1,216,1.0,2394.1,7374.04,17904.57,49668.37,16830944.5,0.5,0.75,1.0,1.0,34.0,15,33,72,179,374
13952.0,2011-05-06,2011-04-15,2,171456.09,2011-12-10,2,218,1.0,2394.1,7374.04,17904.57,49668.37,16830944.5,0.5,0.75,1.0,1.0,34.0,15,33,72,179,374
15668.0,2011-05-06,2011-05-06,1,76.32,2011-12-10,1,218,1.0,2394.1,7374.04,17904.57,49668.37,16830944.5,0.5,0.75,1.0,1.0,34.0,15,33,72,179,374
16319.0,2011-05-06,2011-05-06,1,1213.2,2011-12-10,1,218,1.0,2394.1,7374.04,17904.57,49668.37,16830944.5,0.5,0.75,1.0,1.0,34.0,15,33,72,179,374
17174.0,2011-05-06,2011-05-06,1,239.6,2011-12-10,1,218,1.0,2394.1,7374.04,17904.57,49668.37,16830944.5,0.5,0.75,1.0,1.0,34.0,15,33,72,179,374
18227.0,2011-05-06,2011-05-06,1,60.0,2011-12-10,1,218,1.0,2394.1,7374.04,17904.57,49668.37,16830944.5,0.5,0.75,1.0,1.0,34.0,15,33,72,179,374
15552.0,2011-05-06,2011-05-06,1,1532.04,2011-12-10,1,218,1.0,2394.1,7374.04,17904.57,49668.37,16830944.5,0.5,0.75,1.0,1.0,34.0,15,33,72,179,374
13723.0,2011-05-06,2011-05-06,1,750.5,2011-12-10,1,218,1.0,2394.1,7374.04,17904.57,49668.37,16830944.5,0.5,0.75,1.0,1.0,34.0,15,33,72,179,374
16990.0,2011-05-05,2011-05-05,1,179.0,2011-12-10,1,219,1.0,2394.1,7374.04,17904.57,49668.37,16830944.5,0.5,0.75,1.0,1.0,34.0,15,33,72,179,374
13762.0,2011-05-05,2011-05-05,1,2147.04,2011-12-10,1,219,1.0,2394.1,7374.04,17904.57,49668.37,16830944.5,0.5,0.75,1.0,1.0,34.0,15,33,72,179,374
14340.0,2011-05-05,2011-05-05,1,808.2,2011-12-10,1,219,1.0,2394.1,7374.04,17904.57,49668.37,16830944.5,0.5,0.75,1.0,1.0,34.0,15,33,72,179,374
16457.0,2011-05-05,2011-05-05,1,1875.24,2011-12-10,1,219,1.0,2394.1,7374.04,17904.57,49668.37,16830944.5,0.5,0.75,1.0,1.0,34.0,15,33,72,179,374
14199.0,2011-05-05,2011-05-05,1,10.2,2011-12-10,1,219,1.0,2394.1,7374.04,17904.57,49668.37,16830944.5,0.5,0.75,1.0,1.0,34.0,15,33,72,179,374
14423.0,2011-05-05,2011-05-05,1,795.6,2011-12-10,1,219,1.0,2394.1,7374.04,17904.57,49668.37,16830944.5,0.5,0.75,1.0,1.0,34.0,15,33,72,179,374
14393.0,2011-05-05,2011-05-05,1,339.75,2011-12-10,1,219,1.0,2394.1,7374.04,17904.57,49668.37,16830944.5,0.5,0.75,1.0,1.0,34.0,15,33,72,179,374
17578.0,2011-05-05,2011-05-05,1,717.3,2011-12-10,1,219,1.0,2394.1,7374.04,17904.57,49668.37,16830944.5,0.5,0.75,1.0,1.0,34.0,15,33,72,179,374
13731.0,2011-05-04,2011-04-07,2,8422.89,2011-12-10,2,220,1.0,2394.1,7374.04,17904.57,49668.37,16830944.5,0.5,0.75,1.0,1.0,34.0,15,33,72,179,374
17443.0,2011-05-04,2011-05-04,1,534.24,2011-12-10,1,220,1.0,2394.1,7374.04,17904.57,49668.37,16830944.5,0.5,0.75,1.0,1.0,34.0,15,33,72,179,374
16610.0,2011-05-04,2011-05-04,1,453.96,2011-12-10,1,220,1.0,2394.1,7374.04,17904.57,49668.37,16830944.5,0.5,0.75,1.0,1.0,34.0,15,33,72,179,374
17394.0,2011-05-04,2011-05-04,1,581.76,2011-12-10,1,220,1.0,2394.1,7374.04,17904.57,49668.37,16830944.5,0.5,0.75,1.0,1.0,34.0,15,33,72,179,374
16055.0,2011-05-03,2011-05-03,1,563.4,2011-12-10,1,221,1.0,2394.1,7374.04,17904.57,49668.37,16830944.5,0.5,0.75,1.0,1.0,34.0,15,33,72,179,374
14149.0,2011-05-03,2011-05-03,1,11370.24,2011-12-10,1,221,1.0,2394.1,7374.04,17904.57,49668.37,16830944.5,0.5,0.75,1.0,1.0,34.0,15,33,72,179,374
14304.0,2011-05-01,2011-05-01,1,5880.0,2011-12-10,1,223,1.0,2394.1,7374.04,17904.57,49668.37,16830944.5,0.5,0.75,1.0,1.0,34.0,15,33,72,179,374
15143.0,2011-04-28,2011-04-28,1,3114.15,2011-12-10,1,226,1.0,2394.1,7374.04,17904.57,49668.37,16830944.5,0.5,0.75,1.0,1.0,34.0,15,33,72,179,374
13229.0,2011-04-28,2011-04-28,1,1251.45,2011-12-10,1,226,1.0,2394.1,7374.04,17904.57,49668.37,16830944.5,0.5,0.75,1.0,1.0,34.0,15,33,72,179,374
14271.0,2011-04-28,2011-04-28,1,831.78,2011-12-10,1,226,1.0,2394.1,7374.04,17904.57,49668.37,16830944.5,0.5,0.75,1.0,1.0,34.0,15,33,72,179,374
16227.0,2011-04-28,2011-04-28,1,1885.32,2011-12-10,1,226,1.0,2394.1,7374.04,17904.57,49668.37,16830944.5,0.5,0.75,1.0,1.0,34.0,15,33,72,179,374
17893.0,2011-04-28,2011-04-28,1,1385.25,2011-12-10,1,226,1.0,2394.1,7374.04,17904.57,49668.37,16830944.5,0.5,0.75,1.0,1.0,34.0,15,33,72,179,374
14022.0,2011-04-28,2011-04-28,1,12320.0,2011-12-10,1,226,1.0,2394.1,7374.04,17904.57,49668.37,16830944.5,0.5,0.75,1.0,1.0,34.0,15,33,72,179,374
15210.0,2011-04-28,2011-04-28,1,4415.04,2011-12-10,1,226,1.0,2394.1,7374.04,17904.57,49668.37,16830944.5,0.5,0.75,1.0,1.0,34.0,15,33,72,179,374
16698.0,2011-04-27,2011-03-31,2,5544.0,2011-12-10,2,227,1.0,2394.1,7374.04,17904.57,49668.37,16830944.5,0.5,0.75,1.0,1.0,34.0,15,33,72,179,374
18220.0,2011-04-27,2011-04-27,1,610.56,2011-12-10,1,227,1.0,2394.1,7374.04,17904.57,49668.37,16830944.5,0.5,0.75,1.0,1.0,34.0,15,33,72,179,374
16965.0,2011-04-27,2011-04-27,1,5230.94,2011-12-10,1,227,1.0,2394.1,7374.04,17904.57,49668.37,16830944.5,0.5,0.75,1.0,1.0,34.0,15,33,72,179,374
15891.0,2011-04-27,2011-04-27,1,26602.86,2011-12-10,1,227,1.0,2394.1,7374.04,17904.57,49668.37,16830944.5,0.5,0.75,1.0,1.0,34.0,15,33,72,179,374
17187.0,2011-04-27,2011-04-27,1,1313.2,2011-12-10,1,227,1.0,2394.1,7374.04,17904.57,49668.37,16830944.5,0.5,0.75,1.0,1.0,34.0,15,33,72,179,374
18183.0,2011-04-26,2011-03-10,2,9513.36,2011-12-10,2,228,1.0,2394.1,7374.04,17904.57,49668.37,16830944.5,0.5,0.75,1.0,1.0,34.0,15,33,72,179,374
17670.0,2011-04-26,2011-04-26,1,2262.7,2011-12-10,1,228,1.0,2394.1,7374.04,17904.57,49668.37,16830944.5,0.5,0.75,1.0,1.0,34.0,15,33,72,179,374
16834.0,2011-04-26,2011-04-26,1,9923.04,2011-12-10,1,228,1.0,2394.1,7374.04,17904.57,49668.37,16830944.5,0.5,0.75,1.0,1.0,34.0,15,33,72,179,374
16823.0,2011-04-26,2011-04-26,1,11787.46,2011-12-10,1,228,1.0,2394.1,7374.04,17904.57,49668.37,16830944.5,0.5,0.75,1.0,1.0,34.0,15,33,72,179,374
12573.0,2011-04-26,2011-04-26,1,4065.93,2011-12-10,1,228,1.0,2394.1,7374.04,17904.57,49668.37,16830944.5,0.5,0.75,1.0,1.0,34.0,15,33,72,179,374
12506.0,2011-04-21,2011-04-21,1,1690.5,2011-12-10,1,233,1.0,2394.1,7374.04,17904.57,49668.37,16830944.5,0.5,0.75,1.0,1.0,34.0,15,33,72,179,374
12354.0,2011-04-21,2011-04-21,1,45371.55,2011-12-10,1,233,1.0,2394.1,7374.04,17904.57,49668.37,16830944.5,0.5,0.75,1.0,1.0,34.0,15,33,72,179,374
17718.0,2011-04-21,2011-04-21,1,569.25,2011-12-10,1,233,1.0,2394.1,7374.04,17904.57,49668.37,16830944.5,0.5,0.75,1.0,1.0,34.0,15,33,72,179,374
16587.0,2011-04-21,2011-04-21,1,1022.8,2011-12-10,1,233,1.0,2394.1,7374.04,17904.57,49668.37,16830944.5,0.5,0.75,1.0,1.0,34.0,15,33,72,179,374
12622.0,2011-04-21,2011-04-21,1,990.8,2011-12-10,1,233,1.0,2394.1,7374.04,17904.57,49668.37,16830944.5,0.5,0.75,1.0,1.0,34.0,15,33,72,179,374
13482.0,2011-04-21,2011-04-21,1,2031.04,2011-12-10,1,233,1.0,2394.1,7374.04,17904.57,49668.37,16830944.5,0.5,0.75,1.0,1.0,34.0,15,33,72,179,374
17946.0,2011-04-20,2011-03-25,2,986.1,2011-12-10,2,234,1.0,2394.1,7374.04,17904.57,49668.37,16830944.5,0.5,0.75,1.0,1.0,34.0,15,33,72,179,374
17548.0,2011-04-20,2011-04-20,1,516.5,2011-12-10,1,234,1.0,2394.1,7374.04,17904.57,49668.37,16830944.5,0.5,0.75,1.0,1.0,34.0,15,33,72,179,374
14148.0,2011-04-20,2011-04-20,1,59.4,2011-12-10,1,234,1.0,2394.1,7374.04,17904.57,49668.37,16830944.5,0.5,0.75,1.0,1.0,34.0,15,33,72,179,374
13485.0,2011-04-20,2011-04-20,1,9555.48,2011-12-10,1,234,1.0,2394.1,7374.04,17904.57,49668.37,16830944.5,0.5,0.75,1.0,1.0,34.0,15,33,72,179,374
15517.0,2011-04-20,2011-04-20,1,6611.28,2011-12-10,1,234,1.0,2394.1,7374.04,17904.57,49668.37,16830944.5,0.5,0.75,1.0,1.0,34.0,15,33,72,179,374
17120.0,2011-04-20,2011-04-20,1,3591.9,2011-12-10,1,234,1.0,2394.1,7374.04,17904.57,49668.37,16830944.5,0.5,0.75,1.0,1.0,34.0,15,33,72,179,374
15717.0,2011-04-19,2011-04-19,1,1052.1,2011-12-10,1,235,1.0,2394.1,7374.04,17904.57,49668.37,16830944.5,0.5,0.75,1.0,1.0,34.0,15,33,72,179,374
13101.0,2011-04-19,2011-04-19,1,638.68,2011-12-10,1,235,1.0,2394.1,7374.04,17904.57,49668.37,16830944.5,0.5,0.75,1.0,1.0,34.0,15,33,72,179,374
15225.0,2011-04-19,2011-04-19,1,8632.8,2011-12-10,1,235,1.0,2394.1,7374.04,17904.57,49668.37,16830944.5,0.5,0.75,1.0,1.0,34.0,15,33,72,179,374
12733.0,2011-04-19,2011-04-19,1,6456.45,2011-12-10,1,235,1.0,2394.1,7374.04,17904.57,49668.37,16830944.5,0.5,0.75,1.0,1.0,34.0,15,33,72,179,374
17217.0,2011-04-19,2011-04-19,1,1021.5,2011-12-10,1,235,1.0,2394.1,7374.04,17904.57,49668.37,16830944.5,0.5,0.75,1.0,1.0,34.0,15,33,72,179,374
12754.0,2011-04-18,2011-02-04,3,43166.37,2011-12-10,3,236,1.0,2394.1,7374.04,17904.57,49668.37,16830944.5,0.5,0.75,1.0,1.0,34.0,15,33,72,179,374
16217.0,2011-04-18,2011-03-02,2,2498.0,2011-12-10,2,236,1.0,2394.1,7374.04,17904.57,49668.37,16830944.5,0.5,0.75,1.0,1.0,34.0,15,33,72,179,374
16947.0,2011-04-18,2011-04-18,1,7731.6,2011-12-10,1,236,1.0,2394.1,7374.04,17904.57,49668.37,16830944.5,0.5,0.75,1.0,1.0,34.0,15,33,72,179,374
16617.0,2011-04-18,2011-04-18,1,556.4,2011-12-10,1,236,1.0,2394.1,7374.04,17904.57,49668.37,16830944.5,0.5,0.75,1.0,1.0,34.0,15,33,72,179,374
18009.0,2011-04-18,2011-04-18,1,4946.24,2011-12-10,1,236,1.0,2394.1,7374.04,17904.57,49668.37,16830944.5,0.5,0.75,1.0,1.0,34.0,15,33,72,179,374
12878.0,2011-04-17,2011-03-18,2,21103.1,2011-12-10,2,237,1.0,2394.1,7374.04,17904.57,49668.37,16830944.5,0.5,0.75,1.0,1.0,34.0,15,33,72,179,374
18213.0,2011-04-17,2011-04-17,1,3487.2,2011-12-10,1,237,1.0,2394.1,7374.04,17904.57,49668.37,16830944.5,0.5,0.75,1.0,1.0,34.0,15,33,72,179,374
16193.0,2011-04-17,2011-04-17,1,5301.9,2011-12-10,1,237,1.0,2394.1,7374.04,17904.57,49668.37,16830944.5,0.5,0.75,1.0,1.0,34.0,15,33,72,179,374
17582.0,2011-04-17,2011-04-17,1,5082.83,2011-12-10,1,237,1.0,2394.1,7374.04,17904.57,49668.37,16830944.5,0.5,0.75,1.0,1.0,34.0,15,33,72,179,374
13474.0,2011-04-17,2011-04-17,1,11952.34,2011-12-10,1,237,1.0,2394.1,7374.04,17904.57,49668.37,16830944.5,0.5,0.75,1.0,1.0,34.0,15,33,72,179,374
17697.0,2011-04-17,2011-04-17,1,4772.0,2011-12-10,1,237,1.0,2394.1,7374.04,17904.57,49668.37,16830944.5,0.5,0.75,1.0,1.0,34.0,15,33,72,179,374
13120.0,2011-04-15,2011-04-15,1,30.6,2011-12-10,1,239,1.0,2394.1,7374.04,17904.57,49668.37,16830944.5,0.5,0.75,1.0,1.0,34.0,15,33,72,179,374
12769.0,2011-04-15,2011-04-15,1,30020.4,2011-12-10,1,239,1.0,2394.1,7374.04,17904.57,49668.37,16830944.5,0.5,0.75,1.0,1.0,34.0,15,33,72,179,374
12639.0,2011-04-15,2011-04-15,1,6482.8,2011-12-10,1,239,1.0,2394.1,7374.04,17904.57,49668.37,16830944.5,0.5,0.75,1.0,1.0,34.0,15,33,72,179,374
17367.0,2011-04-15,2011-04-15,1,5276.7,2011-12-10,1,239,1.0,2394.1,7374.04,17904.57,49668.37,16830944.5,0.5,0.75,1.0,1.0,34.0,15,33,72,179,374
16957.0,2011-04-14,2011-03-03,2,3341.36,2011-12-10,2,240,1.0,2394.1,7374.04,17904.57,49668.37,16830944.5,0.5,0.75,1.0,1.0,34.0,15,33,72,179,374
15935.0,2011-04-14,2011-04-14,1,910.4,2011-12-10,1,240,1.0,2394.1,7374.04,17904.57,49668.37,16830944.5,0.5,0.75,1.0,1.0,34.0,15,33,72,179,374
14206.0,2011-04-14,2011-04-14,1,5750.54,2011-12-10,1,240,1.0,2394.1,7374.04,17904.57,49668.37,16830944.5,0.5,0.75,1.0,1.0,34.0,15,33,72,179,374
14105.0,2011-04-14,2011-04-14,1,77137.84,2011-12-10,1,240,1.0,2394.1,7374.04,17904.57,49668.37,16830944.5,0.5,0.75,1.0,1.0,34.0,15,33,72,179,374
17601.0,2011-04-14,2011-04-14,1,1044.09,2011-12-10,1,240,1.0,2394.1,7374.04,17904.57,49668.37,16830944.5,0.5,0.75,1.0,1.0,34.0,15,33,72,179,374
17142.0,2011-04-14,2011-04-14,1,2567.4,2011-12-10,1,240,1.0,2394.1,7374.04,17904.57,49668.37,16830944.5,0.5,0.75,1.0,1.0,34.0,15,33,72,179,374
15135.0,2011-04-14,2011-04-14,1,1251.45,2011-12-10,1,240,1.0,2394.1,7374.04,17904.57,49668.37,16830944.5,0.5,0.75,1.0,1.0,34.0,15,33,72,179,374
13740.0,2011-04-13,2011-04-13,1,8067.25,2011-12-10,1,241,1.0,2394.1,7374.04,17904.57,49668.37,16830944.5,0.5,0.75,1.0,1.0,34.0,15,33,72,179,374
16097.0,2011-04-13,2011-04-13,1,662.4,2011-12-10,1,241,1.0,2394.1,7374.04,17904.57,49668.37,16830944.5,0.5,0.75,1.0,1.0,34.0,15,33,72,179,374
17746.0,2011-04-13,2011-04-13,1,299.2,2011-12-10,1,241,1.0,2394.1,7374.04,17904.57,49668.37,16830944.5,0.5,0.75,1.0,1.0,34.0,15,33,72,179,374
15147.0,2011-04-13,2011-04-13,1,12607.4,2011-12-10,1,241,1.0,2394.1,7374.04,17904.57,49668.37,16830944.5,0.5,0.75,1.0,1.0,34.0,15,33,72,179,374
17972.0,2011-04-12,2011-04-12,1,2726.92,2011-12-10,1,242,1.0,2394.1,7374.04,17904.57,49668.37,16830944.5,0.5,0.75,1.0,1.0,34.0,15,33,72,179,374
17278.0,2011-04-12,2011-04-12,1,2885.26,2011-12-10,1,242,1.0,2394.1,7374.04,17904.57,49668.37,16830944.5,0.5,0.75,1.0,1.0,34.0,15,33,72,179,374
15212.0,2011-04-12,2011-04-12,1,248.0,2011-12-10,1,242,1.0,2394.1,7374.04,17904.57,49668.37,16830944.5,0.5,0.75,1.0,1.0,34.0,15,33,72,179,374
13484.0,2011-04-12,2011-04-12,1,2510.4,2011-12-10,1,242,1.0,2394.1,7374.04,17904.57,49668.37,16830944.5,0.5,0.75,1.0,1.0,34.0,15,33,72,179,374
16697.0,2011-04-12,2011-04-12,1,1738.5,2011-12-10,1,242,1.0,2394.1,7374.04,17904.57,49668.37,16830944.5,0.5,0.75,1.0,1.0,34.0,15,33,72,179,374
17574.0,2011-04-11,2011-04-11,1,1090.6,2011-12-10,1,243,1.0,2394.1,7374.04,17904.57,49668.37,16830944.5,0.5,0.75,1.0,1.0,34.0,15,33,72,179,374
14311.0,2011-04-11,2011-04-11,1,2982.14,2011-12-10,1,243,1.0,2394.1,7374.04,17904.57,49668.37,16830944.5,0.5,0.75,1.0,1.0,34.0,15,33,72,179,374
14339.0,2011-04-11,2011-04-11,1,4333.28,2011-12-10,1,243,1.0,2394.1,7374.04,17904.57,49668.37,16830944.5,0.5,0.75,1.0,1.0,34.0,15,33,72,179,374
12982.0,2011-04-11,2011-04-11,1,10935.12,2011-12-10,1,243,1.0,2394.1,7374.04,17904.57,49668.37,16830944.5,0.5,0.75,1.0,1.0,34.0,15,33,72,179,374
14326.0,2011-04-11,2011-04-11,1,1470.8,2011-12-10,1,243,1.0,2394.1,7374.04,17904.57,49668.37,16830944.5,0.5,0.75,1.0,1.0,34.0,15,33,72,179,374
13508.0,2011-04-10,2011-04-10,1,1080.42,2011-12-10,1,244,1.0,2394.1,7374.04,17904.57,49668.37,16830944.5,0.5,0.75,1.0,1.0,34.0,15,33,72,179,374
12447.0,2011-04-10,2011-04-10,1,9878.16,2011-12-10,1,244,1.0,2394.1,7374.04,17904.57,49668.37,16830944.5,0.5,0.75,1.0,1.0,34.0,15,33,72,179,374
13570.0,2011-04-10,2011-04-10,1,5709.34,2011-12-10,1,244,1.0,2394.1,7374.04,17904.57,49668.37,16830944.5,0.5,0.75,1.0,1.0,34.0,15,33,72,179,374
18129.0,2011-04-10,2011-04-10,1,1297.4,2011-12-10,1,244,1.0,2394.1,7374.04,17904.57,49668.37,16830944.5,0.5,0.75,1.0,1.0,34.0,15,33,72,179,374
15655.0,2011-04-10,2011-04-10,1,15418.47,2011-12-10,1,244,1.0,2394.1,7374.04,17904.57,49668.37,16830944.5,0.5,0.75,1.0,1.0,34.0,15,33,72,179,374
14619.0,2011-04-08,2011-04-08,1,5595.38,2011-12-10,1,246,1.0,2394.1,7374.04,17904.57,49668.37,16830944.5,0.5,0.75,1.0,1.0,34.0,15,33,72,179,374
16643.0,2011-04-08,2011-04-08,1,11052.75,2011-12-10,1,246,1.0,2394.1,7374.04,17904.57,49668.37,16830944.5,0.5,0.75,1.0,1.0,34.0,15,33,72,179,374
15119.0,2011-04-08,2011-04-08,1,1628.0,2011-12-10,1,246,1.0,2394.1,7374.04,17904.57,49668.37,16830944.5,0.5,0.75,1.0,1.0,34.0,15,33,72,179,374
14924.0,2011-04-08,2011-04-08,1,1344.4,2011-12-10,1,246,1.0,2394.1,7374.04,17904.57,49668.37,16830944.5,0.5,0.75,1.0,1.0,34.0,15,33,72,179,374
15109.0,2011-04-08,2011-04-08,1,6543.0,2011-12-10,1,246,1.0,2394.1,7374.04,17904.57,49668.37,16830944.5,0.5,0.75,1.0,1.0,34.0,15,33,72,179,374
16623.0,2011-04-08,2011-04-08,1,647.25,2011-12-10,1,246,1.0,2394.1,7374.04,17904.57,49668.37,16830944.5,0.5,0.75,1.0,1.0,34.0,15,33,72,179,374
15775.0,2011-04-08,2011-04-08,1,527.4,2011-12-10,1,246,1.0,2394.1,7374.04,17904.57,49668.37,16830944.5,0.5,0.75,1.0,1.0,34.0,15,33,72,179,374
14465.0,2011-04-07,2011-02-10,3,27761.04,2011-12-10,3,247,1.0,2394.1,7374.04,17904.57,49668.37,16830944.5,0.5,0.75,1.0,1.0,34.0,15,33,72,179,374
12580.0,2011-04-07,2011-04-07,1,8733.1,2011-12-10,1,247,1.0,2394.1,7374.04,17904.57,49668.37,16830944.5,0.5,0.75,1.0,1.0,34.0,15,33,72,179,374
13712.0,2011-04-07,2011-04-07,1,2288.4,2011-12-10,1,247,1.0,2394.1,7374.04,17904.57,49668.37,16830944.5,0.5,0.75,1.0,1.0,34.0,15,33,72,179,374
14981.0,2011-04-07,2011-04-07,1,816.96,2011-12-10,1,247,1.0,2394.1,7374.04,17904.57,49668.37,16830944.5,0.5,0.75,1.0,1.0,34.0,15,33,72,179,374
16378.0,2011-04-06,2011-02-02,3,3098.2,2011-12-10,3,248,1.0,2394.1,7374.04,17904.57,49668.37,16830944.5,0.5,0.75,1.0,1.0,34.0,15,33,72,179,374
13863.0,2011-04-06,2011-04-06,1,4767.84,2011-12-10,1,248,1.0,2394.1,7374.04,17904.57,49668.37,16830944.5,0.5,0.75,1.0,1.0,34.0,15,33,72,179,374
15917.0,2011-04-06,2011-04-06,1,544.95,2011-12-10,1,248,1.0,2394.1,7374.04,17904.57,49668.37,16830944.5,0.5,0.75,1.0,1.0,34.0,15,33,72,179,374
17140.0,2011-04-06,2011-04-06,1,8356.58,2011-12-10,1,248,1.0,2394.1,7374.04,17904.57,49668.37,16830944.5,0.5,0.75,1.0,1.0,34.0,15,33,72,179,374
14964.0,2011-04-06,2011-04-06,1,2018.61,2011-12-10,1,248,1.0,2394.1,7374.04,17904.57,49668.37,16830944.5,0.5,0.75,1.0,1.0,34.0,15,33,72,179,374
17906.0,2011-04-06,2011-04-06,1,615.45,2011-12-10,1,248,1.0,2394.1,7374.04,17904.57,49668.37,16830944.5,0.5,0.75,1.0,1.0,34.0,15,33,72,179,374
16586.0,2011-04-05,2011-04-05,1,2533.65,2011-12-10,1,249,1.0,2394.1,7374.04,17904.57,49668.37,16830944.5,0.5,0.75,1.0,1.0,34.0,15,33,72,179,374
16105.0,2011-04-05,2011-04-05,1,4380.48,2011-12-10,1,249,1.0,2394.1,7374.04,17904.57,49668.37,16830944.5,0.5,0.75,1.0,1.0,34.0,15,33,72,179,374
15442.0,2011-04-05,2011-04-05,1,1188.0,2011-12-10,1,249,1.0,2394.1,7374.04,17904.57,49668.37,16830944.5,0.5,0.75,1.0,1.0,34.0,15,33,72,179,374
17492.0,2011-04-05,2011-04-05,1,3699.52,2011-12-10,1,249,1.0,2394.1,7374.04,17904.57,49668.37,16830944.5,0.5,0.75,1.0,1.0,34.0,15,33,72,179,374
16142.0,2011-04-04,2011-04-04,1,14225.28,2011-12-10,1,250,1.0,2394.1,7374.04,17904.57,49668.37,16830944.5,0.5,0.75,1.0,1.0,34.0,15,33,72,179,374
13059.0,2011-04-04,2011-04-04,1,513.9,2011-12-10,1,250,1.0,2394.1,7374.04,17904.57,49668.37,16830944.5,0.5,0.75,1.0,1.0,34.0,15,33,72,179,374
18185.0,2011-04-04,2011-04-04,1,2999.5,2011-12-10,1,250,1.0,2394.1,7374.04,17904.57,49668.37,16830944.5,0.5,0.75,1.0,1.0,34.0,15,33,72,179,374
14747.0,2011-04-04,2011-04-04,1,3145.1,2011-12-10,1,250,1.0,2394.1,7374.04,17904.57,49668.37,16830944.5,0.5,0.75,1.0,1.0,34.0,15,33,72,179,374
13781.0,2011-04-03,2011-04-03,1,1385.85,2011-12-10,1,251,1.0,2394.1,7374.04,17904.57,49668.37,16830944.5,0.5,0.75,1.0,1.0,34.0,15,33,72,179,374
14886.0,2011-04-01,2011-04-01,1,5525.0,2011-12-10,1,253,1.0,2394.1,7374.04,17904.57,49668.37,16830944.5,0.5,0.75,1.0,1.0,34.0,15,33,72,179,374
13626.0,2011-04-01,2011-04-01,1,4887.37,2011-12-10,1,253,1.0,2394.1,7374.04,17904.57,49668.37,16830944.5,0.5,0.75,1.0,1.0,34.0,15,33,72,179,374
13462.0,2011-04-01,2011-04-01,1,1363.5,2011-12-10,1,253,1.0,2394.1,7374.04,17904.57,49668.37,16830944.5,0.5,0.75,1.0,1.0,34.0,15,33,72,179,374
13841.0,2011-04-01,2011-04-01,1,85.0,2011-12-10,1,253,1.0,2394.1,7374.04,17904.57,49668.37,16830944.5,0.5,0.75,1.0,1.0,34.0,15,33,72,179,374
17701.0,2011-04-01,2011-04-01,1,6164.55,2011-12-10,1,253,1.0,2394.1,7374.04,17904.57,49668.37,16830944.5,0.5,0.75,1.0,1.0,34.0,15,33,72,179,374
16162.0,2011-04-01,2011-04-01,1,11.9,2011-12-10,1,253,1.0,2394.1,7374.04,17904.57,49668.37,16830944.5,0.5,0.75,1.0,1.0,34.0,15,33,72,179,374
15691.0,2011-04-01,2011-04-01,1,273.6,2011-12-10,1,253,1.0,2394.1,7374.04,17904.57,49668.37,16830944.5,0.5,0.75,1.0,1.0,34.0,15,33,72,179,374
17438.0,2011-03-31,2011-03-31,1,5199.75,2011-12-10,1,254,1.0,2394.1,7374.04,17904.57,49668.37,16830944.5,0.5,0.75,1.0,1.0,34.0,15,33,72,179,374
13060.0,2011-03-31,2011-03-31,1,4612.95,2011-12-10,1,254,1.0,2394.1,7374.04,17904.57,49668.37,16830944.5,0.5,0.75,1.0,1.0,34.0,15,33,72,179,374
14890.0,2011-03-31,2011-03-31,1,879.55,2011-12-10,1,254,1.0,2394.1,7374.04,17904.57,49668.37,16830944.5,0.5,0.75,1.0,1.0,34.0,15,33,72,179,374
14957.0,2011-03-31,2011-03-31,1,701.88,2011-12-10,1,254,1.0,2394.1,7374.04,17904.57,49668.37,16830944.5,0.5,0.75,1.0,1.0,34.0,15,33,72,179,374
17212.0,2011-03-31,2011-03-31,1,907.4,2011-12-10,1,254,1.0,2394.1,7374.04,17904.57,49668.37,16830944.5,0.5,0.75,1.0,1.0,34.0,15,33,72,179,374
17775.0,2011-03-30,2011-03-30,1,169.2,2011-12-10,1,255,1.0,2394.1,7374.04,17904.57,49668.37,16830944.5,0.5,0.75,1.0,1.0,34.0,15,33,72,179,374
18108.0,2011-03-30,2011-03-30,1,3992.0,2011-12-10,1,255,1.0,2394.1,7374.04,17904.57,49668.37,16830944.5,0.5,0.75,1.0,1.0,34.0,15,33,72,179,374
15832.0,2011-03-30,2011-03-30,1,45186.66,2011-12-10,1,255,1.0,2394.1,7374.04,17904.57,49668.37,16830944.5,0.5,0.75,1.0,1.0,34.0,15,33,72,179,374
15528.0,2011-03-30,2011-03-30,1,5484.5,2011-12-10,1,255,1.0,2394.1,7374.04,17904.57,49668.37,16830944.5,0.5,0.75,1.0,1.0,34.0,15,33,72,179,374
16980.0,2011-03-29,2011-02-21,2,58202.12,2011-12-10,2,256,1.0,2394.1,7374.04,17904.57,49668.37,16830944.5,0.5,0.75,1.0,1.0,34.0,15,33,72,179,374
13803.0,2011-03-29,2011-03-29,1,4710.19,2011-12-10,1,256,1.0,2394.1,7374.04,17904.57,49668.37,16830944.5,0.5,0.75,1.0,1.0,34.0,15,33,72,179,374
13439.0,2011-03-29,2011-03-29,1,15320.34,2011-12-10,1,256,1.0,2394.1,7374.04,17904.57,49668.37,16830944.5,0.5,0.75,1.0,1.0,34.0,15,33,72,179,374
12792.0,2011-03-28,2011-03-28,1,7580.57,2011-12-10,1,257,1.0,2394.1,7374.04,17904.57,49668.37,16830944.5,0.5,0.75,1.0,1.0,34.0,15,33,72,179,374
15083.0,2011-03-28,2011-03-28,1,188.1,2011-12-10,1,257,1.0,2394.1,7374.04,17904.57,49668.37,16830944.5,0.5,0.75,1.0,1.0,34.0,15,33,72,179,374
18010.0,2011-03-28,2011-03-28,1,1252.0,2011-12-10,1,257,1.0,2394.1,7374.04,17904.57,49668.37,16830944.5,0.5,0.75,1.0,1.0,34.0,15,33,72,179,374
16692.0,2011-03-28,2011-03-28,1,1117.5,2011-12-10,1,257,1.0,2394.1,7374.04,17904.57,49668.37,16830944.5,0.5,0.75,1.0,1.0,34.0,15,33,72,179,374
13357.0,2011-03-27,2011-03-27,1,44767.8,2011-12-10,1,258,1.0,2394.1,7374.04,17904.57,49668.37,16830944.5,0.5,0.75,1.0,1.0,34.0,15,33,72,179,374
14476.0,2011-03-27,2011-03-27,1,3703.5,2011-12-10,1,258,1.0,2394.1,7374.04,17904.57,49668.37,16830944.5,0.5,0.75,1.0,1.0,34.0,15,33,72,179,374
14536.0,2011-03-25,2011-03-25,1,1075.9,2011-12-10,1,260,1.0,2394.1,7374.04,17904.57,49668.37,16830944.5,0.5,0.75,1.0,1.0,34.0,15,33,72,179,374
13341.0,2011-03-24,2011-03-24,1,21124.25,2011-12-10,1,261,1.0,2394.1,7374.04,17904.57,49668.37,16830944.5,0.5,0.75,1.0,1.0,34.0,15,33,72,179,374
13512.0,2011-03-24,2011-03-24,1,2970.63,2011-12-10,1,261,1.0,2394.1,7374.04,17904.57,49668.37,16830944.5,0.5,0.75,1.0,1.0,34.0,15,33,72,179,374
17698.0,2011-03-24,2011-03-24,1,1239.6,2011-12-10,1,261,1.0,2394.1,7374.04,17904.57,49668.37,16830944.5,0.5,0.75,1.0,1.0,34.0,15,33,72,179,374
16022.0,2011-03-24,2011-03-24,1,39016.6,2011-12-10,1,261,1.0,2394.1,7374.04,17904.57,49668.37,16830944.5,0.5,0.75,1.0,1.0,34.0,15,33,72,179,374
16769.0,2011-03-24,2011-03-24,1,8732.56,2011-12-10,1,261,1.0,2394.1,7374.04,17904.57,49668.37,16830944.5,0.5,0.75,1.0,1.0,34.0,15,33,72,179,374
16063.0,2011-03-24,2011-03-24,1,7712.36,2011-12-10,1,261,1.0,2394.1,7374.04,17904.57,49668.37,16830944.5,0.5,0.75,1.0,1.0,34.0,15,33,72,179,374
15178.0,2011-03-24,2011-03-24,1,121.5,2011-12-10,1,261,1.0,2394.1,7374.04,17904.57,49668.37,16830944.5,0.5,0.75,1.0,1.0,34.0,15,33,72,179,374
14348.0,2011-03-24,2011-03-24,1,6624.39,2011-12-10,1,261,1.0,2394.1,7374.04,17904.57,49668.37,16830944.5,0.5,0.75,1.0,1.0,34.0,15,33,72,179,374
17507.0,2011-03-23,2011-02-03,2,24458.32,2011-12-10,2,262,1.0,2394.1,7374.04,17904.57,49668.37,16830944.5,0.5,0.75,1.0,1.0,34.0,15,33,72,179,374
12811.0,2011-03-23,2011-02-28,2,6174.75,2011-12-10,2,262,1.0,2394.1,7374.04,17904.57,49668.37,16830944.5,0.5,0.75,1.0,1.0,34.0,15,33,72,179,374
13239.0,2011-03-23,2011-03-23,1,6920.76,2011-12-10,1,262,1.0,2394.1,7374.04,17904.57,49668.37,16830944.5,0.5,0.75,1.0,1.0,34.0,15,33,72,179,374
14870.0,2011-03-23,2011-03-23,1,4254.25,2011-12-10,1,262,1.0,2394.1,7374.04,17904.57,49668.37,16830944.5,0.5,0.75,1.0,1.0,34.0,15,33,72,179,374
12818.0,2011-03-23,2011-03-23,1,11687.28,2011-12-10,1,262,1.0,2394.1,7374.04,17904.57,49668.37,16830944.5,0.5,0.75,1.0,1.0,34.0,15,33,72,179,374
18191.0,2011-03-23,2011-03-23,1,1454.6,2011-12-10,1,262,1.0,2394.1,7374.04,17904.57,49668.37,16830944.5,0.5,0.75,1.0,1.0,34.0,15,33,72,179,374
13132.0,2011-03-23,2011-03-23,1,120.6,2011-12-10,1,262,1.0,2394.1,7374.04,17904.57,49668.37,16830944.5,0.5,0.75,1.0,1.0,34.0,15,33,72,179,374
17486.0,2011-03-23,2011-03-23,1,8670.31,2011-12-10,1,262,1.0,2394.1,7374.04,17904.57,49668.37,16830944.5,0.5,0.75,1.0,1.0,34.0,15,33,72,179,374
12564.0,2011-03-23,2011-03-23,1,6336.9,2011-12-10,1,262,1.0,2394.1,7374.04,17904.57,49668.37,16830944.5,0.5,0.75,1.0,1.0,34.0,15,33,72,179,374
14632.0,2011-03-22,2011-03-22,1,916.48,2011-12-10,1,263,1.0,2394.1,7374.04,17904.57,49668.37,16830944.5,0.5,0.75,1.0,1.0,34.0,15,33,72,179,374
16135.0,2011-03-22,2011-03-22,1,6262.4,2011-12-10,1,263,1.0,2394.1,7374.04,17904.57,49668.37,16830944.5,0.5,0.75,1.0,1.0,34.0,15,33,72,179,374
12831.0,2011-03-22,2011-03-22,1,1516.4,2011-12-10,1,263,1.0,2394.1,7374.04,17904.57,49668.37,16830944.5,0.5,0.75,1.0,1.0,34.0,15,33,72,179,374
15437.0,2011-03-22,2011-03-22,1,8433.04,2011-12-10,1,263,1.0,2394.1,7374.04,17904.57,49668.37,16830944.5,0.5,0.75,1.0,1.0,34.0,15,33,72,179,374
15457.0,2011-03-22,2011-03-22,1,12378.69,2011-12-10,1,263,1.0,2394.1,7374.04,17904.57,49668.37,16830944.5,0.5,0.75,1.0,1.0,34.0,15,33,72,179,374
16721.0,2011-03-22,2011-03-22,1,10821.39,2011-12-10,1,263,1.0,2394.1,7374.04,17904.57,49668.37,16830944.5,0.5,0.75,1.0,1.0,34.0,15,33,72,179,374
16427.0,2011-03-21,2011-02-28,2,1095.5,2011-12-10,2,264,1.0,2394.1,7374.04,17904.57,49668.37,16830944.5,0.5,0.75,1.0,1.0,34.0,15,33,72,179,374
16619.0,2011-03-21,2011-03-21,1,3166.94,2011-12-10,1,264,1.0,2394.1,7374.04,17904.57,49668.37,16830944.5,0.5,0.75,1.0,1.0,34.0,15,33,72,179,374
14762.0,2011-03-21,2011-03-21,1,6310.92,2011-12-10,1,264,1.0,2394.1,7374.04,17904.57,49668.37,16830944.5,0.5,0.75,1.0,1.0,34.0,15,33,72,179,374
13934.0,2011-03-21,2011-03-21,1,22922.2,2011-12-10,1,264,1.0,2394.1,7374.04,17904.57,49668.37,16830944.5,0.5,0.75,1.0,1.0,34.0,15,33,72,179,374
18224.0,2011-03-21,2011-03-21,1,1589.5,2011-12-10,1,264,1.0,2394.1,7374.04,17904.57,49668.37,16830944.5,0.5,0.75,1.0,1.0,34.0,15,33,72,179,374
17678.0,2011-03-21,2011-03-21,1,4769.76,2011-12-10,1,264,1.0,2394.1,7374.04,17904.57,49668.37,16830944.5,0.5,0.75,1.0,1.0,34.0,15,33,72,179,374
17763.0,2011-03-21,2011-03-21,1,15.0,2011-12-10,1,264,1.0,2394.1,7374.04,17904.57,49668.37,16830944.5,0.5,0.75,1.0,1.0,34.0,15,33,72,179,374
13262.0,2011-03-21,2011-03-21,1,1190.61,2011-12-10,1,264,1.0,2394.1,7374.04,17904.57,49668.37,16830944.5,0.5,0.75,1.0,1.0,34.0,15,33,72,179,374
15703.0,2011-03-20,2011-03-20,1,1057.5,2011-12-10,1,265,1.0,2394.1,7374.04,17904.57,49668.37,16830944.5,0.5,0.75,1.0,1.0,34.0,15,33,72,179,374
12902.0,2011-03-20,2011-03-20,1,614.46,2011-12-10,1,265,1.0,2394.1,7374.04,17904.57,49668.37,16830944.5,0.5,0.75,1.0,1.0,34.0,15,33,72,179,374
14693.0,2011-03-20,2011-03-20,1,317.8,2011-12-10,1,265,1.0,2394.1,7374.04,17904.57,49668.37,16830944.5,0.5,0.75,1.0,1.0,34.0,15,33,72,179,374
16096.0,2011-03-20,2011-03-20,1,1558.2,2011-12-10,1,265,1.0,2394.1,7374.04,17904.57,49668.37,16830944.5,0.5,0.75,1.0,1.0,34.0,15,33,72,179,374
15408.0,2011-03-20,2011-03-20,1,4581.36,2011-12-10,1,265,1.0,2394.1,7374.04,17904.57,49668.37,16830944.5,0.5,0.75,1.0,1.0,34.0,15,33,72,179,374
15445.0,2011-03-20,2011-03-20,1,204.3,2011-12-10,1,265,1.0,2394.1,7374.04,17904.57,49668.37,16830944.5,0.5,0.75,1.0,1.0,34.0,15,33,72,179,374
16716.0,2011-03-18,2011-02-01,2,901.2,2011-12-10,2,267,1.0,2394.1,7374.04,17904.57,49668.37,16830944.5,0.5,0.75,1.0,1.0,34.0,15,33,72,179,374
13072.0,2011-03-18,2011-03-18,1,1240.05,2011-12-10,1,267,1.0,2394.1,7374.04,17904.57,49668.37,16830944.5,0.5,0.75,1.0,1.0,34.0,15,33,72,179,374
14059.0,2011-03-18,2011-03-18,1,1468.8,2011-12-10,1,267,1.0,2394.1,7374.04,17904.57,49668.37,16830944.5,0.5,0.75,1.0,1.0,34.0,15,33,72,179,374
16256.0,2011-03-18,2011-03-18,1,9781.59,2011-12-10,1,267,1.0,2394.1,7374.04,17904.57,49668.37,16830944.5,0.5,0.75,1.0,1.0,34.0,15,33,72,179,374
14066.0,2011-03-18,2011-03-18,1,685.8,2011-12-10,1,267,1.0,2394.1,7374.04,17904.57,49668.37,16830944.5,0.5,0.75,1.0,1.0,34.0,15,33,72,179,374
15019.0,2011-03-18,2011-03-18,1,16255.4,2011-12-10,1,267,1.0,2394.1,7374.04,17904.57,49668.37,16830944.5,0.5,0.75,1.0,1.0,34.0,15,33,72,179,374
14041.0,2011-03-18,2011-03-18,1,2969.61,2011-12-10,1,267,1.0,2394.1,7374.04,17904.57,49668.37,16830944.5,0.5,0.75,1.0,1.0,34.0,15,33,72,179,374
17060.0,2011-03-18,2011-03-18,1,1171.2,2011-12-10,1,267,1.0,2394.1,7374.04,17904.57,49668.37,16830944.5,0.5,0.75,1.0,1.0,34.0,15,33,72,179,374
14155.0,2011-03-18,2011-03-18,1,712.5,2011-12-10,1,267,1.0,2394.1,7374.04,17904.57,49668.37,16830944.5,0.5,0.75,1.0,1.0,34.0,15,33,72,179,374
14633.0,2011-03-18,2011-03-18,1,3768.0,2011-12-10,1,267,1.0,2394.1,7374.04,17904.57,49668.37,16830944.5,0.5,0.75,1.0,1.0,34.0,15,33,72,179,374
13185.0,2011-03-17,2011-03-17,1,71.4,2011-12-10,1,268,1.0,2394.1,7374.04,17904.57,49668.37,16830944.5,0.5,0.75,1.0,1.0,34.0,15,33,72,179,374
14840.0,2011-03-17,2011-03-17,1,251.4,2011-12-10,1,268,1.0,2394.1,7374.04,17904.57,49668.37,16830944.5,0.5,0.75,1.0,1.0,34.0,15,33,72,179,374
13216.0,2011-03-17,2011-03-17,1,1668.7,2011-12-10,1,268,1.0,2394.1,7374.04,17904.57,49668.37,16830944.5,0.5,0.75,1.0,1.0,34.0,15,33,72,179,374
16216.0,2011-03-17,2011-03-17,1,18782.28,2011-12-10,1,268,1.0,2394.1,7374.04,17904.57,49668.37,16830944.5,0.5,0.75,1.0,1.0,34.0,15,33,72,179,374
16377.0,2011-03-17,2011-03-17,1,3381.0,2011-12-10,1,268,1.0,2394.1,7374.04,17904.57,49668.37,16830944.5,0.5,0.75,1.0,1.0,34.0,15,33,72,179,374
16976.0,2011-03-17,2011-03-17,1,76.32,2011-12-10,1,268,1.0,2394.1,7374.04,17904.57,49668.37,16830944.5,0.5,0.75,1.0,1.0,34.0,15,33,72,179,374
12514.0,2011-03-17,2011-03-17,1,38059.48,2011-12-10,1,268,1.0,2394.1,7374.04,17904.57,49668.37,16830944.5,0.5,0.75,1.0,1.0,34.0,15,33,72,179,374
13261.0,2011-03-16,2011-02-27,2,5300.7,2011-12-10,2,269,1.0,2394.1,7374.04,17904.57,49668.37,16830944.5,0.5,0.75,1.0,1.0,34.0,15,33,72,179,374
16297.0,2011-03-16,2011-03-16,1,5413.1,2011-12-10,1,269,1.0,2394.1,7374.04,17904.57,49668.37,16830944.5,0.5,0.75,1.0,1.0,34.0,15,33,72,179,374
16152.0,2011-03-16,2011-03-16,1,24032.52,2011-12-10,1,269,1.0,2394.1,7374.04,17904.57,49668.37,16830944.5,0.5,0.75,1.0,1.0,34.0,15,33,72,179,374
13358.0,2011-03-16,2011-03-16,1,10020.51,2011-12-10,1,269,1.0,2394.1,7374.04,17904.57,49668.37,16830944.5,0.5,0.75,1.0,1.0,34.0,15,33,72,179,374
13299.0,2011-03-16,2011-03-16,1,331.2,2011-12-10,1,269,1.0,2394.1,7374.04,17904.57,49668.37,16830944.5,0.5,0.75,1.0,1.0,34.0,15,33,72,179,374
15381.0,2011-03-16,2011-03-16,1,1976.1,2011-12-10,1,269,1.0,2394.1,7374.04,17904.57,49668.37,16830944.5,0.5,0.75,1.0,1.0,34.0,15,33,72,179,374
15047.0,2011-03-15,2011-03-15,1,7559.64,2011-12-10,1,270,1.0,2394.1,7374.04,17904.57,49668.37,16830944.5,0.5,0.75,1.0,1.0,34.0,15,33,72,179,374
17542.0,2011-03-15,2011-03-15,1,3114.1,2011-12-10,1,270,1.0,2394.1,7374.04,17904.57,49668.37,16830944.5,0.5,0.75,1.0,1.0,34.0,15,33,72,179,374
16392.0,2011-03-15,2011-03-15,1,9953.55,2011-12-10,1,270,1.0,2394.1,7374.04,17904.57,49668.37,16830944.5,0.5,0.75,1.0,1.0,34.0,15,33,72,179,374
13716.0,2011-03-15,2011-03-15,1,2903.88,2011-12-10,1,270,1.0,2394.1,7374.04,17904.57,49668.37,16830944.5,0.5,0.75,1.0,1.0,34.0,15,33,72,179,374
13121.0,2011-03-15,2011-03-15,1,14186.5,2011-12-10,1,270,1.0,2394.1,7374.04,17904.57,49668.37,16830944.5,0.5,0.75,1.0,1.0,34.0,15,33,72,179,374
14962.0,2011-03-14,2011-03-14,1,467.0,2011-12-10,1,271,1.0,2394.1,7374.04,17904.57,49668.37,16830944.5,0.5,0.75,1.0,1.0,34.0,15,33,72,179,374
15388.0,2011-03-14,2011-03-14,1,1405.4,2011-12-10,1,271,1.0,2394.1,7374.04,17904.57,49668.37,16830944.5,0.5,0.75,1.0,1.0,34.0,15,33,72,179,374
13708.0,2011-03-13,2011-03-13,1,14296.5,2011-12-10,1,272,1.0,2394.1,7374.04,17904.57,49668.37,16830944.5,0.5,0.75,1.0,1.0,34.0,15,33,72,179,374
13133.0,2011-03-11,2011-02-08,2,212.25,2011-12-10,2,274,1.0,2394.1,7374.04,17904.57,49668.37,16830944.5,0.5,0.75,1.0,1.0,34.0,15,33,72,179,374
15049.0,2011-03-11,2011-03-11,1,363.51,2011-12-10,1,274,1.0,2394.1,7374.04,17904.57,49668.37,16830944.5,0.5,0.75,1.0,1.0,34.0,15,33,72,179,374
13226.0,2011-03-11,2011-03-11,1,1197.14,2011-12-10,1,274,1.0,2394.1,7374.04,17904.57,49668.37,16830944.5,0.5,0.75,1.0,1.0,34.0,15,33,72,179,374
13043.0,2011-03-11,2011-03-11,1,2630.56,2011-12-10,1,274,1.0,2394.1,7374.04,17904.57,49668.37,16830944.5,0.5,0.75,1.0,1.0,34.0,15,33,72,179,374
16471.0,2011-03-10,2011-03-10,1,2911.35,2011-12-10,1,275,1.0,2394.1,7374.04,17904.57,49668.37,16830944.5,0.5,0.75,1.0,1.0,34.0,15,33,72,179,374
14603.0,2011-03-10,2011-03-10,1,1320.0,2011-12-10,1,275,1.0,2394.1,7374.04,17904.57,49668.37,16830944.5,0.5,0.75,1.0,1.0,34.0,15,33,72,179,374
16625.0,2011-03-10,2011-03-10,1,7660.84,2011-12-10,1,275,1.0,2394.1,7374.04,17904.57,49668.37,16830944.5,0.5,0.75,1.0,1.0,34.0,15,33,72,179,374
15308.0,2011-03-10,2011-03-10,1,3969.12,2011-12-10,1,275,1.0,2394.1,7374.04,17904.57,49668.37,16830944.5,0.5,0.75,1.0,1.0,34.0,15,33,72,179,374
18086.0,2011-03-10,2011-03-10,1,709.38,2011-12-10,1,275,1.0,2394.1,7374.04,17904.57,49668.37,16830944.5,0.5,0.75,1.0,1.0,34.0,15,33,72,179,374
14350.0,2011-03-10,2011-03-10,1,5092.74,2011-12-10,1,275,1.0,2394.1,7374.04,17904.57,49668.37,16830944.5,0.5,0.75,1.0,1.0,34.0,15,33,72,179,374
14727.0,2011-03-10,2011-03-10,1,812.21,2011-12-10,1,275,1.0,2394.1,7374.04,17904.57,49668.37,16830944.5,0.5,0.75,1.0,1.0,34.0,15,33,72,179,374
13493.0,2011-03-09,2011-02-25,2,1305.54,2011-12-10,2,276,1.0,2394.1,7374.04,17904.57,49668.37,16830944.5,0.5,0.75,1.0,1.0,34.0,15,33,72,179,374
12881.0,2011-03-09,2011-03-09,1,276.0,2011-12-10,1,276,1.0,2394.1,7374.04,17904.57,49668.37,16830944.5,0.5,0.75,1.0,1.0,34.0,15,33,72,179,374
17138.0,2011-03-09,2011-03-09,1,6400.0,2011-12-10,1,276,1.0,2394.1,7374.04,17904.57,49668.37,16830944.5,0.5,0.75,1.0,1.0,34.0,15,33,72,179,374
14165.0,2011-03-09,2011-03-09,1,1854.38,2011-12-10,1,276,1.0,2394.1,7374.04,17904.57,49668.37,16830944.5,0.5,0.75,1.0,1.0,34.0,15,33,72,179,374
15234.0,2011-03-08,2011-03-08,1,2758.0,2011-12-10,1,277,1.0,2394.1,7374.04,17904.57,49668.37,16830944.5,0.5,0.75,1.0,1.0,34.0,15,33,72,179,374
14586.0,2011-03-08,2011-03-08,1,4509.84,2011-12-10,1,277,1.0,2394.1,7374.04,17904.57,49668.37,16830944.5,0.5,0.75,1.0,1.0,34.0,15,33,72,179,374
15944.0,2011-03-08,2011-03-08,1,749.5,2011-12-10,1,277,1.0,2394.1,7374.04,17904.57,49668.37,16830944.5,0.5,0.75,1.0,1.0,34.0,15,33,72,179,374
16917.0,2011-03-08,2011-03-08,1,2244.34,2011-12-10,1,277,1.0,2394.1,7374.04,17904.57,49668.37,16830944.5,0.5,0.75,1.0,1.0,34.0,15,33,72,179,374
12623.0,2011-03-08,2011-03-08,1,4574.7,2011-12-10,1,277,1.0,2394.1,7374.04,17904.57,49668.37,16830944.5,0.5,0.75,1.0,1.0,34.0,15,33,72,179,374
17639.0,2011-03-08,2011-03-08,1,240.8,2011-12-10,1,277,1.0,2394.1,7374.04,17904.57,49668.37,16830944.5,0.5,0.75,1.0,1.0,34.0,15,33,72,179,374
15554.0,2011-03-07,2011-03-07,1,1463.0,2011-12-10,1,278,1.0,2394.1,7374.04,17904.57,49668.37,16830944.5,0.5,0.75,1.0,1.0,34.0,15,33,72,179,374
18280.0,2011-03-07,2011-03-07,1,1446.3,2011-12-10,1,278,1.0,2394.1,7374.04,17904.57,49668.37,16830944.5,0.5,0.75,1.0,1.0,34.0,15,33,72,179,374
12614.0,2011-03-07,2011-03-07,1,4519.45,2011-12-10,1,278,1.0,2394.1,7374.04,17904.57,49668.37,16830944.5,0.5,0.75,1.0,1.0,34.0,15,33,72,179,374
14012.0,2011-03-07,2011-03-07,1,3616.8,2011-12-10,1,278,1.0,2394.1,7374.04,17904.57,49668.37,16830944.5,0.5,0.75,1.0,1.0,34.0,15,33,72,179,374
17654.0,2011-03-07,2011-03-07,1,1532.35,2011-12-10,1,278,1.0,2394.1,7374.04,17904.57,49668.37,16830944.5,0.5,0.75,1.0,1.0,34.0,15,33,72,179,374
16517.0,2011-03-07,2011-03-07,1,2765.9,2011-12-10,1,278,1.0,2394.1,7374.04,17904.57,49668.37,16830944.5,0.5,0.75,1.0,1.0,34.0,15,33,72,179,374
14247.0,2011-03-06,2011-03-06,1,1770.04,2011-12-10,1,279,1.0,2394.1,7374.04,17904.57,49668.37,16830944.5,0.5,0.75,1.0,1.0,34.0,15,33,72,179,374
14779.0,2011-03-04,2011-01-20,3,3037.8,2011-12-10,3,281,1.0,2394.1,7374.04,17904.57,49668.37,16830944.5,0.5,0.75,1.0,1.0,34.0,15,33,72,179,374
17508.0,2011-03-04,2011-03-04,1,8520.82,2011-12-10,1,281,1.0,2394.1,7374.04,17904.57,49668.37,16830944.5,0.5,0.75,1.0,1.0,34.0,15,33,72,179,374
13382.0,2011-03-04,2011-03-04,1,2982.56,2011-12-10,1,281,1.0,2394.1,7374.04,17904.57,49668.37,16830944.5,0.5,0.75,1.0,1.0,34.0,15,33,72,179,374
17325.0,2011-03-04,2011-03-04,1,580.8,2011-12-10,1,281,1.0,2394.1,7374.04,17904.57,49668.37,16830944.5,0.5,0.75,1.0,1.0,34.0,15,33,72,179,374
17535.0,2011-03-04,2011-03-04,1,2137.2,2011-12-10,1,281,1.0,2394.1,7374.04,17904.57,49668.37,16830944.5,0.5,0.75,1.0,1.0,34.0,15,33,72,179,374
14483.0,2011-03-03,2011-03-03,1,1233.9,2011-12-10,1,282,1.0,2394.1,7374.04,17904.57,49668.37,16830944.5,0.5,0.75,1.0,1.0,34.0,15,33,72,179,374
15087.0,2011-03-03,2011-03-03,1,4604.1,2011-12-10,1,282,1.0,2394.1,7374.04,17904.57,49668.37,16830944.5,0.5,0.75,1.0,1.0,34.0,15,33,72,179,374
16159.0,2011-03-03,2011-03-03,1,4874.8,2011-12-10,1,282,1.0,2394.1,7374.04,17904.57,49668.37,16830944.5,0.5,0.75,1.0,1.0,34.0,15,33,72,179,374
17995.0,2011-03-03,2011-03-03,1,152.2,2011-12-10,1,282,1.0,2394.1,7374.04,17904.57,49668.37,16830944.5,0.5,0.75,1.0,1.0,34.0,15,33,72,179,374
17789.0,2011-03-03,2011-03-03,1,2299.8,2011-12-10,1,282,1.0,2394.1,7374.04,17904.57,49668.37,16830944.5,0.5,0.75,1.0,1.0,34.0,15,33,72,179,374
12817.0,2011-03-03,2011-03-03,1,378.12,2011-12-10,1,282,1.0,2394.1,7374.04,17904.57,49668.37,16830944.5,0.5,0.75,1.0,1.0,34.0,15,33,72,179,374
15733.0,2011-03-02,2011-03-02,1,1026.4,2011-12-10,1,283,1.0,2394.1,7374.04,17904.57,49668.37,16830944.5,0.5,0.75,1.0,1.0,34.0,15,33,72,179,374
12834.0,2011-03-02,2011-03-02,1,5622.84,2011-12-10,1,283,1.0,2394.1,7374.04,17904.57,49668.37,16830944.5,0.5,0.75,1.0,1.0,34.0,15,33,72,179,374
16792.0,2011-03-02,2011-03-02,1,876.8,2011-12-10,1,283,1.0,2394.1,7374.04,17904.57,49668.37,16830944.5,0.5,0.75,1.0,1.0,34.0,15,33,72,179,374
12873.0,2011-03-02,2011-03-02,1,918.0,2011-12-10,1,283,1.0,2394.1,7374.04,17904.57,49668.37,16830944.5,0.5,0.75,1.0,1.0,34.0,15,33,72,179,374
17923.0,2011-03-02,2011-03-02,1,207.5,2011-12-10,1,283,1.0,2394.1,7374.04,17904.57,49668.37,16830944.5,0.5,0.75,1.0,1.0,34.0,15,33,72,179,374
16078.0,2011-03-01,2011-03-01,1,79.2,2011-12-10,1,284,1.0,2394.1,7374.04,17904.57,49668.37,16830944.5,0.5,0.75,1.0,1.0,34.0,15,33,72,179,374
15709.0,2011-03-01,2011-03-01,1,799.5,2011-12-10,1,284,1.0,2394.1,7374.04,17904.57,49668.37,16830944.5,0.5,0.75,1.0,1.0,34.0,15,33,72,179,374
15319.0,2011-03-01,2011-03-01,1,1885.0,2011-12-10,1,284,1.0,2394.1,7374.04,17904.57,49668.37,16830944.5,0.5,0.75,1.0,1.0,34.0,15,33,72,179,374
15257.0,2011-03-01,2011-03-01,1,80.4,2011-12-10,1,284,1.0,2394.1,7374.04,17904.57,49668.37,16830944.5,0.5,0.75,1.0,1.0,34.0,15,33,72,179,374
12866.0,2011-03-01,2011-03-01,1,8287.84,2011-12-10,1,284,1.0,2394.1,7374.04,17904.57,49668.37,16830944.5,0.5,0.75,1.0,1.0,34.0,15,33,72,179,374
13166.0,2011-03-01,2011-03-01,1,15892.0,2011-12-10,1,284,1.0,2394.1,7374.04,17904.57,49668.37,16830944.5,0.5,0.75,1.0,1.0,34.0,15,33,72,179,374
14036.0,2011-02-28,2011-02-28,1,20245.75,2011-12-10,1,285,1.0,2394.1,7374.04,17904.57,49668.37,16830944.5,0.5,0.75,1.0,1.0,34.0,15,33,72,179,374
16339.0,2011-02-28,2011-02-28,1,2199.0,2011-12-10,1,285,1.0,2394.1,7374.04,17904.57,49668.37,16830944.5,0.5,0.75,1.0,1.0,34.0,15,33,72,179,374
12509.0,2011-02-28,2011-02-28,1,622.5,2011-12-10,1,285,1.0,2394.1,7374.04,17904.57,49668.37,16830944.5,0.5,0.75,1.0,1.0,34.0,15,33,72,179,374
14046.0,2011-02-28,2011-02-28,1,2169.86,2011-12-10,1,285,1.0,2394.1,7374.04,17904.57,49668.37,16830944.5,0.5,0.75,1.0,1.0,34.0,15,33,72,179,374
17165.0,2011-02-28,2011-02-28,1,1249.02,2011-12-10,1,285,1.0,2394.1,7374.04,17904.57,49668.37,16830944.5,0.5,0.75,1.0,1.0,34.0,15,33,72,179,374
13684.0,2011-02-27,2011-02-27,1,2016.9,2011-12-10,1,286,1.0,2394.1,7374.04,17904.57,49668.37,16830944.5,0.5,0.75,1.0,1.0,34.0,15,33,72,179,374
16598.0,2011-02-27,2011-02-27,1,1450.5,2011-12-10,1,286,1.0,2394.1,7374.04,17904.57,49668.37,16830944.5,0.5,0.75,1.0,1.0,34.0,15,33,72,179,374
13345.0,2011-02-25,2011-02-25,1,5094.9,2011-12-10,1,288,1.0,2394.1,7374.04,17904.57,49668.37,16830944.5,0.5,0.75,1.0,1.0,34.0,15,33,72,179,374
13753.0,2011-02-25,2011-02-25,1,25944.1,2011-12-10,1,288,1.0,2394.1,7374.04,17904.57,49668.37,16830944.5,0.5,0.75,1.0,1.0,34.0,15,33,72,179,374
12361.0,2011-02-25,2011-02-25,1,1574.1,2011-12-10,1,288,1.0,2394.1,7374.04,17904.57,49668.37,16830944.5,0.5,0.75,1.0,1.0,34.0,15,33,72,179,374
13973.0,2011-02-25,2011-02-25,1,1680.75,2011-12-10,1,288,1.0,2394.1,7374.04,17904.57,49668.37,16830944.5,0.5,0.75,1.0,1.0,34.0,15,33,72,179,374
12565.0,2011-02-24,2011-02-24,1,1313.28,2011-12-10,1,289,1.0,2394.1,7374.04,17904.57,49668.37,16830944.5,0.5,0.75,1.0,1.0,34.0,15,33,72,179,374
17117.0,2011-02-24,2011-02-24,1,624.75,2011-12-10,1,289,1.0,2394.1,7374.04,17904.57,49668.37,16830944.5,0.5,0.75,1.0,1.0,34.0,15,33,72,179,374
12945.0,2011-02-24,2011-02-24,1,5748.55,2011-12-10,1,289,1.0,2394.1,7374.04,17904.57,49668.37,16830944.5,0.5,0.75,1.0,1.0,34.0,15,33,72,179,374
18056.0,2011-02-24,2011-02-24,1,4992.9,2011-12-10,1,289,1.0,2394.1,7374.04,17904.57,49668.37,16830944.5,0.5,0.75,1.0,1.0,34.0,15,33,72,179,374
16072.0,2011-02-24,2011-02-24,1,1158.96,2011-12-10,1,289,1.0,2394.1,7374.04,17904.57,49668.37,16830944.5,0.5,0.75,1.0,1.0,34.0,15,33,72,179,374
15543.0,2011-02-24,2011-02-24,1,3183.57,2011-12-10,1,289,1.0,2394.1,7374.04,17904.57,49668.37,16830944.5,0.5,0.75,1.0,1.0,34.0,15,33,72,179,374
13751.0,2011-02-24,2011-02-24,1,2666.25,2011-12-10,1,289,1.0,2394.1,7374.04,17904.57,49668.37,16830944.5,0.5,0.75,1.0,1.0,34.0,15,33,72,179,374
13501.0,2011-02-24,2011-02-24,1,58344.96,2011-12-10,1,289,1.0,2394.1,7374.04,17904.57,49668.37,16830944.5,0.5,0.75,1.0,1.0,34.0,15,33,72,179,374
17499.0,2011-02-23,2011-02-23,1,21400.84,2011-12-10,1,290,1.0,2394.1,7374.04,17904.57,49668.37,16830944.5,0.5,0.75,1.0,1.0,34.0,15,33,72,179,374
15397.0,2011-02-23,2011-02-23,1,564.0,2011-12-10,1,290,1.0,2394.1,7374.04,17904.57,49668.37,16830944.5,0.5,0.75,1.0,1.0,34.0,15,33,72,179,374
17171.0,2011-02-23,2011-02-23,1,2991.15,2011-12-10,1,290,1.0,2394.1,7374.04,17904.57,49668.37,16830944.5,0.5,0.75,1.0,1.0,34.0,15,33,72,179,374
18087.0,2011-02-22,2011-02-22,1,3202.92,2011-12-10,1,291,1.0,2394.1,7374.04,17904.57,49668.37,16830944.5,0.5,0.75,1.0,1.0,34.0,15,33,72,179,374
16349.0,2011-02-22,2011-02-22,1,75.9,2011-12-10,1,291,1.0,2394.1,7374.04,17904.57,49668.37,16830944.5,0.5,0.75,1.0,1.0,34.0,15,33,72,179,374
16913.0,2011-02-22,2011-02-22,1,907.52,2011-12-10,1,291,1.0,2394.1,7374.04,17904.57,49668.37,16830944.5,0.5,0.75,1.0,1.0,34.0,15,33,72,179,374
18114.0,2011-02-22,2011-02-22,1,4242.5,2011-12-10,1,291,1.0,2394.1,7374.04,17904.57,49668.37,16830944.5,0.5,0.75,1.0,1.0,34.0,15,33,72,179,374
15303.0,2011-02-22,2011-02-22,1,11952.72,2011-12-10,1,291,1.0,2394.1,7374.04,17904.57,49668.37,16830944.5,0.5,0.75,1.0,1.0,34.0,15,33,72,179,374
12707.0,2011-02-21,2011-02-21,1,13002.6,2011-12-10,1,292,1.0,2394.1,7374.04,17904.57,49668.37,16830944.5,0.5,0.75,1.0,1.0,34.0,15,33,72,179,374
12365.0,2011-02-21,2011-02-21,1,6158.8,2011-12-10,1,292,1.0,2394.1,7374.04,17904.57,49668.37,16830944.5,0.5,0.75,1.0,1.0,34.0,15,33,72,179,374
13044.0,2011-02-21,2011-02-21,1,10968.16,2011-12-10,1,292,1.0,2394.1,7374.04,17904.57,49668.37,16830944.5,0.5,0.75,1.0,1.0,34.0,15,33,72,179,374
12988.0,2011-02-20,2011-02-20,1,25461.59,2011-12-10,1,293,1.0,2394.1,7374.04,17904.57,49668.37,16830944.5,0.5,0.75,1.0,1.0,34.0,15,33,72,179,374
12852.0,2011-02-18,2011-02-18,1,3962.25,2011-12-10,1,295,1.0,2394.1,7374.04,17904.57,49668.37,16830944.5,0.5,0.75,1.0,1.0,34.0,15,33,72,179,374
13932.0,2011-02-18,2011-02-18,1,2328.7,2011-12-10,1,295,1.0,2394.1,7374.04,17904.57,49668.37,16830944.5,0.5,0.75,1.0,1.0,34.0,15,33,72,179,374
13151.0,2011-02-17,2011-02-17,1,49445.79,2011-12-10,1,296,1.0,2394.1,7374.04,17904.57,49668.37,16830944.5,0.5,0.75,1.0,1.0,34.0,15,33,72,179,374
18138.0,2011-02-17,2011-02-17,1,788.4,2011-12-10,1,296,1.0,2394.1,7374.04,17904.57,49668.37,16830944.5,0.5,0.75,1.0,1.0,34.0,15,33,72,179,374
14371.0,2011-02-17,2011-02-17,1,402.0,2011-12-10,1,296,1.0,2394.1,7374.04,17904.57,49668.37,16830944.5,0.5,0.75,1.0,1.0,34.0,15,33,72,179,374
16509.0,2011-02-16,2011-02-16,1,1017.0,2011-12-10,1,297,1.0,2394.1,7374.04,17904.57,49668.37,16830944.5,0.5,0.75,1.0,1.0,34.0,15,33,72,179,374
14386.0,2011-02-16,2011-02-16,1,752.4,2011-12-10,1,297,1.0,2394.1,7374.04,17904.57,49668.37,16830944.5,0.5,0.75,1.0,1.0,34.0,15,33,72,179,374
15670.0,2011-02-16,2011-02-16,1,2076.6,2011-12-10,1,297,1.0,2394.1,7374.04,17904.57,49668.37,16830944.5,0.5,0.75,1.0,1.0,34.0,15,33,72,179,374
16494.0,2011-02-16,2011-02-16,1,41326.5,2011-12-10,1,297,1.0,2394.1,7374.04,17904.57,49668.37,16830944.5,0.5,0.75,1.0,1.0,34.0,15,33,72,179,374
16148.0,2011-02-16,2011-02-16,1,76.32,2011-12-10,1,297,1.0,2394.1,7374.04,17904.57,49668.37,16830944.5,0.5,0.75,1.0,1.0,34.0,15,33,72,179,374
16738.0,2011-02-15,2011-02-15,1,3.75,2011-12-10,1,298,1.0,2394.1,7374.04,17904.57,49668.37,16830944.5,0.5,0.75,1.0,1.0,34.0,15,33,72,179,374
13893.0,2011-02-15,2011-02-15,1,8096.4,2011-12-10,1,298,1.0,2394.1,7374.04,17904.57,49668.37,16830944.5,0.5,0.75,1.0,1.0,34.0,15,33,72,179,374
14935.0,2011-02-15,2011-02-15,1,17847.1,2011-12-10,1,298,1.0,2394.1,7374.04,17904.57,49668.37,16830944.5,0.5,0.75,1.0,1.0,34.0,15,33,72,179,374
16073.0,2011-02-15,2011-02-15,1,122.4,2011-12-10,1,298,1.0,2394.1,7374.04,17904.57,49668.37,16830944.5,0.5,0.75,1.0,1.0,34.0,15,33,72,179,374
14760.0,2011-02-15,2011-02-15,1,446.0,2011-12-10,1,298,1.0,2394.1,7374.04,17904.57,49668.37,16830944.5,0.5,0.75,1.0,1.0,34.0,15,33,72,179,374
15236.0,2011-02-14,2011-02-14,1,4815.75,2011-12-10,1,299,1.0,2394.1,7374.04,17904.57,49668.37,16830944.5,0.5,0.75,1.0,1.0,34.0,15,33,72,179,374
17829.0,2011-02-14,2011-02-14,1,26677.2,2011-12-10,1,299,1.0,2394.1,7374.04,17904.57,49668.37,16830944.5,0.5,0.75,1.0,1.0,34.0,15,33,72,179,374
16897.0,2011-02-13,2011-01-30,2,4222.5,2011-12-10,2,300,1.0,2394.1,7374.04,17904.57,49668.37,16830944.5,0.5,0.75,1.0,1.0,34.0,15,33,72,179,374
16084.0,2011-02-13,2011-02-13,1,14885.28,2011-12-10,1,300,1.0,2394.1,7374.04,17904.57,49668.37,16830944.5,0.5,0.75,1.0,1.0,34.0,15,33,72,179,374
13672.0,2011-02-11,2011-01-11,2,559.17,2011-12-10,2,302,1.0,2394.1,7374.04,17904.57,49668.37,16830944.5,0.5,0.75,1.0,1.0,34.0,15,33,72,179,374
18159.0,2011-02-11,2011-02-11,1,5202.9,2011-12-10,1,302,1.0,2394.1,7374.04,17904.57,49668.37,16830944.5,0.5,0.75,1.0,1.0,34.0,15,33,72,179,374
13706.0,2011-02-10,2011-02-10,1,5526.91,2011-12-10,1,303,1.0,2394.1,7374.04,17904.57,49668.37,16830944.5,0.5,0.75,1.0,1.0,34.0,15,33,72,179,374
14431.0,2011-02-10,2011-02-10,1,4919.04,2011-12-10,1,303,1.0,2394.1,7374.04,17904.57,49668.37,16830944.5,0.5,0.75,1.0,1.0,34.0,15,33,72,179,374
12561.0,2011-02-10,2011-02-10,1,3821.6,2011-12-10,1,303,1.0,2394.1,7374.04,17904.57,49668.37,16830944.5,0.5,0.75,1.0,1.0,34.0,15,33,72,179,374
16425.0,2011-02-10,2011-02-10,1,5105.3,2011-12-10,1,303,1.0,2394.1,7374.04,17904.57,49668.37,16830944.5,0.5,0.75,1.0,1.0,34.0,15,33,72,179,374
15843.0,2011-02-09,2011-02-09,1,403.5,2011-12-10,1,304,1.0,2394.1,7374.04,17904.57,49668.37,16830944.5,0.5,0.75,1.0,1.0,34.0,15,33,72,179,374
15970.0,2011-02-09,2011-02-09,1,3455.1,2011-12-10,1,304,1.0,2394.1,7374.04,17904.57,49668.37,16830944.5,0.5,0.75,1.0,1.0,34.0,15,33,72,179,374
12401.0,2011-02-09,2011-02-09,1,65.7,2011-12-10,1,304,1.0,2394.1,7374.04,17904.57,49668.37,16830944.5,0.5,0.75,1.0,1.0,34.0,15,33,72,179,374
17843.0,2011-02-09,2011-02-09,1,6073.42,2011-12-10,1,304,1.0,2394.1,7374.04,17904.57,49668.37,16830944.5,0.5,0.75,1.0,1.0,34.0,15,33,72,179,374
17859.0,2011-02-08,2011-02-08,1,3705.25,2011-12-10,1,305,1.0,2394.1,7374.04,17904.57,49668.37,16830944.5,0.5,0.75,1.0,1.0,34.0,15,33,72,179,374
15753.0,2011-02-08,2011-02-08,1,79.2,2011-12-10,1,305,1.0,2394.1,7374.04,17904.57,49668.37,16830944.5,0.5,0.75,1.0,1.0,34.0,15,33,72,179,374
17881.0,2011-02-08,2011-02-08,1,1066.8,2011-12-10,1,305,1.0,2394.1,7374.04,17904.57,49668.37,16830944.5,0.5,0.75,1.0,1.0,34.0,15,33,72,179,374
14600.0,2011-02-07,2011-02-07,1,7135.38,2011-12-10,1,306,1.0,2394.1,7374.04,17904.57,49668.37,16830944.5,0.5,0.75,1.0,1.0,34.0,15,33,72,179,374
13809.0,2011-02-07,2011-02-07,1,673.2,2011-12-10,1,306,1.0,2394.1,7374.04,17904.57,49668.37,16830944.5,0.5,0.75,1.0,1.0,34.0,15,33,72,179,374
14048.0,2011-02-07,2011-02-07,1,34844.05,2011-12-10,1,306,1.0,2394.1,7374.04,17904.57,49668.37,16830944.5,0.5,0.75,1.0,1.0,34.0,15,33,72,179,374
13584.0,2011-02-06,2011-02-06,1,1363.5,2011-12-10,1,307,1.0,2394.1,7374.04,17904.57,49668.37,16830944.5,0.5,0.75,1.0,1.0,34.0,15,33,72,179,374
14438.0,2011-02-06,2011-02-06,1,1187.1,2011-12-10,1,307,1.0,2394.1,7374.04,17904.57,49668.37,16830944.5,0.5,0.75,1.0,1.0,34.0,15,33,72,179,374
12956.0,2011-02-06,2011-02-06,1,1404.54,2011-12-10,1,307,1.0,2394.1,7374.04,17904.57,49668.37,16830944.5,0.5,0.75,1.0,1.0,34.0,15,33,72,179,374
12410.0,2011-02-04,2011-02-04,1,5405.28,2011-12-10,1,309,1.0,2394.1,7374.04,17904.57,49668.37,16830944.5,0.5,0.75,1.0,1.0,34.0,15,33,72,179,374
17929.0,2011-02-04,2011-02-04,1,392.4,2011-12-10,1,309,1.0,2394.1,7374.04,17904.57,49668.37,16830944.5,0.5,0.75,1.0,1.0,34.0,15,33,72,179,374
17517.0,2011-02-04,2011-02-04,1,1284.4,2011-12-10,1,309,1.0,2394.1,7374.04,17904.57,49668.37,16830944.5,0.5,0.75,1.0,1.0,34.0,15,33,72,179,374
17226.0,2011-02-04,2011-02-04,1,7614.8,2011-12-10,1,309,1.0,2394.1,7374.04,17904.57,49668.37,16830944.5,0.5,0.75,1.0,1.0,34.0,15,33,72,179,374
17291.0,2011-02-04,2011-02-04,1,550.8,2011-12-10,1,309,1.0,2394.1,7374.04,17904.57,49668.37,16830944.5,0.5,0.75,1.0,1.0,34.0,15,33,72,179,374
15090.0,2011-02-04,2011-02-04,1,8770.36,2011-12-10,1,309,1.0,2394.1,7374.04,17904.57,49668.37,16830944.5,0.5,0.75,1.0,1.0,34.0,15,33,72,179,374
16030.0,2011-02-03,2011-02-03,1,9605.96,2011-12-10,1,310,1.0,2394.1,7374.04,17904.57,49668.37,16830944.5,0.5,0.75,1.0,1.0,34.0,15,33,72,179,374
13800.0,2011-02-03,2011-02-03,1,15085.22,2011-12-10,1,310,1.0,2394.1,7374.04,17904.57,49668.37,16830944.5,0.5,0.75,1.0,1.0,34.0,15,33,72,179,374
13581.0,2011-02-03,2011-02-03,1,870.3,2011-12-10,1,310,1.0,2394.1,7374.04,17904.57,49668.37,16830944.5,0.5,0.75,1.0,1.0,34.0,15,33,72,179,374
14497.0,2011-02-03,2011-02-03,1,9197.28,2011-12-10,1,310,1.0,2394.1,7374.04,17904.57,49668.37,16830944.5,0.5,0.75,1.0,1.0,34.0,15,33,72,179,374
12559.0,2011-02-02,2011-01-24,2,7004.97,2011-12-10,2,311,1.0,2394.1,7374.04,17904.57,49668.37,16830944.5,0.5,0.75,1.0,1.0,34.0,15,33,72,179,374
14457.0,2011-02-02,2011-02-02,1,454.56,2011-12-10,1,311,1.0,2394.1,7374.04,17904.57,49668.37,16830944.5,0.5,0.75,1.0,1.0,34.0,15,33,72,179,374
14411.0,2011-02-02,2011-02-02,1,8238.0,2011-12-10,1,311,1.0,2394.1,7374.04,17904.57,49668.37,16830944.5,0.5,0.75,1.0,1.0,34.0,15,33,72,179,374
15226.0,2011-02-02,2011-02-02,1,902.37,2011-12-10,1,311,1.0,2394.1,7374.04,17904.57,49668.37,16830944.5,0.5,0.75,1.0,1.0,34.0,15,33,72,179,374
18250.0,2011-02-02,2011-02-02,1,5292.36,2011-12-10,1,311,1.0,2394.1,7374.04,17904.57,49668.37,16830944.5,0.5,0.75,1.0,1.0,34.0,15,33,72,179,374
12350.0,2011-02-02,2011-02-02,1,4710.4,2011-12-10,1,311,1.0,2394.1,7374.04,17904.57,49668.37,16830944.5,0.5,0.75,1.0,1.0,34.0,15,33,72,179,374
17356.0,2011-02-01,2011-02-01,1,3386.18,2011-12-10,1,312,1.0,2394.1,7374.04,17904.57,49668.37,16830944.5,0.5,0.75,1.0,1.0,34.0,15,33,72,179,374
14850.0,2011-02-01,2011-02-01,1,6345.0,2011-12-10,1,312,1.0,2394.1,7374.04,17904.57,49668.37,16830944.5,0.5,0.75,1.0,1.0,34.0,15,33,72,179,374
13494.0,2011-02-01,2011-02-01,1,5692.68,2011-12-10,1,312,1.0,2394.1,7374.04,17904.57,49668.37,16830944.5,0.5,0.75,1.0,1.0,34.0,15,33,72,179,374
12929.0,2011-02-01,2011-02-01,1,354.75,2011-12-10,1,312,1.0,2394.1,7374.04,17904.57,49668.37,16830944.5,0.5,0.75,1.0,1.0,34.0,15,33,72,179,374
12373.0,2011-02-01,2011-02-01,1,4219.8,2011-12-10,1,312,1.0,2394.1,7374.04,17904.57,49668.37,16830944.5,0.5,0.75,1.0,1.0,34.0,15,33,72,179,374
14549.0,2011-02-01,2011-02-01,1,11859.54,2011-12-10,1,312,1.0,2394.1,7374.04,17904.57,49668.37,16830944.5,0.5,0.75,1.0,1.0,34.0,15,33,72,179,374
17239.0,2011-01-31,2011-01-31,1,4455.1,2011-12-10,1,313,1.0,2394.1,7374.04,17904.57,49668.37,16830944.5,0.5,0.75,1.0,1.0,34.0,15,33,72,179,374
15448.0,2011-01-31,2011-01-31,1,9720.96,2011-12-10,1,313,1.0,2394.1,7374.04,17904.57,49668.37,16830944.5,0.5,0.75,1.0,1.0,34.0,15,33,72,179,374
16403.0,2011-01-31,2011-01-31,1,1775.0,2011-12-10,1,313,1.0,2394.1,7374.04,17904.57,49668.37,16830944.5,0.5,0.75,1.0,1.0,34.0,15,33,72,179,374
17619.0,2011-01-31,2011-01-31,1,16826.04,2011-12-10,1,313,1.0,2394.1,7374.04,17904.57,49668.37,16830944.5,0.5,0.75,1.0,1.0,34.0,15,33,72,179,374
13600.0,2011-01-31,2011-01-31,1,3144.06,2011-12-10,1,313,1.0,2394.1,7374.04,17904.57,49668.37,16830944.5,0.5,0.75,1.0,1.0,34.0,15,33,72,179,374
13161.0,2011-01-30,2011-01-30,1,574.5,2011-12-10,1,314,1.0,2394.1,7374.04,17904.57,49668.37,16830944.5,0.5,0.75,1.0,1.0,34.0,15,33,72,179,374
15415.0,2011-01-30,2011-01-30,1,25567.26,2011-12-10,1,314,1.0,2394.1,7374.04,17904.57,49668.37,16830944.5,0.5,0.75,1.0,1.0,34.0,15,33,72,179,374
17431.0,2011-01-30,2011-01-30,1,17341.9,2011-12-10,1,314,1.0,2394.1,7374.04,17904.57,49668.37,16830944.5,0.5,0.75,1.0,1.0,34.0,15,33,72,179,374
12377.0,2011-01-28,2010-12-20,2,58646.16,2011-12-10,2,316,1.0,2394.1,7374.04,17904.57,49668.37,16830944.5,0.5,0.75,1.0,1.0,34.0,15,33,72,179,374
12574.0,2011-01-28,2011-01-28,1,1462.95,2011-12-10,1,316,1.0,2394.1,7374.04,17904.57,49668.37,16830944.5,0.5,0.75,1.0,1.0,34.0,15,33,72,179,374
13506.0,2011-01-27,2010-12-05,2,6075.32,2011-12-10,2,317,1.0,2394.1,7374.04,17904.57,49668.37,16830944.5,0.5,0.75,1.0,1.0,34.0,15,33,72,179,374
12764.0,2011-01-27,2011-01-27,1,33479.12,2011-12-10,1,317,1.0,2394.1,7374.04,17904.57,49668.37,16830944.5,0.5,0.75,1.0,1.0,34.0,15,33,72,179,374
13328.0,2011-01-27,2011-01-27,1,22244.16,2011-12-10,1,317,1.0,2394.1,7374.04,17904.57,49668.37,16830944.5,0.5,0.75,1.0,1.0,34.0,15,33,72,179,374
17118.0,2011-01-26,2011-01-26,1,1570.2,2011-12-10,1,318,1.0,2394.1,7374.04,17904.57,49668.37,16830944.5,0.5,0.75,1.0,1.0,34.0,15,33,72,179,374
16714.0,2011-01-26,2011-01-26,1,79792.2,2011-12-10,1,318,1.0,2394.1,7374.04,17904.57,49668.37,16830944.5,0.5,0.75,1.0,1.0,34.0,15,33,72,179,374
12591.0,2011-01-26,2011-01-26,1,7797.0,2011-12-10,1,318,1.0,2394.1,7374.04,17904.57,49668.37,16830944.5,0.5,0.75,1.0,1.0,34.0,15,33,72,179,374
16124.0,2011-01-26,2011-01-26,1,793.8,2011-12-10,1,318,1.0,2394.1,7374.04,17904.57,49668.37,16830944.5,0.5,0.75,1.0,1.0,34.0,15,33,72,179,374
15222.0,2011-01-25,2011-01-25,1,2925.0,2011-12-10,1,319,1.0,2394.1,7374.04,17904.57,49668.37,16830944.5,0.5,0.75,1.0,1.0,34.0,15,33,72,179,374
13615.0,2011-01-25,2011-01-25,1,9606.87,2011-12-10,1,319,1.0,2394.1,7374.04,17904.57,49668.37,16830944.5,0.5,0.75,1.0,1.0,34.0,15,33,72,179,374
16757.0,2011-01-25,2011-01-25,1,747.81,2011-12-10,1,319,1.0,2394.1,7374.04,17904.57,49668.37,16830944.5,0.5,0.75,1.0,1.0,34.0,15,33,72,179,374
16222.0,2011-01-25,2011-01-25,1,88715.0,2011-12-10,1,319,1.0,2394.1,7374.04,17904.57,49668.37,16830944.5,0.5,0.75,1.0,1.0,34.0,15,33,72,179,374
14248.0,2011-01-25,2011-01-25,1,690.06,2011-12-10,1,319,1.0,2394.1,7374.04,17904.57,49668.37,16830944.5,0.5,0.75,1.0,1.0,34.0,15,33,72,179,374
13002.0,2011-01-25,2011-01-25,1,666.0,2011-12-10,1,319,1.0,2394.1,7374.04,17904.57,49668.37,16830944.5,0.5,0.75,1.0,1.0,34.0,15,33,72,179,374
14368.0,2011-01-24,2011-01-24,1,631.2,2011-12-10,1,320,1.0,2394.1,7374.04,17904.57,49668.37,16830944.5,0.5,0.75,1.0,1.0,34.0,15,33,72,179,374
14782.0,2011-01-24,2011-01-24,1,1200.6,2011-12-10,1,320,1.0,2394.1,7374.04,17904.57,49668.37,16830944.5,0.5,0.75,1.0,1.0,34.0,15,33,72,179,374
14439.0,2011-01-24,2011-01-24,1,44551.2,2011-12-10,1,320,1.0,2394.1,7374.04,17904.57,49668.37,16830944.5,0.5,0.75,1.0,1.0,34.0,15,33,72,179,374
15820.0,2011-01-24,2011-01-24,1,3518.66,2011-12-10,1,320,1.0,2394.1,7374.04,17904.57,49668.37,16830944.5,0.5,0.75,1.0,1.0,34.0,15,33,72,179,374
13551.0,2011-01-24,2011-01-24,1,160.65,2011-12-10,1,320,1.0,2394.1,7374.04,17904.57,49668.37,16830944.5,0.5,0.75,1.0,1.0,34.0,15,33,72,179,374
15052.0,2011-01-24,2011-01-24,1,3940.52,2011-12-10,1,320,1.0,2394.1,7374.04,17904.57,49668.37,16830944.5,0.5,0.75,1.0,1.0,34.0,15,33,72,179,374
14130.0,2011-01-24,2011-01-24,1,28922.24,2011-12-10,1,320,1.0,2394.1,7374.04,17904.57,49668.37,16830944.5,0.5,0.75,1.0,1.0,34.0,15,33,72,179,374
17714.0,2011-01-23,2011-01-23,1,1530.0,2011-12-10,1,321,1.0,2394.1,7374.04,17904.57,49668.37,16830944.5,0.5,0.75,1.0,1.0,34.0,15,33,72,179,374
15167.0,2011-01-23,2011-01-23,1,6180.0,2011-12-10,1,321,1.0,2394.1,7374.04,17904.57,49668.37,16830944.5,0.5,0.75,1.0,1.0,34.0,15,33,72,179,374
14068.0,2011-01-23,2011-01-23,1,5474.7,2011-12-10,1,321,1.0,2394.1,7374.04,17904.57,49668.37,16830944.5,0.5,0.75,1.0,1.0,34.0,15,33,72,179,374
17890.0,2011-01-21,2010-12-13,2,30715.16,2011-12-10,2,323,1.0,2394.1,7374.04,17904.57,49668.37,16830944.5,0.5,0.75,1.0,1.0,34.0,15,33,72,179,374
15174.0,2011-01-21,2011-01-21,1,1493.25,2011-12-10,1,323,1.0,2394.1,7374.04,17904.57,49668.37,16830944.5,0.5,0.75,1.0,1.0,34.0,15,33,72,179,374
16387.0,2011-01-21,2011-01-21,1,377.44,2011-12-10,1,323,1.0,2394.1,7374.04,17904.57,49668.37,16830944.5,0.5,0.75,1.0,1.0,34.0,15,33,72,179,374
17094.0,2011-01-21,2011-01-21,1,4228.0,2011-12-10,1,323,1.0,2394.1,7374.04,17904.57,49668.37,16830944.5,0.5,0.75,1.0,1.0,34.0,15,33,72,179,374
15262.0,2011-01-20,2011-01-20,1,1457.55,2011-12-10,1,324,1.0,2394.1,7374.04,17904.57,49668.37,16830944.5,0.5,0.75,1.0,1.0,34.0,15,33,72,179,374
17862.0,2011-01-20,2011-01-20,1,1820.0,2011-12-10,1,324,1.0,2394.1,7374.04,17904.57,49668.37,16830944.5,0.5,0.75,1.0,1.0,34.0,15,33,72,179,374
12402.0,2011-01-20,2011-01-20,1,1956.0,2011-12-10,1,324,1.0,2394.1,7374.04,17904.57,49668.37,16830944.5,0.5,0.75,1.0,1.0,34.0,15,33,72,179,374
13008.0,2011-01-20,2011-01-20,1,3212.58,2011-12-10,1,324,1.0,2394.1,7374.04,17904.57,49668.37,16830944.5,0.5,0.75,1.0,1.0,34.0,15,33,72,179,374
12665.0,2011-01-19,2011-01-19,1,90.0,2011-12-10,1,325,1.0,2394.1,7374.04,17904.57,49668.37,16830944.5,0.5,0.75,1.0,1.0,34.0,15,33,72,179,374
14090.0,2011-01-19,2011-01-19,1,76.32,2011-12-10,1,325,1.0,2394.1,7374.04,17904.57,49668.37,16830944.5,0.5,0.75,1.0,1.0,34.0,15,33,72,179,374
12346.0,2011-01-18,2011-01-18,1,77183.6,2011-12-10,1,326,1.0,2394.1,7374.04,17904.57,49668.37,16830944.5,0.5,0.75,1.0,1.0,34.0,15,33,72,179,374
13898.0,2011-01-18,2011-01-18,1,1528.23,2011-12-10,1,326,1.0,2394.1,7374.04,17904.57,49668.37,16830944.5,0.5,0.75,1.0,1.0,34.0,15,33,72,179,374
15395.0,2011-01-18,2011-01-18,1,542.7,2011-12-10,1,326,1.0,2394.1,7374.04,17904.57,49668.37,16830944.5,0.5,0.75,1.0,1.0,34.0,15,33,72,179,374
12872.0,2011-01-17,2010-12-09,2,17842.86,2011-12-10,2,327,1.0,2394.1,7374.04,17904.57,49668.37,16830944.5,0.5,0.75,1.0,1.0,34.0,15,33,72,179,374
15316.0,2011-01-17,2011-01-17,1,165.0,2011-12-10,1,327,1.0,2394.1,7374.04,17904.57,49668.37,16830944.5,0.5,0.75,1.0,1.0,34.0,15,33,72,179,374
14238.0,2011-01-17,2011-01-17,1,819.0,2011-12-10,1,327,1.0,2394.1,7374.04,17904.57,49668.37,16830944.5,0.5,0.75,1.0,1.0,34.0,15,33,72,179,374
13859.0,2011-01-17,2011-01-17,1,4491.76,2011-12-10,1,327,1.0,2394.1,7374.04,17904.57,49668.37,16830944.5,0.5,0.75,1.0,1.0,34.0,15,33,72,179,374
18212.0,2011-01-17,2011-01-17,1,8846.57,2011-12-10,1,327,1.0,2394.1,7374.04,17904.57,49668.37,16830944.5,0.5,0.75,1.0,1.0,34.0,15,33,72,179,374
12672.0,2011-01-14,2011-01-14,1,2259.0,2011-12-10,1,330,1.0,2394.1,7374.04,17904.57,49668.37,16830944.5,0.5,0.75,1.0,1.0,34.0,15,33,72,179,374
13385.0,2011-01-14,2011-01-14,1,13480.97,2011-12-10,1,330,1.0,2394.1,7374.04,17904.57,49668.37,16830944.5,0.5,0.75,1.0,1.0,34.0,15,33,72,179,374
18106.0,2011-01-14,2011-01-14,1,13460.4,2011-12-10,1,330,1.0,2394.1,7374.04,17904.57,49668.37,16830944.5,0.5,0.75,1.0,1.0,34.0,15,33,72,179,374
18085.0,2011-01-13,2010-12-01,2,10456.1,2011-12-10,2,331,1.0,2394.1,7374.04,17904.57,49668.37,16830944.5,0.5,0.75,1.0,1.0,34.0,15,33,72,179,374
13284.0,2011-01-13,2011-01-13,1,1487.4,2011-12-10,1,331,1.0,2394.1,7374.04,17904.57,49668.37,16830944.5,0.5,0.75,1.0,1.0,34.0,15,33,72,179,374
14114.0,2011-01-13,2011-01-13,1,2146.43,2011-12-10,1,331,1.0,2394.1,7374.04,17904.57,49668.37,16830944.5,0.5,0.75,1.0,1.0,34.0,15,33,72,179,374
15447.0,2011-01-13,2011-01-13,1,1037.36,2011-12-10,1,331,1.0,2394.1,7374.04,17904.57,49668.37,16830944.5,0.5,0.75,1.0,1.0,34.0,15,33,72,179,374
16315.0,2011-01-13,2011-01-13,1,1555.2,2011-12-10,1,331,1.0,2394.1,7374.04,17904.57,49668.37,16830944.5,0.5,0.75,1.0,1.0,34.0,15,33,72,179,374
14270.0,2011-01-12,2011-01-12,1,8589.35,2011-12-10,1,332,1.0,2394.1,7374.04,17904.57,49668.37,16830944.5,0.5,0.75,1.0,1.0,34.0,15,33,72,179,374
14185.0,2011-01-12,2011-01-12,1,12.75,2011-12-10,1,332,1.0,2394.1,7374.04,17904.57,49668.37,16830944.5,0.5,0.75,1.0,1.0,34.0,15,33,72,179,374
12652.0,2011-01-12,2011-01-12,1,35147.68,2011-12-10,1,332,1.0,2394.1,7374.04,17904.57,49668.37,16830944.5,0.5,0.75,1.0,1.0,34.0,15,33,72,179,374
15171.0,2011-01-12,2011-01-12,1,6447.5,2011-12-10,1,332,1.0,2394.1,7374.04,17904.57,49668.37,16830944.5,0.5,0.75,1.0,1.0,34.0,15,33,72,179,374
12736.0,2011-01-11,2011-01-11,1,432.0,2011-12-10,1,333,1.0,2394.1,7374.04,17904.57,49668.37,16830944.5,0.5,0.75,1.0,1.0,34.0,15,33,72,179,374
16351.0,2011-01-11,2011-01-11,1,1231.2,2011-12-10,1,333,1.0,2394.1,7374.04,17904.57,49668.37,16830944.5,0.5,0.75,1.0,1.0,34.0,15,33,72,179,374
13144.0,2011-01-11,2011-01-11,1,94.4,2011-12-10,1,333,1.0,2394.1,7374.04,17904.57,49668.37,16830944.5,0.5,0.75,1.0,1.0,34.0,15,33,72,179,374
15346.0,2011-01-11,2011-01-11,1,4291.14,2011-12-10,1,333,1.0,2394.1,7374.04,17904.57,49668.37,16830944.5,0.5,0.75,1.0,1.0,34.0,15,33,72,179,374
17569.0,2011-01-11,2011-01-11,1,6401.0,2011-12-10,1,333,1.0,2394.1,7374.04,17904.57,49668.37,16830944.5,0.5,0.75,1.0,1.0,34.0,15,33,72,179,374
17406.0,2011-01-10,2010-12-08,2,74964.56,2011-12-10,2,334,1.0,2394.1,7374.04,17904.57,49668.37,16830944.5,0.5,0.75,1.0,1.0,34.0,15,33,72,179,374
16850.0,2011-01-10,2011-01-10,1,6315.79,2011-12-10,1,334,1.0,2394.1,7374.04,17904.57,49668.37,16830944.5,0.5,0.75,1.0,1.0,34.0,15,33,72,179,374
15326.0,2011-01-10,2011-01-10,1,9039.59,2011-12-10,1,334,1.0,2394.1,7374.04,17904.57,49668.37,16830944.5,0.5,0.75,1.0,1.0,34.0,15,33,72,179,374
12793.0,2011-01-09,2010-12-03,2,6345.68,2011-12-10,2,335,1.0,2394.1,7374.04,17904.57,49668.37,16830944.5,0.5,0.75,1.0,1.0,34.0,15,33,72,179,374
17128.0,2011-01-09,2011-01-09,1,1447.49,2011-12-10,1,335,1.0,2394.1,7374.04,17904.57,49668.37,16830944.5,0.5,0.75,1.0,1.0,34.0,15,33,72,179,374
12651.0,2011-01-09,2011-01-09,1,1026.0,2011-12-10,1,335,1.0,2394.1,7374.04,17904.57,49668.37,16830944.5,0.5,0.75,1.0,1.0,34.0,15,33,72,179,374
18032.0,2011-01-09,2011-01-09,1,367.5,2011-12-10,1,335,1.0,2394.1,7374.04,17904.57,49668.37,16830944.5,0.5,0.75,1.0,1.0,34.0,15,33,72,179,374
15649.0,2011-01-07,2010-12-07,2,816.0,2011-12-10,2,337,1.0,2394.1,7374.04,17904.57,49668.37,16830944.5,0.5,0.75,1.0,1.0,34.0,15,33,72,179,374
12829.0,2011-01-07,2010-12-14,2,529.2,2011-12-10,2,337,1.0,2394.1,7374.04,17904.57,49668.37,16830944.5,0.5,0.75,1.0,1.0,34.0,15,33,72,179,374
12501.0,2011-01-07,2011-01-07,1,271481.28,2011-12-10,1,337,1.0,2394.1,7374.04,17904.57,49668.37,16830944.5,0.5,0.75,1.0,1.0,34.0,15,33,72,179,374
15607.0,2011-01-07,2011-01-07,1,1053.12,2011-12-10,1,337,1.0,2394.1,7374.04,17904.57,49668.37,16830944.5,0.5,0.75,1.0,1.0,34.0,15,33,72,179,374
12489.0,2011-01-07,2011-01-07,1,2280.63,2011-12-10,1,337,1.0,2394.1,7374.04,17904.57,49668.37,16830944.5,0.5,0.75,1.0,1.0,34.0,15,33,72,179,374
14889.0,2011-01-07,2011-01-07,1,1359.0,2011-12-10,1,337,1.0,2394.1,7374.04,17904.57,49668.37,16830944.5,0.5,0.75,1.0,1.0,34.0,15,33,72,179,374
12386.0,2011-01-06,2010-12-08,2,2357.2,2011-12-10,2,338,1.0,2394.1,7374.04,17904.57,49668.37,16830944.5,0.5,0.75,1.0,1.0,34.0,15,33,72,179,374
13187.0,2011-01-06,2011-01-06,1,5691.84,2011-12-10,1,338,1.0,2394.1,7374.04,17904.57,49668.37,16830944.5,0.5,0.75,1.0,1.0,34.0,15,33,72,179,374
15266.0,2011-01-05,2011-01-05,1,397.5,2011-12-10,1,339,1.0,2394.1,7374.04,17904.57,49668.37,16830944.5,0.5,0.75,1.0,1.0,34.0,15,33,72,179,374
15464.0,2011-01-05,2011-01-05,1,109780.2,2011-12-10,1,339,1.0,2394.1,7374.04,17904.57,49668.37,16830944.5,0.5,0.75,1.0,1.0,34.0,15,33,72,179,374
16282.0,2011-01-04,2011-01-04,1,1851.3,2011-12-10,1,340,1.0,2394.1,7374.04,17904.57,49668.37,16830944.5,0.5,0.75,1.0,1.0,34.0,15,33,72,179,374
15562.0,2010-12-23,2010-12-23,1,134.55,2011-12-10,1,352,1.0,2394.1,7374.04,17904.57,49668.37,16830944.5,0.5,0.75,1.0,1.0,34.0,15,33,72,179,374
13922.0,2010-12-23,2010-12-23,1,471.0,2011-12-10,1,352,1.0,2394.1,7374.04,17904.57,49668.37,16830944.5,0.5,0.75,1.0,1.0,34.0,15,33,72,179,374
13304.0,2010-12-23,2010-12-23,1,5709.4,2011-12-10,1,352,1.0,2394.1,7374.04,17904.57,49668.37,16830944.5,0.5,0.75,1.0,1.0,34.0,15,33,72,179,374
12734.0,2010-12-22,2010-12-22,1,441.6,2011-12-10,1,353,1.0,2394.1,7374.04,17904.57,49668.37,16830944.5,0.5,0.75,1.0,1.0,34.0,15,33,72,179,374
16270.0,2010-12-21,2010-12-21,1,41054.03,2011-12-10,1,354,1.0,2394.1,7374.04,17904.57,49668.37,16830944.5,0.5,0.75,1.0,1.0,34.0,15,33,72,179,374
12515.0,2010-12-21,2010-12-21,1,2098.8,2011-12-10,1,354,1.0,2394.1,7374.04,17904.57,49668.37,16830944.5,0.5,0.75,1.0,1.0,34.0,15,33,72,179,374
15279.0,2010-12-20,2010-12-20,1,4430.37,2011-12-10,1,355,1.0,2394.1,7374.04,17904.57,49668.37,16830944.5,0.5,0.75,1.0,1.0,34.0,15,33,72,179,374
15460.0,2010-12-20,2010-12-20,1,10205.8,2011-12-10,1,355,1.0,2394.1,7374.04,17904.57,49668.37,16830944.5,0.5,0.75,1.0,1.0,34.0,15,33,72,179,374
17343.0,2010-12-19,2010-12-19,1,2827.04,2011-12-10,1,356,1.0,2394.1,7374.04,17904.57,49668.37,16830944.5,0.5,0.75,1.0,1.0,34.0,15,33,72,179,374
12551.0,2010-12-17,2010-12-17,1,1680.0,2011-12-10,1,358,1.0,2394.1,7374.04,17904.57,49668.37,16830944.5,0.5,0.75,1.0,1.0,34.0,15,33,72,179,374
15204.0,2010-12-17,2010-12-17,1,1988.64,2011-12-10,1,358,1.0,2394.1,7374.04,17904.57,49668.37,16830944.5,0.5,0.75,1.0,1.0,34.0,15,33,72,179,374
15160.0,2010-12-17,2010-12-17,1,632.64,2011-12-10,1,358,1.0,2394.1,7374.04,17904.57,49668.37,16830944.5,0.5,0.75,1.0,1.0,34.0,15,33,72,179,374
13033.0,2010-12-17,2010-12-17,1,2096.05,2011-12-10,1,358,1.0,2394.1,7374.04,17904.57,49668.37,16830944.5,0.5,0.75,1.0,1.0,34.0,15,33,72,179,374
17496.0,2010-12-16,2010-12-16,1,2259.9,2011-12-10,1,359,1.0,2394.1,7374.04,17904.57,49668.37,16830944.5,0.5,0.75,1.0,1.0,34.0,15,33,72,179,374
15789.0,2010-12-16,2010-12-16,1,8782.5,2011-12-10,1,359,1.0,2394.1,7374.04,17904.57,49668.37,16830944.5,0.5,0.75,1.0,1.0,34.0,15,33,72,179,374
14373.0,2010-12-16,2010-12-16,1,52.2,2011-12-10,1,359,1.0,2394.1,7374.04,17904.57,49668.37,16830944.5,0.5,0.75,1.0,1.0,34.0,15,33,72,179,374
18176.0,2010-12-16,2010-12-16,1,12178.6,2011-12-10,1,359,1.0,2394.1,7374.04,17904.57,49668.37,16830944.5,0.5,0.75,1.0,1.0,34.0,15,33,72,179,374
13874.0,2010-12-16,2010-12-16,1,4935.75,2011-12-10,1,359,1.0,2394.1,7374.04,17904.57,49668.37,16830944.5,0.5,0.75,1.0,1.0,34.0,15,33,72,179,374
13295.0,2010-12-15,2010-12-15,1,1657.8,2011-12-10,1,360,1.0,2394.1,7374.04,17904.57,49668.37,16830944.5,0.5,0.75,1.0,1.0,34.0,15,33,72,179,374
17525.0,2010-12-15,2010-12-15,1,3804.3,2011-12-10,1,360,1.0,2394.1,7374.04,17904.57,49668.37,16830944.5,0.5,0.75,1.0,1.0,34.0,15,33,72,179,374
17551.0,2010-12-15,2010-12-15,1,12530.28,2011-12-10,1,360,1.0,2394.1,7374.04,17904.57,49668.37,16830944.5,0.5,0.75,1.0,1.0,34.0,15,33,72,179,374
18050.0,2010-12-15,2010-12-15,1,372.0,2011-12-10,1,360,1.0,2394.1,7374.04,17904.57,49668.37,16830944.5,0.5,0.75,1.0,1.0,34.0,15,33,72,179,374
17752.0,2010-12-15,2010-12-15,1,80.64,2011-12-10,1,360,1.0,2394.1,7374.04,17904.57,49668.37,16830944.5,0.5,0.75,1.0,1.0,34.0,15,33,72,179,374
13948.0,2010-12-14,2010-12-14,1,306.0,2011-12-10,1,361,1.0,2394.1,7374.04,17904.57,49668.37,16830944.5,0.5,0.75,1.0,1.0,34.0,15,33,72,179,374
16202.0,2010-12-14,2010-12-14,1,5559.34,2011-12-10,1,361,1.0,2394.1,7374.04,17904.57,49668.37,16830944.5,0.5,0.75,1.0,1.0,34.0,15,33,72,179,374
17194.0,2010-12-14,2010-12-14,1,4868.88,2011-12-10,1,361,1.0,2394.1,7374.04,17904.57,49668.37,16830944.5,0.5,0.75,1.0,1.0,34.0,15,33,72,179,374
16812.0,2010-12-14,2010-12-14,1,2449.8,2011-12-10,1,361,1.0,2394.1,7374.04,17904.57,49668.37,16830944.5,0.5,0.75,1.0,1.0,34.0,15,33,72,179,374
15361.0,2010-12-13,2010-12-13,1,2932.44,2011-12-10,1,362,1.0,2394.1,7374.04,17904.57,49668.37,16830944.5,0.5,0.75,1.0,1.0,34.0,15,33,72,179,374
17303.0,2010-12-13,2010-12-13,1,10804.5,2011-12-10,1,362,1.0,2394.1,7374.04,17904.57,49668.37,16830944.5,0.5,0.75,1.0,1.0,34.0,15,33,72,179,374
17524.0,2010-12-13,2010-12-13,1,870.0,2011-12-10,1,362,1.0,2394.1,7374.04,17904.57,49668.37,16830944.5,0.5,0.75,1.0,1.0,34.0,15,33,72,179,374
15503.0,2010-12-12,2010-12-12,1,8747.52,2011-12-10,1,363,1.0,2394.1,7374.04,17904.57,49668.37,16830944.5,0.5,0.75,1.0,1.0,34.0,15,33,72,179,374
17251.0,2010-12-12,2010-12-12,1,8974.08,2011-12-10,1,363,1.0,2394.1,7374.04,17904.57,49668.37,16830944.5,0.5,0.75,1.0,1.0,34.0,15,33,72,179,374
14413.0,2010-12-12,2010-12-12,1,2480.5,2011-12-10,1,363,1.0,2394.1,7374.04,17904.57,49668.37,16830944.5,0.5,0.75,1.0,1.0,34.0,15,33,72,179,374
18004.0,2010-12-12,2010-12-12,1,5615.26,2011-12-10,1,363,1.0,2394.1,7374.04,17904.57,49668.37,16830944.5,0.5,0.75,1.0,1.0,34.0,15,33,72,179,374
16665.0,2010-12-12,2010-12-12,1,548.7,2011-12-10,1,363,1.0,2394.1,7374.04,17904.57,49668.37,16830944.5,0.5,0.75,1.0,1.0,34.0,15,33,72,179,374
15454.0,2010-12-12,2010-12-12,1,3772.8,2011-12-10,1,363,1.0,2394.1,7374.04,17904.57,49668.37,16830944.5,0.5,0.75,1.0,1.0,34.0,15,33,72,179,374
17880.0,2010-12-10,2010-12-10,1,11931.92,2011-12-10,1,365,1.0,2394.1,7374.04,17904.57,49668.37,16830944.5,0.5,0.75,1.0,1.0,34.0,15,33,72,179,374
14082.0,2010-12-10,2010-12-10,1,5285.25,2011-12-10,1,365,1.0,2394.1,7374.04,17904.57,49668.37,16830944.5,0.5,0.75,1.0,1.0,34.0,15,33,72,179,374
15723.0,2010-12-10,2010-12-10,1,6930.0,2011-12-10,1,365,1.0,2394.1,7374.04,17904.57,49668.37,16830944.5,0.5,0.75,1.0,1.0,34.0,15,33,72,179,374
12785.0,2010-12-10,2010-12-10,1,2868.0,2011-12-10,1,365,1.0,2394.1,7374.04,17904.57,49668.37,16830944.5,0.5,0.75,1.0,1.0,34.0,15,33,72,179,374
16727.0,2010-12-10,2010-12-10,1,12549.72,2011-12-10,1,365,1.0,2394.1,7374.04,17904.57,49668.37,16830944.5,0.5,0.75,1.0,1.0,34.0,15,33,72,179,374
16565.0,2010-12-10,2010-12-10,1,521.1,2011-12-10,1,365,1.0,2394.1,7374.04,17904.57,49668.37,16830944.5,0.5,0.75,1.0,1.0,34.0,15,33,72,179,374
14437.0,2010-12-09,2010-12-09,1,315.0,2011-12-10,1,366,1.0,2394.1,7374.04,17904.57,49668.37,16830944.5,0.5,0.75,1.0,1.0,34.0,15,33,72,179,374
12797.0,2010-12-09,2010-12-09,1,2267.43,2011-12-10,1,366,1.0,2394.1,7374.04,17904.57,49668.37,16830944.5,0.5,0.75,1.0,1.0,34.0,15,33,72,179,374
13369.0,2010-12-09,2010-12-09,1,2860.56,2011-12-10,1,366,1.0,2394.1,7374.04,17904.57,49668.37,16830944.5,0.5,0.75,1.0,1.0,34.0,15,33,72,179,374
14932.0,2010-12-09,2010-12-09,1,3065.79,2011-12-10,1,366,1.0,2394.1,7374.04,17904.57,49668.37,16830944.5,0.5,0.75,1.0,1.0,34.0,15,33,72,179,374
14355.0,2010-12-09,2010-12-09,1,1918.4,2011-12-10,1,366,1.0,2394.1,7374.04,17904.57,49668.37,16830944.5,0.5,0.75,1.0,1.0,34.0,15,33,72,179,374
16065.0,2010-12-09,2010-12-09,1,26542.07,2011-12-10,1,366,1.0,2394.1,7374.04,17904.57,49668.37,16830944.5,0.5,0.75,1.0,1.0,34.0,15,33,72,179,374
15945.0,2010-12-09,2010-12-09,1,362.0,2011-12-10,1,366,1.0,2394.1,7374.04,17904.57,49668.37,16830944.5,0.5,0.75,1.0,1.0,34.0,15,33,72,179,374
17978.0,2010-12-09,2010-12-09,1,3611.04,2011-12-10,1,366,1.0,2394.1,7374.04,17904.57,49668.37,16830944.5,0.5,0.75,1.0,1.0,34.0,15,33,72,179,374
16795.0,2010-12-09,2010-12-09,1,25099.52,2011-12-10,1,366,1.0,2394.1,7374.04,17904.57,49668.37,16830944.5,0.5,0.75,1.0,1.0,34.0,15,33,72,179,374
17456.0,2010-12-09,2010-12-09,1,4247.62,2011-12-10,1,366,1.0,2394.1,7374.04,17904.57,49668.37,16830944.5,0.5,0.75,1.0,1.0,34.0,15,33,72,179,374
14821.0,2010-12-08,2010-12-08,1,97.6,2011-12-10,1,367,1.0,2394.1,7374.04,17904.57,49668.37,16830944.5,0.5,0.75,1.0,1.0,34.0,15,33,72,179,374
12441.0,2010-12-08,2010-12-08,1,1555.5,2011-12-10,1,367,1.0,2394.1,7374.04,17904.57,49668.37,16830944.5,0.5,0.75,1.0,1.0,34.0,15,33,72,179,374
15973.0,2010-12-08,2010-12-08,1,332.16,2011-12-10,1,367,1.0,2394.1,7374.04,17904.57,49668.37,16830944.5,0.5,0.75,1.0,1.0,34.0,15,33,72,179,374
16893.0,2010-12-08,2010-12-08,1,5419.29,2011-12-10,1,367,1.0,2394.1,7374.04,17904.57,49668.37,16830944.5,0.5,0.75,1.0,1.0,34.0,15,33,72,179,374
15221.0,2010-12-08,2010-12-08,1,325.2,2011-12-10,1,367,1.0,2394.1,7374.04,17904.57,49668.37,16830944.5,0.5,0.75,1.0,1.0,34.0,15,33,72,179,374
16679.0,2010-12-08,2010-12-08,1,234.0,2011-12-10,1,367,1.0,2394.1,7374.04,17904.57,49668.37,16830944.5,0.5,0.75,1.0,1.0,34.0,15,33,72,179,374
18269.0,2010-12-08,2010-12-08,1,1180.2,2011-12-10,1,367,1.0,2394.1,7374.04,17904.57,49668.37,16830944.5,0.5,0.75,1.0,1.0,34.0,15,33,72,179,374
13270.0,2010-12-08,2010-12-08,1,590.0,2011-12-10,1,367,1.0,2394.1,7374.04,17904.57,49668.37,16830944.5,0.5,0.75,1.0,1.0,34.0,15,33,72,179,374
15347.0,2010-12-08,2010-12-08,1,1008.0,2011-12-10,1,367,1.0,2394.1,7374.04,17904.57,49668.37,16830944.5,0.5,0.75,1.0,1.0,34.0,15,33,72,179,374
18119.0,2010-12-07,2010-12-07,1,4498.76,2011-12-10,1,368,1.0,2394.1,7374.04,17904.57,49668.37,16830944.5,0.5,0.75,1.0,1.0,34.0,15,33,72,179,374
13786.0,2010-12-07,2010-12-07,1,1612.8,2011-12-10,1,368,1.0,2394.1,7374.04,17904.57,49668.37,16830944.5,0.5,0.75,1.0,1.0,34.0,15,33,72,179,374
15180.0,2010-12-07,2010-12-07,1,525.0,2011-12-10,1,368,1.0,2394.1,7374.04,17904.57,49668.37,16830944.5,0.5,0.75,1.0,1.0,34.0,15,33,72,179,374
13807.0,2010-12-07,2010-12-07,1,788.2,2011-12-10,1,368,1.0,2394.1,7374.04,17904.57,49668.37,16830944.5,0.5,0.75,1.0,1.0,34.0,15,33,72,179,374
16125.0,2010-12-07,2010-12-07,1,3761.55,2011-12-10,1,368,1.0,2394.1,7374.04,17904.57,49668.37,16830944.5,0.5,0.75,1.0,1.0,34.0,15,33,72,179,374
16858.0,2010-12-06,2010-12-06,1,3756.9,2011-12-10,1,369,1.0,2394.1,7374.04,17904.57,49668.37,16830944.5,0.5,0.75,1.0,1.0,34.0,15,33,72,179,374
15899.0,2010-12-06,2010-12-06,1,130.5,2011-12-10,1,369,1.0,2394.1,7374.04,17904.57,49668.37,16830944.5,0.5,0.75,1.0,1.0,34.0,15,33,72,179,374
18113.0,2010-12-06,2010-12-06,1,76.32,2011-12-10,1,369,1.0,2394.1,7374.04,17904.57,49668.37,16830944.5,0.5,0.75,1.0,1.0,34.0,15,33,72,179,374
17860.0,2010-12-06,2010-12-06,1,14662.4,2011-12-10,1,369,1.0,2394.1,7374.04,17904.57,49668.37,16830944.5,0.5,0.75,1.0,1.0,34.0,15,33,72,179,374
16658.0,2010-12-06,2010-12-06,1,985.92,2011-12-10,1,369,1.0,2394.1,7374.04,17904.57,49668.37,16830944.5,0.5,0.75,1.0,1.0,34.0,15,33,72,179,374
15880.0,2010-12-05,2010-12-05,1,31562.29,2011-12-10,1,370,1.0,2394.1,7374.04,17904.57,49668.37,16830944.5,0.5,0.75,1.0,1.0,34.0,15,33,72,179,374
16718.0,2010-12-05,2010-12-05,1,25201.0,2011-12-10,1,370,1.0,2394.1,7374.04,17904.57,49668.37,16830944.5,0.5,0.75,1.0,1.0,34.0,15,33,72,179,374
12686.0,2010-12-03,2010-12-03,1,426.84,2011-12-10,1,372,1.0,2394.1,7374.04,17904.57,49668.37,16830944.5,0.5,0.75,1.0,1.0,34.0,15,33,72,179,374
13370.0,2010-12-03,2010-12-03,1,20416.11,2011-12-10,1,372,1.0,2394.1,7374.04,17904.57,49668.37,16830944.5,0.5,0.75,1.0,1.0,34.0,15,33,72,179,374
17967.0,2010-12-03,2010-12-03,1,4848.99,2011-12-10,1,372,1.0,2394.1,7374.04,17904.57,49668.37,16830944.5,0.5,0.75,1.0,1.0,34.0,15,33,72,179,374
14589.0,2010-12-03,2010-12-03,1,119.25,2011-12-10,1,372,1.0,2394.1,7374.04,17904.57,49668.37,16830944.5,0.5,0.75,1.0,1.0,34.0,15,33,72,179,374
16926.0,2010-12-03,2010-12-03,1,1282.5,2011-12-10,1,372,1.0,2394.1,7374.04,17904.57,49668.37,16830944.5,0.5,0.75,1.0,1.0,34.0,15,33,72,179,374
12725.0,2010-12-03,2010-12-03,1,8551.4,2011-12-10,1,372,1.0,2394.1,7374.04,17904.57,49668.37,16830944.5,0.5,0.75,1.0,1.0,34.0,15,33,72,179,374
17732.0,2010-12-02,2010-12-02,1,3814.8,2011-12-10,1,373,1.0,2394.1,7374.04,17904.57,49668.37,16830944.5,0.5,0.75,1.0,1.0,34.0,15,33,72,179,374
12855.0,2010-12-02,2010-12-02,1,114.3,2011-12-10,1,373,1.0,2394.1,7374.04,17904.57,49668.37,16830944.5,0.5,0.75,1.0,1.0,34.0,15,33,72,179,374
17855.0,2010-12-02,2010-12-02,1,3184.32,2011-12-10,1,373,1.0,2394.1,7374.04,17904.57,49668.37,16830944.5,0.5,0.75,1.0,1.0,34.0,15,33,72,179,374
17925.0,2010-12-02,2010-12-02,1,244.08,2011-12-10,1,373,1.0,2394.1,7374.04,17904.57,49668.37,16830944.5,0.5,0.75,1.0,1.0,34.0,15,33,72,179,374
13108.0,2010-12-02,2010-12-02,1,2232.54,2011-12-10,1,373,1.0,2394.1,7374.04,17904.57,49668.37,16830944.5,0.5,0.75,1.0,1.0,34.0,15,33,72,179,374
15070.0,2010-12-02,2010-12-02,1,106.2,2011-12-10,1,373,1.0,2394.1,7374.04,17904.57,49668.37,16830944.5,0.5,0.75,1.0,1.0,34.0,15,33,72,179,374
15923.0,2010-12-02,2010-12-02,1,2342.6,2011-12-10,1,373,1.0,2394.1,7374.04,17904.57,49668.37,16830944.5,0.5,0.75,1.0,1.0,34.0,15,33,72,179,374
16752.0,2010-12-02,2010-12-02,1,561.6,2011-12-10,1,373,1.0,2394.1,7374.04,17904.57,49668.37,16830944.5,0.5,0.75,1.0,1.0,34.0,15,33,72,179,374
15363.0,2010-12-02,2010-12-02,1,5216.0,2011-12-10,1,373,1.0,2394.1,7374.04,17904.57,49668.37,16830944.5,0.5,0.75,1.0,1.0,34.0,15,33,72,179,374
16510.0,2010-12-02,2010-12-02,1,1606.95,2011-12-10,1,373,1.0,2394.1,7374.04,17904.57,49668.37,16830944.5,0.5,0.75,1.0,1.0,34.0,15,33,72,179,374
17976.0,2010-12-02,2010-12-02,1,19156.44,2011-12-10,1,373,1.0,2394.1,7374.04,17904.57,49668.37,16830944.5,0.5,0.75,1.0,1.0,34.0,15,33,72,179,374
16781.0,2010-12-02,2010-12-02,1,4740.8,2011-12-10,1,373,1.0,2394.1,7374.04,17904.57,49668.37,16830944.5,0.5,0.75,1.0,1.0,34.0,15,33,72,179,374
13011.0,2010-12-02,2010-12-02,1,151.65,2011-12-10,1,373,1.0,2394.1,7374.04,17904.57,49668.37,16830944.5,0.5,0.75,1.0,1.0,34.0,15,33,72,179,374
16754.0,2010-12-02,2010-12-02,1,4004.8,2011-12-10,1,373,1.0,2394.1,7374.04,17904.57,49668.37,16830944.5,0.5,0.75,1.0,1.0,34.0,15,33,72,179,374
14576.0,2010-12-02,2010-12-02,1,35.4,2011-12-10,1,373,1.0,2394.1,7374.04,17904.57,49668.37,16830944.5,0.5,0.75,1.0,1.0,34.0,15,33,72,179,374
12738.0,2010-12-02,2010-12-02,1,883.2,2011-12-10,1,373,1.0,2394.1,7374.04,17904.57,49668.37,16830944.5,0.5,0.75,1.0,1.0,34.0,15,33,72,179,374
18074.0,2010-12-01,2010-12-01,1,4141.5,2011-12-10,1,374,1.0,2394.1,7374.04,17904.57,49668.37,16830944.5,0.5,0.75,1.0,1.0,34.0,15,33,72,179,374
12791.0,2010-12-01,2010-12-01,1,177.6,2011-12-10,1,374,1.0,2394.1,7374.04,17904.57,49668.37,16830944.5,0.5,0.75,1.0,1.0,34.0,15,33,72,179,374
17908.0,2010-12-01,2010-12-01,1,14110.24,2011-12-10,1,374,1.0,2394.1,7374.04,17904.57,49668.37,16830944.5,0.5,0.75,1.0,1.0,34.0,15,33,72,179,374
16583.0,2010-12-01,2010-12-01,1,3268.3,2011-12-10,1,374,1.0,2394.1,7374.04,17904.57,49668.37,16830944.5,0.5,0.75,1.0,1.0,34.0,15,33,72,179,374
17968.0,2010-12-01,2010-12-01,1,23574.75,2011-12-10,1,374,1.0,2394.1,7374.04,17904.57,49668.37,16830944.5,0.5,0.75,1.0,1.0,34.0,15,33,72,179,374
14729.0,2010-12-01,2010-12-01,1,20064.51,2011-12-10,1,374,1.0,2394.1,7374.04,17904.57,49668.37,16830944.5,0.5,0.75,1.0,1.0,34.0,15,33,72,179,374
14237.0,2010-12-01,2010-12-01,1,387.25,2011-12-10,1,374,1.0,2394.1,7374.04,17904.57,49668.37,16830944.5,0.5,0.75,1.0,1.0,34.0,15,33,72,179,374
15350.0,2010-12-01,2010-12-01,1,578.25,2011-12-10,1,374,1.0,2394.1,7374.04,17904.57,49668.37,16830944.5,0.5,0.75,1.0,1.0,34.0,15,33,72,179,374
15922.0,2010-12-01,2010-12-01,1,3440.0,2011-12-10,1,374,1.0,2394.1,7374.04,17904.57,49668.37,16830944.5,0.5,0.75,1.0,1.0,34.0,15,33,72,179,374
15165.0,2010-12-01,2010-12-01,1,10231.2,2011-12-10,1,374,1.0,2394.1,7374.04,17904.57,49668.37,16830944.5,0.5,0.75,1.0,1.0,34.0,15,33,72,179,374
17643.0,2010-12-01,2010-12-01,1,634.2,2011-12-10,1,374,1.0,2394.1,7374.04,17904.57,49668.37,16830944.5,0.5,0.75,1.0,1.0,34.0,15,33,72,179,374
16274.0,2010-12-01,2010-12-01,1,12400.35,2011-12-10,1,374,1.0,2394.1,7374.04,17904.57,49668.37,16830944.5,0.5,0.75,1.0,1.0,34.0,15,33,72,179,374
14142.0,2010-12-01,2010-12-01,1,6191.01,2011-12-10,1,374,1.0,2394.1,7374.04,17904.57,49668.37,16830944.5,0.5,0.75,1.0,1.0,34.0,15,33,72,179,374
13065.0,2010-12-01,2010-12-01,1,1543.1,2011-12-10,1,374,1.0,2394.1,7374.04,17904.57,49668.37,16830944.5,0.5,0.75,1.0,1.0,34.0,15,33,72,179,374
18011.0,2010-12-01,2010-12-01,1,2506.68,2011-12-10,1,374,1.0,2394.1,7374.04,17904.57,49668.37,16830944.5,0.5,0.75,1.0,1.0,34.0,15,33,72,179,374
13756.0,2011-12-07,2010-12-07,14,53015.87,2011-12-10,13,3,1.08,2394.1,7374.04,17904.57,49668.37,16830944.5,0.5,0.75,1.0,1.0,34.0,15,33,72,179,374
12839.0,2011-12-07,2010-12-07,14,128732.41,2011-12-10,13,3,1.08,2394.1,7374.04,17904.57,49668.37,16830944.5,0.5,0.75,1.0,1.0,34.0,15,33,72,179,374
17730.0,2011-12-06,2011-01-17,13,91296.32,2011-12-10,12,4,1.08,2394.1,7374.04,17904.57,49668.37,16830944.5,0.5,0.75,1.0,1.0,34.0,15,33,72,179,374
13709.0,2011-12-06,2011-01-28,13,176615.2,2011-12-10,12,4,1.08,2394.1,7374.04,17904.57,49668.37,16830944.5,0.5,0.75,1.0,1.0,34.0,15,33,72,179,374
12683.0,2011-12-05,2010-12-09,14,189269.12,2011-12-10,13,5,1.08,2394.1,7374.04,17904.57,49668.37,16830944.5,0.5,0.75,1.0,1.0,34.0,15,33,72,179,374
13230.0,2011-12-05,2010-12-09,14,138097.69,2011-12-10,13,5,1.08,2394.1,7374.04,17904.57,49668.37,16830944.5,0.5,0.75,1.0,1.0,34.0,15,33,72,179,374
18223.0,2011-12-05,2010-12-16,14,160460.96,2011-12-10,13,5,1.08,2394.1,7374.04,17904.57,49668.37,16830944.5,0.5,0.75,1.0,1.0,34.0,15,33,72,179,374
13001.0,2011-12-05,2011-01-17,13,366089.34,2011-12-10,12,5,1.08,2394.1,7374.04,17904.57,49668.37,16830944.5,0.5,0.75,1.0,1.0,34.0,15,33,72,179,374
18065.0,2011-12-04,2010-12-10,14,35427.25,2011-12-10,13,6,1.08,2394.1,7374.04,17904.57,49668.37,16830944.5,0.5,0.75,1.0,1.0,34.0,15,33,72,179,374
13458.0,2011-12-02,2010-12-15,14,295258.98,2011-12-10,13,8,1.08,2394.1,7374.04,17904.57,49668.37,16830944.5,0.5,0.75,1.0,1.0,34.0,15,33,72,179,374
14092.0,2011-12-02,2010-12-16,14,70081.48,2011-12-10,13,8,1.08,2394.1,7374.04,17904.57,49668.37,16830944.5,0.5,0.75,1.0,1.0,34.0,15,33,72,179,374
16241.0,2011-11-30,2010-12-05,13,154756.12,2011-12-10,12,10,1.08,2394.1,7374.04,17904.57,49668.37,16830944.5,0.5,0.75,1.0,1.0,34.0,15,33,72,179,374
16782.0,2011-11-29,2010-12-09,13,32337.63,2011-12-10,12,11,1.08,2394.1,7374.04,17904.57,49668.37,16830944.5,0.5,0.75,1.0,1.0,34.0,15,33,72,179,374
17975.0,2011-11-24,2010-12-08,13,98595.61,2011-12-10,12,16,1.08,2394.1,7374.04,17904.57,49668.37,16830944.5,0.5,0.75,1.0,1.0,34.0,15,33,72,179,374
14709.0,2011-11-24,2010-12-16,13,79708.23,2011-12-10,12,16,1.08,2394.1,7374.04,17904.57,49668.37,16830944.5,0.5,0.75,1.0,1.0,34.0,15,33,72,179,374
16722.0,2011-11-22,2010-12-06,13,81442.85,2011-12-10,12,18,1.08,2394.1,7374.04,17904.57,49668.37,16830944.5,0.5,0.75,1.0,1.0,34.0,15,33,72,179,374
13488.0,2011-11-22,2010-12-07,13,278712.82,2011-12-10,12,18,1.08,2394.1,7374.04,17904.57,49668.37,16830944.5,0.5,0.75,1.0,1.0,34.0,15,33,72,179,374
16607.0,2011-11-22,2010-12-16,13,40539.63,2011-12-10,12,18,1.08,2394.1,7374.04,17904.57,49668.37,16830944.5,0.5,0.75,1.0,1.0,34.0,15,33,72,179,374
13880.0,2011-11-18,2010-12-07,13,41266.66,2011-12-10,12,22,1.08,2394.1,7374.04,17904.57,49668.37,16830944.5,0.5,0.75,1.0,1.0,34.0,15,33,72,179,374
12712.0,2011-11-11,2010-12-03,13,29770.76,2011-12-10,12,29,1.08,2394.1,7374.04,17904.57,49668.37,16830944.5,0.5,0.75,1.0,1.0,34.0,15,33,72,179,374
13742.0,2011-11-23,2011-01-23,12,81993.01,2011-12-10,11,17,1.09,2394.1,7374.04,17904.57,49668.37,16830944.5,0.5,0.75,1.0,1.0,34.0,15,33,72,179,374
14800.0,2011-10-23,2010-12-05,12,167168.94,2011-12-10,11,48,1.09,2394.1,7374.04,17904.57,49668.37,16830944.5,0.5,0.75,1.0,1.0,34.0,15,33,72,179,374
15301.0,2011-10-20,2010-12-06,12,109822.81,2011-12-10,11,51,1.09,2394.1,7374.04,17904.57,49668.37,16830944.5,0.5,0.75,1.0,1.0,34.0,15,33,72,179,374
14291.0,2011-12-08,2011-03-09,11,116615.73,2011-12-10,10,2,1.1,2394.1,7374.04,17904.57,49668.37,16830944.5,0.5,0.75,1.0,1.0,34.0,15,33,72,179,374
12955.0,2011-12-08,2011-03-17,11,100567.74,2011-12-10,10,2,1.1,2394.1,7374.04,17904.57,49668.37,16830944.5,0.5,0.75,1.0,1.0,34.0,15,33,72,179,374
17644.0,2011-12-08,2011-03-24,11,56558.44,2011-12-10,10,2,1.1,2394.1,7374.04,17904.57,49668.37,16830944.5,0.5,0.75,1.0,1.0,34.0,15,33,72,179,374
14239.0,2011-10-27,2011-01-27,11,26613.47,2011-12-10,10,44,1.1,2394.1,7374.04,17904.57,49668.37,16830944.5,0.5,0.75,1.0,1.0,34.0,15,33,72,179,374
18226.0,2011-10-26,2011-01-06,11,112660.66,2011-12-10,10,45,1.1,2394.1,7374.04,17904.57,49668.37,16830944.5,0.5,0.75,1.0,1.0,34.0,15,33,72,179,374
14776.0,2011-10-19,2011-01-31,11,38529.06,2011-12-10,10,52,1.1,2394.1,7374.04,17904.57,49668.37,16830944.5,0.5,0.75,1.0,1.0,34.0,15,33,72,179,374
14462.0,2011-10-04,2011-01-04,11,44270.85,2011-12-10,10,67,1.1,2394.1,7374.04,17904.57,49668.37,16830944.5,0.5,0.75,1.0,1.0,34.0,15,33,72,179,374
15150.0,2011-11-22,2011-03-15,10,275476.62,2011-12-10,9,18,1.11,2394.1,7374.04,17904.57,49668.37,16830944.5,0.5,0.75,1.0,1.0,34.0,15,33,72,179,374
16712.0,2011-11-21,2011-03-08,10,143146.57,2011-12-10,9,19,1.11,2394.1,7374.04,17904.57,49668.37,16830944.5,0.5,0.75,1.0,1.0,34.0,15,33,72,179,374
16942.0,2011-11-27,2011-04-26,9,61122.85,2011-12-10,8,13,1.13,2394.1,7374.04,17904.57,49668.37,16830944.5,0.5,0.75,1.0,1.0,34.0,15,33,72,179,374
16837.0,2011-11-08,2011-04-08,9,55462.24,2011-12-10,8,32,1.13,2394.1,7374.04,17904.57,49668.37,16830944.5,0.5,0.75,1.0,1.0,34.0,15,33,72,179,374
15622.0,2011-10-27,2011-03-02,9,140421.84,2011-12-10,8,44,1.13,2394.1,7374.04,17904.57,49668.37,16830944.5,0.5,0.75,1.0,1.0,34.0,15,33,72,179,374
14410.0,2011-09-08,2011-02-07,9,30677.77,2011-12-10,8,93,1.13,2394.1,7374.04,17904.57,49668.37,16830944.5,0.5,0.75,1.0,1.0,34.0,15,33,72,179,374
12704.0,2011-12-02,2011-06-23,8,18588.58,2011-12-10,7,8,1.14,2394.1,7374.04,17904.57,49668.37,16830944.5,0.5,0.75,1.0,1.0,34.0,15,33,72,179,374
12757.0,2011-11-24,2011-05-12,8,362472.45,2011-12-10,7,16,1.14,2394.1,7374.04,17904.57,49668.37,16830944.5,0.5,0.75,1.0,1.0,34.0,15,33,72,179,374
15410.0,2011-09-16,2011-03-23,8,46776.3,2011-12-10,7,85,1.14,2394.1,7374.04,17904.57,49668.37,16830944.5,0.5,0.75,1.0,1.0,34.0,15,33,72,179,374
14135.0,2011-12-08,2010-12-02,15,51456.37,2011-12-10,13,2,1.15,2394.1,7374.04,17904.57,49668.37,16830944.5,0.5,0.75,1.0,1.0,34.0,15,33,72,179,374
13269.0,2011-12-08,2010-12-05,15,129861.16,2011-12-10,13,2,1.15,2394.1,7374.04,17904.57,49668.37,16830944.5,0.5,0.75,1.0,1.0,34.0,15,33,72,179,374
12583.0,2011-12-07,2010-12-01,15,107430.13,2011-12-10,13,3,1.15,2394.1,7374.04,17904.57,49668.37,16830944.5,0.5,0.75,1.0,1.0,34.0,15,33,72,179,374
14189.0,2011-12-07,2010-12-06,15,76056.42,2011-12-10,13,3,1.15,2394.1,7374.04,17904.57,49668.37,16830944.5,0.5,0.75,1.0,1.0,34.0,15,33,72,179,374
17346.0,2011-12-06,2010-12-01,15,76498.88,2011-12-10,13,4,1.15,2394.1,7374.04,17904.57,49668.37,16830944.5,0.5,0.75,1.0,1.0,34.0,15,33,72,179,374
15194.0,2011-12-06,2010-12-06,15,174136.78,2011-12-10,13,4,1.15,2394.1,7374.04,17904.57,49668.37,16830944.5,0.5,0.75,1.0,1.0,34.0,15,33,72,179,374
14282.0,2011-12-06,2010-12-07,15,46300.86,2011-12-10,13,4,1.15,2394.1,7374.04,17904.57,49668.37,16830944.5,0.5,0.75,1.0,1.0,34.0,15,33,72,179,374
12989.0,2011-12-06,2010-12-10,15,19719.17,2011-12-10,13,4,1.15,2394.1,7374.04,17904.57,49668.37,16830944.5,0.5,0.75,1.0,1.0,34.0,15,33,72,179,374
15640.0,2011-12-05,2010-12-02,15,381800.69,2011-12-10,13,5,1.15,2394.1,7374.04,17904.57,49668.37,16830944.5,0.5,0.75,1.0,1.0,34.0,15,33,72,179,374
16904.0,2011-12-05,2010-12-07,15,191529.5,2011-12-10,13,5,1.15,2394.1,7374.04,17904.57,49668.37,16830944.5,0.5,0.75,1.0,1.0,34.0,15,33,72,179,374
15867.0,2011-12-04,2010-12-05,15,112524.16,2011-12-10,13,6,1.15,2394.1,7374.04,17904.57,49668.37,16830944.5,0.5,0.75,1.0,1.0,34.0,15,33,72,179,374
15271.0,2011-12-02,2010-12-09,15,56169.18,2011-12-10,13,8,1.15,2394.1,7374.04,17904.57,49668.37,16830944.5,0.5,0.75,1.0,1.0,34.0,15,33,72,179,374
17611.0,2011-12-02,2010-12-13,15,180706.53,2011-12-10,13,8,1.15,2394.1,7374.04,17904.57,49668.37,16830944.5,0.5,0.75,1.0,1.0,34.0,15,33,72,179,374
16929.0,2011-12-06,2011-07-07,7,15288.78,2011-12-10,6,4,1.17,2394.1,7374.04,17904.57,49668.37,16830944.5,0.5,0.75,1.0,1.0,34.0,15,33,72,179,374
16326.0,2011-12-04,2011-01-09,14,71941.31,2011-12-10,12,6,1.17,2394.1,7374.04,17904.57,49668.37,16830944.5,0.5,0.75,1.0,1.0,34.0,15,33,72,179,374
16474.0,2011-12-02,2011-07-17,7,134167.89,2011-12-10,6,8,1.17,2394.1,7374.04,17904.57,49668.37,16830944.5,0.5,0.75,1.0,1.0,34.0,15,33,72,179,374
15601.0,2011-11-28,2010-12-02,14,206202.0,2011-12-10,12,12,1.17,2394.1,7374.04,17904.57,49668.37,16830944.5,0.5,0.75,1.0,1.0,34.0,15,33,72,179,374
16744.0,2011-11-28,2011-06-19,7,41141.63,2011-12-10,6,12,1.17,2394.1,7374.04,17904.57,49668.37,16830944.5,0.5,0.75,1.0,1.0,34.0,15,33,72,179,374
13437.0,2011-11-25,2011-06-02,7,90600.45,2011-12-10,6,15,1.17,2394.1,7374.04,17904.57,49668.37,16830944.5,0.5,0.75,1.0,1.0,34.0,15,33,72,179,374
17562.0,2011-11-25,2011-06-19,7,12238.56,2011-12-10,6,15,1.17,2394.1,7374.04,17904.57,49668.37,16830944.5,0.5,0.75,1.0,1.0,34.0,15,33,72,179,374
16107.0,2011-11-22,2011-06-09,7,11657.9,2011-12-10,6,18,1.17,2394.1,7374.04,17904.57,49668.37,16830944.5,0.5,0.75,1.0,1.0,34.0,15,33,72,179,374
14704.0,2011-11-20,2011-06-12,7,128052.25,2011-12-10,6,20,1.17,2394.1,7374.04,17904.57,49668.37,16830944.5,0.5,0.75,1.0,1.0,34.0,15,33,72,179,374
15955.0,2011-11-15,2010-12-02,14,80577.06,2011-12-10,12,25,1.17,2394.1,7374.04,17904.57,49668.37,16830944.5,0.5,0.75,1.0,1.0,34.0,15,33,72,179,374
17220.0,2011-11-15,2010-12-10,14,122826.51,2011-12-10,12,25,1.17,2394.1,7374.04,17904.57,49668.37,16830944.5,0.5,0.75,1.0,1.0,34.0,15,33,72,179,374
15291.0,2011-11-14,2010-12-01,14,27514.84,2011-12-10,12,26,1.17,2394.1,7374.04,17904.57,49668.37,16830944.5,0.5,0.75,1.0,1.0,34.0,15,33,72,179,374
17790.0,2011-11-13,2010-12-10,14,32867.98,2011-12-10,12,27,1.17,2394.1,7374.04,17904.57,49668.37,16830944.5,0.5,0.75,1.0,1.0,34.0,15,33,72,179,374
16880.0,2011-11-09,2011-06-03,7,34817.09,2011-12-10,6,31,1.17,2394.1,7374.04,17904.57,49668.37,16830944.5,0.5,0.75,1.0,1.0,34.0,15,33,72,179,374
13384.0,2011-11-09,2011-06-14,7,110172.92,2011-12-10,6,31,1.17,2394.1,7374.04,17904.57,49668.37,16830944.5,0.5,0.75,1.0,1.0,34.0,15,33,72,179,374
17193.0,2011-11-04,2011-06-16,7,13536.08,2011-12-10,6,36,1.17,2394.1,7374.04,17904.57,49668.37,16830944.5,0.5,0.75,1.0,1.0,34.0,15,33,72,179,374
17965.0,2011-11-02,2010-12-05,14,75630.85,2011-12-10,12,38,1.17,2394.1,7374.04,17904.57,49668.37,16830944.5,0.5,0.75,1.0,1.0,34.0,15,33,72,179,374
14088.0,2011-11-29,2011-01-21,13,2723180.46,2011-12-10,11,11,1.18,2394.1,7374.04,17904.57,49668.37,16830944.5,0.5,0.75,1.0,1.0,34.0,15,33,72,179,374
15719.0,2011-11-07,2011-01-06,13,378703.93,2011-12-10,11,33,1.18,2394.1,7374.04,17904.57,49668.37,16830944.5,0.5,0.75,1.0,1.0,34.0,15,33,72,179,374
16678.0,2011-12-07,2011-03-02,12,44539.04,2011-12-10,10,3,1.2,2394.1,7374.04,17904.57,49668.37,16830944.5,0.5,0.75,1.0,1.0,34.0,15,33,72,179,374
12828.0,2011-12-07,2011-08-01,6,10064.7,2011-12-10,5,3,1.2,2394.1,7374.04,17904.57,49668.37,16830944.5,0.5,0.75,1.0,1.0,34.0,15,33,72,179,374
14110.0,2011-12-06,2011-03-18,12,99948.51,2011-12-10,10,4,1.2,2394.1,7374.04,17904.57,49668.37,16830944.5,0.5,0.75,1.0,1.0,34.0,15,33,72,179,374
17183.0,2011-12-02,2011-08-26,6,37192.44,2011-12-10,5,8,1.2,2394.1,7374.04,17904.57,49668.37,16830944.5,0.5,0.75,1.0,1.0,34.0,15,33,72,179,374
12627.0,2011-11-29,2011-07-22,6,156738.1,2011-12-10,5,11,1.2,2394.1,7374.04,17904.57,49668.37,16830944.5,0.5,0.75,1.0,1.0,34.0,15,33,72,179,374
13991.0,2011-11-27,2011-07-19,6,14921.75,2011-12-10,5,13,1.2,2394.1,7374.04,17904.57,49668.37,16830944.5,0.5,0.75,1.0,1.0,34.0,15,33,72,179,374
17139.0,2011-11-24,2011-02-24,12,537257.03,2011-12-10,10,16,1.2,2394.1,7374.04,17904.57,49668.37,16830944.5,0.5,0.75,1.0,1.0,34.0,15,33,72,179,374
15971.0,2011-11-22,2011-02-01,12,13078.1,2011-12-10,10,18,1.2,2394.1,7374.04,17904.57,49668.37,16830944.5,0.5,0.75,1.0,1.0,34.0,15,33,72,179,374
14944.0,2011-11-10,2011-02-16,12,98445.78,2011-12-10,10,30,1.2,2394.1,7374.04,17904.57,49668.37,16830944.5,0.5,0.75,1.0,1.0,34.0,15,33,72,179,374
14040.0,2011-10-30,2011-01-12,12,93188.36,2011-12-10,10,41,1.2,2394.1,7374.04,17904.57,49668.37,16830944.5,0.5,0.75,1.0,1.0,34.0,15,33,72,179,374
13552.0,2011-10-04,2011-01-28,12,33148.68,2011-12-10,10,67,1.2,2394.1,7374.04,17904.57,49668.37,16830944.5,0.5,0.75,1.0,1.0,34.0,15,33,72,179,374
13752.0,2011-08-07,2011-04-07,6,14377.0,2011-12-10,5,125,1.2,2394.1,7374.04,17904.57,49668.37,16830944.5,0.5,0.75,1.0,1.0,34.0,15,33,72,179,374
14711.0,2011-11-29,2011-03-22,11,68528.01,2011-12-10,9,11,1.22,2394.1,7374.04,17904.57,49668.37,16830944.5,0.5,0.75,1.0,1.0,34.0,15,33,72,179,374
17725.0,2011-11-23,2011-03-17,11,52854.23,2011-12-10,9,17,1.22,2394.1,7374.04,17904.57,49668.37,16830944.5,0.5,0.75,1.0,1.0,34.0,15,33,72,179,374
13268.0,2011-11-22,2011-03-17,11,171492.91,2011-12-10,9,18,1.22,2394.1,7374.04,17904.57,49668.37,16830944.5,0.5,0.75,1.0,1.0,34.0,15,33,72,179,374
17716.0,2011-11-17,2011-03-17,11,161302.95,2011-12-10,9,23,1.22,2394.1,7374.04,17904.57,49668.37,16830944.5,0.5,0.75,1.0,1.0,34.0,15,33,72,179,374
15129.0,2011-10-20,2011-02-21,11,28002.48,2011-12-10,9,51,1.22,2394.1,7374.04,17904.57,49668.37,16830944.5,0.5,0.75,1.0,1.0,34.0,15,33,72,179,374
16011.0,2011-12-01,2010-12-08,16,46299.53,2011-12-10,13,9,1.23,2394.1,7374.04,17904.57,49668.37,16830944.5,0.5,0.75,1.0,1.0,34.0,15,33,72,179,374
13860.0,2011-12-08,2011-09-14,5,19909.27,2011-12-10,4,2,1.25,2394.1,7374.04,17904.57,49668.37,16830944.5,0.5,0.75,1.0,1.0,34.0,15,33,72,179,374
16076.0,2011-12-06,2011-05-15,10,38074.02,2011-12-10,8,4,1.25,2394.1,7374.04,17904.57,49668.37,16830944.5,0.5,0.75,1.0,1.0,34.0,15,33,72,179,374
13323.0,2011-12-06,2011-09-16,5,3331.75,2011-12-10,4,4,1.25,2394.1,7374.04,17904.57,49668.37,16830944.5,0.5,0.75,1.0,1.0,34.0,15,33,72,179,374
13808.0,2011-12-04,2011-09-04,5,23307.3,2011-12-10,4,6,1.25,2394.1,7374.04,17904.57,49668.37,16830944.5,0.5,0.75,1.0,1.0,34.0,15,33,72,179,374
16438.0,2011-12-04,2011-09-18,5,20010.41,2011-12-10,4,6,1.25,2394.1,7374.04,17904.57,49668.37,16830944.5,0.5,0.75,1.0,1.0,34.0,15,33,72,179,374
17131.0,2011-12-04,2011-09-25,5,77893.31,2011-12-10,4,6,1.25,2394.1,7374.04,17904.57,49668.37,16830944.5,0.5,0.75,1.0,1.0,34.0,15,33,72,179,374
16813.0,2011-12-01,2011-05-19,10,79942.35,2011-12-10,8,9,1.25,2394.1,7374.04,17904.57,49668.37,16830944.5,0.5,0.75,1.0,1.0,34.0,15,33,72,179,374
12709.0,2011-11-24,2010-12-08,15,121984.84,2011-12-10,12,16,1.25,2394.1,7374.04,17904.57,49668.37,16830944.5,0.5,0.75,1.0,1.0,34.0,15,33,72,179,374
16066.0,2011-11-23,2011-08-07,5,27660.98,2011-12-10,4,17,1.25,2394.1,7374.04,17904.57,49668.37,16830944.5,0.5,0.75,1.0,1.0,34.0,15,33,72,179,374
16713.0,2011-11-21,2010-12-08,15,249789.91,2011-12-10,12,19,1.25,2394.1,7374.04,17904.57,49668.37,16830944.5,0.5,0.75,1.0,1.0,34.0,15,33,72,179,374
14116.0,2011-11-20,2011-08-10,5,17238.14,2011-12-10,4,20,1.25,2394.1,7374.04,17904.57,49668.37,16830944.5,0.5,0.75,1.0,1.0,34.0,15,33,72,179,374
12931.0,2011-11-18,2010-12-17,15,701936.32,2011-12-10,12,22,1.25,2394.1,7374.04,17904.57,49668.37,16830944.5,0.5,0.75,1.0,1.0,34.0,15,33,72,179,374
16656.0,2011-11-17,2010-12-10,15,47892.36,2011-12-10,12,23,1.25,2394.1,7374.04,17904.57,49668.37,16830944.5,0.5,0.75,1.0,1.0,34.0,15,33,72,179,374
17690.0,2011-11-09,2010-12-01,15,71876.7,2011-12-10,12,31,1.25,2394.1,7374.04,17904.57,49668.37,16830944.5,0.5,0.75,1.0,1.0,34.0,15,33,72,179,374
12431.0,2011-11-04,2010-12-01,15,95651.16,2011-12-10,12,36,1.25,2394.1,7374.04,17904.57,49668.37,16830944.5,0.5,0.75,1.0,1.0,34.0,15,33,72,179,374
15505.0,2011-10-18,2011-07-07,5,76012.56,2011-12-10,4,53,1.25,2394.1,7374.04,17904.57,49668.37,16830944.5,0.5,0.75,1.0,1.0,34.0,15,33,72,179,374
15581.0,2011-07-06,2010-12-08,10,15765.06,2011-12-10,8,157,1.25,2394.1,7374.04,17904.57,49668.37,16830944.5,0.5,0.75,1.0,1.0,34.0,15,33,72,179,374
18231.0,2011-05-31,2011-02-24,5,47489.96,2011-12-10,4,193,1.25,2394.1,7374.04,17904.57,49668.37,16830944.5,0.5,0.75,1.0,1.0,34.0,15,33,72,179,374
13715.0,2011-03-03,2010-12-02,5,34503.33,2011-12-10,4,282,1.25,2394.1,7374.04,17904.57,49668.37,16830944.5,0.5,0.75,1.0,1.0,34.0,15,33,72,179,374
17750.0,2011-12-04,2011-06-28,9,45430.55,2011-12-10,7,6,1.29,2394.1,7374.04,17904.57,49668.37,16830944.5,0.5,0.75,1.0,1.0,34.0,15,33,72,179,374
14573.0,2011-06-13,2010-12-02,9,32197.0,2011-12-10,7,180,1.29,2394.1,7374.04,17904.57,49668.37,16830944.5,0.5,0.75,1.0,1.0,34.0,15,33,72,179,374
13871.0,2011-11-17,2011-02-04,13,137339.4,2011-12-10,10,23,1.3,2394.1,7374.04,17904.57,49668.37,16830944.5,0.5,0.75,1.0,1.0,34.0,15,33,72,179,374
16210.0,2011-12-08,2010-12-01,17,138249.79,2011-12-10,13,2,1.31,2394.1,7374.04,17904.57,49668.37,16830944.5,0.5,0.75,1.0,1.0,34.0,15,33,72,179,374
14796.0,2011-12-08,2010-12-08,17,514861.14,2011-12-10,13,2,1.31,2394.1,7374.04,17904.57,49668.37,16830944.5,0.5,0.75,1.0,1.0,34.0,15,33,72,179,374
14217.0,2011-12-08,2010-12-08,17,7876.61,2011-12-10,13,2,1.31,2394.1,7374.04,17904.57,49668.37,16830944.5,0.5,0.75,1.0,1.0,34.0,15,33,72,179,374
14702.0,2011-12-08,2010-12-09,17,61299.18,2011-12-10,13,2,1.31,2394.1,7374.04,17904.57,49668.37,16830944.5,0.5,0.75,1.0,1.0,34.0,15,33,72,179,374
17238.0,2011-12-07,2010-12-03,17,129643.23,2011-12-10,13,3,1.31,2394.1,7374.04,17904.57,49668.37,16830944.5,0.5,0.75,1.0,1.0,34.0,15,33,72,179,374
17920.0,2011-12-05,2010-12-01,17,176401.95,2011-12-10,13,5,1.31,2394.1,7374.04,17904.57,49668.37,16830944.5,0.5,0.75,1.0,1.0,34.0,15,33,72,179,374
17706.0,2011-12-05,2010-12-08,17,348043.84,2011-12-10,13,5,1.31,2394.1,7374.04,17904.57,49668.37,16830944.5,0.5,0.75,1.0,1.0,34.0,15,33,72,179,374
14560.0,2011-12-02,2010-12-17,17,5642.55,2011-12-10,13,8,1.31,2394.1,7374.04,17904.57,49668.37,16830944.5,0.5,0.75,1.0,1.0,34.0,15,33,72,179,374
16688.0,2011-12-08,2011-10-10,4,27675.54,2011-12-10,3,2,1.33,2394.1,7374.04,17904.57,49668.37,16830944.5,0.5,0.75,1.0,1.0,34.0,15,33,72,179,374
13471.0,2011-12-08,2011-10-23,4,194909.0,2011-12-10,3,2,1.33,2394.1,7374.04,17904.57,49668.37,16830944.5,0.5,0.75,1.0,1.0,34.0,15,33,72,179,374
14910.0,2011-12-07,2011-10-16,4,3348.96,2011-12-10,3,3,1.33,2394.1,7374.04,17904.57,49668.37,16830944.5,0.5,0.75,1.0,1.0,34.0,15,33,72,179,374
18283.0,2011-12-06,2011-01-06,16,124396.42,2011-12-10,12,4,1.33,2394.1,7374.04,17904.57,49668.37,16830944.5,0.5,0.75,1.0,1.0,34.0,15,33,72,179,374
12723.0,2011-12-06,2011-10-05,4,14733.36,2011-12-10,3,4,1.33,2394.1,7374.04,17904.57,49668.37,16830944.5,0.5,0.75,1.0,1.0,34.0,15,33,72,179,374
14121.0,2011-12-06,2011-10-11,4,122122.84,2011-12-10,3,4,1.33,2394.1,7374.04,17904.57,49668.37,16830944.5,0.5,0.75,1.0,1.0,34.0,15,33,72,179,374
16513.0,2011-12-05,2011-10-27,4,17180.7,2011-12-10,3,5,1.33,2394.1,7374.04,17904.57,49668.37,16830944.5,0.5,0.75,1.0,1.0,34.0,15,33,72,179,374
17173.0,2011-12-04,2011-07-31,8,40411.74,2011-12-10,6,6,1.33,2394.1,7374.04,17904.57,49668.37,16830944.5,0.5,0.75,1.0,1.0,34.0,15,33,72,179,374
13558.0,2011-12-04,2011-10-02,4,24930.35,2011-12-10,3,6,1.33,2394.1,7374.04,17904.57,49668.37,16830944.5,0.5,0.75,1.0,1.0,34.0,15,33,72,179,374
13297.0,2011-12-02,2011-10-03,4,56354.44,2011-12-10,3,8,1.33,2394.1,7374.04,17904.57,49668.37,16830944.5,0.5,0.75,1.0,1.0,34.0,15,33,72,179,374
17350.0,2011-12-01,2011-10-19,4,26948.06,2011-12-10,3,9,1.33,2394.1,7374.04,17904.57,49668.37,16830944.5,0.5,0.75,1.0,1.0,34.0,15,33,72,179,374
16361.0,2011-11-30,2011-09-29,4,21770.82,2011-12-10,3,10,1.33,2394.1,7374.04,17904.57,49668.37,16830944.5,0.5,0.75,1.0,1.0,34.0,15,33,72,179,374
13147.0,2011-11-29,2011-09-01,4,712.8,2011-12-10,3,11,1.33,2394.1,7374.04,17904.57,49668.37,16830944.5,0.5,0.75,1.0,1.0,34.0,15,33,72,179,374
14824.0,2011-11-29,2011-09-09,4,10524.55,2011-12-10,3,11,1.33,2394.1,7374.04,17904.57,49668.37,16830944.5,0.5,0.75,1.0,1.0,34.0,15,33,72,179,374
13429.0,2011-11-29,2011-09-25,4,17939.43,2011-12-10,3,11,1.33,2394.1,7374.04,17904.57,49668.37,16830944.5,0.5,0.75,1.0,1.0,34.0,15,33,72,179,374
13266.0,2011-11-28,2011-03-28,12,58587.96,2011-12-10,9,12,1.33,2394.1,7374.04,17904.57,49668.37,16830944.5,0.5,0.75,1.0,1.0,34.0,15,33,72,179,374
15571.0,2011-11-28,2011-09-22,4,10116.85,2011-12-10,3,12,1.33,2394.1,7374.04,17904.57,49668.37,16830944.5,0.5,0.75,1.0,1.0,34.0,15,33,72,179,374
15555.0,2011-11-27,2010-12-05,16,282894.96,2011-12-10,12,13,1.33,2394.1,7374.04,17904.57,49668.37,16830944.5,0.5,0.75,1.0,1.0,34.0,15,33,72,179,374
13571.0,2011-11-27,2011-03-31,12,62591.13,2011-12-10,9,13,1.33,2394.1,7374.04,17904.57,49668.37,16830944.5,0.5,0.75,1.0,1.0,34.0,15,33,72,179,374
13247.0,2011-11-22,2011-09-18,4,5093.13,2011-12-10,3,18,1.33,2394.1,7374.04,17904.57,49668.37,16830944.5,0.5,0.75,1.0,1.0,34.0,15,33,72,179,374
12936.0,2011-11-22,2011-09-22,4,28685.58,2011-12-10,3,18,1.33,2394.1,7374.04,17904.57,49668.37,16830944.5,0.5,0.75,1.0,1.0,34.0,15,33,72,179,374
15738.0,2011-11-21,2010-12-02,16,54674.43,2011-12-10,12,19,1.33,2394.1,7374.04,17904.57,49668.37,16830944.5,0.5,0.75,1.0,1.0,34.0,15,33,72,179,374
12883.0,2011-11-15,2011-09-11,4,6403.6,2011-12-10,3,25,1.33,2394.1,7374.04,17904.57,49668.37,16830944.5,0.5,0.75,1.0,1.0,34.0,15,33,72,179,374
14680.0,2011-11-14,2010-12-03,16,534909.37,2011-12-10,12,26,1.33,2394.1,7374.04,17904.57,49668.37,16830944.5,0.5,0.75,1.0,1.0,34.0,15,33,72,179,374
17652.0,2011-11-14,2011-03-03,12,113489.85,2011-12-10,9,26,1.33,2394.1,7374.04,17904.57,49668.37,16830944.5,0.5,0.75,1.0,1.0,34.0,15,33,72,179,374
14543.0,2011-11-11,2010-12-10,16,9988.61,2011-12-10,12,29,1.33,2394.1,7374.04,17904.57,49668.37,16830944.5,0.5,0.75,1.0,1.0,34.0,15,33,72,179,374
14360.0,2011-11-08,2011-09-06,4,81901.78,2011-12-10,3,32,1.33,2394.1,7374.04,17904.57,49668.37,16830944.5,0.5,0.75,1.0,1.0,34.0,15,33,72,179,374
15707.0,2011-11-04,2011-09-14,4,47481.28,2011-12-10,3,36,1.33,2394.1,7374.04,17904.57,49668.37,16830944.5,0.5,0.75,1.0,1.0,34.0,15,33,72,179,374
13925.0,2011-09-08,2011-07-28,4,7163.52,2011-12-10,3,93,1.33,2394.1,7374.04,17904.57,49668.37,16830944.5,0.5,0.75,1.0,1.0,34.0,15,33,72,179,374
15704.0,2011-07-22,2011-05-08,4,73643.86,2011-12-10,3,141,1.33,2394.1,7374.04,17904.57,49668.37,16830944.5,0.5,0.75,1.0,1.0,34.0,15,33,72,179,374
14176.0,2011-02-15,2010-12-07,4,4398.9,2011-12-10,3,298,1.33,2394.1,7374.04,17904.57,49668.37,16830944.5,0.5,0.75,1.0,1.0,34.0,15,33,72,179,374
15808.0,2011-02-06,2010-12-05,4,155953.57,2011-12-10,3,307,1.33,2394.1,7374.04,17904.57,49668.37,16830944.5,0.5,0.75,1.0,1.0,34.0,15,33,72,179,374
13963.0,2011-02-04,2010-12-07,4,5734.3,2011-12-10,3,309,1.33,2394.1,7374.04,17904.57,49668.37,16830944.5,0.5,0.75,1.0,1.0,34.0,15,33,72,179,374
15107.0,2011-02-01,2010-12-02,4,432.6,2011-12-10,3,312,1.33,2394.1,7374.04,17904.57,49668.37,16830944.5,0.5,0.75,1.0,1.0,34.0,15,33,72,179,374
15046.0,2011-11-30,2011-01-05,15,76624.15,2011-12-10,11,10,1.36,2394.1,7374.04,17904.57,49668.37,16830944.5,0.5,0.75,1.0,1.0,34.0,15,33,72,179,374
14085.0,2011-12-07,2010-12-06,18,120267.48,2011-12-10,13,3,1.38,2394.1,7374.04,17904.57,49668.37,16830944.5,0.5,0.75,1.0,1.0,34.0,15,33,72,179,374
16458.0,2011-12-07,2010-12-14,18,39910.88,2011-12-10,13,3,1.38,2394.1,7374.04,17904.57,49668.37,16830944.5,0.5,0.75,1.0,1.0,34.0,15,33,72,179,374
15290.0,2011-12-05,2010-12-15,18,99486.87,2011-12-10,13,5,1.38,2394.1,7374.04,17904.57,49668.37,16830944.5,0.5,0.75,1.0,1.0,34.0,15,33,72,179,374
16746.0,2011-12-05,2010-12-16,18,163708.46,2011-12-10,13,5,1.38,2394.1,7374.04,17904.57,49668.37,16830944.5,0.5,0.75,1.0,1.0,34.0,15,33,72,179,374
13969.0,2011-12-02,2010-12-09,18,410440.4,2011-12-10,13,8,1.38,2394.1,7374.04,17904.57,49668.37,16830944.5,0.5,0.75,1.0,1.0,34.0,15,33,72,179,374
15251.0,2011-11-30,2011-04-12,11,158237.76,2011-12-10,8,10,1.38,2394.1,7374.04,17904.57,49668.37,16830944.5,0.5,0.75,1.0,1.0,34.0,15,33,72,179,374
16919.0,2011-07-06,2010-12-06,11,80455.82,2011-12-10,8,157,1.38,2394.1,7374.04,17904.57,49668.37,16830944.5,0.5,0.75,1.0,1.0,34.0,15,33,72,179,374
17451.0,2011-12-08,2011-08-26,7,34256.17,2011-12-10,5,2,1.4,2394.1,7374.04,17904.57,49668.37,16830944.5,0.5,0.75,1.0,1.0,34.0,15,33,72,179,374
15105.0,2011-11-21,2011-07-28,7,47478.37,2011-12-10,5,19,1.4,2394.1,7374.04,17904.57,49668.37,16830944.5,0.5,0.75,1.0,1.0,34.0,15,33,72,179,374
17613.0,2011-11-17,2011-02-07,14,121993.65,2011-12-10,10,23,1.4,2394.1,7374.04,17904.57,49668.37,16830944.5,0.5,0.75,1.0,1.0,34.0,15,33,72,179,374
14808.0,2011-10-31,2011-06-20,7,82966.06,2011-12-10,5,40,1.4,2394.1,7374.04,17904.57,49668.37,16830944.5,0.5,0.75,1.0,1.0,34.0,15,33,72,179,374
15827.0,2011-09-27,2010-12-02,14,14720.56,2011-12-10,10,74,1.4,2394.1,7374.04,17904.57,49668.37,16830944.5,0.5,0.75,1.0,1.0,34.0,15,33,72,179,374
16266.0,2011-09-27,2011-05-17,7,5919.44,2011-12-10,5,74,1.4,2394.1,7374.04,17904.57,49668.37,16830944.5,0.5,0.75,1.0,1.0,34.0,15,33,72,179,374
12843.0,2011-07-03,2011-03-20,7,26537.86,2011-12-10,5,160,1.4,2394.1,7374.04,17904.57,49668.37,16830944.5,0.5,0.75,1.0,1.0,34.0,15,33,72,179,374
18198.0,2011-12-05,2011-01-07,17,48976.64,2011-12-10,12,5,1.42,2394.1,7374.04,17904.57,49668.37,16830944.5,0.5,0.75,1.0,1.0,34.0,15,33,72,179,374
15144.0,2011-12-01,2011-01-31,17,102198.04,2011-12-10,12,9,1.42,2394.1,7374.04,17904.57,49668.37,16830944.5,0.5,0.75,1.0,1.0,34.0,15,33,72,179,374
13050.0,2011-11-25,2010-12-08,17,140394.22,2011-12-10,12,15,1.42,2394.1,7374.04,17904.57,49668.37,16830944.5,0.5,0.75,1.0,1.0,34.0,15,33,72,179,374
15044.0,2011-11-20,2010-12-12,17,218625.48,2011-12-10,12,20,1.42,2394.1,7374.04,17904.57,49668.37,16830944.5,0.5,0.75,1.0,1.0,34.0,15,33,72,179,374
12540.0,2011-11-20,2010-12-13,17,270977.05,2011-12-10,12,20,1.42,2394.1,7374.04,17904.57,49668.37,16830944.5,0.5,0.75,1.0,1.0,34.0,15,33,72,179,374
15805.0,2011-11-16,2010-12-10,17,182503.88,2011-12-10,12,24,1.42,2394.1,7374.04,17904.57,49668.37,16830944.5,0.5,0.75,1.0,1.0,34.0,15,33,72,179,374
14057.0,2011-11-16,2010-12-14,17,130507.42,2011-12-10,12,24,1.42,2394.1,7374.04,17904.57,49668.37,16830944.5,0.5,0.75,1.0,1.0,34.0,15,33,72,179,374
16794.0,2011-12-08,2011-06-12,10,47002.02,2011-12-10,7,2,1.43,2394.1,7374.04,17904.57,49668.37,16830944.5,0.5,0.75,1.0,1.0,34.0,15,33,72,179,374
13631.0,2011-09-01,2011-03-17,10,2220.42,2011-12-10,7,100,1.43,2394.1,7374.04,17904.57,49668.37,16830944.5,0.5,0.75,1.0,1.0,34.0,15,33,72,179,374
14607.0,2011-11-24,2011-03-23,13,125243.54,2011-12-10,9,16,1.44,2394.1,7374.04,17904.57,49668.37,16830944.5,0.5,0.75,1.0,1.0,34.0,15,33,72,179,374
15249.0,2011-11-08,2011-03-28,13,202733.12,2011-12-10,9,32,1.44,2394.1,7374.04,17904.57,49668.37,16830944.5,0.5,0.75,1.0,1.0,34.0,15,33,72,179,374
16592.0,2011-12-05,2011-02-25,16,103369.79,2011-12-10,11,5,1.45,2394.1,7374.04,17904.57,49668.37,16830944.5,0.5,0.75,1.0,1.0,34.0,15,33,72,179,374
16161.0,2011-12-08,2010-12-06,19,119303.13,2011-12-10,13,2,1.46,2394.1,7374.04,17904.57,49668.37,16830944.5,0.5,0.75,1.0,1.0,34.0,15,33,72,179,374
17735.0,2011-12-07,2010-12-07,19,480840.46,2011-12-10,13,3,1.46,2394.1,7374.04,17904.57,49668.37,16830944.5,0.5,0.75,1.0,1.0,34.0,15,33,72,179,374
13267.0,2011-12-07,2010-12-08,19,52003.68,2011-12-10,13,3,1.46,2394.1,7374.04,17904.57,49668.37,16830944.5,0.5,0.75,1.0,1.0,34.0,15,33,72,179,374
14060.0,2011-12-05,2010-12-02,19,73498.24,2011-12-10,13,5,1.46,2394.1,7374.04,17904.57,49668.37,16830944.5,0.5,0.75,1.0,1.0,34.0,15,33,72,179,374
14031.0,2011-12-02,2010-12-02,19,188583.1,2011-12-10,13,8,1.46,2394.1,7374.04,17904.57,49668.37,16830944.5,0.5,0.75,1.0,1.0,34.0,15,33,72,179,374
17576.0,2011-12-01,2010-12-09,19,71206.12,2011-12-10,13,9,1.46,2394.1,7374.04,17904.57,49668.37,16830944.5,0.5,0.75,1.0,1.0,34.0,15,33,72,179,374
12437.0,2011-12-08,2011-01-12,18,47349.64,2011-12-10,12,2,1.5,2394.1,7374.04,17904.57,49668.37,16830944.5,0.5,0.75,1.0,1.0,34.0,15,33,72,179,374
13924.0,2011-12-08,2011-09-28,6,41748.74,2011-12-10,4,2,1.5,2394.1,7374.04,17904.57,49668.37,16830944.5,0.5,0.75,1.0,1.0,34.0,15,33,72,179,374
13318.0,2011-12-08,2011-11-02,3,4000.8,2011-12-10,2,2,1.5,2394.1,7374.04,17904.57,49668.37,16830944.5,0.5,0.75,1.0,1.0,34.0,15,33,72,179,374
15156.0,2011-12-08,2011-11-06,3,14672.67,2011-12-10,2,2,1.5,2394.1,7374.04,17904.57,49668.37,16830944.5,0.5,0.75,1.0,1.0,34.0,15,33,72,179,374
13521.0,2011-12-08,2011-11-29,3,151049.79,2011-12-10,2,2,1.5,2394.1,7374.04,17904.57,49668.37,16830944.5,0.5,0.75,1.0,1.0,34.0,15,33,72,179,374
14534.0,2011-12-07,2011-01-25,18,123415.4,2011-12-10,12,3,1.5,2394.1,7374.04,17904.57,49668.37,16830944.5,0.5,0.75,1.0,1.0,34.0,15,33,72,179,374
13949.0,2011-12-07,2011-09-06,6,69936.58,2011-12-10,4,3,1.5,2394.1,7374.04,17904.57,49668.37,16830944.5,0.5,0.75,1.0,1.0,34.0,15,33,72,179,374
12950.0,2011-12-07,2011-11-15,3,17678.0,2011-12-10,2,3,1.5,2394.1,7374.04,17904.57,49668.37,16830944.5,0.5,0.75,1.0,1.0,34.0,15,33,72,179,374
17835.0,2011-12-07,2011-11-16,3,7168.8,2011-12-10,2,3,1.5,2394.1,7374.04,17904.57,49668.37,16830944.5,0.5,0.75,1.0,1.0,34.0,15,33,72,179,374
13985.0,2011-12-05,2011-03-20,15,188566.24,2011-12-10,10,5,1.5,2394.1,7374.04,17904.57,49668.37,16830944.5,0.5,0.75,1.0,1.0,34.0,15,33,72,179,374
16360.0,2011-12-05,2011-09-12,6,404285.23,2011-12-10,4,5,1.5,2394.1,7374.04,17904.57,49668.37,16830944.5,0.5,0.75,1.0,1.0,34.0,15,33,72,179,374
14456.0,2011-12-04,2011-07-20,9,419253.79,2011-12-10,6,6,1.5,2394.1,7374.04,17904.57,49668.37,16830944.5,0.5,0.75,1.0,1.0,34.0,15,33,72,179,374
16759.0,2011-12-02,2011-11-09,3,11041.16,2011-12-10,2,8,1.5,2394.1,7374.04,17904.57,49668.37,16830944.5,0.5,0.75,1.0,1.0,34.0,15,33,72,179,374
14126.0,2011-12-02,2011-11-29,3,3257.06,2011-12-10,2,8,1.5,2394.1,7374.04,17904.57,49668.37,16830944.5,0.5,0.75,1.0,1.0,34.0,15,33,72,179,374
15113.0,2011-11-30,2011-10-16,3,192853.78,2011-12-10,2,10,1.5,2394.1,7374.04,17904.57,49668.37,16830944.5,0.5,0.75,1.0,1.0,34.0,15,33,72,179,374
13576.0,2011-11-29,2010-12-01,18,45715.58,2011-12-10,12,11,1.5,2394.1,7374.04,17904.57,49668.37,16830944.5,0.5,0.75,1.0,1.0,34.0,15,33,72,179,374
15089.0,2011-11-29,2011-08-03,6,78549.8,2011-12-10,4,11,1.5,2394.1,7374.04,17904.57,49668.37,16830944.5,0.5,0.75,1.0,1.0,34.0,15,33,72,179,374
15297.0,2011-11-29,2011-10-07,3,8244.84,2011-12-10,2,11,1.5,2394.1,7374.04,17904.57,49668.37,16830944.5,0.5,0.75,1.0,1.0,34.0,15,33,72,179,374
13418.0,2011-11-28,2010-12-02,18,119822.6,2011-12-10,12,12,1.5,2394.1,7374.04,17904.57,49668.37,16830944.5,0.5,0.75,1.0,1.0,34.0,15,33,72,179,374
13004.0,2011-11-28,2010-12-17,18,135992.47,2011-12-10,12,12,1.5,2394.1,7374.04,17904.57,49668.37,16830944.5,0.5,0.75,1.0,1.0,34.0,15,33,72,179,374
18096.0,2011-11-28,2011-10-07,3,63988.13,2011-12-10,2,12,1.5,2394.1,7374.04,17904.57,49668.37,16830944.5,0.5,0.75,1.0,1.0,34.0,15,33,72,179,374
15022.0,2011-11-28,2011-10-23,3,36995.41,2011-12-10,2,12,1.5,2394.1,7374.04,17904.57,49668.37,16830944.5,0.5,0.75,1.0,1.0,34.0,15,33,72,179,374
18130.0,2011-11-24,2011-10-13,3,23023.22,2011-12-10,2,16,1.5,2394.1,7374.04,17904.57,49668.37,16830944.5,0.5,0.75,1.0,1.0,34.0,15,33,72,179,374
16020.0,2011-11-23,2011-10-05,3,17738.28,2011-12-10,2,17,1.5,2394.1,7374.04,17904.57,49668.37,16830944.5,0.5,0.75,1.0,1.0,34.0,15,33,72,179,374
16900.0,2011-11-23,2011-10-07,3,49970.18,2011-12-10,2,17,1.5,2394.1,7374.04,17904.57,49668.37,16830944.5,0.5,0.75,1.0,1.0,34.0,15,33,72,179,374
16079.0,2011-11-23,2011-10-30,3,8388.78,2011-12-10,2,17,1.5,2394.1,7374.04,17904.57,49668.37,16830944.5,0.5,0.75,1.0,1.0,34.0,15,33,72,179,374
16164.0,2011-11-22,2011-10-28,3,8627.54,2011-12-10,2,18,1.5,2394.1,7374.04,17904.57,49668.37,16830944.5,0.5,0.75,1.0,1.0,34.0,15,33,72,179,374
15465.0,2011-11-20,2010-12-05,18,16176.49,2011-12-10,12,20,1.5,2394.1,7374.04,17904.57,49668.37,16830944.5,0.5,0.75,1.0,1.0,34.0,15,33,72,179,374
16533.0,2011-11-20,2011-10-02,3,66407.76,2011-12-10,2,20,1.5,2394.1,7374.04,17904.57,49668.37,16830944.5,0.5,0.75,1.0,1.0,34.0,15,33,72,179,374
13212.0,2011-11-20,2011-10-09,3,35703.96,2011-12-10,2,20,1.5,2394.1,7374.04,17904.57,49668.37,16830944.5,0.5,0.75,1.0,1.0,34.0,15,33,72,179,374
12498.0,2011-11-18,2011-10-13,3,3351.9,2011-12-10,2,22,1.5,2394.1,7374.04,17904.57,49668.37,16830944.5,0.5,0.75,1.0,1.0,34.0,15,33,72,179,374
18059.0,2011-11-16,2011-10-03,3,1847.94,2011-12-10,2,24,1.5,2394.1,7374.04,17904.57,49668.37,16830944.5,0.5,0.75,1.0,1.0,34.0,15,33,72,179,374
16478.0,2011-11-14,2011-10-05,3,2740.4,2011-12-10,2,26,1.5,2394.1,7374.04,17904.57,49668.37,16830944.5,0.5,0.75,1.0,1.0,34.0,15,33,72,179,374
16930.0,2011-11-13,2011-10-02,3,7901.83,2011-12-10,2,27,1.5,2394.1,7374.04,17904.57,49668.37,16830944.5,0.5,0.75,1.0,1.0,34.0,15,33,72,179,374
15787.0,2011-11-13,2011-10-09,3,59136.23,2011-12-10,2,27,1.5,2394.1,7374.04,17904.57,49668.37,16830944.5,0.5,0.75,1.0,1.0,34.0,15,33,72,179,374
16416.0,2011-11-13,2011-10-14,3,19684.4,2011-12-10,2,27,1.5,2394.1,7374.04,17904.57,49668.37,16830944.5,0.5,0.75,1.0,1.0,34.0,15,33,72,179,374
17295.0,2011-11-11,2011-10-06,3,10449.52,2011-12-10,2,29,1.5,2394.1,7374.04,17904.57,49668.37,16830944.5,0.5,0.75,1.0,1.0,34.0,15,33,72,179,374
16187.0,2011-11-08,2011-02-28,15,169065.69,2011-12-10,10,32,1.5,2394.1,7374.04,17904.57,49668.37,16830944.5,0.5,0.75,1.0,1.0,34.0,15,33,72,179,374
15427.0,2011-11-06,2011-10-23,3,143233.21,2011-12-10,2,34,1.5,2394.1,7374.04,17904.57,49668.37,16830944.5,0.5,0.75,1.0,1.0,34.0,15,33,72,179,374
14592.0,2011-11-04,2011-10-06,3,31542.22,2011-12-10,2,36,1.5,2394.1,7374.04,17904.57,49668.37,16830944.5,0.5,0.75,1.0,1.0,34.0,15,33,72,179,374
14971.0,2011-11-04,2011-10-27,3,68610.51,2011-12-10,2,36,1.5,2394.1,7374.04,17904.57,49668.37,16830944.5,0.5,0.75,1.0,1.0,34.0,15,33,72,179,374
18035.0,2011-11-04,2011-10-27,3,11416.54,2011-12-10,2,36,1.5,2394.1,7374.04,17904.57,49668.37,16830944.5,0.5,0.75,1.0,1.0,34.0,15,33,72,179,374
14856.0,2011-11-03,2011-10-14,3,38691.74,2011-12-10,2,37,1.5,2394.1,7374.04,17904.57,49668.37,16830944.5,0.5,0.75,1.0,1.0,34.0,15,33,72,179,374
16049.0,2011-10-30,2011-09-25,3,130679.21,2011-12-10,2,41,1.5,2394.1,7374.04,17904.57,49668.37,16830944.5,0.5,0.75,1.0,1.0,34.0,15,33,72,179,374
12879.0,2011-10-26,2011-09-09,3,1860.16,2011-12-10,2,45,1.5,2394.1,7374.04,17904.57,49668.37,16830944.5,0.5,0.75,1.0,1.0,34.0,15,33,72,179,374
15215.0,2011-10-24,2011-09-04,3,7551.68,2011-12-10,2,47,1.5,2394.1,7374.04,17904.57,49668.37,16830944.5,0.5,0.75,1.0,1.0,34.0,15,33,72,179,374
17317.0,2011-10-24,2011-09-11,3,14767.98,2011-12-10,2,47,1.5,2394.1,7374.04,17904.57,49668.37,16830944.5,0.5,0.75,1.0,1.0,34.0,15,33,72,179,374
15807.0,2011-10-20,2011-09-23,3,25015.3,2011-12-10,2,51,1.5,2394.1,7374.04,17904.57,49668.37,16830944.5,0.5,0.75,1.0,1.0,34.0,15,33,72,179,374
13016.0,2011-09-27,2011-08-08,3,14887.9,2011-12-10,2,74,1.5,2394.1,7374.04,17904.57,49668.37,16830944.5,0.5,0.75,1.0,1.0,34.0,15,33,72,179,374
13217.0,2011-08-09,2011-07-06,3,930.94,2011-12-10,2,123,1.5,2394.1,7374.04,17904.57,49668.37,16830944.5,0.5,0.75,1.0,1.0,34.0,15,33,72,179,374
16174.0,2011-08-05,2011-07-11,3,4738.2,2011-12-10,2,127,1.5,2394.1,7374.04,17904.57,49668.37,16830944.5,0.5,0.75,1.0,1.0,34.0,15,33,72,179,374
17723.0,2011-08-04,2011-05-09,6,4933.9,2011-12-10,4,128,1.5,2394.1,7374.04,17904.57,49668.37,16830944.5,0.5,0.75,1.0,1.0,34.0,15,33,72,179,374
15334.0,2011-07-06,2011-06-19,3,11264.13,2011-12-10,2,157,1.5,2394.1,7374.04,17904.57,49668.37,16830944.5,0.5,0.75,1.0,1.0,34.0,15,33,72,179,374
13856.0,2011-06-24,2011-05-20,3,1712.6,2011-12-10,2,169,1.5,2394.1,7374.04,17904.57,49668.37,16830944.5,0.5,0.75,1.0,1.0,34.0,15,33,72,179,374
14823.0,2011-06-12,2011-05-29,3,5427.76,2011-12-10,2,181,1.5,2394.1,7374.04,17904.57,49668.37,16830944.5,0.5,0.75,1.0,1.0,34.0,15,33,72,179,374
17874.0,2011-06-07,2011-03-29,6,9735.26,2011-12-10,4,186,1.5,2394.1,7374.04,17904.57,49668.37,16830944.5,0.5,0.75,1.0,1.0,34.0,15,33,72,179,374
17550.0,2011-05-26,2011-04-10,3,4353.91,2011-12-10,2,198,1.5,2394.1,7374.04,17904.57,49668.37,16830944.5,0.5,0.75,1.0,1.0,34.0,15,33,72,179,374
16226.0,2011-05-20,2011-04-18,3,844.68,2011-12-10,2,204,1.5,2394.1,7374.04,17904.57,49668.37,16830944.5,0.5,0.75,1.0,1.0,34.0,15,33,72,179,374
15589.0,2011-03-29,2011-02-02,3,5040.24,2011-12-10,2,256,1.5,2394.1,7374.04,17904.57,49668.37,16830944.5,0.5,0.75,1.0,1.0,34.0,15,33,72,179,374
16997.0,2011-02-24,2011-01-18,3,2808.0,2011-12-10,2,289,1.5,2394.1,7374.04,17904.57,49668.37,16830944.5,0.5,0.75,1.0,1.0,34.0,15,33,72,179,374
13819.0,2011-02-11,2011-01-24,3,13071.2,2011-12-10,2,302,1.5,2394.1,7374.04,17904.57,49668.37,16830944.5,0.5,0.75,1.0,1.0,34.0,15,33,72,179,374
14045.0,2011-01-06,2010-12-01,3,1322.55,2011-12-10,2,338,1.5,2394.1,7374.04,17904.57,49668.37,16830944.5,0.5,0.75,1.0,1.0,34.0,15,33,72,179,374
16558.0,2011-12-09,2010-12-08,20,203360.83,2011-12-10,13,1,1.54,2394.1,7374.04,17904.57,49668.37,16830944.5,0.5,0.75,1.0,1.0,34.0,15,33,72,179,374
16705.0,2011-12-09,2010-12-16,20,319990.38,2011-12-10,13,1,1.54,2394.1,7374.04,17904.57,49668.37,16830944.5,0.5,0.75,1.0,1.0,34.0,15,33,72,179,374
12621.0,2011-12-08,2010-12-09,20,282652.68,2011-12-10,13,2,1.54,2394.1,7374.04,17904.57,49668.37,16830944.5,0.5,0.75,1.0,1.0,34.0,15,33,72,179,374
17017.0,2011-12-07,2010-12-02,20,146786.5,2011-12-10,13,3,1.54,2394.1,7374.04,17904.57,49668.37,16830944.5,0.5,0.75,1.0,1.0,34.0,15,33,72,179,374
16033.0,2011-12-04,2010-12-05,20,574401.93,2011-12-10,13,6,1.54,2394.1,7374.04,17904.57,49668.37,16830944.5,0.5,0.75,1.0,1.0,34.0,15,33,72,179,374
15939.0,2011-09-11,2011-01-12,14,48791.21,2011-12-10,9,90,1.56,2394.1,7374.04,17904.57,49668.37,16830944.5,0.5,0.75,1.0,1.0,34.0,15,33,72,179,374
14132.0,2011-12-07,2011-06-09,11,63745.75,2011-12-10,7,3,1.57,2394.1,7374.04,17904.57,49668.37,16830944.5,0.5,0.75,1.0,1.0,34.0,15,33,72,179,374
16818.0,2011-11-29,2011-05-18,11,77762.75,2011-12-10,7,11,1.57,2394.1,7374.04,17904.57,49668.37,16830944.5,0.5,0.75,1.0,1.0,34.0,15,33,72,179,374
17306.0,2011-11-29,2010-12-21,19,35081.79,2011-12-10,12,11,1.58,2394.1,7374.04,17904.57,49668.37,16830944.5,0.5,0.75,1.0,1.0,34.0,15,33,72,179,374
15838.0,2011-11-28,2010-12-07,19,607676.0,2011-12-10,12,12,1.58,2394.1,7374.04,17904.57,49668.37,16830944.5,0.5,0.75,1.0,1.0,34.0,15,33,72,179,374
16923.0,2011-11-27,2010-12-12,19,267949.56,2011-12-10,12,13,1.58,2394.1,7374.04,17904.57,49668.37,16830944.5,0.5,0.75,1.0,1.0,34.0,15,33,72,179,374
16945.0,2011-11-18,2010-12-16,19,67308.81,2011-12-10,12,22,1.58,2394.1,7374.04,17904.57,49668.37,16830944.5,0.5,0.75,1.0,1.0,34.0,15,33,72,179,374
17865.0,2011-11-09,2010-12-10,19,201822.96,2011-12-10,12,31,1.58,2394.1,7374.04,17904.57,49668.37,16830944.5,0.5,0.75,1.0,1.0,34.0,15,33,72,179,374
15513.0,2011-11-06,2010-12-01,19,304635.46,2011-12-10,12,34,1.58,2394.1,7374.04,17904.57,49668.37,16830944.5,0.5,0.75,1.0,1.0,34.0,15,33,72,179,374
16626.0,2011-12-09,2011-03-18,16,54094.67,2011-12-10,10,1,1.6,2394.1,7374.04,17904.57,49668.37,16830944.5,0.5,0.75,1.0,1.0,34.0,15,33,72,179,374
14367.0,2011-12-01,2011-03-08,16,349028.75,2011-12-10,10,9,1.6,2394.1,7374.04,17904.57,49668.37,16830944.5,0.5,0.75,1.0,1.0,34.0,15,33,72,179,374
16843.0,2011-10-28,2011-01-16,16,405712.27,2011-12-10,10,43,1.6,2394.1,7374.04,17904.57,49668.37,16830944.5,0.5,0.75,1.0,1.0,34.0,15,33,72,179,374
17837.0,2011-10-28,2011-06-29,8,29271.33,2011-12-10,5,43,1.6,2394.1,7374.04,17904.57,49668.37,16830944.5,0.5,0.75,1.0,1.0,34.0,15,33,72,179,374
16180.0,2011-08-31,2011-04-01,8,219246.09,2011-12-10,5,101,1.6,2394.1,7374.04,17904.57,49668.37,16830944.5,0.5,0.75,1.0,1.0,34.0,15,33,72,179,374
13599.0,2011-12-08,2010-12-08,21,80515.36,2011-12-10,13,2,1.62,2394.1,7374.04,17904.57,49668.37,16830944.5,0.5,0.75,1.0,1.0,34.0,15,33,72,179,374
13668.0,2011-12-07,2010-12-12,21,140430.9,2011-12-10,13,3,1.62,2394.1,7374.04,17904.57,49668.37,16830944.5,0.5,0.75,1.0,1.0,34.0,15,33,72,179,374
16931.0,2011-12-04,2010-12-05,21,201877.97,2011-12-10,13,6,1.62,2394.1,7374.04,17904.57,49668.37,16830944.5,0.5,0.75,1.0,1.0,34.0,15,33,72,179,374
14688.0,2011-12-02,2010-12-01,21,100118.91,2011-12-10,13,8,1.62,2394.1,7374.04,17904.57,49668.37,16830944.5,0.5,0.75,1.0,1.0,34.0,15,33,72,179,374
15804.0,2011-12-09,2011-05-25,13,84688.81,2011-12-10,8,1,1.63,2394.1,7374.04,17904.57,49668.37,16830944.5,0.5,0.75,1.0,1.0,34.0,15,33,72,179,374
14191.0,2011-12-08,2011-05-03,13,103115.15,2011-12-10,8,2,1.63,2394.1,7374.04,17904.57,49668.37,16830944.5,0.5,0.75,1.0,1.0,34.0,15,33,72,179,374
15187.0,2011-12-08,2011-05-11,13,25453.0,2011-12-10,8,2,1.63,2394.1,7374.04,17904.57,49668.37,16830944.5,0.5,0.75,1.0,1.0,34.0,15,33,72,179,374
14562.0,2011-12-06,2011-02-08,18,106277.24,2011-12-10,11,4,1.64,2394.1,7374.04,17904.57,49668.37,16830944.5,0.5,0.75,1.0,1.0,34.0,15,33,72,179,374
12474.0,2011-11-22,2011-01-14,18,195052.64,2011-12-10,11,18,1.64,2394.1,7374.04,17904.57,49668.37,16830944.5,0.5,0.75,1.0,1.0,34.0,15,33,72,179,374
16523.0,2011-12-08,2011-01-28,20,149954.42,2011-12-10,12,2,1.67,2394.1,7374.04,17904.57,49668.37,16830944.5,0.5,0.75,1.0,1.0,34.0,15,33,72,179,374
14251.0,2011-12-08,2011-10-13,5,62668.86,2011-12-10,3,2,1.67,2394.1,7374.04,17904.57,49668.37,16830944.5,0.5,0.75,1.0,1.0,34.0,15,33,72,179,374
14698.0,2011-12-08,2011-10-19,5,54066.95,2011-12-10,3,2,1.67,2394.1,7374.04,17904.57,49668.37,16830944.5,0.5,0.75,1.0,1.0,34.0,15,33,72,179,374
13882.0,2011-12-07,2011-10-06,5,16707.84,2011-12-10,3,3,1.67,2394.1,7374.04,17904.57,49668.37,16830944.5,0.5,0.75,1.0,1.0,34.0,15,33,72,179,374
12912.0,2011-12-07,2011-10-30,5,10029.3,2011-12-10,3,3,1.67,2394.1,7374.04,17904.57,49668.37,16830944.5,0.5,0.75,1.0,1.0,34.0,15,33,72,179,374
14102.0,2011-12-04,2011-10-26,5,25119.47,2011-12-10,3,6,1.67,2394.1,7374.04,17904.57,49668.37,16830944.5,0.5,0.75,1.0,1.0,34.0,15,33,72,179,374
18229.0,2011-11-28,2010-12-01,20,39609.0,2011-12-10,12,12,1.67,2394.1,7374.04,17904.57,49668.37,16830944.5,0.5,0.75,1.0,1.0,34.0,15,33,72,179,374
17651.0,2011-11-28,2011-06-15,10,120183.09,2011-12-10,6,12,1.67,2394.1,7374.04,17904.57,49668.37,16830944.5,0.5,0.75,1.0,1.0,34.0,15,33,72,179,374
15511.0,2011-11-28,2011-09-15,5,21370.32,2011-12-10,3,12,1.67,2394.1,7374.04,17904.57,49668.37,16830944.5,0.5,0.75,1.0,1.0,34.0,15,33,72,179,374
12906.0,2011-11-28,2011-09-22,5,56559.7,2011-12-10,3,12,1.67,2394.1,7374.04,17904.57,49668.37,16830944.5,0.5,0.75,1.0,1.0,34.0,15,33,72,179,374
17813.0,2011-11-25,2011-09-29,5,213369.91,2011-12-10,3,15,1.67,2394.1,7374.04,17904.57,49668.37,16830944.5,0.5,0.75,1.0,1.0,34.0,15,33,72,179,374
17377.0,2011-11-16,2010-12-01,20,83322.23,2011-12-10,12,24,1.67,2394.1,7374.04,17904.57,49668.37,16830944.5,0.5,0.75,1.0,1.0,34.0,15,33,72,179,374
15125.0,2011-11-14,2011-03-14,15,193146.84,2011-12-10,9,26,1.67,2394.1,7374.04,17904.57,49668.37,16830944.5,0.5,0.75,1.0,1.0,34.0,15,33,72,179,374
13695.0,2011-11-08,2011-03-25,15,19613.86,2011-12-10,9,32,1.67,2394.1,7374.04,17904.57,49668.37,16830944.5,0.5,0.75,1.0,1.0,34.0,15,33,72,179,374
16362.0,2011-11-07,2011-09-09,5,17354.25,2011-12-10,3,33,1.67,2394.1,7374.04,17904.57,49668.37,16830944.5,0.5,0.75,1.0,1.0,34.0,15,33,72,179,374
17719.0,2011-11-02,2011-03-29,15,69454.37,2011-12-10,9,38,1.67,2394.1,7374.04,17904.57,49668.37,16830944.5,0.5,0.75,1.0,1.0,34.0,15,33,72,179,374
17770.0,2011-05-25,2011-03-02,5,6723.92,2011-12-10,3,199,1.67,2394.1,7374.04,17904.57,49668.37,16830944.5,0.5,0.75,1.0,1.0,34.0,15,33,72,179,374
17912.0,2011-02-02,2010-12-10,5,2285.58,2011-12-10,3,311,1.67,2394.1,7374.04,17904.57,49668.37,16830944.5,0.5,0.75,1.0,1.0,34.0,15,33,72,179,374
16779.0,2011-12-07,2010-12-08,22,162058.52,2011-12-10,13,3,1.69,2394.1,7374.04,17904.57,49668.37,16830944.5,0.5,0.75,1.0,1.0,34.0,15,33,72,179,374
15358.0,2011-12-05,2010-12-09,22,264767.04,2011-12-10,13,5,1.69,2394.1,7374.04,17904.57,49668.37,16830944.5,0.5,0.75,1.0,1.0,34.0,15,33,72,179,374
16928.0,2011-09-20,2010-12-01,17,38856.68,2011-12-10,10,81,1.7,2394.1,7374.04,17904.57,49668.37,16830944.5,0.5,0.75,1.0,1.0,34.0,15,33,72,179,374
16553.0,2011-06-29,2010-12-14,12,47099.12,2011-12-10,7,164,1.71,2394.1,7374.04,17904.57,49668.37,16830944.5,0.5,0.75,1.0,1.0,34.0,15,33,72,179,374
14895.0,2011-12-02,2011-02-22,19,434520.3,2011-12-10,11,8,1.73,2394.1,7374.04,17904.57,49668.37,16830944.5,0.5,0.75,1.0,1.0,34.0,15,33,72,179,374
13536.0,2011-12-08,2011-09-25,7,86009.18,2011-12-10,4,2,1.75,2394.1,7374.04,17904.57,49668.37,16830944.5,0.5,0.75,1.0,1.0,34.0,15,33,72,179,374
17434.0,2011-12-07,2011-09-15,7,38056.89,2011-12-10,4,3,1.75,2394.1,7374.04,17904.57,49668.37,16830944.5,0.5,0.75,1.0,1.0,34.0,15,33,72,179,374
18041.0,2011-11-28,2010-12-02,21,97709.16,2011-12-10,12,12,1.75,2394.1,7374.04,17904.57,49668.37,16830944.5,0.5,0.75,1.0,1.0,34.0,15,33,72,179,374
17068.0,2011-11-27,2010-12-06,21,72156.27,2011-12-10,12,13,1.75,2394.1,7374.04,17904.57,49668.37,16830944.5,0.5,0.75,1.0,1.0,34.0,15,33,72,179,374
16814.0,2011-11-25,2010-12-05,21,95497.1,2011-12-10,12,15,1.75,2394.1,7374.04,17904.57,49668.37,16830944.5,0.5,0.75,1.0,1.0,34.0,15,33,72,179,374
14051.0,2011-12-09,2010-12-08,23,131211.4,2011-12-10,13,1,1.77,2394.1,7374.04,17904.57,49668.37,16830944.5,0.5,0.75,1.0,1.0,34.0,15,33,72,179,374
16353.0,2011-12-06,2010-12-05,23,40192.51,2011-12-10,13,4,1.77,2394.1,7374.04,17904.57,49668.37,16830944.5,0.5,0.75,1.0,1.0,34.0,15,33,72,179,374
17857.0,2011-12-05,2010-12-09,23,92735.22,2011-12-10,13,5,1.77,2394.1,7374.04,17904.57,49668.37,16830944.5,0.5,0.75,1.0,1.0,34.0,15,33,72,179,374
17504.0,2011-05-17,2011-01-21,9,55322.14,2011-12-10,5,207,1.8,2394.1,7374.04,17904.57,49668.37,16830944.5,0.5,0.75,1.0,1.0,34.0,15,33,72,179,374
13881.0,2011-12-06,2011-02-01,20,170958.84,2011-12-10,11,4,1.82,2394.1,7374.04,17904.57,49668.37,16830944.5,0.5,0.75,1.0,1.0,34.0,15,33,72,179,374
12415.0,2011-11-15,2011-01-06,20,9119035.62,2011-12-10,11,25,1.82,2394.1,7374.04,17904.57,49668.37,16830944.5,0.5,0.75,1.0,1.0,34.0,15,33,72,179,374
12681.0,2011-11-25,2010-12-07,22,359464.2,2011-12-10,12,15,1.83,2394.1,7374.04,17904.57,49668.37,16830944.5,0.5,0.75,1.0,1.0,34.0,15,33,72,179,374
17061.0,2011-09-27,2011-04-21,11,46780.85,2011-12-10,6,74,1.83,2394.1,7374.04,17904.57,49668.37,16830944.5,0.5,0.75,1.0,1.0,34.0,15,33,72,179,374
17581.0,2011-12-09,2010-12-02,24,316718.08,2011-12-10,13,1,1.85,2394.1,7374.04,17904.57,49668.37,16830944.5,0.5,0.75,1.0,1.0,34.0,15,33,72,179,374
13069.0,2011-12-09,2010-12-05,24,106503.85,2011-12-10,13,1,1.85,2394.1,7374.04,17904.57,49668.37,16830944.5,0.5,0.75,1.0,1.0,34.0,15,33,72,179,374
13113.0,2011-12-09,2010-12-08,24,58552.06,2011-12-10,13,1,1.85,2394.1,7374.04,17904.57,49668.37,16830944.5,0.5,0.75,1.0,1.0,34.0,15,33,72,179,374
13102.0,2011-12-08,2010-12-09,24,79681.67,2011-12-10,13,2,1.85,2394.1,7374.04,17904.57,49668.37,16830944.5,0.5,0.75,1.0,1.0,34.0,15,33,72,179,374
18172.0,2011-11-25,2011-02-23,19,98893.3,2011-12-10,10,15,1.9,2394.1,7374.04,17904.57,49668.37,16830944.5,0.5,0.75,1.0,1.0,34.0,15,33,72,179,374
14194.0,2011-12-05,2011-02-04,21,330867.36,2011-12-10,11,5,1.91,2394.1,7374.04,17904.57,49668.37,16830944.5,0.5,0.75,1.0,1.0,34.0,15,33,72,179,374
12720.0,2011-12-07,2010-12-05,25,85876.36,2011-12-10,13,3,1.92,2394.1,7374.04,17904.57,49668.37,16830944.5,0.5,0.75,1.0,1.0,34.0,15,33,72,179,374
13534.0,2011-12-07,2010-12-16,25,84226.26,2011-12-10,13,3,1.92,2394.1,7374.04,17904.57,49668.37,16830944.5,0.5,0.75,1.0,1.0,34.0,15,33,72,179,374
12841.0,2011-12-05,2010-12-03,25,66877.34,2011-12-10,13,5,1.92,2394.1,7374.04,17904.57,49668.37,16830944.5,0.5,0.75,1.0,1.0,34.0,15,33,72,179,374
13854.0,2011-12-01,2010-12-09,25,19226.16,2011-12-10,13,9,1.92,2394.1,7374.04,17904.57,49668.37,16830944.5,0.5,0.75,1.0,1.0,34.0,15,33,72,179,374
15615.0,2011-11-29,2010-12-15,23,242128.46,2011-12-10,12,11,1.92,2394.1,7374.04,17904.57,49668.37,16830944.5,0.5,0.75,1.0,1.0,34.0,15,33,72,179,374
17243.0,2011-12-08,2010-12-05,26,114422.3,2011-12-10,13,2,2.0,2394.1,7374.04,17904.57,49668.37,16830944.5,0.5,0.75,1.0,1.0,34.0,15,33,72,179,374
18109.0,2011-12-08,2010-12-05,26,83905.09,2011-12-10,13,2,2.0,2394.1,7374.04,17904.57,49668.37,16830944.5,0.5,0.75,1.0,1.0,34.0,15,33,72,179,374
17528.0,2011-12-08,2011-09-29,8,103900.97,2011-12-10,4,2,2.0,2394.1,7374.04,17904.57,49668.37,16830944.5,0.5,0.75,1.0,1.0,34.0,15,33,72,179,374
16525.0,2011-12-07,2010-12-08,26,83881.12,2011-12-10,13,3,2.0,2394.1,7374.04,17904.57,49668.37,16830944.5,0.5,0.75,1.0,1.0,34.0,15,33,72,179,374
15498.0,2011-12-07,2010-12-08,26,387068.99,2011-12-10,13,3,2.0,2394.1,7374.04,17904.57,49668.37,16830944.5,0.5,0.75,1.0,1.0,34.0,15,33,72,179,374
16672.0,2011-12-07,2011-03-18,20,49984.92,2011-12-10,10,3,2.0,2394.1,7374.04,17904.57,49668.37,16830944.5,0.5,0.75,1.0,1.0,34.0,15,33,72,179,374
16000.0,2011-12-07,2011-12-07,2,60462.4,2011-12-10,1,3,2.0,2394.1,7374.04,17904.57,49668.37,16830944.5,0.5,0.75,1.0,1.0,34.0,15,33,72,179,374
13078.0,2011-12-06,2010-12-08,26,154211.99,2011-12-10,13,4,2.0,2394.1,7374.04,17904.57,49668.37,16830944.5,0.5,0.75,1.0,1.0,34.0,15,33,72,179,374
14216.0,2011-12-06,2011-11-02,4,23498.98,2011-12-10,2,4,2.0,2394.1,7374.04,17904.57,49668.37,16830944.5,0.5,0.75,1.0,1.0,34.0,15,33,72,179,374
16910.0,2011-12-05,2011-09-09,8,83241.22,2011-12-10,4,5,2.0,2394.1,7374.04,17904.57,49668.37,16830944.5,0.5,0.75,1.0,1.0,34.0,15,33,72,179,374
15621.0,2011-12-05,2011-11-18,4,5513.62,2011-12-10,2,5,2.0,2394.1,7374.04,17904.57,49668.37,16830944.5,0.5,0.75,1.0,1.0,34.0,15,33,72,179,374
13319.0,2011-12-04,2010-12-09,26,279454.73,2011-12-10,13,6,2.0,2394.1,7374.04,17904.57,49668.37,16830944.5,0.5,0.75,1.0,1.0,34.0,15,33,72,179,374
15769.0,2011-12-02,2010-12-03,26,390047.52,2011-12-10,13,8,2.0,2394.1,7374.04,17904.57,49668.37,16830944.5,0.5,0.75,1.0,1.0,34.0,15,33,72,179,374
16333.0,2011-12-02,2011-02-03,22,70657.36,2011-12-10,11,8,2.0,2394.1,7374.04,17904.57,49668.37,16830944.5,0.5,0.75,1.0,1.0,34.0,15,33,72,179,374
17086.0,2011-12-02,2011-10-07,6,31276.64,2011-12-10,3,8,2.0,2394.1,7374.04,17904.57,49668.37,16830944.5,0.5,0.75,1.0,1.0,34.0,15,33,72,179,374
12856.0,2011-12-02,2011-10-07,6,108572.19,2011-12-10,3,8,2.0,2394.1,7374.04,17904.57,49668.37,16830944.5,0.5,0.75,1.0,1.0,34.0,15,33,72,179,374
15060.0,2011-12-01,2011-11-30,4,14664.84,2011-12-10,2,9,2.0,2394.1,7374.04,17904.57,49668.37,16830944.5,0.5,0.75,1.0,1.0,34.0,15,33,72,179,374
14432.0,2011-11-30,2011-09-11,6,189004.31,2011-12-10,3,10,2.0,2394.1,7374.04,17904.57,49668.37,16830944.5,0.5,0.75,1.0,1.0,34.0,15,33,72,179,374
16295.0,2011-11-30,2011-10-06,4,20729.22,2011-12-10,2,10,2.0,2394.1,7374.04,17904.57,49668.37,16830944.5,0.5,0.75,1.0,1.0,34.0,15,33,72,179,374
12882.0,2011-11-30,2011-11-06,2,10288.8,2011-12-10,1,10,2.0,2394.1,7374.04,17904.57,49668.37,16830944.5,0.5,0.75,1.0,1.0,34.0,15,33,72,179,374
15654.0,2011-11-30,2011-11-13,2,8792.79,2011-12-10,1,10,2.0,2394.1,7374.04,17904.57,49668.37,16830944.5,0.5,0.75,1.0,1.0,34.0,15,33,72,179,374
14893.0,2011-11-30,2011-11-28,2,42005.58,2011-12-10,1,10,2.0,2394.1,7374.04,17904.57,49668.37,16830944.5,0.5,0.75,1.0,1.0,34.0,15,33,72,179,374
14554.0,2011-11-29,2011-10-18,4,169528.36,2011-12-10,2,11,2.0,2394.1,7374.04,17904.57,49668.37,16830944.5,0.5,0.75,1.0,1.0,34.0,15,33,72,179,374
13467.0,2011-11-29,2011-11-03,2,55110.36,2011-12-10,1,11,2.0,2394.1,7374.04,17904.57,49668.37,16830944.5,0.5,0.75,1.0,1.0,34.0,15,33,72,179,374
14785.0,2011-11-29,2011-11-24,2,116.88,2011-12-10,1,11,2.0,2394.1,7374.04,17904.57,49668.37,16830944.5,0.5,0.75,1.0,1.0,34.0,15,33,72,179,374
17468.0,2011-11-29,2011-11-25,2,458.0,2011-12-10,1,11,2.0,2394.1,7374.04,17904.57,49668.37,16830944.5,0.5,0.75,1.0,1.0,34.0,15,33,72,179,374
17772.0,2011-11-29,2011-11-29,2,5978.62,2011-12-10,1,11,2.0,2394.1,7374.04,17904.57,49668.37,16830944.5,0.5,0.75,1.0,1.0,34.0,15,33,72,179,374
16479.0,2011-11-29,2011-11-29,2,4807.02,2011-12-10,1,11,2.0,2394.1,7374.04,17904.57,49668.37,16830944.5,0.5,0.75,1.0,1.0,34.0,15,33,72,179,374
16347.0,2011-11-28,2011-11-03,2,35957.2,2011-12-10,1,12,2.0,2394.1,7374.04,17904.57,49668.37,16830944.5,0.5,0.75,1.0,1.0,34.0,15,33,72,179,374
13914.0,2011-11-28,2011-11-03,2,9823.2,2011-12-10,1,12,2.0,2394.1,7374.04,17904.57,49668.37,16830944.5,0.5,0.75,1.0,1.0,34.0,15,33,72,179,374
17237.0,2011-11-28,2011-11-17,2,3420.83,2011-12-10,1,12,2.0,2394.1,7374.04,17904.57,49668.37,16830944.5,0.5,0.75,1.0,1.0,34.0,15,33,72,179,374
17852.0,2011-11-28,2011-11-28,2,1474.64,2011-12-10,1,12,2.0,2394.1,7374.04,17904.57,49668.37,16830944.5,0.5,0.75,1.0,1.0,34.0,15,33,72,179,374
17595.0,2011-11-27,2011-11-02,2,16195.96,2011-12-10,1,13,2.0,2394.1,7374.04,17904.57,49668.37,16830944.5,0.5,0.75,1.0,1.0,34.0,15,33,72,179,374
14710.0,2011-11-25,2011-10-11,4,23879.67,2011-12-10,2,15,2.0,2394.1,7374.04,17904.57,49668.37,16830944.5,0.5,0.75,1.0,1.0,34.0,15,33,72,179,374
15872.0,2011-11-25,2011-11-25,2,38018.94,2011-12-10,1,15,2.0,2394.1,7374.04,17904.57,49668.37,16830944.5,0.5,0.75,1.0,1.0,34.0,15,33,72,179,374
16173.0,2011-11-24,2011-09-02,6,18503.17,2011-12-10,3,16,2.0,2394.1,7374.04,17904.57,49668.37,16830944.5,0.5,0.75,1.0,1.0,34.0,15,33,72,179,374
15814.0,2011-11-23,2011-10-20,4,30418.71,2011-12-10,2,17,2.0,2394.1,7374.04,17904.57,49668.37,16830944.5,0.5,0.75,1.0,1.0,34.0,15,33,72,179,374
16343.0,2011-11-23,2011-11-23,2,6710.39,2011-12-10,1,17,2.0,2394.1,7374.04,17904.57,49668.37,16830944.5,0.5,0.75,1.0,1.0,34.0,15,33,72,179,374
16352.0,2011-11-22,2011-11-02,2,6922.16,2011-12-10,1,18,2.0,2394.1,7374.04,17904.57,49668.37,16830944.5,0.5,0.75,1.0,1.0,34.0,15,33,72,179,374
17432.0,2011-11-21,2011-11-02,2,8904.06,2011-12-10,1,19,2.0,2394.1,7374.04,17904.57,49668.37,16830944.5,0.5,0.75,1.0,1.0,34.0,15,33,72,179,374
13673.0,2011-11-21,2011-11-07,2,8985.83,2011-12-10,1,19,2.0,2394.1,7374.04,17904.57,49668.37,16830944.5,0.5,0.75,1.0,1.0,34.0,15,33,72,179,374
17100.0,2011-11-21,2011-11-21,2,59276.77,2011-12-10,1,19,2.0,2394.1,7374.04,17904.57,49668.37,16830944.5,0.5,0.75,1.0,1.0,34.0,15,33,72,179,374
17387.0,2011-11-20,2011-11-06,2,26811.32,2011-12-10,1,20,2.0,2394.1,7374.04,17904.57,49668.37,16830944.5,0.5,0.75,1.0,1.0,34.0,15,33,72,179,374
14664.0,2011-11-20,2011-11-06,2,29140.36,2011-12-10,1,20,2.0,2394.1,7374.04,17904.57,49668.37,16830944.5,0.5,0.75,1.0,1.0,34.0,15,33,72,179,374
14434.0,2011-11-18,2011-09-28,6,3126.0,2011-12-10,3,22,2.0,2394.1,7374.04,17904.57,49668.37,16830944.5,0.5,0.75,1.0,1.0,34.0,15,33,72,179,374
18034.0,2011-11-18,2011-11-18,2,24951.12,2011-12-10,1,22,2.0,2394.1,7374.04,17904.57,49668.37,16830944.5,0.5,0.75,1.0,1.0,34.0,15,33,72,179,374
14234.0,2011-11-17,2011-10-13,4,52874.22,2011-12-10,2,23,2.0,2394.1,7374.04,17904.57,49668.37,16830944.5,0.5,0.75,1.0,1.0,34.0,15,33,72,179,374
16070.0,2011-11-17,2011-11-07,2,15364.35,2011-12-10,1,23,2.0,2394.1,7374.04,17904.57,49668.37,16830944.5,0.5,0.75,1.0,1.0,34.0,15,33,72,179,374
17397.0,2011-11-17,2011-11-17,2,29964.57,2011-12-10,1,23,2.0,2394.1,7374.04,17904.57,49668.37,16830944.5,0.5,0.75,1.0,1.0,34.0,15,33,72,179,374
13066.0,2011-11-15,2011-11-07,2,8000.15,2011-12-10,1,25,2.0,2394.1,7374.04,17904.57,49668.37,16830944.5,0.5,0.75,1.0,1.0,34.0,15,33,72,179,374
18123.0,2011-11-15,2011-11-08,2,10437.36,2011-12-10,1,25,2.0,2394.1,7374.04,17904.57,49668.37,16830944.5,0.5,0.75,1.0,1.0,34.0,15,33,72,179,374
17357.0,2011-11-15,2011-11-15,2,14166.89,2011-12-10,1,25,2.0,2394.1,7374.04,17904.57,49668.37,16830944.5,0.5,0.75,1.0,1.0,34.0,15,33,72,179,374
14882.0,2011-11-13,2011-11-06,2,3196.4,2011-12-10,1,27,2.0,2394.1,7374.04,17904.57,49668.37,16830944.5,0.5,0.75,1.0,1.0,34.0,15,33,72,179,374
12508.0,2011-11-13,2011-11-10,2,16402.24,2011-12-10,1,27,2.0,2394.1,7374.04,17904.57,49668.37,16830944.5,0.5,0.75,1.0,1.0,34.0,15,33,72,179,374
12685.0,2011-11-11,2011-09-07,6,89235.18,2011-12-10,3,29,2.0,2394.1,7374.04,17904.57,49668.37,16830944.5,0.5,0.75,1.0,1.0,34.0,15,33,72,179,374
13727.0,2011-11-11,2011-11-06,2,3785.52,2011-12-10,1,29,2.0,2394.1,7374.04,17904.57,49668.37,16830944.5,0.5,0.75,1.0,1.0,34.0,15,33,72,179,374
16986.0,2011-11-10,2011-11-09,2,1956.4,2011-12-10,1,30,2.0,2394.1,7374.04,17904.57,49668.37,16830944.5,0.5,0.75,1.0,1.0,34.0,15,33,72,179,374
16372.0,2011-11-06,2011-11-06,2,28752.06,2011-12-10,1,34,2.0,2394.1,7374.04,17904.57,49668.37,16830944.5,0.5,0.75,1.0,1.0,34.0,15,33,72,179,374
17608.0,2011-11-06,2011-11-06,2,10887.76,2011-12-10,1,34,2.0,2394.1,7374.04,17904.57,49668.37,16830944.5,0.5,0.75,1.0,1.0,34.0,15,33,72,179,374
17084.0,2011-11-04,2011-11-04,2,250627.05,2011-12-10,1,36,2.0,2394.1,7374.04,17904.57,49668.37,16830944.5,0.5,0.75,1.0,1.0,34.0,15,33,72,179,374
17078.0,2011-11-03,2011-11-03,2,10008.6,2011-12-10,1,37,2.0,2394.1,7374.04,17904.57,49668.37,16830944.5,0.5,0.75,1.0,1.0,34.0,15,33,72,179,374
16884.0,2011-11-02,2011-11-02,2,6078.96,2011-12-10,1,38,2.0,2394.1,7374.04,17904.57,49668.37,16830944.5,0.5,0.75,1.0,1.0,34.0,15,33,72,179,374
12522.0,2011-10-31,2011-10-19,2,783.6,2011-12-10,1,40,2.0,2394.1,7374.04,17904.57,49668.37,16830944.5,0.5,0.75,1.0,1.0,34.0,15,33,72,179,374
15478.0,2011-10-30,2011-10-14,2,23817.99,2011-12-10,1,41,2.0,2394.1,7374.04,17904.57,49668.37,16830944.5,0.5,0.75,1.0,1.0,34.0,15,33,72,179,374
14179.0,2011-10-30,2011-10-18,2,66955.38,2011-12-10,1,41,2.0,2394.1,7374.04,17904.57,49668.37,16830944.5,0.5,0.75,1.0,1.0,34.0,15,33,72,179,374
17459.0,2011-10-27,2011-10-10,2,30354.33,2011-12-10,1,44,2.0,2394.1,7374.04,17904.57,49668.37,16830944.5,0.5,0.75,1.0,1.0,34.0,15,33,72,179,374
16454.0,2011-10-26,2011-10-06,2,6.9,2011-12-10,1,45,2.0,2394.1,7374.04,17904.57,49668.37,16830944.5,0.5,0.75,1.0,1.0,34.0,15,33,72,179,374
15821.0,2011-10-26,2011-10-09,2,12126.15,2011-12-10,1,45,2.0,2394.1,7374.04,17904.57,49668.37,16830944.5,0.5,0.75,1.0,1.0,34.0,15,33,72,179,374
17186.0,2011-10-24,2011-10-10,2,144.0,2011-12-10,1,47,2.0,2394.1,7374.04,17904.57,49668.37,16830944.5,0.5,0.75,1.0,1.0,34.0,15,33,72,179,374
14427.0,2011-10-20,2011-10-07,2,5189.44,2011-12-10,1,51,2.0,2394.1,7374.04,17904.57,49668.37,16830944.5,0.5,0.75,1.0,1.0,34.0,15,33,72,179,374
17934.0,2011-10-19,2011-10-12,2,10484.6,2011-12-10,1,52,2.0,2394.1,7374.04,17904.57,49668.37,16830944.5,0.5,0.75,1.0,1.0,34.0,15,33,72,179,374
16934.0,2011-10-16,2011-10-16,2,36702.94,2011-12-10,1,55,2.0,2394.1,7374.04,17904.57,49668.37,16830944.5,0.5,0.75,1.0,1.0,34.0,15,33,72,179,374
14624.0,2011-10-13,2011-10-11,2,2538.6,2011-12-10,1,58,2.0,2394.1,7374.04,17904.57,49668.37,16830944.5,0.5,0.75,1.0,1.0,34.0,15,33,72,179,374
16685.0,2011-10-09,2011-10-09,2,13873.2,2011-12-10,1,62,2.0,2394.1,7374.04,17904.57,49668.37,16830944.5,0.5,0.75,1.0,1.0,34.0,15,33,72,179,374
12512.0,2011-10-04,2011-10-04,2,3945.96,2011-12-10,1,67,2.0,2394.1,7374.04,17904.57,49668.37,16830944.5,0.5,0.75,1.0,1.0,34.0,15,33,72,179,374
12822.0,2011-09-30,2011-09-13,2,24861.82,2011-12-10,1,71,2.0,2394.1,7374.04,17904.57,49668.37,16830944.5,0.5,0.75,1.0,1.0,34.0,15,33,72,179,374
14164.0,2011-09-30,2011-09-20,2,36023.56,2011-12-10,1,71,2.0,2394.1,7374.04,17904.57,49668.37,16830944.5,0.5,0.75,1.0,1.0,34.0,15,33,72,179,374
16268.0,2011-09-29,2011-09-29,2,18362.94,2011-12-10,1,72,2.0,2394.1,7374.04,17904.57,49668.37,16830944.5,0.5,0.75,1.0,1.0,34.0,15,33,72,179,374
13321.0,2011-09-28,2011-09-14,2,2948.0,2011-12-10,1,73,2.0,2394.1,7374.04,17904.57,49668.37,16830944.5,0.5,0.75,1.0,1.0,34.0,15,33,72,179,374
16629.0,2011-09-27,2011-09-04,2,12503.89,2011-12-10,1,74,2.0,2394.1,7374.04,17904.57,49668.37,16830944.5,0.5,0.75,1.0,1.0,34.0,15,33,72,179,374
17997.0,2011-09-26,2011-06-28,8,37621.04,2011-12-10,4,75,2.0,2394.1,7374.04,17904.57,49668.37,16830944.5,0.5,0.75,1.0,1.0,34.0,15,33,72,179,374
13434.0,2011-09-26,2011-09-04,2,2671.2,2011-12-10,1,75,2.0,2394.1,7374.04,17904.57,49668.37,16830944.5,0.5,0.75,1.0,1.0,34.0,15,33,72,179,374
16603.0,2011-09-26,2011-09-09,2,8294.99,2011-12-10,1,75,2.0,2394.1,7374.04,17904.57,49668.37,16830944.5,0.5,0.75,1.0,1.0,34.0,15,33,72,179,374
16689.0,2011-09-25,2011-09-18,2,2611.32,2011-12-10,1,76,2.0,2394.1,7374.04,17904.57,49668.37,16830944.5,0.5,0.75,1.0,1.0,34.0,15,33,72,179,374
14356.0,2011-09-21,2011-09-19,2,8025.37,2011-12-10,1,80,2.0,2394.1,7374.04,17904.57,49668.37,16830944.5,0.5,0.75,1.0,1.0,34.0,15,33,72,179,374
14965.0,2011-09-04,2011-09-04,2,37213.5,2011-12-10,1,97,2.0,2394.1,7374.04,17904.57,49668.37,16830944.5,0.5,0.75,1.0,1.0,34.0,15,33,72,179,374
17298.0,2011-08-30,2011-08-07,2,10590.84,2011-12-10,1,102,2.0,2394.1,7374.04,17904.57,49668.37,16830944.5,0.5,0.75,1.0,1.0,34.0,15,33,72,179,374
14364.0,2011-08-23,2011-05-12,8,27518.4,2011-12-10,4,109,2.0,2394.1,7374.04,17904.57,49668.37,16830944.5,0.5,0.75,1.0,1.0,34.0,15,33,72,179,374
16952.0,2011-08-22,2011-08-22,2,1002.6,2011-12-10,1,110,2.0,2394.1,7374.04,17904.57,49668.37,16830944.5,0.5,0.75,1.0,1.0,34.0,15,33,72,179,374
14024.0,2011-08-10,2011-08-07,2,3192.15,2011-12-10,1,122,2.0,2394.1,7374.04,17904.57,49668.37,16830944.5,0.5,0.75,1.0,1.0,34.0,15,33,72,179,374
17267.0,2011-08-04,2011-08-04,2,11514.34,2011-12-10,1,128,2.0,2394.1,7374.04,17904.57,49668.37,16830944.5,0.5,0.75,1.0,1.0,34.0,15,33,72,179,374
13388.0,2011-07-31,2011-07-31,2,16099.25,2011-12-10,1,132,2.0,2394.1,7374.04,17904.57,49668.37,16830944.5,0.5,0.75,1.0,1.0,34.0,15,33,72,179,374
14002.0,2011-07-28,2011-07-06,2,11694.42,2011-12-10,1,135,2.0,2394.1,7374.04,17904.57,49668.37,16830944.5,0.5,0.75,1.0,1.0,34.0,15,33,72,179,374
12743.0,2011-07-28,2011-07-28,2,28851.37,2011-12-10,1,135,2.0,2394.1,7374.04,17904.57,49668.37,16830944.5,0.5,0.75,1.0,1.0,34.0,15,33,72,179,374
13730.0,2011-07-27,2011-07-01,2,10410.3,2011-12-10,1,136,2.0,2394.1,7374.04,17904.57,49668.37,16830944.5,0.5,0.75,1.0,1.0,34.0,15,33,72,179,374
17935.0,2011-07-24,2011-07-21,2,3300.26,2011-12-10,1,139,2.0,2394.1,7374.04,17904.57,49668.37,16830944.5,0.5,0.75,1.0,1.0,34.0,15,33,72,179,374
18121.0,2011-07-13,2011-07-08,2,19542.0,2011-12-10,1,150,2.0,2394.1,7374.04,17904.57,49668.37,16830944.5,0.5,0.75,1.0,1.0,34.0,15,33,72,179,374
18024.0,2011-07-10,2011-07-10,2,5643.54,2011-12-10,1,153,2.0,2394.1,7374.04,17904.57,49668.37,16830944.5,0.5,0.75,1.0,1.0,34.0,15,33,72,179,374
18013.0,2011-07-07,2011-07-07,2,5326.38,2011-12-10,1,156,2.0,2394.1,7374.04,17904.57,49668.37,16830944.5,0.5,0.75,1.0,1.0,34.0,15,33,72,179,374
12424.0,2011-06-30,2011-06-30,2,35787.84,2011-12-10,1,163,2.0,2394.1,7374.04,17904.57,49668.37,16830944.5,0.5,0.75,1.0,1.0,34.0,15,33,72,179,374
17391.0,2011-06-29,2011-06-28,2,915.84,2011-12-10,1,164,2.0,2394.1,7374.04,17904.57,49668.37,16830944.5,0.5,0.75,1.0,1.0,34.0,15,33,72,179,374
14584.0,2011-06-23,2011-05-25,4,20903.27,2011-12-10,2,170,2.0,2394.1,7374.04,17904.57,49668.37,16830944.5,0.5,0.75,1.0,1.0,34.0,15,33,72,179,374
15700.0,2011-06-20,2011-06-19,2,52158.36,2011-12-10,1,173,2.0,2394.1,7374.04,17904.57,49668.37,16830944.5,0.5,0.75,1.0,1.0,34.0,15,33,72,179,374
16484.0,2011-06-19,2011-06-02,2,4961.4,2011-12-10,1,174,2.0,2394.1,7374.04,17904.57,49668.37,16830944.5,0.5,0.75,1.0,1.0,34.0,15,33,72,179,374
15508.0,2011-06-03,2011-04-18,6,14416.98,2011-12-10,3,190,2.0,2394.1,7374.04,17904.57,49668.37,16830944.5,0.5,0.75,1.0,1.0,34.0,15,33,72,179,374
17900.0,2011-06-02,2011-06-02,2,259.2,2011-12-10,1,191,2.0,2394.1,7374.04,17904.57,49668.37,16830944.5,0.5,0.75,1.0,1.0,34.0,15,33,72,179,374
15897.0,2011-05-29,2011-05-29,2,2560.38,2011-12-10,1,195,2.0,2394.1,7374.04,17904.57,49668.37,16830944.5,0.5,0.75,1.0,1.0,34.0,15,33,72,179,374
14009.0,2011-05-25,2011-05-18,2,14202.74,2011-12-10,1,199,2.0,2394.1,7374.04,17904.57,49668.37,16830944.5,0.5,0.75,1.0,1.0,34.0,15,33,72,179,374
16832.0,2011-05-20,2011-05-06,2,339.9,2011-12-10,1,204,2.0,2394.1,7374.04,17904.57,49668.37,16830944.5,0.5,0.75,1.0,1.0,34.0,15,33,72,179,374
18048.0,2011-05-20,2011-05-20,2,1014.74,2011-12-10,1,204,2.0,2394.1,7374.04,17904.57,49668.37,16830944.5,0.5,0.75,1.0,1.0,34.0,15,33,72,179,374
14920.0,2011-05-11,2011-05-11,2,24022.18,2011-12-10,1,213,2.0,2394.1,7374.04,17904.57,49668.37,16830944.5,0.5,0.75,1.0,1.0,34.0,15,33,72,179,374
15235.0,2011-05-06,2010-12-01,12,38082.39,2011-12-10,6,218,2.0,2394.1,7374.04,17904.57,49668.37,16830944.5,0.5,0.75,1.0,1.0,34.0,15,33,72,179,374
13711.0,2011-05-05,2011-05-05,2,1722.24,2011-12-10,1,219,2.0,2394.1,7374.04,17904.57,49668.37,16830944.5,0.5,0.75,1.0,1.0,34.0,15,33,72,179,374
14697.0,2011-05-05,2011-05-05,2,1914.57,2011-12-10,1,219,2.0,2394.1,7374.04,17904.57,49668.37,16830944.5,0.5,0.75,1.0,1.0,34.0,15,33,72,179,374
17501.0,2011-05-03,2011-05-03,2,3778.95,2011-12-10,1,221,2.0,2394.1,7374.04,17904.57,49668.37,16830944.5,0.5,0.75,1.0,1.0,34.0,15,33,72,179,374
15223.0,2011-04-28,2011-04-04,2,3661.55,2011-12-10,1,226,2.0,2394.1,7374.04,17904.57,49668.37,16830944.5,0.5,0.75,1.0,1.0,34.0,15,33,72,179,374
17991.0,2011-04-28,2011-04-27,2,135.7,2011-12-10,1,226,2.0,2394.1,7374.04,17904.57,49668.37,16830944.5,0.5,0.75,1.0,1.0,34.0,15,33,72,179,374
15230.0,2011-04-14,2011-04-13,2,8203.8,2011-12-10,1,240,2.0,2394.1,7374.04,17904.57,49668.37,16830944.5,0.5,0.75,1.0,1.0,34.0,15,33,72,179,374
14154.0,2011-04-14,2011-04-14,2,14588.28,2011-12-10,1,240,2.0,2394.1,7374.04,17904.57,49668.37,16830944.5,0.5,0.75,1.0,1.0,34.0,15,33,72,179,374
15424.0,2011-03-30,2011-03-30,2,3260.22,2011-12-10,1,255,2.0,2394.1,7374.04,17904.57,49668.37,16830944.5,0.5,0.75,1.0,1.0,34.0,15,33,72,179,374
17230.0,2011-03-20,2010-12-15,8,45220.9,2011-12-10,4,265,2.0,2394.1,7374.04,17904.57,49668.37,16830944.5,0.5,0.75,1.0,1.0,34.0,15,33,72,179,374
15695.0,2011-03-18,2011-03-18,2,5937.39,2011-12-10,1,267,2.0,2394.1,7374.04,17904.57,49668.37,16830944.5,0.5,0.75,1.0,1.0,34.0,15,33,72,179,374
12845.0,2011-03-17,2011-02-22,4,1222.81,2011-12-10,2,268,2.0,2394.1,7374.04,17904.57,49668.37,16830944.5,0.5,0.75,1.0,1.0,34.0,15,33,72,179,374
16766.0,2011-03-11,2011-03-11,2,19475.2,2011-12-10,1,274,2.0,2394.1,7374.04,17904.57,49668.37,16830944.5,0.5,0.75,1.0,1.0,34.0,15,33,72,179,374
13093.0,2011-03-09,2010-12-01,8,141325.67,2011-12-10,4,276,2.0,2394.1,7374.04,17904.57,49668.37,16830944.5,0.5,0.75,1.0,1.0,34.0,15,33,72,179,374
15869.0,2011-03-07,2011-03-07,2,1188.45,2011-12-10,1,278,2.0,2394.1,7374.04,17904.57,49668.37,16830944.5,0.5,0.75,1.0,1.0,34.0,15,33,72,179,374
14570.0,2011-03-04,2011-03-04,2,3569.95,2011-12-10,1,281,2.0,2394.1,7374.04,17904.57,49668.37,16830944.5,0.5,0.75,1.0,1.0,34.0,15,33,72,179,374
14670.0,2011-03-04,2011-03-04,2,31407.98,2011-12-10,1,281,2.0,2394.1,7374.04,17904.57,49668.37,16830944.5,0.5,0.75,1.0,1.0,34.0,15,33,72,179,374
16405.0,2011-02-10,2011-02-02,2,341.35,2011-12-10,1,303,2.0,2394.1,7374.04,17904.57,49668.37,16830944.5,0.5,0.75,1.0,1.0,34.0,15,33,72,179,374
17334.0,2011-02-10,2011-02-04,2,2975.7,2011-12-10,1,303,2.0,2394.1,7374.04,17904.57,49668.37,16830944.5,0.5,0.75,1.0,1.0,34.0,15,33,72,179,374
18095.0,2011-01-31,2011-01-11,2,6213.6,2011-12-10,1,313,2.0,2394.1,7374.04,17904.57,49668.37,16830944.5,0.5,0.75,1.0,1.0,34.0,15,33,72,179,374
17062.0,2011-01-30,2010-12-05,4,9030.19,2011-12-10,2,314,2.0,2394.1,7374.04,17904.57,49668.37,16830944.5,0.5,0.75,1.0,1.0,34.0,15,33,72,179,374
12735.0,2011-01-28,2011-01-06,2,5595.72,2011-12-10,1,316,2.0,2394.1,7374.04,17904.57,49668.37,16830944.5,0.5,0.75,1.0,1.0,34.0,15,33,72,179,374
15661.0,2011-01-26,2011-01-05,2,891.2,2011-12-10,1,318,2.0,2394.1,7374.04,17904.57,49668.37,16830944.5,0.5,0.75,1.0,1.0,34.0,15,33,72,179,374
15213.0,2011-01-25,2011-01-14,2,6920.7,2011-12-10,1,319,2.0,2394.1,7374.04,17904.57,49668.37,16830944.5,0.5,0.75,1.0,1.0,34.0,15,33,72,179,374
15422.0,2011-01-20,2011-01-20,2,293.1,2011-12-10,1,324,2.0,2394.1,7374.04,17904.57,49668.37,16830944.5,0.5,0.75,1.0,1.0,34.0,15,33,72,179,374
13564.0,2010-12-20,2010-12-06,2,34892.26,2011-12-10,1,355,2.0,2394.1,7374.04,17904.57,49668.37,16830944.5,0.5,0.75,1.0,1.0,34.0,15,33,72,179,374
12967.0,2010-12-16,2010-12-03,2,12561.6,2011-12-10,1,359,2.0,2394.1,7374.04,17904.57,49668.37,16830944.5,0.5,0.75,1.0,1.0,34.0,15,33,72,179,374
17691.0,2010-12-16,2010-12-06,2,2761.5,2011-12-10,1,359,2.0,2394.1,7374.04,17904.57,49668.37,16830944.5,0.5,0.75,1.0,1.0,34.0,15,33,72,179,374
15224.0,2010-12-16,2010-12-12,2,2668.93,2011-12-10,1,359,2.0,2394.1,7374.04,17904.57,49668.37,16830944.5,0.5,0.75,1.0,1.0,34.0,15,33,72,179,374
16499.0,2010-12-14,2010-12-10,2,2356.4,2011-12-10,1,361,2.0,2394.1,7374.04,17904.57,49668.37,16830944.5,0.5,0.75,1.0,1.0,34.0,15,33,72,179,374
14813.0,2010-12-05,2010-12-05,2,2232.26,2011-12-10,1,370,2.0,2394.1,7374.04,17904.57,49668.37,16830944.5,0.5,0.75,1.0,1.0,34.0,15,33,72,179,374
16048.0,2010-12-01,2010-12-01,2,1764.84,2011-12-10,1,374,2.0,2394.1,7374.04,17904.57,49668.37,16830944.5,0.5,0.75,1.0,1.0,34.0,15,33,72,179,374
17677.0,2011-12-08,2010-12-06,27,266250.09,2011-12-10,13,2,2.08,2394.1,7374.04,17904.57,49668.37,16830944.5,0.5,0.75,1.0,1.0,34.0,15,33,72,179,374
12471.0,2011-12-07,2010-12-10,27,285615.33,2011-12-10,13,3,2.08,2394.1,7374.04,17904.57,49668.37,16830944.5,0.5,0.75,1.0,1.0,34.0,15,33,72,179,374
15856.0,2011-12-05,2010-12-09,27,421954.16,2011-12-10,13,5,2.08,2394.1,7374.04,17904.57,49668.37,16830944.5,0.5,0.75,1.0,1.0,34.0,15,33,72,179,374
14180.0,2011-11-29,2010-12-02,25,14308.59,2011-12-10,12,11,2.08,2394.1,7374.04,17904.57,49668.37,16830944.5,0.5,0.75,1.0,1.0,34.0,15,33,72,179,374
14667.0,2011-11-29,2010-12-06,25,214449.98,2011-12-10,12,11,2.08,2394.1,7374.04,17904.57,49668.37,16830944.5,0.5,0.75,1.0,1.0,34.0,15,33,72,179,374
14849.0,2011-11-18,2010-12-01,25,171652.54,2011-12-10,12,22,2.08,2394.1,7374.04,17904.57,49668.37,16830944.5,0.5,0.75,1.0,1.0,34.0,15,33,72,179,374
14056.0,2011-12-08,2011-02-28,23,451965.89,2011-12-10,11,2,2.09,2394.1,7374.04,17904.57,49668.37,16830944.5,0.5,0.75,1.0,1.0,34.0,15,33,72,179,374
16745.0,2011-09-14,2011-02-01,17,155080.12,2011-12-10,8,87,2.13,2394.1,7374.04,17904.57,49668.37,16830944.5,0.5,0.75,1.0,1.0,34.0,15,33,72,179,374
17428.0,2011-12-09,2010-12-06,28,279410.9,2011-12-10,13,1,2.15,2394.1,7374.04,17904.57,49668.37,16830944.5,0.5,0.75,1.0,1.0,34.0,15,33,72,179,374
15159.0,2011-12-08,2010-12-13,28,781398.3,2011-12-10,13,2,2.15,2394.1,7374.04,17904.57,49668.37,16830944.5,0.5,0.75,1.0,1.0,34.0,15,33,72,179,374
16684.0,2011-12-05,2010-12-16,28,1289672.34,2011-12-10,13,5,2.15,2394.1,7374.04,17904.57,49668.37,16830944.5,0.5,0.75,1.0,1.0,34.0,15,33,72,179,374
16764.0,2011-12-06,2011-07-19,13,146793.36,2011-12-10,6,4,2.17,2394.1,7374.04,17904.57,49668.37,16830944.5,0.5,0.75,1.0,1.0,34.0,15,33,72,179,374
15152.0,2011-11-30,2011-06-05,13,89578.95,2011-12-10,6,10,2.17,2394.1,7374.04,17904.57,49668.37,16830944.5,0.5,0.75,1.0,1.0,34.0,15,33,72,179,374
18118.0,2011-11-29,2010-12-05,26,275240.13,2011-12-10,12,11,2.17,2394.1,7374.04,17904.57,49668.37,16830944.5,0.5,0.75,1.0,1.0,34.0,15,33,72,179,374
17381.0,2011-12-01,2010-12-02,29,104436.39,2011-12-10,13,9,2.23,2394.1,7374.04,17904.57,49668.37,16830944.5,0.5,0.75,1.0,1.0,34.0,15,33,72,179,374
13704.0,2011-12-04,2011-09-12,9,29655.48,2011-12-10,4,6,2.25,2394.1,7374.04,17904.57,49668.37,16830944.5,0.5,0.75,1.0,1.0,34.0,15,33,72,179,374
16168.0,2011-11-29,2010-12-05,27,14193.71,2011-12-10,12,11,2.25,2394.1,7374.04,17904.57,49668.37,16830944.5,0.5,0.75,1.0,1.0,34.0,15,33,72,179,374
17757.0,2011-12-08,2010-12-02,30,124927.92,2011-12-10,13,2,2.31,2394.1,7374.04,17904.57,49668.37,16830944.5,0.5,0.75,1.0,1.0,34.0,15,33,72,179,374
13098.0,2011-12-08,2011-01-26,28,639862.44,2011-12-10,12,2,2.33,2394.1,7374.04,17904.57,49668.37,16830944.5,0.5,0.75,1.0,1.0,34.0,15,33,72,179,374
13685.0,2011-12-07,2011-10-10,7,13194.2,2011-12-10,3,3,2.33,2394.1,7374.04,17904.57,49668.37,16830944.5,0.5,0.75,1.0,1.0,34.0,15,33,72,179,374
15993.0,2011-12-01,2011-10-26,7,256277.57,2011-12-10,3,9,2.33,2394.1,7374.04,17904.57,49668.37,16830944.5,0.5,0.75,1.0,1.0,34.0,15,33,72,179,374
15005.0,2011-11-24,2010-12-08,28,240301.71,2011-12-10,12,16,2.33,2394.1,7374.04,17904.57,49668.37,16830944.5,0.5,0.75,1.0,1.0,34.0,15,33,72,179,374
16725.0,2011-02-10,2010-12-03,7,17305.43,2011-12-10,3,303,2.33,2394.1,7374.04,17904.57,49668.37,16830944.5,0.5,0.75,1.0,1.0,34.0,15,33,72,179,374
17675.0,2011-12-08,2010-12-07,31,474216.81,2011-12-10,13,2,2.38,2394.1,7374.04,17904.57,49668.37,16830944.5,0.5,0.75,1.0,1.0,34.0,15,33,72,179,374
17511.0,2011-12-07,2010-12-01,31,3446318.64,2011-12-10,13,3,2.38,2394.1,7374.04,17904.57,49668.37,16830944.5,0.5,0.75,1.0,1.0,34.0,15,33,72,179,374
14397.0,2011-12-07,2011-05-10,19,14071.8,2011-12-10,8,3,2.38,2394.1,7374.04,17904.57,49668.37,16830944.5,0.5,0.75,1.0,1.0,34.0,15,33,72,179,374
12682.0,2011-12-06,2010-12-03,31,204690.91,2011-12-10,13,4,2.38,2394.1,7374.04,17904.57,49668.37,16830944.5,0.5,0.75,1.0,1.0,34.0,15,33,72,179,374
14735.0,2011-12-06,2010-12-16,31,42437.58,2011-12-10,13,4,2.38,2394.1,7374.04,17904.57,49668.37,16830944.5,0.5,0.75,1.0,1.0,34.0,15,33,72,179,374
18241.0,2011-11-30,2011-05-06,17,16663.51,2011-12-10,7,10,2.43,2394.1,7374.04,17904.57,49668.37,16830944.5,0.5,0.75,1.0,1.0,34.0,15,33,72,179,374
15078.0,2011-12-02,2010-12-06,32,193607.96,2011-12-10,13,8,2.46,2394.1,7374.04,17904.57,49668.37,16830944.5,0.5,0.75,1.0,1.0,34.0,15,33,72,179,374
16500.0,2011-12-05,2011-11-03,5,484.62,2011-12-10,2,5,2.5,2394.1,7374.04,17904.57,49668.37,16830944.5,0.5,0.75,1.0,1.0,34.0,15,33,72,179,374
17656.0,2011-09-27,2011-08-03,5,32915.4,2011-12-10,2,74,2.5,2394.1,7374.04,17904.57,49668.37,16830944.5,0.5,0.75,1.0,1.0,34.0,15,33,72,179,374
15881.0,2011-01-31,2010-12-10,5,7636.48,2011-12-10,2,313,2.5,2394.1,7374.04,17904.57,49668.37,16830944.5,0.5,0.75,1.0,1.0,34.0,15,33,72,179,374
13777.0,2011-12-09,2010-12-01,33,328689.05,2011-12-10,13,1,2.54,2394.1,7374.04,17904.57,49668.37,16830944.5,0.5,0.75,1.0,1.0,34.0,15,33,72,179,374
17389.0,2011-12-09,2011-01-12,31,253448.82,2011-12-10,12,1,2.58,2394.1,7374.04,17904.57,49668.37,16830944.5,0.5,0.75,1.0,1.0,34.0,15,33,72,179,374
16839.0,2011-12-01,2010-12-05,34,110648.11,2011-12-10,13,9,2.62,2394.1,7374.04,17904.57,49668.37,16830944.5,0.5,0.75,1.0,1.0,34.0,15,33,72,179,374
16729.0,2011-11-01,2011-04-12,21,253887.7,2011-12-10,8,39,2.63,2394.1,7374.04,17904.57,49668.37,16830944.5,0.5,0.75,1.0,1.0,34.0,15,33,72,179,374
14547.0,2011-12-06,2011-10-16,8,191775.13,2011-12-10,3,4,2.67,2394.1,7374.04,17904.57,49668.37,16830944.5,0.5,0.75,1.0,1.0,34.0,15,33,72,179,374
16133.0,2011-12-06,2011-01-25,33,159388.73,2011-12-10,12,4,2.75,2394.1,7374.04,17904.57,49668.37,16830944.5,0.5,0.75,1.0,1.0,34.0,15,33,72,179,374
17315.0,2011-12-08,2010-12-17,36,78665.88,2011-12-10,13,2,2.77,2394.1,7374.04,17904.57,49668.37,16830944.5,0.5,0.75,1.0,1.0,34.0,15,33,72,179,374
12901.0,2011-12-01,2011-03-14,28,76905.83,2011-12-10,10,9,2.8,2394.1,7374.04,17904.57,49668.37,16830944.5,0.5,0.75,1.0,1.0,34.0,15,33,72,179,374
13018.0,2011-11-23,2011-02-17,28,142080.11,2011-12-10,10,17,2.8,2394.1,7374.04,17904.57,49668.37,16830944.5,0.5,0.75,1.0,1.0,34.0,15,33,72,179,374
13263.0,2011-12-08,2011-01-18,34,394474.92,2011-12-10,12,2,2.83,2394.1,7374.04,17904.57,49668.37,16830944.5,0.5,0.75,1.0,1.0,34.0,15,33,72,179,374
13468.0,2011-12-08,2010-12-01,37,42983.1,2011-12-10,13,2,2.85,2394.1,7374.04,17904.57,49668.37,16830944.5,0.5,0.75,1.0,1.0,34.0,15,33,72,179,374
13767.0,2011-12-07,2010-12-01,37,146748.68,2011-12-10,13,3,2.85,2394.1,7374.04,17904.57,49668.37,16830944.5,0.5,0.75,1.0,1.0,34.0,15,33,72,179,374
13199.0,2011-12-06,2010-12-08,37,33862.08,2011-12-10,13,4,2.85,2394.1,7374.04,17904.57,49668.37,16830944.5,0.5,0.75,1.0,1.0,34.0,15,33,72,179,374
13755.0,2011-12-06,2011-10-07,9,101895.49,2011-12-10,3,4,3.0,2394.1,7374.04,17904.57,49668.37,16830944.5,0.5,0.75,1.0,1.0,34.0,15,33,72,179,374
16790.0,2011-12-06,2011-11-02,6,36853.79,2011-12-10,2,4,3.0,2394.1,7374.04,17904.57,49668.37,16830944.5,0.5,0.75,1.0,1.0,34.0,15,33,72,179,374
14385.0,2011-11-30,2011-11-16,3,955.39,2011-12-10,1,10,3.0,2394.1,7374.04,17904.57,49668.37,16830944.5,0.5,0.75,1.0,1.0,34.0,15,33,72,179,374
14836.0,2011-11-29,2011-11-09,3,330.6,2011-12-10,1,11,3.0,2394.1,7374.04,17904.57,49668.37,16830944.5,0.5,0.75,1.0,1.0,34.0,15,33,72,179,374
15009.0,2011-11-27,2011-11-14,3,72392.72,2011-12-10,1,13,3.0,2394.1,7374.04,17904.57,49668.37,16830944.5,0.5,0.75,1.0,1.0,34.0,15,33,72,179,374
17461.0,2011-11-17,2011-11-10,3,38288.36,2011-12-10,1,23,3.0,2394.1,7374.04,17904.57,49668.37,16830944.5,0.5,0.75,1.0,1.0,34.0,15,33,72,179,374
13447.0,2011-11-16,2011-11-04,3,20967.88,2011-12-10,1,24,3.0,2394.1,7374.04,17904.57,49668.37,16830944.5,0.5,0.75,1.0,1.0,34.0,15,33,72,179,374
17203.0,2011-11-04,2011-10-10,6,79424.36,2011-12-10,2,36,3.0,2394.1,7374.04,17904.57,49668.37,16830944.5,0.5,0.75,1.0,1.0,34.0,15,33,72,179,374
17545.0,2011-10-27,2011-10-27,3,29146.38,2011-12-10,1,44,3.0,2394.1,7374.04,17904.57,49668.37,16830944.5,0.5,0.75,1.0,1.0,34.0,15,33,72,179,374
15516.0,2011-10-26,2011-10-24,3,481.83,2011-12-10,1,45,3.0,2394.1,7374.04,17904.57,49668.37,16830944.5,0.5,0.75,1.0,1.0,34.0,15,33,72,179,374
18073.0,2011-08-17,2011-05-26,12,34007.68,2011-12-10,4,115,3.0,2394.1,7374.04,17904.57,49668.37,16830944.5,0.5,0.75,1.0,1.0,34.0,15,33,72,179,374
17312.0,2011-07-24,2011-07-03,3,2463.9,2011-12-10,1,139,3.0,2394.1,7374.04,17904.57,49668.37,16830944.5,0.5,0.75,1.0,1.0,34.0,15,33,72,179,374
16866.0,2011-07-22,2011-07-01,3,332.85,2011-12-10,1,141,3.0,2394.1,7374.04,17904.57,49668.37,16830944.5,0.5,0.75,1.0,1.0,34.0,15,33,72,179,374
12921.0,2011-11-30,2010-12-01,37,373792.26,2011-12-10,12,10,3.08,2394.1,7374.04,17904.57,49668.37,16830944.5,0.5,0.75,1.0,1.0,34.0,15,33,72,179,374
12569.0,2011-12-07,2011-04-01,28,17883.62,2011-12-10,9,3,3.11,2394.1,7374.04,17904.57,49668.37,16830944.5,0.5,0.75,1.0,1.0,34.0,15,33,72,179,374
17949.0,2011-12-08,2011-01-06,38,217429.14,2011-12-10,12,2,3.17,2394.1,7374.04,17904.57,49668.37,16830944.5,0.5,0.75,1.0,1.0,34.0,15,33,72,179,374
17961.0,2011-11-18,2010-12-02,38,14772.03,2011-12-10,12,22,3.17,2394.1,7374.04,17904.57,49668.37,16830944.5,0.5,0.75,1.0,1.0,34.0,15,33,72,179,374
17811.0,2011-12-05,2011-01-10,39,255023.53,2011-12-10,12,5,3.25,2394.1,7374.04,17904.57,49668.37,16830944.5,0.5,0.75,1.0,1.0,34.0,15,33,72,179,374
14298.0,2011-12-01,2010-12-14,44,4285059.37,2011-12-10,13,9,3.38,2394.1,7374.04,17904.57,49668.37,16830944.5,0.5,0.75,1.0,1.0,34.0,15,33,72,179,374
14096.0,2011-12-05,2011-08-30,17,16830944.5,2011-12-10,5,5,3.4,2394.1,7374.04,17904.57,49668.37,16830944.5,0.5,0.75,1.0,1.0,34.0,15,33,72,179,374
15189.0,2011-12-08,2011-01-11,41,67083.7,2011-12-10,12,2,3.42,2394.1,7374.04,17904.57,49668.37,16830944.5,0.5,0.75,1.0,1.0,34.0,15,33,72,179,374
15473.0,2011-11-25,2011-10-10,7,3477.6,2011-12-10,2,15,3.5,2394.1,7374.04,17904.57,49668.37,16830944.5,0.5,0.75,1.0,1.0,34.0,15,33,72,179,374
17450.0,2011-12-01,2010-12-07,46,1855866.62,2011-12-10,13,9,3.54,2394.1,7374.04,17904.57,49668.37,16830944.5,0.5,0.75,1.0,1.0,34.0,15,33,72,179,374
16013.0,2011-12-06,2010-12-03,47,134319.14,2011-12-10,13,4,3.62,2394.1,7374.04,17904.57,49668.37,16830944.5,0.5,0.75,1.0,1.0,34.0,15,33,72,179,374
15061.0,2011-12-06,2010-12-02,48,565292.76,2011-12-10,13,4,3.69,2394.1,7374.04,17904.57,49668.37,16830944.5,0.5,0.75,1.0,1.0,34.0,15,33,72,179,374
15039.0,2011-11-30,2010-12-06,46,678961.8,2011-12-10,12,10,3.83,2394.1,7374.04,17904.57,49668.37,16830944.5,0.5,0.75,1.0,1.0,34.0,15,33,72,179,374
13694.0,2011-12-06,2010-12-01,50,1042908.55,2011-12-10,13,4,3.85,2394.1,7374.04,17904.57,49668.37,16830944.5,0.5,0.75,1.0,1.0,34.0,15,33,72,179,374
17502.0,2011-11-30,2011-11-10,4,6075.6,2011-12-10,1,10,4.0,2394.1,7374.04,17904.57,49668.37,16830944.5,0.5,0.75,1.0,1.0,34.0,15,33,72,179,374
17523.0,2011-11-28,2011-11-20,4,4628.07,2011-12-10,1,12,4.0,2394.1,7374.04,17904.57,49668.37,16830944.5,0.5,0.75,1.0,1.0,34.0,15,33,72,179,374
16120.0,2011-10-11,2011-10-11,4,22733.28,2011-12-10,1,60,4.0,2394.1,7374.04,17904.57,49668.37,16830944.5,0.5,0.75,1.0,1.0,34.0,15,33,72,179,374
15920.0,2011-07-08,2011-07-08,4,3603.88,2011-12-10,1,155,4.0,2394.1,7374.04,17904.57,49668.37,16830944.5,0.5,0.75,1.0,1.0,34.0,15,33,72,179,374
17955.0,2011-05-25,2011-05-04,4,3333.25,2011-12-10,1,199,4.0,2394.1,7374.04,17904.57,49668.37,16830944.5,0.5,0.75,1.0,1.0,34.0,15,33,72,179,374
15332.0,2010-12-08,2010-12-05,4,32208.5,2011-12-10,1,367,4.0,2394.1,7374.04,17904.57,49668.37,16830944.5,0.5,0.75,1.0,1.0,34.0,15,33,72,179,374
14527.0,2011-12-07,2010-12-05,54,90968.56,2011-12-10,13,3,4.15,2394.1,7374.04,17904.57,49668.37,16830944.5,0.5,0.75,1.0,1.0,34.0,15,33,72,179,374
16422.0,2011-11-22,2010-12-05,51,368217.0,2011-12-10,12,18,4.25,2394.1,7374.04,17904.57,49668.37,16830944.5,0.5,0.75,1.0,1.0,34.0,15,33,72,179,374
14156.0,2011-11-30,2010-12-03,52,3218471.7,2011-12-10,12,10,4.33,2394.1,7374.04,17904.57,49668.37,16830944.5,0.5,0.75,1.0,1.0,34.0,15,33,72,179,374
18102.0,2011-12-09,2010-12-07,57,1954076.77,2011-12-10,13,1,4.38,2394.1,7374.04,17904.57,49668.37,16830944.5,0.5,0.75,1.0,1.0,34.0,15,33,72,179,374
13798.0,2011-12-08,2010-12-02,57,367877.25,2011-12-10,13,2,4.38,2394.1,7374.04,17904.57,49668.37,16830944.5,0.5,0.75,1.0,1.0,34.0,15,33,72,179,374
13408.0,2011-12-08,2010-12-01,61,271967.06,2011-12-10,13,2,4.69,2394.1,7374.04,17904.57,49668.37,16830944.5,0.5,0.75,1.0,1.0,34.0,15,33,72,179,374
16029.0,2011-11-01,2010-12-01,62,434629.17,2011-12-10,12,39,5.17,2394.1,7374.04,17904.57,49668.37,16830944.5,0.5,0.75,1.0,1.0,34.0,15,33,72,179,374
14646.0,2011-12-08,2010-12-20,72,16349866.54,2011-12-10,13,2,5.54,2394.1,7374.04,17904.57,49668.37,16830944.5,0.5,0.75,1.0,1.0,34.0,15,33,72,179,374
18139.0,2011-11-22,2011-11-21,6,258669.96,2011-12-10,1,18,6.0,2394.1,7374.04,17904.57,49668.37,16830944.5,0.5,0.75,1.0,1.0,34.0,15,33,72,179,374
12971.0,2011-12-06,2010-12-02,86,41519.33,2011-12-10,13,4,6.62,2394.1,7374.04,17904.57,49668.37,16830944.5,0.5,0.75,1.0,1.0,34.0,15,33,72,179,374
14606.0,2011-12-08,2010-12-01,90,303722.27,2011-12-10,13,2,6.92,2394.1,7374.04,17904.57,49668.37,16830944.5,0.5,0.75,1.0,1.0,34.0,15,33,72,179,374
15311.0,2011-12-09,2010-12-01,91,2075694.29,2011-12-10,13,1,7.0,2394.1,7374.04,17904.57,49668.37,16830944.5,0.5,0.75,1.0,1.0,34.0,15,33,72,179,374
13089.0,2011-12-07,2010-12-05,91,1731602.17,2011-12-10,13,3,7.0,2394.1,7374.04,17904.57,49668.37,16830944.5,0.5,0.75,1.0,1.0,34.0,15,33,72,179,374
17509.0,2011-10-13,2011-10-07,8,297516.51,2011-12-10,1,58,8.0,2394.1,7374.04,17904.57,49668.37,16830944.5,0.5,0.75,1.0,1.0,34.0,15,33,72,179,374
17841.0,2011-12-08,2010-12-01,124,2954547.17,2011-12-10,13,2,9.54,2394.1,7374.04,17904.57,49668.37,16830944.5,0.5,0.75,1.0,1.0,34.0,15,33,72,179,374
14911.0,2011-12-08,2010-12-01,197,4356322.59,2011-12-10,13,2,15.15,2394.1,7374.04,17904.57,49668.37,16830944.5,0.5,0.75,1.0,1.0,34.0,15,33,72,179,374
12748.0,2011-12-09,2010-12-01,204,1417821.13,2011-12-10,13,1,15.69,2394.1,7374.04,17904.57,49668.37,16830944.5,0.5,0.75,1.0,1.0,34.0,15,33,72,179,374
17850.0,2010-12-02,2010-12-01,34,69018.88,2011-12-10,1,373,34.0,2394.1,7374.04,17904.57,49668.37,16830944.5,0.5,0.75,1.0,1.0,34.0,15,33,72,179,374