CustomerID,m_score,f_score,r_score,monetary,frequency,recency,fm_score
14865.0,1,1,5,126.6,0.15,8,1
15101.0,1,1,5,1270.12,0.15,9,1
13255.0,1,1,5,1537.56,0.17,10,1
14448.0,1,1,5,2116.8,0.17,10,1
16596.0,1,1,5,1181.25,0.17,16,1
14987.0,1,1,5,652.8,0.17,16,1
16519.0,1,1,5,261.82,0.17,26,1
17430.0,1,1,5,1941.44,0.17,33,1
14520.0,1,1,5,481.8,0.18,2,1
13068.0,1,1,5,344.0,0.18,11,1
14784.0,1,1,5,1812.32,0.18,27,1
17181.0,1,1,5,1113.84,0.18,58,1
16620.0,1,1,5,579.84,0.2,4,1
17817.0,1,1,5,1649.74,0.2,5,1
14761.0,1,1,5,1316.1,0.2,59,1
17339.0,1,1,5,1156.8,0.2,95,1
17436.0,1,1,5,959.1,0.22,2,1
15393.0,1,1,5,1423.84,0.22,17,1
16414.0,1,1,5,258.3,0.22,22,1
17080.0,1,1,5,1224.72,0.22,23,1
18270.0,1,1,5,1322.0,0.22,39,1
13792.0,1,1,5,1166.0,0.22,67,1
15689.0,1,1,5,1072.8,0.22,120,1
16835.0,1,1,5,904.25,0.22,129,1
13404.0,1,1,5,2029.65,0.25,2,1
13525.0,1,1,5,1531.76,0.25,15,1
18080.0,1,1,5,1231.5,0.25,19,1
13962.0,1,1,5,246.3,0.25,22,1
18246.0,1,1,5,669.8,0.25,24,1
17376.0,1,1,5,2221.65,0.25,71,1
14147.0,1,1,5,240.0,0.25,79,1
17256.0,1,1,5,1983.2,0.25,108,1
17742.0,1,1,5,1544.8,0.25,114,1
15713.0,1,1,5,2024.2,0.25,144,1
12875.0,1,1,5,343.23,0.25,144,1
12915.0,1,1,5,1339.85,0.25,149,1
15512.0,1,1,5,627.0,0.25,156,1
13502.0,1,1,5,1602.6,0.27,17,1
17025.0,1,1,5,1377.53,0.27,61,1
17157.0,1,1,5,2079.38,0.29,8,1
14551.0,1,1,5,619.55,0.29,19,1
17384.0,1,1,5,1987.95,0.29,20,1
14853.0,1,1,5,226.2,0.29,25,1
15863.0,1,1,5,595.06,0.29,26,1
17166.0,1,1,5,1433.4,0.29,39,1
17928.0,1,1,5,1546.08,0.29,46,1
13169.0,1,1,5,2250.56,0.29,64,1
15030.0,1,1,5,1920.36,0.29,72,1
16778.0,1,1,5,1823.5,0.29,75,1
12604.0,1,1,5,1898.58,0.29,80,1
16080.0,1,1,5,1085.8,0.29,82,1
14915.0,1,1,5,1478.26,0.29,92,1
14548.0,1,1,5,1305.6,0.29,151,1
13754.0,1,1,5,1291.8,0.29,152,1
17969.0,1,1,5,1063.2,0.29,167,1
14491.0,1,1,5,1782.12,0.29,176,1
17026.0,1,1,5,162.48,0.29,186,1
18273.0,1,1,5,204.0,0.3,3,1
15781.0,1,1,5,1871.79,0.3,26,1
12990.0,1,1,5,1831.7,0.3,32,1
16852.0,1,1,5,295.4,0.33,11,1
13589.0,1,1,5,2191.0,0.33,15,1
17155.0,1,1,5,2274.2,0.33,18,1
15124.0,1,1,5,1014.1,0.33,23,1
13592.0,1,1,5,610.07,0.33,36,1
17816.0,1,1,5,215.72,0.33,37,1
14798.0,1,1,5,802.88,0.33,53,1
13666.0,1,1,5,333.15,0.33,61,1
14819.0,1,1,5,1481.31,0.33,65,1
12527.0,1,1,5,1852.26,0.33,82,1
16927.0,1,1,5,1007.85,0.33,116,1
13929.0,1,1,5,1638.45,0.33,170,1
12908.0,1,1,5,750.0,0.33,177,1
14501.0,1,1,5,1373.4,0.33,184,1
17707.0,1,1,5,388.5,0.33,186,1
15732.0,1,1,5,2094.68,0.33,213,1
16634.0,1,1,5,769.5,0.33,223,1
15587.0,1,1,5,2172.24,0.36,51,1
14287.0,1,1,5,682.03,0.38,9,1
18017.0,1,1,5,523.0,0.38,82,1
15690.0,1,1,5,2304.36,0.4,5,1
14658.0,1,1,5,1644.97,0.4,6,1
18282.0,1,1,5,582.91,0.4,8,1
12962.0,1,1,5,1929.65,0.4,8,1
13207.0,1,1,5,1145.82,0.4,16,1
16557.0,1,1,5,980.3,0.4,25,1
13029.0,1,1,5,506.9,0.4,31,1
13283.0,1,1,5,391.8,0.4,60,1
13972.0,1,1,5,1579.2,0.4,71,1
17572.0,1,1,5,616.8,0.4,72,1
16690.0,1,1,5,1165.28,0.4,73,1
13529.0,1,1,5,1410.28,0.4,79,1
12871.0,1,1,5,2268.48,0.4,85,1
17029.0,1,1,5,716.0,0.4,111,1
15045.0,1,1,5,1370.16,0.4,152,1
13453.0,1,1,5,1941.66,0.4,166,1
17446.0,1,1,5,551.7,0.4,177,1
18190.0,1,1,5,1359.12,0.4,193,1
17889.0,1,1,5,1902.36,0.4,213,1
16163.0,1,1,5,1365.4,0.4,233,1
15081.0,1,1,5,2219.6,0.42,23,1
13984.0,1,1,5,2335.2,0.42,27,1
15969.0,1,1,5,1416.3,0.43,3,1
13946.0,1,1,5,2371.2,0.43,80,1
15675.0,1,1,5,2143.84,0.43,82,1
14513.0,1,1,5,1463.89,0.43,101,1
17616.0,1,1,5,571.2,0.43,174,1
15206.0,1,1,5,1190.1,0.44,11,1
15304.0,1,1,5,750.25,0.45,61,1
13083.0,1,1,5,2133.36,0.5,5,1
14111.0,1,1,5,1967.4,0.5,15,1
16566.0,1,1,5,2170.92,0.5,16,1
14768.0,1,1,5,592.2,0.5,18,1
13669.0,1,1,5,1093.2,0.5,51,1
16621.0,1,1,5,2209.59,0.5,52,1
16861.0,1,1,5,553.44,0.5,60,1
13092.0,1,1,5,953.02,0.5,71,1
14609.0,1,1,5,601.56,0.5,73,1
17388.0,1,1,5,2394.1,0.5,78,1
14500.0,1,1,5,1109.4,0.5,89,1
18018.0,1,1,5,1557.25,0.5,109,1
16473.0,1,1,5,1568.26,0.5,165,1
14377.0,1,1,5,1372.8,0.5,192,1
15724.0,1,1,5,1205.85,0.5,202,1
12897.0,1,1,5,433.0,0.5,205,1
14242.0,1,1,5,1646.05,0.5,235,1
15139.0,1,1,5,1261.1,0.5,240,1
16321.0,1,1,5,754.5,0.56,73,1
14173.0,1,1,5,2338.02,0.57,11,1
13489.0,1,1,5,1314.96,0.57,106,1
16112.0,1,1,5,849.44,0.57,144,1
16668.0,1,1,5,1125.36,0.6,16,1
13058.0,1,1,5,536.85,0.6,25,1
18081.0,1,1,5,1549.8,0.6,37,1
14681.0,1,1,5,168.0,0.6,72,1
14463.0,1,1,5,455.34,0.6,99,1
12891.0,1,1,5,331.0,0.6,186,1
12823.0,1,1,5,1759.5,0.63,75,1
15938.0,1,1,5,1296.5,0.63,113,1
17988.0,1,1,5,831.81,0.64,12,1
16313.0,1,1,5,1994.76,0.67,4,1
18030.0,1,1,5,371.85,0.67,5,1
16189.0,1,1,5,990.18,0.67,16,1
17163.0,1,1,5,709.3,0.67,22,1
13960.0,1,1,5,1329.36,0.67,22,1
13272.0,1,1,5,1386.48,0.67,32,1
16836.0,1,1,5,1627.59,0.67,40,1
18147.0,1,1,5,636.9,0.67,46,1
14495.0,1,1,5,414.0,0.67,51,1
12492.0,1,1,5,2055.32,0.67,64,1
18146.0,1,1,5,808.8,0.67,141,1
12464.0,1,1,5,76.5,0.67,150,1
16998.0,1,1,5,295.0,0.67,150,1
17409.0,1,1,5,2204.25,0.67,185,1
17854.0,1,1,5,1349.37,0.67,186,1
14512.0,1,1,5,1636.76,0.67,188,1
12547.0,1,1,5,677.4,0.67,198,1
12888.0,1,1,5,294.48,0.67,215,1
13718.0,1,1,5,1275.8,0.67,247,1
15759.0,1,1,5,192.12,0.67,297,1
15400.0,1,1,5,2383.7,0.71,93,1
17024.0,1,1,5,95.85,0.75,46,1
16872.0,1,1,5,1394.04,0.75,78,1
16027.0,1,1,5,1612.44,0.75,92,1
15462.0,1,1,5,913.8,0.75,95,1
13003.0,1,1,5,326.2,0.75,106,1
13242.0,1,1,5,1601.6,0.75,113,1
17615.0,1,1,5,1250.3,0.75,131,1
14958.0,1,1,5,2194.46,0.75,148,1
18037.0,1,1,5,133.15,0.75,155,1
17440.0,1,1,5,365.82,0.75,157,1
12414.0,1,1,5,2123.01,0.75,218,1
14616.0,1,1,5,406.08,0.75,243,1
13928.0,1,1,5,2089.42,0.8,11,1
13277.0,1,1,5,550.3,0.8,16,1
17268.0,1,1,5,1250.8,0.8,108,1
17849.0,1,1,5,1192.9,0.8,219,1
13079.0,1,1,5,333.0,0.83,5,1
12601.0,1,1,5,2152.48,0.83,190,1
17668.0,1,1,5,506.0,1.0,2,1
13436.0,1,1,5,908.32,1.0,2,1
13298.0,1,1,5,720.0,1.0,2,1
14569.0,1,1,5,2024.9,1.0,2,1
15992.0,1,1,5,54.08,1.0,4,1
12442.0,1,1,5,1584.66,1.0,4,1
16569.0,1,1,5,621.0,1.0,4,1
16851.0,1,1,5,2294.16,1.0,5,1
16597.0,1,1,5,630.28,1.0,5,1
14219.0,1,1,5,629.58,1.0,5,1
12367.0,1,1,5,1509.0,1.0,5,1
14354.0,1,1,5,754.2,1.0,6,1
16988.0,1,1,5,504.35,1.0,6,1
17942.0,1,1,5,155.0,1.0,8,1
12587.0,1,1,5,312.0,1.0,8,1
13017.0,1,1,5,204.0,1.0,8,1
18174.0,1,1,5,104.0,1.0,8,1
16789.0,1,1,5,404.0,1.0,9,1
17737.0,1,1,5,847.74,1.0,10,1
18058.0,1,1,5,510.48,1.0,10,1
12966.0,1,1,5,1329.12,1.0,10,1
15619.0,1,1,5,1009.2,1.0,11,1
14601.0,1,1,5,1497.72,1.0,11,1
17359.0,1,1,5,1511.44,1.0,12,1
13188.0,1,1,5,99.6,1.0,12,1
13978.0,1,1,5,2263.66,1.0,15,1
16856.0,1,1,5,70.8,1.0,15,1
12531.0,1,1,5,1524.32,1.0,15,1
14946.0,1,1,5,302.7,1.0,15,1
13638.0,1,1,5,679.98,1.0,16,1
18184.0,1,1,5,49.8,1.0,16,1
15428.0,1,1,5,562.68,1.0,16,1
14581.0,1,1,5,2356.2,1.0,17,1
18084.0,1,1,5,90.48,1.0,17,1
13403.0,1,1,5,225.0,1.0,18,1
17600.0,1,1,5,1740.24,1.0,18,1
14424.0,1,1,5,322.08,1.0,18,1
18249.0,1,1,5,762.72,1.0,18,1
12586.0,1,1,5,1865.4,1.0,18,1
14300.0,1,1,5,129.6,1.0,19,1
12795.0,1,1,5,1730.97,1.0,19,1
15567.0,1,1,5,1026.36,1.0,19,1
12984.0,1,1,5,390.0,1.0,19,1
17253.0,1,1,5,1804.74,1.0,19,1
13739.0,1,1,5,650.7,1.0,19,1
17010.0,1,1,5,2148.96,1.0,19,1
16506.0,1,1,5,145.5,1.0,20,1
12702.0,1,1,5,2211.0,1.0,20,1
16784.0,1,1,5,322.8,1.0,20,1
14860.0,1,1,5,1873.52,1.0,20,1
13832.0,1,1,5,156.6,1.0,20,1
14641.0,1,1,5,773.22,1.0,22,1
12618.0,1,1,5,1373.1,1.0,22,1
15368.0,1,1,5,1787.76,1.0,22,1
17650.0,1,1,5,1328.64,1.0,22,1
17330.0,1,1,5,1423.5,1.0,23,1
15657.0,1,1,5,30.0,1.0,23,1
13160.0,1,1,5,367.2,1.0,23,1
12445.0,1,1,5,232.2,1.0,23,1
17549.0,1,1,5,539.04,1.0,24,1
16855.0,1,1,5,2303.0,1.0,24,1
15269.0,1,1,5,118.8,1.0,24,1
17680.0,1,1,5,2028.4,1.0,24,1
13926.0,1,1,5,1494.0,1.0,24,1
17896.0,1,1,5,512.64,1.0,24,1
15432.0,1,1,5,1711.9,1.0,24,1
15419.0,1,1,5,1086.88,1.0,25,1
15758.0,1,1,5,1847.25,1.0,25,1
14666.0,1,1,5,2279.55,1.0,25,1
14714.0,1,1,5,1020.32,1.0,25,1
14494.0,1,1,5,976.92,1.0,26,1
12938.0,1,1,5,1027.26,1.0,26,1
15168.0,1,1,5,532.8,1.0,26,1
17538.0,1,1,5,885.78,1.0,26,1
15458.0,1,1,5,1131.48,1.0,26,1
14661.0,1,1,5,123.15,1.0,27,1
14789.0,1,1,5,1185.84,1.0,29,1
18209.0,1,1,5,1112.8,1.0,29,1
15692.0,1,1,5,2292.48,1.0,29,1
15355.0,1,1,5,1914.8,1.0,30,1
13460.0,1,1,5,1637.94,1.0,30,1
17500.0,1,1,5,66.0,1.0,30,1
12659.0,1,1,5,294.72,1.0,30,1
17791.0,1,1,5,1061.0,1.0,30,1
15463.0,1,1,5,882.98,1.0,30,1
17901.0,1,1,5,696.22,1.0,30,1
12504.0,1,1,5,120.0,1.0,31,1
16516.0,1,1,5,610.2,1.0,31,1
13522.0,1,1,5,629.0,1.0,31,1
15986.0,1,1,5,2353.68,1.0,31,1
13992.0,1,1,5,384.0,1.0,31,1
16953.0,1,1,5,20.8,1.0,31,1
18274.0,1,1,5,1631.7,1.0,31,1
13710.0,1,1,5,1443.84,1.0,32,1
15043.0,1,1,5,1611.0,1.0,32,1
17022.0,1,1,5,497.0,1.0,32,1
14080.0,1,1,5,182.4,1.0,33,1
14073.0,1,1,5,1963.52,1.0,33,1
14929.0,1,1,5,1728.8,1.0,33,1
15017.0,1,1,5,2196.97,1.0,34,1
14039.0,1,1,5,913.2,1.0,34,1
15526.0,1,1,5,18.28,1.0,34,1
17831.0,1,1,5,70.8,1.0,34,1
13938.0,1,1,5,501.62,1.0,36,1
15612.0,1,1,5,429.95,1.0,37,1
16337.0,1,1,5,1198.35,1.0,37,1
18105.0,1,1,5,1760.01,1.0,38,1
14974.0,1,1,5,1795.31,1.0,38,1
17947.0,1,1,5,1590.12,1.0,38,1
13697.0,1,1,5,1815.6,1.0,39,1
14345.0,1,1,5,653.88,1.0,39,1
15423.0,1,1,5,87.0,1.0,39,1
13145.0,1,1,5,495.36,1.0,40,1
12581.0,1,1,5,2206.88,1.0,40,1
13103.0,1,1,5,851.64,1.0,40,1
13651.0,1,1,5,396.0,1.0,40,1
12552.0,1,1,5,2364.67,1.0,40,1
12588.0,1,1,5,398.25,1.0,40,1
14582.0,1,1,5,471.05,1.0,41,1
14295.0,1,1,5,831.0,1.0,41,1
16190.0,1,1,5,626.15,1.0,41,1
14218.0,1,1,5,2033.76,1.0,43,1
15096.0,1,1,5,2068.9,1.0,43,1
14752.0,1,1,5,1948.2,1.0,44,1
16847.0,1,1,5,2321.28,1.0,44,1
12430.0,1,1,5,1517.4,1.0,44,1
16680.0,1,1,5,1197.6,1.0,44,1
17895.0,1,1,5,1568.0,1.0,45,1
13182.0,1,1,5,1332.98,1.0,46,1
14764.0,1,1,5,1669.8,1.0,47,1
15844.0,1,1,5,1088.4,1.0,47,1
12403.0,1,1,5,1566.8,1.0,50,1
15286.0,1,1,5,721.65,1.0,50,1
15740.0,1,1,5,1393.92,1.0,50,1
15565.0,1,1,5,692.64,1.0,51,1
16177.0,1,1,5,2318.25,1.0,51,1
13366.0,1,1,5,56.16,1.0,51,1
16846.0,1,1,5,2357.52,1.0,51,1
15836.0,1,1,5,199.88,1.0,51,1
17148.0,1,1,5,1123.92,1.0,52,1
15610.0,1,1,5,674.76,1.0,52,1
18019.0,1,1,5,114.0,1.0,52,1
14799.0,1,1,5,1406.35,1.0,52,1
15327.0,1,1,5,875.7,1.0,53,1
14861.0,1,1,5,754.74,1.0,53,1
12863.0,1,1,5,724.8,1.0,53,1
16542.0,1,1,5,598.1,1.0,54,1
18042.0,1,1,5,560.1,1.0,54,1
17534.0,1,1,5,2010.24,1.0,54,1
16737.0,1,1,5,417.6,1.0,54,1
17206.0,1,1,5,1429.68,1.0,54,1
17785.0,1,1,5,1481.28,1.0,54,1
16363.0,1,1,5,301.44,1.0,54,1
14089.0,1,1,5,2254.0,1.0,57,1
13006.0,1,1,5,129.96,1.0,57,1
17986.0,1,1,5,20.8,1.0,57,1
17279.0,1,1,5,611.58,1.0,58,1
16430.0,1,1,5,1805.1,1.0,58,1
13858.0,1,1,5,1991.7,1.0,58,1
14642.0,1,1,5,192.24,1.0,59,1
12602.0,1,1,5,1421.42,1.0,59,1
18277.0,1,1,5,883.04,1.0,59,1
17620.0,1,1,5,142.32,1.0,60,1
16171.0,1,1,5,219.6,1.0,60,1
13690.0,1,1,5,682.5,1.0,60,1
14027.0,1,1,5,628.92,1.0,61,1
16179.0,1,1,5,1775.8,1.0,61,1
18169.0,1,1,5,1213.2,1.0,61,1
13980.0,1,1,5,1218.06,1.0,61,1
15886.0,1,1,5,1882.54,1.0,61,1
16248.0,1,1,5,1070.58,1.0,62,1
13260.0,1,1,5,1554.12,1.0,62,1
17030.0,1,1,5,1298.7,1.0,64,1
14792.0,1,1,5,12.4,1.0,64,1
13876.0,1,1,5,592.8,1.0,64,1
13806.0,1,1,5,1963.17,1.0,64,1
16432.0,1,1,5,2299.2,1.0,65,1
14518.0,1,1,5,2084.88,1.0,65,1
15937.0,1,1,5,1017.45,1.0,65,1
16106.0,1,1,5,650.28,1.0,66,1
13483.0,1,1,5,1403.4,1.0,66,1
17382.0,1,1,5,50.4,1.0,66,1
13947.0,1,1,5,453.0,1.0,66,1
17647.0,1,1,5,328.44,1.0,66,1
14054.0,1,1,5,554.76,1.0,66,1
16881.0,1,1,5,432.0,1.0,67,1
14333.0,1,1,5,1693.8,1.0,68,1
16591.0,1,1,5,2135.0,1.0,69,1
15593.0,1,1,5,999.0,1.0,71,1
13095.0,1,1,5,446.4,1.0,71,1
13347.0,1,1,5,2039.52,1.0,71,1
17427.0,1,1,5,201.6,1.0,72,1
13364.0,1,1,5,1349.6,1.0,72,1
14947.0,1,1,5,2076.96,1.0,73,1
14109.0,1,1,5,1297.8,1.0,73,1
15348.0,1,1,5,1422.36,1.0,73,1
17788.0,1,1,5,2218.8,1.0,74,1
13514.0,1,1,5,608.8,1.0,74,1
18278.0,1,1,5,1565.1,1.0,74,1
14908.0,1,1,5,1262.1,1.0,75,1
15958.0,1,1,5,730.45,1.0,75,1
16468.0,1,1,5,62.4,1.0,75,1
13866.0,1,1,5,1019.69,1.0,75,1
14473.0,1,1,5,896.04,1.0,75,1
16342.0,1,1,5,908.34,1.0,76,1
14806.0,1,1,5,1844.4,1.0,76,1
15744.0,1,1,5,104.4,1.0,78,1
16213.0,1,1,5,412.5,1.0,79,1
15603.0,1,1,5,96.96,1.0,79,1
17603.0,1,1,5,1447.2,1.0,79,1
17079.0,1,1,5,237.6,1.0,79,1
13279.0,1,1,5,1239.75,1.0,79,1
13519.0,1,1,5,473.7,1.0,79,1
17415.0,1,1,5,1107.52,1.0,80,1
16627.0,1,1,5,1992.1,1.0,80,1
15888.0,1,1,5,1009.91,1.0,81,1
15504.0,1,1,5,686.79,1.0,82,1
13228.0,1,1,5,716.0,1.0,82,1
17628.0,1,1,5,378.75,1.0,82,1
13067.0,1,1,5,1731.9,1.0,83,1
14124.0,1,1,5,2097.9,1.0,85,1
16878.0,1,1,5,39.9,1.0,85,1
12995.0,1,1,5,633.96,1.0,86,1
12756.0,1,1,5,448.32,1.0,87,1
17347.0,1,1,5,228.96,1.0,87,1
13877.0,1,1,5,351.72,1.0,87,1
15216.0,1,1,5,193.2,1.0,88,1
16959.0,1,1,5,821.45,1.0,88,1
12884.0,1,1,5,834.3,1.0,89,1
18255.0,1,1,5,619.8,1.0,90,1
15198.0,1,1,5,968.2,1.0,93,1
15653.0,1,1,5,1850.88,1.0,93,1
15488.0,1,1,5,76.32,1.0,93,1
13244.0,1,1,5,2274.96,1.0,93,1
14208.0,1,1,5,934.72,1.0,95,1
13130.0,1,1,5,128.0,1.0,95,1
15307.0,1,1,5,1080.8,1.0,96,1
17309.0,1,1,5,993.0,1.0,96,1
14436.0,1,1,5,612.48,1.0,99,1
13470.0,1,1,5,957.0,1.0,100,1
13099.0,1,1,5,207.36,1.0,100,1
12814.0,1,1,5,85.92,1.0,102,1
13778.0,1,1,5,1608.3,1.0,104,1
16641.0,1,1,5,2355.1,1.0,106,1
14196.0,1,1,5,1592.6,1.0,107,1
15263.0,1,1,5,1534.61,1.0,107,1
14314.0,1,1,5,960.0,1.0,107,1
16093.0,1,1,5,17.0,1.0,107,1
17844.0,1,1,5,257.8,1.0,107,1
16429.0,1,1,5,4.95,1.0,107,1
15663.0,1,1,5,1243.26,1.0,107,1
15313.0,1,1,5,52.0,1.0,111,1
17747.0,1,1,5,71.4,1.0,113,1
16828.0,1,1,5,794.5,1.0,113,1
14772.0,1,1,5,1012.08,1.0,113,1
12968.0,1,1,5,504.0,1.0,113,1
13273.0,1,1,5,2223.68,1.0,114,1
16582.0,1,1,5,1881.72,1.0,114,1
12641.0,1,1,5,1031.2,1.0,116,1
17958.0,1,1,5,816.96,1.0,117,1
15683.0,1,1,5,1937.5,1.0,118,1
17122.0,1,1,5,968.24,1.0,120,1
14406.0,1,1,5,957.95,1.0,120,1
13645.0,1,1,5,928.8,1.0,121,1
13307.0,1,1,5,15.0,1.0,121,1
15247.0,1,1,5,2136.0,1.0,123,1
14053.0,1,1,5,568.75,1.0,125,1
13513.0,1,1,5,1733.4,1.0,127,1
13218.0,1,1,5,313.2,1.0,128,1
15374.0,1,1,5,234.0,1.0,129,1
14972.0,1,1,5,1040.55,1.0,129,1
12917.0,1,1,5,1188.0,1.0,129,1
17887.0,1,1,5,503.6,1.0,130,1
17941.0,1,1,5,609.12,1.0,131,1
14143.0,1,1,5,259.2,1.0,134,1
13106.0,1,1,5,76.5,1.0,134,1
15118.0,1,1,5,244.8,1.0,135,1
13194.0,1,1,5,182.1,1.0,136,1
17040.0,1,1,5,1917.36,1.0,138,1
13296.0,1,1,5,213.6,1.0,138,1
17693.0,1,1,5,2330.58,1.0,138,1
12864.0,1,1,5,441.36,1.0,139,1
16178.0,1,1,5,1050.7,1.0,139,1
18262.0,1,1,5,1943.24,1.0,141,1
14259.0,1,1,5,600.0,1.0,142,1
14117.0,1,1,5,270.0,1.0,144,1
13967.0,1,1,5,161.4,1.0,146,1
17948.0,1,1,5,358.56,1.0,148,1
15256.0,1,1,5,590.7,1.0,149,1
13420.0,1,1,5,286.8,1.0,150,1
15895.0,1,1,5,1970.87,1.0,150,1
12450.0,1,1,5,803.28,1.0,157,1
16829.0,1,1,5,2169.42,1.0,157,1
12977.0,1,1,5,75.18,1.0,157,1
16338.0,1,1,5,1998.5,1.0,158,1
16344.0,1,1,5,202.2,1.0,159,1
17939.0,1,1,5,1189.68,1.0,160,1
15007.0,1,1,5,1616.56,1.0,160,1
17781.0,1,1,5,860.2,1.0,160,1
16498.0,1,1,5,1286.83,1.0,162,1
15578.0,1,1,5,1652.3,1.0,163,1
15537.0,1,1,5,2161.31,1.0,164,1
16545.0,1,1,5,1017.9,1.0,165,1
14351.0,1,1,5,51.0,1.0,165,1
14104.0,1,1,5,1392.48,1.0,166,1
17110.0,1,1,5,608.8,1.0,166,1
14795.0,1,1,5,788.7,1.0,167,1
12548.0,1,1,5,268.8,1.0,167,1
16647.0,1,1,5,1581.3,1.0,170,1
16287.0,1,1,5,1140.0,1.0,170,1
17709.0,1,1,5,373.75,1.0,170,1
13937.0,1,1,5,1429.65,1.0,170,1
16114.0,1,1,5,1086.0,1.0,171,1
17877.0,1,1,5,1738.11,1.0,171,1
16247.0,1,1,5,1206.24,1.0,171,1
17960.0,1,1,5,1918.28,1.0,172,1
15412.0,1,1,5,640.24,1.0,172,1
15389.0,1,1,5,500.0,1.0,173,1
15280.0,1,1,5,1809.92,1.0,173,1
15909.0,1,1,5,1343.58,1.0,174,1
13618.0,1,1,5,2305.42,1.0,174,1
16050.0,1,1,5,1379.0,1.0,174,1
17879.0,1,1,5,1071.12,1.0,174,1
12837.0,1,1,5,671.85,1.0,174,1
13826.0,1,1,5,613.8,1.0,177,1
15219.0,1,1,5,458.4,1.0,177,1
16461.0,1,1,5,1993.42,1.0,178,1
17349.0,1,1,5,784.0,1.0,180,1
13080.0,1,1,5,348.48,1.0,180,1
18281.0,1,1,5,234.6,1.0,181,1
13686.0,1,1,5,576.0,1.0,183,1
16581.0,1,1,5,952.56,1.0,183,1
17234.0,1,1,5,1482.52,1.0,183,1
15098.0,1,1,5,297.0,1.0,183,1
14241.0,1,1,5,2137.0,1.0,184,1
14542.0,1,1,5,516.25,1.0,186,1
15852.0,1,1,5,997.28,1.0,187,1
16849.0,1,1,5,508.62,1.0,187,1
16611.0,1,1,5,1294.9,1.0,187,1
14682.0,1,1,5,52.0,1.0,188,1
16963.0,1,1,5,773.85,1.0,188,1
13682.0,1,1,5,68.0,1.0,188,1
15405.0,1,1,5,1729.7,1.0,190,1
16659.0,1,1,5,78.24,1.0,190,1
14453.0,1,1,5,2309.58,1.0,191,1
16424.0,1,1,5,667.8,1.0,192,1
13062.0,1,1,5,852.48,1.0,192,1
16483.0,1,1,5,1531.2,1.0,193,1
13070.0,1,1,5,2059.2,1.0,193,1
15925.0,1,1,5,1857.9,1.0,195,1
14280.0,1,1,5,759.78,1.0,197,1
16323.0,1,1,5,207.5,1.0,197,1
12974.0,1,1,5,873.95,1.0,198,1
14816.0,1,1,5,11.9,1.0,198,1
14705.0,1,1,5,179.0,1.0,199,1
15042.0,1,1,5,140.04,1.0,200,1
13479.0,1,1,5,1574.55,1.0,201,1
13223.0,1,1,5,350.4,1.0,201,1
17715.0,1,1,5,326.4,1.0,201,1
13227.0,1,1,5,2319.3,1.0,202,1
15705.0,1,1,5,858.6,1.0,202,1
17455.0,1,1,5,782.6,1.0,204,1
17245.0,1,1,5,1543.05,1.0,205,1
17871.0,1,1,5,1559.0,1.0,205,1
12353.0,1,1,5,58.6,1.0,205,1
17556.0,1,1,5,714.75,1.0,206,1
14689.0,1,1,5,1466.4,1.0,209,1
17263.0,1,1,5,1459.12,1.0,209,1
16006.0,1,1,5,811.2,1.0,212,1
15729.0,1,1,5,425.0,1.0,213,1
18133.0,1,1,5,931.5,1.0,213,1
15063.0,1,1,5,140.4,1.0,214,1
18120.0,1,1,5,1460.0,1.0,215,1
14699.0,1,1,5,873.04,1.0,215,1
12821.0,1,1,5,378.6,1.0,215,1
13561.0,1,1,5,1447.32,1.0,216,1
14353.0,1,1,5,543.6,1.0,216,1
15668.0,1,1,5,76.32,1.0,218,1
16319.0,1,1,5,1213.2,1.0,218,1
17174.0,1,1,5,239.6,1.0,218,1
18227.0,1,1,5,60.0,1.0,218,1
15552.0,1,1,5,1532.04,1.0,218,1
13723.0,1,1,5,750.5,1.0,218,1
16990.0,1,1,5,179.0,1.0,219,1
13762.0,1,1,5,2147.04,1.0,219,1
14340.0,1,1,5,808.2,1.0,219,1
16457.0,1,1,5,1875.24,1.0,219,1
14199.0,1,1,5,10.2,1.0,219,1
14423.0,1,1,5,795.6,1.0,219,1
14393.0,1,1,5,339.75,1.0,219,1
17578.0,1,1,5,717.3,1.0,219,1
17443.0,1,1,5,534.24,1.0,220,1
16610.0,1,1,5,453.96,1.0,220,1
17394.0,1,1,5,581.76,1.0,220,1
16055.0,1,1,5,563.4,1.0,221,1
13229.0,1,1,5,1251.45,1.0,226,1
14271.0,1,1,5,831.78,1.0,226,1
16227.0,1,1,5,1885.32,1.0,226,1
17893.0,1,1,5,1385.25,1.0,226,1
18220.0,1,1,5,610.56,1.0,227,1
17187.0,1,1,5,1313.2,1.0,227,1
17670.0,1,1,5,2262.7,1.0,228,1
12506.0,1,1,5,1690.5,1.0,233,1
17718.0,1,1,5,569.25,1.0,233,1
16587.0,1,1,5,1022.8,1.0,233,1
12622.0,1,1,5,990.8,1.0,233,1
13482.0,1,1,5,2031.04,1.0,233,1
17946.0,1,1,5,986.1,1.0,234,1
17548.0,1,1,5,516.5,1.0,234,1
14148.0,1,1,5,59.4,1.0,234,1
15717.0,1,1,5,1052.1,1.0,235,1
13101.0,1,1,5,638.68,1.0,235,1
17217.0,1,1,5,1021.5,1.0,235,1
16617.0,1,1,5,556.4,1.0,236,1
13120.0,1,1,5,30.6,1.0,239,1
15935.0,1,1,5,910.4,1.0,240,1
17601.0,1,1,5,1044.09,1.0,240,1
15135.0,1,1,5,1251.45,1.0,240,1
16097.0,1,1,5,662.4,1.0,241,1
17746.0,1,1,5,299.2,1.0,241,1
15212.0,1,1,5,248.0,1.0,242,1
16697.0,1,1,5,1738.5,1.0,242,1
17574.0,1,1,5,1090.6,1.0,243,1
14326.0,1,1,5,1470.8,1.0,243,1
13508.0,1,1,5,1080.42,1.0,244,1
18129.0,1,1,5,1297.4,1.0,244,1
15119.0,1,1,5,1628.0,1.0,246,1
14924.0,1,1,5,1344.4,1.0,246,1
16623.0,1,1,5,647.25,1.0,246,1
15775.0,1,1,5,527.4,1.0,246,1
13712.0,1,1,5,2288.4,1.0,247,1
14981.0,1,1,5,816.96,1.0,247,1
15917.0,1,1,5,544.95,1.0,248,1
14964.0,1,1,5,2018.61,1.0,248,1
17906.0,1,1,5,615.45,1.0,248,1
15442.0,1,1,5,1188.0,1.0,249,1
13059.0,1,1,5,513.9,1.0,250,1
13781.0,1,1,5,1385.85,1.0,251,1
13462.0,1,1,5,1363.5,1.0,253,1
13841.0,1,1,5,85.0,1.0,253,1
16162.0,1,1,5,11.9,1.0,253,1
15691.0,1,1,5,273.6,1.0,253,1
14890.0,1,1,5,879.55,1.0,254,1
14957.0,1,1,5,701.88,1.0,254,1
17212.0,1,1,5,907.4,1.0,254,1
17775.0,1,1,5,169.2,1.0,255,1
15083.0,1,1,5,188.1,1.0,257,1
18010.0,1,1,5,1252.0,1.0,257,1
16692.0,1,1,5,1117.5,1.0,257,1
14536.0,1,1,5,1075.9,1.0,260,1
17698.0,1,1,5,1239.6,1.0,261,1
15178.0,1,1,5,121.5,1.0,261,1
18191.0,1,1,5,1454.6,1.0,262,1
13132.0,1,1,5,120.6,1.0,262,1
14632.0,1,1,5,916.48,1.0,263,1
12831.0,1,1,5,1516.4,1.0,263,1
16427.0,1,1,5,1095.5,1.0,264,1
18224.0,1,1,5,1589.5,1.0,264,1
17763.0,1,1,5,15.0,1.0,264,1
13262.0,1,1,5,1190.61,1.0,264,1
15703.0,1,1,5,1057.5,1.0,265,1
12902.0,1,1,5,614.46,1.0,265,1
14693.0,1,1,5,317.8,1.0,265,1
16096.0,1,1,5,1558.2,1.0,265,1
15445.0,1,1,5,204.3,1.0,265,1
16716.0,1,1,5,901.2,1.0,267,1
13072.0,1,1,5,1240.05,1.0,267,1
14059.0,1,1,5,1468.8,1.0,267,1
14066.0,1,1,5,685.8,1.0,267,1
17060.0,1,1,5,1171.2,1.0,267,1
14155.0,1,1,5,712.5,1.0,267,1
13185.0,1,1,5,71.4,1.0,268,1
14840.0,1,1,5,251.4,1.0,268,1
13216.0,1,1,5,1668.7,1.0,268,1
16976.0,1,1,5,76.32,1.0,268,1
13299.0,1,1,5,331.2,1.0,269,1
15381.0,1,1,5,1976.1,1.0,269,1
14962.0,1,1,5,467.0,1.0,271,1
15388.0,1,1,5,1405.4,1.0,271,1
13133.0,1,1,5,212.25,1.0,274,1
15049.0,1,1,5,363.51,1.0,274,1
13226.0,1,1,5,1197.14,1.0,274,1
14603.0,1,1,5,1320.0,1.0,275,1
18086.0,1,1,5,709.38,1.0,275,1
14727.0,1,1,5,812.21,1.0,275,1
13493.0,1,1,5,1305.54,1.0,276,1
12881.0,1,1,5,276.0,1.0,276,1
14165.0,1,1,5,1854.38,1.0,276,1
15944.0,1,1,5,749.5,1.0,277,1
16917.0,1,1,5,2244.34,1.0,277,1
17639.0,1,1,5,240.8,1.0,277,1
15554.0,1,1,5,1463.0,1.0,278,1
18280.0,1,1,5,1446.3,1.0,278,1
17654.0,1,1,5,1532.35,1.0,278,1
14247.0,1,1,5,1770.04,1.0,279,1
17325.0,1,1,5,580.8,1.0,281,1
17535.0,1,1,5,2137.2,1.0,281,1
14483.0,1,1,5,1233.9,1.0,282,1
17995.0,1,1,5,152.2,1.0,282,1
17789.0,1,1,5,2299.8,1.0,282,1
12817.0,1,1,5,378.12,1.0,282,1
15733.0,1,1,5,1026.4,1.0,283,1
16792.0,1,1,5,876.8,1.0,283,1
12873.0,1,1,5,918.0,1.0,283,1
17923.0,1,1,5,207.5,1.0,283,1
16078.0,1,1,5,79.2,1.0,284,1
15709.0,1,1,5,799.5,1.0,284,1
15319.0,1,1,5,1885.0,1.0,284,1
15257.0,1,1,5,80.4,1.0,284,1
16339.0,1,1,5,2199.0,1.0,285,1
12509.0,1,1,5,622.5,1.0,285,1
14046.0,1,1,5,2169.86,1.0,285,1
17165.0,1,1,5,1249.02,1.0,285,1
13684.0,1,1,5,2016.9,1.0,286,1
16598.0,1,1,5,1450.5,1.0,286,1
12361.0,1,1,5,1574.1,1.0,288,1
13973.0,1,1,5,1680.75,1.0,288,1
12565.0,1,1,5,1313.28,1.0,289,1
17117.0,1,1,5,624.75,1.0,289,1
16072.0,1,1,5,1158.96,1.0,289,1
15397.0,1,1,5,564.0,1.0,290,1
16349.0,1,1,5,75.9,1.0,291,1
16913.0,1,1,5,907.52,1.0,291,1
13932.0,1,1,5,2328.7,1.0,295,1
18138.0,1,1,5,788.4,1.0,296,1
14371.0,1,1,5,402.0,1.0,296,1
16509.0,1,1,5,1017.0,1.0,297,1
14386.0,1,1,5,752.4,1.0,297,1
15670.0,1,1,5,2076.6,1.0,297,1
16148.0,1,1,5,76.32,1.0,297,1
16738.0,1,1,5,3.75,1.0,298,1
16073.0,1,1,5,122.4,1.0,298,1
14760.0,1,1,5,446.0,1.0,298,1
13672.0,1,1,5,559.17,1.0,302,1
15843.0,1,1,5,403.5,1.0,304,1
12401.0,1,1,5,65.7,1.0,304,1
15753.0,1,1,5,79.2,1.0,305,1
17881.0,1,1,5,1066.8,1.0,305,1
13809.0,1,1,5,673.2,1.0,306,1
13584.0,1,1,5,1363.5,1.0,307,1
14438.0,1,1,5,1187.1,1.0,307,1
12956.0,1,1,5,1404.54,1.0,307,1
17929.0,1,1,5,392.4,1.0,309,1
17517.0,1,1,5,1284.4,1.0,309,1
17291.0,1,1,5,550.8,1.0,309,1
13581.0,1,1,5,870.3,1.0,310,1
14457.0,1,1,5,454.56,1.0,311,1
15226.0,1,1,5,902.37,1.0,311,1
12929.0,1,1,5,354.75,1.0,312,1
16403.0,1,1,5,1775.0,1.0,313,1
13161.0,1,1,5,574.5,1.0,314,1
12574.0,1,1,5,1462.95,1.0,316,1
17118.0,1,1,5,1570.2,1.0,318,1
16124.0,1,1,5,793.8,1.0,318,1
16757.0,1,1,5,747.81,1.0,319,1
14248.0,1,1,5,690.06,1.0,319,1
13002.0,1,1,5,666.0,1.0,319,1
14368.0,1,1,5,631.2,1.0,320,1
14782.0,1,1,5,1200.6,1.0,320,1
13551.0,1,1,5,160.65,1.0,320,1
17714.0,1,1,5,1530.0,1.0,321,1
15174.0,1,1,5,1493.25,1.0,323,1
16387.0,1,1,5,377.44,1.0,323,1
15262.0,1,1,5,1457.55,1.0,324,1
17862.0,1,1,5,1820.0,1.0,324,1
12402.0,1,1,5,1956.0,1.0,324,1
12665.0,1,1,5,90.0,1.0,325,1
14090.0,1,1,5,76.32,1.0,325,1
13898.0,1,1,5,1528.23,1.0,326,1
15395.0,1,1,5,542.7,1.0,326,1
15316.0,1,1,5,165.0,1.0,327,1
14238.0,1,1,5,819.0,1.0,327,1
12672.0,1,1,5,2259.0,1.0,330,1
13284.0,1,1,5,1487.4,1.0,331,1
14114.0,1,1,5,2146.43,1.0,331,1
15447.0,1,1,5,1037.36,1.0,331,1
16315.0,1,1,5,1555.2,1.0,331,1
14185.0,1,1,5,12.75,1.0,332,1
12736.0,1,1,5,432.0,1.0,333,1
16351.0,1,1,5,1231.2,1.0,333,1
13144.0,1,1,5,94.4,1.0,333,1
17128.0,1,1,5,1447.49,1.0,335,1
12651.0,1,1,5,1026.0,1.0,335,1
18032.0,1,1,5,367.5,1.0,335,1
15649.0,1,1,5,816.0,1.0,337,1
12829.0,1,1,5,529.2,1.0,337,1
15607.0,1,1,5,1053.12,1.0,337,1
12489.0,1,1,5,2280.63,1.0,337,1
14889.0,1,1,5,1359.0,1.0,337,1
12386.0,1,1,5,2357.2,1.0,338,1
15266.0,1,1,5,397.5,1.0,339,1
16282.0,1,1,5,1851.3,1.0,340,1
15562.0,1,1,5,134.55,1.0,352,1
13922.0,1,1,5,471.0,1.0,352,1
12734.0,1,1,5,441.6,1.0,353,1
12515.0,1,1,5,2098.8,1.0,354,1
12551.0,1,1,5,1680.0,1.0,358,1
15204.0,1,1,5,1988.64,1.0,358,1
15160.0,1,1,5,632.64,1.0,358,1
13033.0,1,1,5,2096.05,1.0,358,1
17496.0,1,1,5,2259.9,1.0,359,1
14373.0,1,1,5,52.2,1.0,359,1
13295.0,1,1,5,1657.8,1.0,360,1
18050.0,1,1,5,372.0,1.0,360,1
17752.0,1,1,5,80.64,1.0,360,1
13948.0,1,1,5,306.0,1.0,361,1
17524.0,1,1,5,870.0,1.0,362,1
16665.0,1,1,5,548.7,1.0,363,1
16565.0,1,1,5,521.1,1.0,365,1
14437.0,1,1,5,315.0,1.0,366,1
12797.0,1,1,5,2267.43,1.0,366,1
14355.0,1,1,5,1918.4,1.0,366,1
15945.0,1,1,5,362.0,1.0,366,1
14821.0,1,1,5,97.6,1.0,367,1
12441.0,1,1,5,1555.5,1.0,367,1
15973.0,1,1,5,332.16,1.0,367,1
15221.0,1,1,5,325.2,1.0,367,1
16679.0,1,1,5,234.0,1.0,367,1
18269.0,1,1,5,1180.2,1.0,367,1
13270.0,1,1,5,590.0,1.0,367,1
15347.0,1,1,5,1008.0,1.0,367,1
13786.0,1,1,5,1612.8,1.0,368,1
15180.0,1,1,5,525.0,1.0,368,1
13807.0,1,1,5,788.2,1.0,368,1
15899.0,1,1,5,130.5,1.0,369,1
18113.0,1,1,5,76.32,1.0,369,1
16658.0,1,1,5,985.92,1.0,369,1
12686.0,1,1,5,426.84,1.0,372,1
14589.0,1,1,5,119.25,1.0,372,1
16926.0,1,1,5,1282.5,1.0,372,1
12855.0,1,1,5,114.3,1.0,373,1
17925.0,1,1,5,244.08,1.0,373,1
13108.0,1,1,5,2232.54,1.0,373,1
15070.0,1,1,5,106.2,1.0,373,1
15923.0,1,1,5,2342.6,1.0,373,1
16752.0,1,1,5,561.6,1.0,373,1
16510.0,1,1,5,1606.95,1.0,373,1
13011.0,1,1,5,151.65,1.0,373,1
14576.0,1,1,5,35.4,1.0,373,1
12738.0,1,1,5,883.2,1.0,373,1
12791.0,1,1,5,177.6,1.0,374,1
14237.0,1,1,5,387.25,1.0,374,1
15350.0,1,1,5,578.25,1.0,374,1
17643.0,1,1,5,634.2,1.0,374,1
13065.0,1,1,5,1543.1,1.0,374,1
13147.0,1,1,5,712.8,1.33,11,1
15107.0,1,1,5,432.6,1.33,312,1
13631.0,1,1,5,2220.42,1.43,100,1
18059.0,1,1,5,1847.94,1.5,24,1
12879.0,1,1,5,1860.16,1.5,45,1
13217.0,1,1,5,930.94,1.5,123,1
13856.0,1,1,5,1712.6,1.5,169,1
16226.0,1,1,5,844.68,1.5,204,1
14045.0,1,1,5,1322.55,1.5,338,1
17912.0,1,1,5,2285.58,1.67,311,1
14785.0,1,1,5,116.88,2.0,11,1
17468.0,1,1,5,458.0,2.0,11,1
17852.0,1,1,5,1474.64,2.0,12,1
16986.0,1,1,5,1956.4,2.0,30,1
12522.0,1,1,5,783.6,2.0,40,1
16454.0,1,1,5,6.9,2.0,45,1
17186.0,1,1,5,144.0,2.0,47,1
16952.0,1,1,5,1002.6,2.0,110,1
17391.0,1,1,5,915.84,2.0,164,1
17900.0,1,1,5,259.2,2.0,191,1
16832.0,1,1,5,339.9,2.0,204,1
18048.0,1,1,5,1014.74,2.0,204,1
13711.0,1,1,5,1722.24,2.0,219,1
14697.0,1,1,5,1914.57,2.0,219,1
17991.0,1,1,5,135.7,2.0,226,1
12845.0,1,1,5,1222.81,2.0,268,1
15869.0,1,1,5,1188.45,2.0,278,1
16405.0,1,1,5,341.35,2.0,303,1
15661.0,1,1,5,891.2,2.0,318,1
15422.0,1,1,5,293.1,2.0,324,1
16499.0,1,1,5,2356.4,2.0,361,1
14813.0,1,1,5,2232.26,2.0,370,1
16048.0,1,1,5,1764.84,2.0,374,1
16500.0,1,1,5,484.62,2.5,5,1
14385.0,1,1,5,955.39,3.0,10,1
14836.0,1,1,5,330.6,3.0,11,1
15516.0,1,1,5,481.83,3.0,45,1
16866.0,1,1,5,332.85,3.0,141,1
13579.0,2,1,5,5478.76,0.17,15,1
16411.0,2,1,5,4757.1,0.17,20,1
17760.0,2,1,5,3153.12,0.17,22,1
17235.0,2,1,5,7374.04,0.17,26,1
13817.0,2,1,5,3941.52,0.17,30,1
16863.0,2,1,5,7233.6,0.17,32,1
13329.0,2,1,5,5884.8,0.17,32,1
12944.0,2,1,5,7115.4,0.17,36,1
13565.0,2,1,5,4683.34,0.18,20,1
17540.0,2,1,5,6568.0,0.18,25,1
17711.0,2,1,5,4512.59,0.2,11,1
13904.0,2,1,5,4602.72,0.2,38,1
15847.0,2,1,5,3537.26,0.2,39,1
13292.0,2,1,5,5820.03,0.2,39,1
17018.0,2,1,5,6390.9,0.2,41,1
17418.0,2,1,5,7337.94,0.2,43,1
17771.0,2,1,5,6707.92,0.2,57,1
13473.0,2,1,5,3427.9,0.2,61,1
13049.0,2,1,5,3363.96,0.2,65,1
15579.0,2,1,5,7324.8,0.2,69,1
17674.0,2,1,5,7313.34,0.2,75,1
13787.0,2,1,5,4708.98,0.2,76,1
14236.0,2,1,5,4186.62,0.2,81,1
13899.0,2,1,5,3825.08,0.22,17,1
14205.0,2,1,5,5558.6,0.22,17,1
14851.0,2,1,5,7158.9,0.22,24,1
14995.0,2,1,5,6303.07,0.22,39,1
15121.0,2,1,5,5695.91,0.22,51,1
14555.0,2,1,5,3798.04,0.22,58,1
14644.0,2,1,5,5181.08,0.22,68,1
16441.0,2,1,5,4072.75,0.22,68,1
16233.0,2,1,5,3986.04,0.22,72,1
14737.0,2,1,5,5475.1,0.23,4,1
13705.0,2,1,5,4952.46,0.23,8,1
13417.0,2,1,5,5208.74,0.25,5,1
16185.0,2,1,5,7048.92,0.25,17,1
18040.0,2,1,5,3475.2,0.25,20,1
12427.0,2,1,5,5447.0,0.25,22,1
12808.0,2,1,5,4091.8,0.25,37,1
17076.0,2,1,5,4457.06,0.25,37,1
15018.0,2,1,5,2787.08,0.25,39,1
13573.0,2,1,5,5323.17,0.25,51,1
14538.0,2,1,5,3509.4,0.25,65,1
12763.0,2,1,5,5469.28,0.25,139,1
17830.0,2,1,5,2416.35,0.27,2,1
14618.0,2,1,5,2894.28,0.27,10,1
17420.0,2,1,5,4461.98,0.27,51,1
13487.0,2,1,5,6201.95,0.27,58,1
14960.0,2,1,5,3129.08,0.29,9,1
13657.0,2,1,5,2659.86,0.29,11,1
15163.0,2,1,5,3934.46,0.29,19,1
17658.0,2,1,5,4480.18,0.29,26,1
12596.0,2,1,5,4715.85,0.29,52,1
16777.0,2,1,5,6109.85,0.29,81,1
16808.0,2,1,5,2796.18,0.29,100,1
14037.0,2,1,5,2977.6,0.29,177,1
16883.0,2,1,5,4246.95,0.29,188,1
17034.0,2,1,5,7123.08,0.3,17,1
13171.0,2,1,5,4246.08,0.3,22,1
13894.0,2,1,5,5626.94,0.3,24,1
13606.0,2,1,5,5644.92,0.3,30,1
16593.0,2,1,5,2661.1,0.3,51,1
13848.0,2,1,5,2485.0,0.3,93,1
17526.0,2,1,5,2635.0,0.31,5,1
17631.0,2,1,5,5651.5,0.33,2,1
12358.0,2,1,5,6988.8,0.33,2,1
16149.0,2,1,5,2618.36,0.33,5,1
18112.0,2,1,5,2936.36,0.33,13,1
15793.0,2,1,5,3457.6,0.33,15,1
15186.0,2,1,5,3545.8,0.33,15,1
16824.0,2,1,5,5459.42,0.33,16,1
13238.0,2,1,5,5097.26,0.33,18,1
14984.0,2,1,5,3348.88,0.33,20,1
17351.0,2,1,5,5155.85,0.33,37,1
17361.0,2,1,5,4741.34,0.33,50,1
17489.0,2,1,5,5522.0,0.33,59,1
13405.0,2,1,5,5057.25,0.33,75,1
17146.0,2,1,5,6512.9,0.33,106,1
13000.0,2,1,5,6738.51,0.33,107,1
17134.0,2,1,5,5277.3,0.33,107,1
13140.0,2,1,5,6018.75,0.33,109,1
13675.0,2,1,5,6410.4,0.33,152,1
13955.0,2,1,5,3159.99,0.33,155,1
13085.0,2,1,5,4343.16,0.33,158,1
17708.0,2,1,5,3960.82,0.33,188,1
13531.0,2,1,5,3152.45,0.33,206,1
15550.0,2,1,5,7300.2,0.36,5,1
12421.0,2,1,5,6303.14,0.36,16,1
14805.0,2,1,5,5003.1,0.36,16,1
16660.0,2,1,5,5950.26,0.36,17,1
15110.0,2,1,5,3820.55,0.36,24,1
16043.0,2,1,5,6432.79,0.36,38,1
16203.0,2,1,5,5806.7,0.36,59,1
15208.0,2,1,5,3981.13,0.38,2,1
16711.0,2,1,5,5477.78,0.38,4,1
16038.0,2,1,5,5252.42,0.38,8,1
14047.0,2,1,5,7321.53,0.38,9,1
15380.0,2,1,5,7332.7,0.38,9,1
16768.0,2,1,5,5410.81,0.38,48,1
18149.0,2,1,5,3397.34,0.38,51,1
15181.0,2,1,5,2668.08,0.38,67,1
18155.0,2,1,5,3220.73,0.38,76,1
13539.0,2,1,5,6931.06,0.38,86,1
14133.0,2,1,5,6114.09,0.38,130,1
15646.0,2,1,5,4861.5,0.38,158,1
17856.0,2,1,5,4501.88,0.4,2,1
16968.0,2,1,5,5791.25,0.4,5,1
17031.0,2,1,5,4326.95,0.4,12,1
18101.0,2,1,5,3731.59,0.4,12,1
14477.0,2,1,5,3682.0,0.4,20,1
12993.0,2,1,5,3605.08,0.4,24,1
12589.0,2,1,5,6872.32,0.4,29,1
12981.0,2,1,5,3724.34,0.4,30,1
14517.0,2,1,5,2831.4,0.4,34,1
14167.0,2,1,5,6264.91,0.4,40,1
16018.0,2,1,5,4405.0,0.4,40,1
16235.0,2,1,5,6798.29,0.4,41,1
17414.0,2,1,5,3170.0,0.4,44,1
15014.0,2,1,5,4911.27,0.4,44,1
13917.0,2,1,5,2868.5,0.4,50,1
16239.0,2,1,5,4421.8,0.4,57,1
15840.0,2,1,5,4980.96,0.4,59,1
17905.0,2,1,5,5128.85,0.4,72,1
12987.0,2,1,5,4491.85,0.4,74,1
17898.0,2,1,5,2414.56,0.4,86,1
12592.0,2,1,5,3212.8,0.4,93,1
12363.0,2,1,5,6555.9,0.4,110,1
14645.0,2,1,5,6805.56,0.4,157,1
14162.0,2,1,5,2867.64,0.4,174,1
13837.0,2,1,5,2598.7,0.4,212,1
16552.0,2,1,5,2669.56,0.4,243,1
14220.0,2,1,5,6636.98,0.4,248,1
12691.0,2,1,5,5459.5,0.42,29,1
12787.0,2,1,5,2514.62,0.43,10,1
13427.0,2,1,5,5924.74,0.43,20,1
16008.0,2,1,5,5311.18,0.43,24,1
18150.0,2,1,5,7100.82,0.43,33,1
16325.0,2,1,5,3302.6,0.43,47,1
15754.0,2,1,5,4698.21,0.43,52,1
13249.0,2,1,5,3241.5,0.43,93,1
14460.0,2,1,5,3195.66,0.43,111,1
13873.0,2,1,5,2432.75,0.43,120,1
16948.0,2,1,5,2953.02,0.43,139,1
15780.0,2,1,5,4652.8,0.43,184,1
16308.0,2,1,5,2560.0,0.44,38,1
15656.0,2,1,5,7328.41,0.44,46,1
13865.0,2,1,5,3178.69,0.44,59,1
15199.0,2,1,5,3551.1,0.44,60,1
12728.0,2,1,5,6926.65,0.44,72,1
16816.0,2,1,5,4493.26,0.44,104,1
17262.0,2,1,5,2486.32,0.45,53,1
13104.0,2,1,5,4209.36,0.46,4,1
13954.0,2,1,5,3578.76,0.5,2,1
12695.0,2,1,5,4555.65,0.5,8,1
16119.0,2,1,5,3973.68,0.5,9,1
17736.0,2,1,5,3667.62,0.5,10,1
12654.0,2,1,5,3646.29,0.5,11,1
13950.0,2,1,5,4438.46,0.5,12,1
17227.0,2,1,5,7195.95,0.5,19,1
14198.0,2,1,5,4956.9,0.5,19,1
13189.0,2,1,5,3756.48,0.5,19,1
16298.0,2,1,5,4600.14,0.5,23,1
13410.0,2,1,5,5895.68,0.5,25,1
16671.0,2,1,5,4614.78,0.5,29,1
12384.0,2,1,5,3705.88,0.5,29,1
14765.0,2,1,5,4826.8,0.5,30,1
13623.0,2,1,5,7279.61,0.5,31,1
15027.0,2,1,5,6983.49,0.5,31,1
13643.0,2,1,5,4890.96,0.5,32,1
16555.0,2,1,5,2439.1,0.5,36,1
15809.0,2,1,5,4002.74,0.5,37,1
15669.0,2,1,5,5589.62,0.5,41,1
15865.0,2,1,5,4822.46,0.5,41,1
14731.0,2,1,5,5435.0,0.5,48,1
15440.0,2,1,5,6571.74,0.5,55,1
13930.0,2,1,5,2991.38,0.5,58,1
14029.0,2,1,5,2974.94,0.5,64,1
12930.0,2,1,5,4851.17,0.5,79,1
17460.0,2,1,5,3066.86,0.5,95,1
17560.0,2,1,5,5478.49,0.5,95,1
13748.0,2,1,5,5438.9,0.5,96,1
12816.0,2,1,5,4156.0,0.5,96,1
14013.0,2,1,5,5644.6,0.5,111,1
17398.0,2,1,5,5548.99,0.5,115,1
12693.0,2,1,5,4687.27,0.5,128,1
18064.0,2,1,5,2846.0,0.5,134,1
16654.0,2,1,5,3925.65,0.5,142,1
15577.0,2,1,5,3633.64,0.5,152,1
14264.0,2,1,5,2841.97,0.5,155,1
14905.0,2,1,5,5237.75,0.5,158,1
18062.0,2,1,5,6707.58,0.5,174,1
14450.0,2,1,5,6706.97,0.5,181,1
15918.0,2,1,5,6584.14,0.5,191,1
16838.0,2,1,5,3801.96,0.5,198,1
16109.0,2,1,5,4820.4,0.5,219,1
15894.0,2,1,5,6276.55,0.5,254,1
14479.0,2,1,5,2878.8,0.5,254,1
13649.0,2,1,5,3781.1,0.5,257,1
18071.0,2,1,5,5041.6,0.5,258,1
16250.0,2,1,5,4798.96,0.5,262,1
12755.0,2,1,5,3809.6,0.5,281,1
13497.0,2,1,5,3327.0,0.5,283,1
12778.0,2,1,5,4951.8,0.55,20,1
15864.0,2,1,5,6930.84,0.55,23,1
15299.0,2,1,5,3907.01,0.55,68,1
18211.0,2,1,5,5159.89,0.56,26,1
17869.0,2,1,5,3047.1,0.56,108,1
15561.0,2,1,5,4901.59,0.57,12,1
14342.0,2,1,5,2465.22,0.57,22,1
14522.0,2,1,5,6020.81,0.57,25,1
14273.0,2,1,5,4516.57,0.57,52,1
16955.0,2,1,5,3116.85,0.57,185,1
14744.0,2,1,5,4176.3,0.58,17,1
14720.0,2,1,5,5665.42,0.6,6,1
18127.0,2,1,5,5312.83,0.6,20,1
16041.0,2,1,5,5860.8,0.6,31,1
16488.0,2,1,5,3990.94,0.6,34,1
14997.0,2,1,5,5300.92,0.6,47,1
17483.0,2,1,5,2917.94,0.6,66,1
13741.0,2,1,5,3983.29,0.6,72,1
14973.0,2,1,5,6822.48,0.6,108,1
15768.0,2,1,5,2770.64,0.6,116,1
16475.0,2,1,5,6739.3,0.6,144,1
14021.0,2,1,5,3925.9,0.6,156,1
17765.0,2,1,5,5732.63,0.6,159,1
16034.0,2,1,5,3207.3,0.6,197,1
16943.0,2,1,5,5971.08,0.6,212,1
17990.0,2,1,5,7268.28,0.6,237,1
17580.0,2,1,5,5156.22,0.6,253,1
14077.0,2,1,5,4194.51,0.63,41,1
17457.0,2,1,5,5749.56,0.63,127,1
14201.0,2,1,5,4013.3,0.64,61,1
17666.0,2,1,5,6133.86,0.67,4,1
18005.0,2,1,5,5281.4,0.67,4,1
18154.0,2,1,5,3456.2,0.67,4,1
16915.0,2,1,5,3829.91,0.67,10,1
12375.0,2,1,5,2839.0,0.67,11,1
14452.0,2,1,5,7199.4,0.67,11,1
15714.0,2,1,5,4268.6,0.67,12,1
15949.0,2,1,5,3738.24,0.67,17,1
16365.0,2,1,5,6853.6,0.67,18,1
17888.0,2,1,5,6750.4,0.67,22,1
14820.0,2,1,5,3221.7,0.67,22,1
14508.0,2,1,5,6059.68,0.67,23,1
15287.0,2,1,5,5843.25,0.67,23,1
16999.0,2,1,5,5613.05,0.67,24,1
12832.0,2,1,5,5857.47,0.67,33,1
18205.0,2,1,5,6460.28,0.67,37,1
15469.0,2,1,5,4159.25,0.67,51,1
13805.0,2,1,5,5971.96,0.67,53,1
13919.0,2,1,5,4185.06,0.67,60,1
13220.0,2,1,5,2944.08,0.67,79,1
17229.0,2,1,5,6996.31,0.67,97,1
15624.0,2,1,5,4836.34,0.67,117,1
17926.0,2,1,5,3773.9,0.67,134,1
16091.0,2,1,5,2834.98,0.67,155,1
18142.0,2,1,5,6964.56,0.67,158,1
17630.0,2,1,5,3108.1,0.67,170,1
13005.0,2,1,5,4315.5,0.67,174,1
15912.0,2,1,5,2405.27,0.67,179,1
13811.0,2,1,5,2598.75,0.67,184,1
17454.0,2,1,5,7245.69,0.67,193,1
15882.0,2,1,5,4809.62,0.67,199,1
15648.0,2,1,5,5676.35,0.67,205,1
14620.0,2,1,5,4569.28,0.67,206,1
18218.0,2,1,5,6713.58,0.67,212,1
15092.0,2,1,5,6165.78,0.67,216,1
18078.0,2,1,5,5262.26,0.67,218,1
17374.0,2,1,5,6194.85,0.67,219,1
12582.0,2,1,5,3492.56,0.67,239,1
17362.0,2,1,5,4578.16,0.67,240,1
17035.0,2,1,5,5369.96,0.67,246,1
17223.0,2,1,5,5179.86,0.67,311,1
14496.0,2,1,5,2982.28,0.67,312,1
13538.0,2,1,5,5237.25,0.7,44,1
16682.0,2,1,5,6780.28,0.71,5,1
15344.0,2,1,5,2401.68,0.75,1,1
16359.0,2,1,5,6638.5,0.75,8,1
16330.0,2,1,5,4496.73,0.75,18,1
14712.0,2,1,5,6994.07,0.75,30,1
17892.0,2,1,5,2652.7,0.75,57,1
13827.0,2,1,5,7217.99,0.75,58,1
12593.0,2,1,5,2910.5,0.75,109,1
17429.0,2,1,5,6077.14,0.75,129,1
15643.0,2,1,5,5133.05,0.75,192,1
17848.0,2,1,5,3161.83,0.78,129,1
16774.0,2,1,5,7368.92,0.8,68,1
18232.0,2,1,5,5452.45,0.8,82,1
15777.0,2,1,5,4390.92,0.8,242,1
15267.0,2,1,5,6362.0,0.83,23,1
13575.0,2,1,5,6963.5,0.83,24,1
18135.0,2,1,5,2447.44,0.83,30,1
13524.0,2,1,5,3667.02,0.83,41,1
16419.0,2,1,5,5957.65,0.86,113,1
13549.0,2,1,5,6661.1,0.88,26,1
14344.0,2,1,5,6706.4,0.89,128,1
17402.0,2,1,5,5758.48,0.92,5,1
16322.0,2,1,5,6238.89,1.0,2,1
15520.0,2,1,5,6183.0,1.0,2,1
15195.0,2,1,5,3861.0,1.0,3,1
14204.0,2,1,5,5820.36,1.0,3,1
16528.0,2,1,5,2646.84,1.0,4,1
12650.0,2,1,5,4606.36,1.0,4,1
14578.0,2,1,5,4047.12,1.0,4,1
15097.0,2,1,5,6202.0,1.0,5,1
18015.0,2,1,5,5521.38,1.0,5,1
12827.0,2,1,5,4328.25,1.0,6,1
13153.0,2,1,5,7293.3,1.0,6,1
15773.0,2,1,5,6356.8,1.0,6,1
16989.0,2,1,5,6279.45,1.0,8,1
17495.0,2,1,5,6069.02,1.0,8,1
12558.0,2,1,5,2969.56,1.0,8,1
13560.0,2,1,5,5754.21,1.0,8,1
14804.0,2,1,5,2725.2,1.0,9,1
15904.0,2,1,5,4197.17,1.0,9,1
15611.0,2,1,5,4829.1,1.0,10,1
12953.0,2,1,5,4124.25,1.0,10,1
13349.0,2,1,5,2959.8,1.0,11,1
15148.0,2,1,5,6025.8,1.0,11,1
15783.0,2,1,5,3448.2,1.0,11,1
15790.0,2,1,5,5747.4,1.0,11,1
14349.0,2,1,5,3750.0,1.0,11,1
13844.0,2,1,5,7232.4,1.0,12,1
12660.0,2,1,5,2725.2,1.0,12,1
15540.0,2,1,5,3199.5,1.0,12,1
14480.0,2,1,5,3627.65,1.0,12,1
17557.0,2,1,5,7297.1,1.0,15,1
14703.0,2,1,5,6999.74,1.0,15,1
14966.0,2,1,5,7270.16,1.0,15,1
13332.0,2,1,5,6768.0,1.0,15,1
16157.0,2,1,5,3947.73,1.0,16,1
16482.0,2,1,5,3971.16,1.0,16,1
17767.0,2,1,5,5695.2,1.0,16,1
12452.0,2,1,5,6671.4,1.0,17,1
17453.0,2,1,5,4265.73,1.0,18,1
15699.0,2,1,5,3036.6,1.0,18,1
16956.0,2,1,5,3150.56,1.0,18,1
13322.0,2,1,5,4987.0,1.0,18,1
17297.0,2,1,5,4962.24,1.0,18,1
13986.0,2,1,5,4165.98,1.0,18,1
12920.0,2,1,5,3388.58,1.0,18,1
15634.0,2,1,5,3653.25,1.0,18,1
16366.0,2,1,5,4510.4,1.0,19,1
15857.0,2,1,5,4158.0,1.0,19,1
15115.0,2,1,5,4298.58,1.0,19,1
15963.0,2,1,5,6329.58,1.0,20,1
14881.0,2,1,5,4341.8,1.0,20,1
17561.0,2,1,5,6980.4,1.0,20,1
15988.0,2,1,5,2817.12,1.0,20,1
14950.0,2,1,5,2922.0,1.0,20,1
16666.0,2,1,5,3807.36,1.0,20,1
17636.0,2,1,5,5711.2,1.0,20,1
13142.0,2,1,5,6099.28,1.0,20,1
13094.0,2,1,5,4408.2,1.0,22,1
17286.0,2,1,5,6398.48,1.0,22,1
17904.0,2,1,5,4422.95,1.0,22,1
14793.0,2,1,5,3205.86,1.0,22,1
14416.0,2,1,5,4358.66,1.0,23,1
14362.0,2,1,5,5938.0,1.0,23,1
13828.0,2,1,5,3142.35,1.0,23,1
15435.0,2,1,5,3397.68,1.0,23,1
13816.0,2,1,5,5985.9,1.0,24,1
13449.0,2,1,5,5545.72,1.0,24,1
17564.0,2,1,5,7302.71,1.0,25,1
16423.0,2,1,5,6230.16,1.0,25,1
17510.0,2,1,5,5376.62,1.0,25,1
17153.0,2,1,5,2992.92,1.0,25,1
15556.0,2,1,5,7289.73,1.0,25,1
17081.0,2,1,5,7196.58,1.0,26,1
14902.0,2,1,5,6653.2,1.0,26,1
16207.0,2,1,5,5276.46,1.0,26,1
17044.0,2,1,5,5690.88,1.0,26,1
13170.0,2,1,5,3712.32,1.0,27,1
13146.0,2,1,5,3891.47,1.0,27,1
13603.0,2,1,5,3236.0,1.0,27,1
16720.0,2,1,5,4191.48,1.0,27,1
15557.0,2,1,5,6307.0,1.0,29,1
16433.0,2,1,5,3132.42,1.0,29,1
18014.0,2,1,5,5325.44,1.0,29,1
13091.0,2,1,5,7262.22,1.0,29,1
17573.0,2,1,5,4508.38,1.0,30,1
17977.0,2,1,5,3788.41,1.0,30,1
14863.0,2,1,5,2934.36,1.0,30,1
12538.0,2,1,5,6483.0,1.0,30,1
12893.0,2,1,5,6396.76,1.0,31,1
17011.0,2,1,5,4063.5,1.0,31,1
12532.0,2,1,5,4707.45,1.0,31,1
17038.0,2,1,5,2472.8,1.0,31,1
14968.0,2,1,5,5007.24,1.0,31,1
17219.0,2,1,5,2855.75,1.0,32,1
16505.0,2,1,5,3110.4,1.0,32,1
15153.0,2,1,5,5318.1,1.0,32,1
15330.0,2,1,5,4536.0,1.0,33,1
16243.0,2,1,5,5271.7,1.0,34,1
14174.0,2,1,5,3112.75,1.0,34,1
15010.0,2,1,5,5627.61,1.0,36,1
16318.0,2,1,5,6234.85,1.0,36,1
17274.0,2,1,5,3023.46,1.0,36,1
15597.0,2,1,5,7140.54,1.0,36,1
17233.0,2,1,5,3981.12,1.0,36,1
16887.0,2,1,5,7210.56,1.0,36,1
14098.0,2,1,5,3094.35,1.0,37,1
16914.0,2,1,5,6251.35,1.0,37,1
12544.0,2,1,5,5700.6,1.0,37,1
14528.0,2,1,5,5902.74,1.0,38,1
14485.0,2,1,5,6628.5,1.0,39,1
16971.0,2,1,5,3858.26,1.0,39,1
15360.0,2,1,5,5563.09,1.0,40,1
15667.0,2,1,5,3917.16,1.0,40,1
16601.0,2,1,5,4957.4,1.0,41,1
15748.0,2,1,5,2787.2,1.0,41,1
15385.0,2,1,5,3802.56,1.0,41,1
13812.0,2,1,5,6319.5,1.0,43,1
12895.0,2,1,5,3850.7,1.0,43,1
16648.0,2,1,5,5522.54,1.0,43,1
18261.0,2,1,5,3604.54,1.0,44,1
13416.0,2,1,5,4208.5,1.0,44,1
15659.0,2,1,5,3370.95,1.0,44,1
18276.0,2,1,5,4702.04,1.0,44,1
17684.0,2,1,5,3045.14,1.0,44,1
12812.0,2,1,5,3444.6,1.0,45,1
16071.0,2,1,5,5686.51,1.0,45,1
12448.0,2,1,5,6009.0,1.0,45,1
15345.0,2,1,5,2995.07,1.0,46,1
15158.0,2,1,5,2809.8,1.0,46,1
15277.0,2,1,5,3070.8,1.0,47,1
17344.0,2,1,5,4202.67,1.0,47,1
18240.0,2,1,5,2535.48,1.0,47,1
16017.0,2,1,5,5160.9,1.0,48,1
13598.0,2,1,5,5392.96,1.0,48,1
17111.0,2,1,5,6963.19,1.0,48,1
17836.0,2,1,5,2645.04,1.0,48,1
14967.0,2,1,5,2782.8,1.0,50,1
14638.0,2,1,5,5622.4,1.0,51,1
15664.0,2,1,5,4671.45,1.0,51,1
13245.0,2,1,5,2858.35,1.0,51,1
14484.0,2,1,5,4506.88,1.0,51,1
13897.0,2,1,5,5289.72,1.0,51,1
14585.0,2,1,5,4159.4,1.0,51,1
17125.0,2,1,5,6961.5,1.0,51,1
16123.0,2,1,5,4318.2,1.0,52,1
17973.0,2,1,5,5055.6,1.0,52,1
15853.0,2,1,5,3324.0,1.0,52,1
16826.0,2,1,5,6907.95,1.0,52,1
17824.0,2,1,5,3879.2,1.0,52,1
15803.0,2,1,5,3326.56,1.0,52,1
15637.0,2,1,5,3350.4,1.0,53,1
16848.0,2,1,5,3939.88,1.0,53,1
15678.0,2,1,5,4232.4,1.0,53,1
15604.0,2,1,5,3678.63,1.0,53,1
13923.0,2,1,5,6348.47,1.0,54,1
16412.0,2,1,5,5314.05,1.0,54,1
17205.0,2,1,5,4993.04,1.0,54,1
15335.0,2,1,5,5791.45,1.0,54,1
15598.0,2,1,5,2907.84,1.0,54,1
14780.0,2,1,5,5781.04,1.0,55,1
14537.0,2,1,5,3555.6,1.0,58,1
14975.0,2,1,5,3079.34,1.0,58,1
16773.0,2,1,5,4041.0,1.0,58,1
16793.0,2,1,5,3402.6,1.0,58,1
17190.0,2,1,5,4495.32,1.0,59,1
16753.0,2,1,5,7108.86,1.0,59,1
15193.0,2,1,5,4775.81,1.0,61,1
16104.0,2,1,5,7042.28,1.0,62,1
18088.0,2,1,5,4812.12,1.0,62,1
13193.0,2,1,5,2826.04,1.0,62,1
12519.0,2,1,5,4045.44,1.0,64,1
13587.0,2,1,5,2891.0,1.0,64,1
13419.0,2,1,5,3536.96,1.0,64,1
13689.0,2,1,5,5460.0,1.0,64,1
13845.0,2,1,5,2816.82,1.0,65,1
15837.0,2,1,5,6652.6,1.0,65,1
13177.0,2,1,5,4801.65,1.0,65,1
13504.0,2,1,5,4949.12,1.0,65,1
12923.0,2,1,5,4397.96,1.0,65,1
15766.0,2,1,5,2895.6,1.0,65,1
13348.0,2,1,5,3272.64,1.0,65,1
15127.0,2,1,5,6504.48,1.0,66,1
16758.0,2,1,5,5526.72,1.0,66,1
18033.0,2,1,5,3330.98,1.0,66,1
13801.0,2,1,5,4997.0,1.0,67,1
14184.0,2,1,5,5016.53,1.0,67,1
13351.0,2,1,5,4859.1,1.0,67,1
15739.0,2,1,5,3592.96,1.0,67,1
17957.0,2,1,5,3462.08,1.0,67,1
15276.0,2,1,5,6467.31,1.0,67,1
16183.0,2,1,5,5080.65,1.0,68,1
15774.0,2,1,5,4155.9,1.0,69,1
18008.0,2,1,5,3410.68,1.0,71,1
18053.0,2,1,5,5377.38,1.0,71,1
15185.0,2,1,5,4614.4,1.0,71,1
16404.0,2,1,5,5633.1,1.0,71,1
16589.0,2,1,5,6043.2,1.0,72,1
15175.0,2,1,5,5155.22,1.0,72,1
13886.0,2,1,5,3059.84,1.0,72,1
13503.0,2,1,5,3087.2,1.0,72,1
12718.0,2,1,5,3099.95,1.0,72,1
12703.0,2,1,5,5311.0,1.0,72,1
17370.0,2,1,5,3457.68,1.0,73,1
13061.0,2,1,5,2486.1,1.0,73,1
17513.0,2,1,5,3079.2,1.0,73,1
16909.0,2,1,5,6824.52,1.0,73,1
17805.0,2,1,5,5123.1,1.0,74,1
16181.0,2,1,5,3360.94,1.0,74,1
13390.0,2,1,5,5096.16,1.0,75,1
13927.0,2,1,5,7328.79,1.0,75,1
15243.0,2,1,5,6966.96,1.0,75,1
17506.0,2,1,5,4230.8,1.0,76,1
17498.0,2,1,5,4627.74,1.0,76,1
16594.0,2,1,5,6857.06,1.0,76,1
14757.0,2,1,5,7119.0,1.0,76,1
16198.0,2,1,5,4150.64,1.0,76,1
18066.0,2,1,5,3180.0,1.0,76,1
13127.0,2,1,5,3887.55,1.0,78,1
14652.0,2,1,5,2545.56,1.0,78,1
17172.0,2,1,5,4766.4,1.0,79,1
16715.0,2,1,5,5732.68,1.0,79,1
17475.0,2,1,5,2721.18,1.0,80,1
14951.0,2,1,5,5195.36,1.0,80,1
16215.0,2,1,5,2638.8,1.0,81,1
13774.0,2,1,5,6931.05,1.0,82,1
16527.0,2,1,5,3192.84,1.0,82,1
18194.0,2,1,5,6816.88,1.0,83,1
15523.0,2,1,5,3631.59,1.0,85,1
14177.0,2,1,5,4305.26,1.0,87,1
14660.0,2,1,5,3519.75,1.0,87,1
17640.0,2,1,5,3108.3,1.0,87,1
12566.0,2,1,5,3612.75,1.0,87,1
16451.0,2,1,5,3737.58,1.0,88,1
15343.0,2,1,5,4011.2,1.0,88,1
16211.0,2,1,5,6584.4,1.0,89,1
15035.0,2,1,5,6823.71,1.0,90,1
13372.0,2,1,5,6118.8,1.0,90,1
16796.0,2,1,5,5501.16,1.0,90,1
18215.0,2,1,5,3891.42,1.0,90,1
13441.0,2,1,5,3856.32,1.0,92,1
15652.0,2,1,5,6356.8,1.0,92,1
13889.0,2,1,5,6253.5,1.0,93,1
18222.0,2,1,5,6409.85,1.0,93,1
15885.0,2,1,5,3361.15,1.0,94,1
16761.0,2,1,5,4116.06,1.0,97,1
12851.0,2,1,5,5197.44,1.0,97,1
18027.0,2,1,5,2421.51,1.0,99,1
12436.0,2,1,5,6435.15,1.0,100,1
13045.0,2,1,5,5495.04,1.0,100,1
16278.0,2,1,5,3885.28,1.0,101,1
14055.0,2,1,5,5069.92,1.0,107,1
12715.0,2,1,5,5477.2,1.0,107,1
18200.0,2,1,5,5241.6,1.0,107,1
13411.0,2,1,5,3461.2,1.0,108,1
14523.0,2,1,5,2514.49,1.0,109,1
14265.0,2,1,5,4778.76,1.0,110,1
13933.0,2,1,5,6984.06,1.0,110,1
14566.0,2,1,5,5728.0,1.0,111,1
15396.0,2,1,5,2862.34,1.0,113,1
17045.0,2,1,5,2522.2,1.0,114,1
15541.0,2,1,5,2468.77,1.0,115,1
13621.0,2,1,5,4063.15,1.0,117,1
16961.0,2,1,5,3278.38,1.0,117,1
14855.0,2,1,5,6390.6,1.0,120,1
16292.0,2,1,5,4517.6,1.0,122,1
14079.0,2,1,5,3332.5,1.0,125,1
16302.0,2,1,5,2565.42,1.0,127,1
15254.0,2,1,5,5406.48,1.0,128,1
18099.0,2,1,5,3197.89,1.0,128,1
12750.0,2,1,5,2615.76,1.0,129,1
17353.0,2,1,5,6960.0,1.0,130,1
17553.0,2,1,5,2975.2,1.0,130,1
14076.0,2,1,5,4748.4,1.0,130,1
17053.0,2,1,5,4103.88,1.0,131,1
15438.0,2,1,5,3153.99,1.0,132,1
15942.0,2,1,5,3606.48,1.0,134,1
15120.0,2,1,5,4473.04,1.0,134,1
16147.0,2,1,5,5220.0,1.0,134,1
15149.0,2,1,5,7142.55,1.0,134,1
15776.0,2,1,5,2794.05,1.0,134,1
15639.0,2,1,5,3776.76,1.0,135,1
15746.0,2,1,5,5512.64,1.0,135,1
16696.0,2,1,5,2716.8,1.0,136,1
15261.0,2,1,5,4841.58,1.0,136,1
14100.0,2,1,5,5067.4,1.0,138,1
17694.0,2,1,5,4246.8,1.0,142,1
15623.0,2,1,5,4440.91,1.0,142,1
17866.0,2,1,5,2966.85,1.0,143,1
17962.0,2,1,5,3157.92,1.0,143,1
12833.0,2,1,5,5812.74,1.0,146,1
17984.0,2,1,5,6576.71,1.0,146,1
14722.0,2,1,5,4983.16,1.0,148,1
14847.0,2,1,5,3412.8,1.0,149,1
16450.0,2,1,5,3431.12,1.0,150,1
13678.0,2,1,5,3721.6,1.0,152,1
12648.0,2,1,5,4850.7,1.0,155,1
13699.0,2,1,5,4320.12,1.0,156,1
13338.0,2,1,5,5341.05,1.0,158,1
18203.0,2,1,5,2413.49,1.0,158,1
17464.0,2,1,5,2609.64,1.0,159,1
17899.0,2,1,5,4304.35,1.0,160,1
17123.0,2,1,5,3107.7,1.0,162,1
17891.0,2,1,5,6931.24,1.0,163,1
14327.0,2,1,5,3739.8,1.0,164,1
12493.0,2,1,5,3444.66,1.0,166,1
18193.0,2,1,5,2924.74,1.0,166,1
15258.0,2,1,5,6568.58,1.0,169,1
15130.0,2,1,5,7262.42,1.0,170,1
16526.0,2,1,5,2614.26,1.0,172,1
15921.0,2,1,5,7143.34,1.0,173,1
15016.0,2,1,5,2525.22,1.0,173,1
15825.0,2,1,5,4633.92,1.0,173,1
12980.0,2,1,5,5423.4,1.0,177,1
16739.0,2,1,5,3481.8,1.0,177,1
16276.0,2,1,5,4863.6,1.0,177,1
13343.0,2,1,5,4945.81,1.0,178,1
18165.0,2,1,5,3024.6,1.0,178,1
12732.0,2,1,5,2400.86,1.0,180,1
13663.0,2,1,5,2463.11,1.0,180,1
16113.0,2,1,5,4217.47,1.0,184,1
14622.0,2,1,5,6732.18,1.0,185,1
15609.0,2,1,5,3762.92,1.0,185,1
13466.0,2,1,5,3937.5,1.0,185,1
18072.0,2,1,5,4453.92,1.0,186,1
17987.0,2,1,5,2581.41,1.0,186,1
13395.0,2,1,5,5516.4,1.0,186,1
16117.0,2,1,5,5468.68,1.0,190,1
16967.0,2,1,5,6699.42,1.0,190,1
17531.0,2,1,5,4153.8,1.0,191,1
12790.0,2,1,5,3660.44,1.0,193,1
16810.0,2,1,5,4054.96,1.0,193,1
13135.0,2,1,5,3096.0,1.0,197,1
16356.0,2,1,5,3147.15,1.0,198,1
16763.0,2,1,5,5595.3,1.0,199,1
16448.0,2,1,5,3104.41,1.0,199,1
14195.0,2,1,5,2580.0,1.0,202,1
17176.0,2,1,5,4591.95,1.0,202,1
14647.0,2,1,5,7296.6,1.0,202,1
15292.0,2,1,5,2732.94,1.0,202,1
13887.0,2,1,5,5265.75,1.0,205,1
12999.0,2,1,5,6585.96,1.0,206,1
12690.0,2,1,5,3446.43,1.0,206,1
13976.0,2,1,5,3579.8,1.0,207,1
13052.0,2,1,5,5749.4,1.0,213,1
14288.0,2,1,5,5634.0,1.0,214,1
13990.0,2,1,5,4980.8,1.0,214,1
16756.0,2,1,5,2566.8,1.0,215,1
12355.0,2,1,5,4554.0,1.0,215,1
14304.0,2,1,5,5880.0,1.0,223,1
15143.0,2,1,5,3114.15,1.0,226,1
15210.0,2,1,5,4415.04,1.0,226,1
16698.0,2,1,5,5544.0,1.0,227,1
16965.0,2,1,5,5230.94,1.0,227,1
12573.0,2,1,5,4065.93,1.0,228,1
15517.0,2,1,5,6611.28,1.0,234,1
17120.0,2,1,5,3591.9,1.0,234,1
12733.0,2,1,5,6456.45,1.0,235,1
16217.0,2,1,5,2498.0,1.0,236,1
18009.0,2,1,5,4946.24,1.0,236,1
18213.0,2,1,5,3487.2,1.0,237,1
16193.0,2,1,5,5301.9,1.0,237,1
17582.0,2,1,5,5082.83,1.0,237,1
17697.0,2,1,5,4772.0,1.0,237,1
12639.0,2,1,5,6482.8,1.0,239,1
17367.0,2,1,5,5276.7,1.0,239,1
16957.0,2,1,5,3341.36,1.0,240,1
14206.0,2,1,5,5750.54,1.0,240,1
17142.0,2,1,5,2567.4,1.0,240,1
17972.0,2,1,5,2726.92,1.0,242,1
17278.0,2,1,5,2885.26,1.0,242,1
13484.0,2,1,5,2510.4,1.0,242,1
14311.0,2,1,5,2982.14,1.0,243,1
14339.0,2,1,5,4333.28,1.0,243,1
13570.0,2,1,5,5709.34,1.0,244,1
14619.0,2,1,5,5595.38,1.0,246,1
15109.0,2,1,5,6543.0,1.0,246,1
16378.0,2,1,5,3098.2,1.0,248,1
13863.0,2,1,5,4767.84,1.0,248,1
16586.0,2,1,5,2533.65,1.0,249,1
16105.0,2,1,5,4380.48,1.0,249,1
17492.0,2,1,5,3699.52,1.0,249,1
18185.0,2,1,5,2999.5,1.0,250,1
14747.0,2,1,5,3145.1,1.0,250,1
14886.0,2,1,5,5525.0,1.0,253,1
13626.0,2,1,5,4887.37,1.0,253,1
17701.0,2,1,5,6164.55,1.0,253,1
17438.0,2,1,5,5199.75,1.0,254,1
13060.0,2,1,5,4612.95,1.0,254,1
18108.0,2,1,5,3992.0,1.0,255,1
15528.0,2,1,5,5484.5,1.0,255,1
13803.0,2,1,5,4710.19,1.0,256,1
14476.0,2,1,5,3703.5,1.0,258,1
13512.0,2,1,5,2970.63,1.0,261,1
14348.0,2,1,5,6624.39,1.0,261,1
12811.0,2,1,5,6174.75,1.0,262,1
13239.0,2,1,5,6920.76,1.0,262,1
14870.0,2,1,5,4254.25,1.0,262,1
12564.0,2,1,5,6336.9,1.0,262,1
16135.0,2,1,5,6262.4,1.0,263,1
16619.0,2,1,5,3166.94,1.0,264,1
14762.0,2,1,5,6310.92,1.0,264,1
17678.0,2,1,5,4769.76,1.0,264,1
15408.0,2,1,5,4581.36,1.0,265,1
14041.0,2,1,5,2969.61,1.0,267,1
14633.0,2,1,5,3768.0,1.0,267,1
16377.0,2,1,5,3381.0,1.0,268,1
13261.0,2,1,5,5300.7,1.0,269,1
16297.0,2,1,5,5413.1,1.0,269,1
17542.0,2,1,5,3114.1,1.0,270,1
13716.0,2,1,5,2903.88,1.0,270,1
13043.0,2,1,5,2630.56,1.0,274,1
16471.0,2,1,5,2911.35,1.0,275,1
15308.0,2,1,5,3969.12,1.0,275,1
14350.0,2,1,5,5092.74,1.0,275,1
17138.0,2,1,5,6400.0,1.0,276,1
15234.0,2,1,5,2758.0,1.0,277,1
14586.0,2,1,5,4509.84,1.0,277,1
12623.0,2,1,5,4574.7,1.0,277,1
12614.0,2,1,5,4519.45,1.0,278,1
14012.0,2,1,5,3616.8,1.0,278,1
16517.0,2,1,5,2765.9,1.0,278,1
14779.0,2,1,5,3037.8,1.0,281,1
13382.0,2,1,5,2982.56,1.0,281,1
15087.0,2,1,5,4604.1,1.0,282,1
16159.0,2,1,5,4874.8,1.0,282,1
12834.0,2,1,5,5622.84,1.0,283,1
13345.0,2,1,5,5094.9,1.0,288,1
12945.0,2,1,5,5748.55,1.0,289,1
18056.0,2,1,5,4992.9,1.0,289,1
15543.0,2,1,5,3183.57,1.0,289,1
13751.0,2,1,5,2666.25,1.0,289,1
17171.0,2,1,5,2991.15,1.0,290,1
18087.0,2,1,5,3202.92,1.0,291,1
18114.0,2,1,5,4242.5,1.0,291,1
12365.0,2,1,5,6158.8,1.0,292,1
12852.0,2,1,5,3962.25,1.0,295,1
15236.0,2,1,5,4815.75,1.0,299,1
16897.0,2,1,5,4222.5,1.0,300,1
18159.0,2,1,5,5202.9,1.0,302,1
13706.0,2,1,5,5526.91,1.0,303,1
14431.0,2,1,5,4919.04,1.0,303,1
12561.0,2,1,5,3821.6,1.0,303,1
16425.0,2,1,5,5105.3,1.0,303,1
15970.0,2,1,5,3455.1,1.0,304,1
17843.0,2,1,5,6073.42,1.0,304,1
17859.0,2,1,5,3705.25,1.0,305,1
14600.0,2,1,5,7135.38,1.0,306,1
12410.0,2,1,5,5405.28,1.0,309,1
12559.0,2,1,5,7004.97,1.0,311,1
18250.0,2,1,5,5292.36,1.0,311,1
12350.0,2,1,5,4710.4,1.0,311,1
17356.0,2,1,5,3386.18,1.0,312,1
14850.0,2,1,5,6345.0,1.0,312,1
13494.0,2,1,5,5692.68,1.0,312,1
12373.0,2,1,5,4219.8,1.0,312,1
17239.0,2,1,5,4455.1,1.0,313,1
13600.0,2,1,5,3144.06,1.0,313,1
13506.0,2,1,5,6075.32,1.0,317,1
15222.0,2,1,5,2925.0,1.0,319,1
15820.0,2,1,5,3518.66,1.0,320,1
15052.0,2,1,5,3940.52,1.0,320,1
15167.0,2,1,5,6180.0,1.0,321,1
14068.0,2,1,5,5474.7,1.0,321,1
17094.0,2,1,5,4228.0,1.0,323,1
13008.0,2,1,5,3212.58,1.0,324,1
13859.0,2,1,5,4491.76,1.0,327,1
15171.0,2,1,5,6447.5,1.0,332,1
15346.0,2,1,5,4291.14,1.0,333,1
17569.0,2,1,5,6401.0,1.0,333,1
16850.0,2,1,5,6315.79,1.0,334,1
12793.0,2,1,5,6345.68,1.0,335,1
13187.0,2,1,5,5691.84,1.0,338,1
13304.0,2,1,5,5709.4,1.0,352,1
15279.0,2,1,5,4430.37,1.0,355,1
17343.0,2,1,5,2827.04,1.0,356,1
13874.0,2,1,5,4935.75,1.0,359,1
17525.0,2,1,5,3804.3,1.0,360,1
16202.0,2,1,5,5559.34,1.0,361,1
17194.0,2,1,5,4868.88,1.0,361,1
16812.0,2,1,5,2449.8,1.0,361,1
15361.0,2,1,5,2932.44,1.0,362,1
14413.0,2,1,5,2480.5,1.0,363,1
18004.0,2,1,5,5615.26,1.0,363,1
15454.0,2,1,5,3772.8,1.0,363,1
14082.0,2,1,5,5285.25,1.0,365,1
15723.0,2,1,5,6930.0,1.0,365,1
12785.0,2,1,5,2868.0,1.0,365,1
13369.0,2,1,5,2860.56,1.0,366,1
14932.0,2,1,5,3065.79,1.0,366,1
17978.0,2,1,5,3611.04,1.0,366,1
17456.0,2,1,5,4247.62,1.0,366,1
16893.0,2,1,5,5419.29,1.0,367,1
18119.0,2,1,5,4498.76,1.0,368,1
16125.0,2,1,5,3761.55,1.0,368,1
16858.0,2,1,5,3756.9,1.0,369,1
17967.0,2,1,5,4848.99,1.0,372,1
17732.0,2,1,5,3814.8,1.0,373,1
17855.0,2,1,5,3184.32,1.0,373,1
15363.0,2,1,5,5216.0,1.0,373,1
16781.0,2,1,5,4740.8,1.0,373,1
16754.0,2,1,5,4004.8,1.0,373,1
18074.0,2,1,5,4141.5,1.0,374,1
16583.0,2,1,5,3268.3,1.0,374,1
15922.0,2,1,5,3440.0,1.0,374,1
14142.0,2,1,5,6191.01,1.0,374,1
18011.0,2,1,5,2506.68,1.0,374,1
13323.0,2,1,5,3331.75,1.25,4,1
14560.0,2,1,5,5642.55,1.31,8,1
14910.0,2,1,5,3348.96,1.33,3,1
13247.0,2,1,5,5093.13,1.33,18,1
12883.0,2,1,5,6403.6,1.33,25,1
13925.0,2,1,5,7163.52,1.33,93,1
14176.0,2,1,5,4398.9,1.33,298,1
13963.0,2,1,5,5734.3,1.33,309,1
16266.0,2,1,5,5919.44,1.4,74,1
13318.0,2,1,5,4000.8,1.5,2,1
17835.0,2,1,5,7168.8,1.5,3,1
14126.0,2,1,5,3257.06,1.5,8,1
12498.0,2,1,5,3351.9,1.5,22,1
16478.0,2,1,5,2740.4,1.5,26,1
16174.0,2,1,5,4738.2,1.5,127,1
17723.0,2,1,5,4933.9,1.5,128,1
14823.0,2,1,5,5427.76,1.5,181,1
17550.0,2,1,5,4353.91,1.5,198,1
15589.0,2,1,5,5040.24,1.5,256,1
16997.0,2,1,5,2808.0,1.5,289,1
17770.0,2,1,5,6723.92,1.67,199,1
15621.0,2,1,5,5513.62,2.0,5,1
17772.0,2,1,5,5978.62,2.0,11,1
16479.0,2,1,5,4807.02,2.0,11,1
17237.0,2,1,5,3420.83,2.0,12,1
16343.0,2,1,5,6710.39,2.0,17,1
16352.0,2,1,5,6922.16,2.0,18,1
14434.0,2,1,5,3126.0,2.0,22,1
14882.0,2,1,5,3196.4,2.0,27,1
13727.0,2,1,5,3785.52,2.0,29,1
16884.0,2,1,5,6078.96,2.0,38,1
14427.0,2,1,5,5189.44,2.0,51,1
14624.0,2,1,5,2538.6,2.0,58,1
12512.0,2,1,5,3945.96,2.0,67,1
13321.0,2,1,5,2948.0,2.0,73,1
13434.0,2,1,5,2671.2,2.0,75,1
16689.0,2,1,5,2611.32,2.0,76,1
14024.0,2,1,5,3192.15,2.0,122,1
17935.0,2,1,5,3300.26,2.0,139,1
18024.0,2,1,5,5643.54,2.0,153,1
18013.0,2,1,5,5326.38,2.0,156,1
16484.0,2,1,5,4961.4,2.0,174,1
15897.0,2,1,5,2560.38,2.0,195,1
17501.0,2,1,5,3778.95,2.0,221,1
15223.0,2,1,5,3661.55,2.0,226,1
15424.0,2,1,5,3260.22,2.0,255,1
15695.0,2,1,5,5937.39,2.0,267,1
14570.0,2,1,5,3569.95,2.0,281,1
17334.0,2,1,5,2975.7,2.0,303,1
18095.0,2,1,5,6213.6,2.0,313,1
12735.0,2,1,5,5595.72,2.0,316,1
15213.0,2,1,5,6920.7,2.0,319,1
17691.0,2,1,5,2761.5,2.0,359,1
15224.0,2,1,5,2668.93,2.0,359,1
17312.0,2,1,5,2463.9,3.0,139,1
15473.0,2,1,5,3477.6,3.5,15,1
17502.0,2,1,5,6075.6,4.0,10,1
17523.0,2,1,5,4628.07,4.0,12,1
15920.0,2,1,5,3603.88,4.0,155,1
17955.0,2,1,5,3333.25,4.0,199,1
15822.0,3,1,5,13277.09,0.15,4,2
13173.0,3,1,5,7570.82,0.15,5,2
14594.0,3,1,5,9886.26,0.15,8,2
12673.0,3,1,5,11445.86,0.17,6,2
13496.0,3,1,5,10419.7,0.17,11,2
13569.0,3,1,5,15547.11,0.17,18,2
16134.0,3,1,5,10893.12,0.17,22,2
13455.0,3,1,5,13857.36,0.17,25,2
16560.0,3,1,5,17838.34,0.17,27,2
17964.0,3,1,5,17068.14,0.17,32,2
14150.0,3,1,5,8608.6,0.17,36,2
17999.0,3,1,5,16327.64,0.17,38,2
15951.0,3,1,5,10827.93,0.18,9,2
17329.0,3,1,5,8649.51,0.18,15,2
15497.0,3,1,5,8616.6,0.18,18,2
15967.0,3,1,5,16335.84,0.18,24,2
15545.0,3,1,5,10128.24,0.18,55,2
13034.0,3,1,5,13373.46,0.18,55,2
17913.0,3,1,5,12178.95,0.18,59,2
15211.0,3,1,5,13966.08,0.18,61,2
16140.0,3,1,5,16638.06,0.18,66,2
14396.0,3,1,5,17236.37,0.18,66,2
17250.0,3,1,5,7555.97,0.2,4,2
14470.0,3,1,5,8141.55,0.2,12,2
14157.0,3,1,5,12211.02,0.2,20,2
15406.0,3,1,5,7917.23,0.2,32,2
15366.0,3,1,5,16041.48,0.2,76,2
16933.0,3,1,5,11219.57,0.22,2,2
14023.0,3,1,5,8462.55,0.22,8,2
16212.0,3,1,5,13251.3,0.22,20,2
13557.0,3,1,5,10031.72,0.22,29,2
13046.0,3,1,5,8412.37,0.22,31,2
14636.0,3,1,5,8518.96,0.22,37,2
17733.0,3,1,5,8998.11,0.22,39,2
17255.0,3,1,5,11137.48,0.22,41,2
14754.0,3,1,5,13235.04,0.22,45,2
14379.0,3,1,5,8763.14,0.22,45,2
16208.0,3,1,5,17204.4,0.22,45,2
15990.0,3,1,5,16375.55,0.22,45,2
17462.0,3,1,5,8143.04,0.22,61,2
16518.0,3,1,5,10081.06,0.22,62,2
12781.0,3,1,5,10376.22,0.22,64,2
16667.0,3,1,5,12204.92,0.22,69,2
13233.0,3,1,5,12994.96,0.22,75,2
15626.0,3,1,5,16023.2,0.22,75,2
17786.0,3,1,5,9755.26,0.22,86,2
17189.0,3,1,5,11393.28,0.22,107,2
13402.0,3,1,5,10999.1,0.22,128,2
14708.0,3,1,5,8309.85,0.23,3,2
16642.0,3,1,5,10458.39,0.25,5,2
15197.0,3,1,5,7586.07,0.25,11,2
16885.0,3,1,5,12034.59,0.25,16,2
14912.0,3,1,5,11764.84,0.25,17,2
17371.0,3,1,5,11825.18,0.25,18,2
16399.0,3,1,5,11809.98,0.25,20,2
17621.0,3,1,5,13503.1,0.25,22,2
17198.0,3,1,5,15601.87,0.25,24,2
13846.0,3,1,5,14714.32,0.25,25,2
13760.0,3,1,5,8181.82,0.25,55,2
14128.0,3,1,5,14069.46,0.25,61,2
14193.0,3,1,5,17904.57,0.25,68,2
16693.0,3,1,5,11089.11,0.25,69,2
12842.0,3,1,5,17865.03,0.25,71,2
12458.0,3,1,5,12506.24,0.25,72,2
16573.0,3,1,5,11492.86,0.25,85,2
12616.0,3,1,5,8353.8,0.25,96,2
16532.0,3,1,5,9355.2,0.27,18,2
17951.0,3,1,5,8023.44,0.27,40,2
17917.0,3,1,5,10148.55,0.27,46,2
16385.0,3,1,5,9277.24,0.27,61,2
13780.0,3,1,5,11020.7,0.29,8,2
17624.0,3,1,5,16971.87,0.29,15,2
17664.0,3,1,5,13071.37,0.29,19,2
13544.0,3,1,5,11207.68,0.29,40,2
15244.0,3,1,5,9862.44,0.29,66,2
13035.0,3,1,5,12829.2,0.29,74,2
14272.0,3,1,5,7787.01,0.29,74,2
16584.0,3,1,5,13105.12,0.29,81,2
15636.0,3,1,5,8752.72,0.29,90,2
16384.0,3,1,5,9678.9,0.29,90,2
15071.0,3,1,5,9292.7,0.29,94,2
15364.0,3,1,5,16111.54,0.29,96,2
13799.0,3,1,5,12026.72,0.29,117,2
14778.0,3,1,5,11368.05,0.29,128,2
12510.0,3,1,5,17369.96,0.29,143,2
13253.0,3,1,5,17628.6,0.29,157,2
15384.0,3,1,5,12450.2,0.29,170,2
14643.0,3,1,5,10743.02,0.29,171,2
15053.0,3,1,5,16366.89,0.3,5,2
12994.0,3,1,5,15000.14,0.3,5,2
14075.0,3,1,5,13475.32,0.3,5,2
13939.0,3,1,5,8268.02,0.3,24,2
14229.0,3,1,5,15755.29,0.3,52,2
17064.0,3,1,5,13434.7,0.3,59,2
18136.0,3,1,5,10090.75,0.3,64,2
12413.0,3,1,5,8895.4,0.3,67,2
16882.0,3,1,5,11401.56,0.3,67,2
17950.0,3,1,5,9172.91,0.3,73,2
13959.0,3,1,5,17215.91,0.3,80,2
17033.0,3,1,5,10172.76,0.3,87,2
16539.0,3,1,5,16830.73,0.31,3,2
14293.0,3,1,5,17090.67,0.31,4,2
14871.0,3,1,5,13513.23,0.31,4,2
14113.0,3,1,5,14930.88,0.31,4,2
14608.0,3,1,5,10277.85,0.31,5,2
15028.0,3,1,5,11811.71,0.31,9,2
16833.0,3,1,5,14281.77,0.33,2,2
12820.0,3,1,5,15010.76,0.33,4,2
13311.0,3,1,5,8013.76,0.33,5,2
12724.0,3,1,5,16054.5,0.33,6,2
17115.0,3,1,5,7609.17,0.33,9,2
16062.0,3,1,5,10776.64,0.33,10,2
17411.0,3,1,5,10412.46,0.33,13,2
17671.0,3,1,5,17625.77,0.33,16,2
17324.0,3,1,5,11824.28,0.33,18,2
12465.0,3,1,5,14809.96,0.33,18,2
12904.0,3,1,5,12140.96,0.33,19,2
15850.0,3,1,5,10978.34,0.33,20,2
16804.0,3,1,5,17639.66,0.33,24,2
17720.0,3,1,5,11657.64,0.33,27,2
14829.0,3,1,5,8038.71,0.33,30,2
12541.0,3,1,5,13900.68,0.33,30,2
15452.0,3,1,5,11248.67,0.33,30,2
15184.0,3,1,5,8477.98,0.33,30,2
15651.0,3,1,5,7560.7,0.33,37,2
15252.0,3,1,5,17414.6,0.33,37,2
16825.0,3,1,5,8513.12,0.33,39,2
17423.0,3,1,5,8678.47,0.33,47,2
14631.0,3,1,5,13415.44,0.33,51,2
14421.0,3,1,5,9715.68,0.33,58,2
18160.0,3,1,5,11178.25,0.33,58,2
12394.0,3,1,5,9939.42,0.33,64,2
15757.0,3,1,5,16871.64,0.33,66,2
17783.0,3,1,5,9342.61,0.33,73,2
14152.0,3,1,5,15256.39,0.33,76,2
14628.0,3,1,5,7545.49,0.33,92,2
16551.0,3,1,5,8226.2,0.33,96,2
12422.0,3,1,5,8639.72,0.33,96,2
16780.0,3,1,5,12920.47,0.33,101,2
15192.0,3,1,5,17797.18,0.33,120,2
18151.0,3,1,5,10458.0,0.33,135,2
13656.0,3,1,5,8393.55,0.33,165,2
12468.0,3,1,5,12336.6,0.33,188,2
14985.0,3,1,5,11986.32,0.33,199,2
14896.0,3,1,5,9961.42,0.33,205,2
14897.0,3,1,5,8997.74,0.36,8,2
13064.0,3,1,5,15996.5,0.36,13,2
17075.0,3,1,5,12653.74,0.36,18,2
14467.0,3,1,5,12039.04,0.36,18,2
16350.0,3,1,5,16111.18,0.36,22,2
12997.0,3,1,5,15041.17,0.36,23,2
14715.0,3,1,5,15526.89,0.36,25,2
17515.0,3,1,5,8525.2,0.36,32,2
17796.0,3,1,5,13997.0,0.36,41,2
15048.0,3,1,5,9313.12,0.36,66,2
15414.0,3,1,5,12098.6,0.38,10,2
13389.0,3,1,5,11016.3,0.38,12,2
18036.0,3,1,5,12745.68,0.38,33,2
16960.0,3,1,5,16472.6,0.38,39,2
15806.0,3,1,5,8458.0,0.38,47,2
16136.0,3,1,5,9303.72,0.38,60,2
13591.0,3,1,5,14461.99,0.38,65,2
14475.0,3,1,5,9331.46,0.38,72,2
14880.0,3,1,5,9437.43,0.38,78,2
13038.0,3,1,5,8801.62,0.38,81,2
17002.0,3,1,5,16563.88,0.38,86,2
14006.0,3,1,5,9232.48,0.38,116,2
17048.0,3,1,5,14537.69,0.38,118,2
12942.0,3,1,5,13288.12,0.38,132,2
14441.0,3,1,5,14828.17,0.4,1,2
15031.0,3,1,5,16344.44,0.4,5,2
13884.0,3,1,5,15595.15,0.4,8,2
17584.0,3,1,5,17026.65,0.4,8,2
16364.0,3,1,5,12308.93,0.4,12,2
16616.0,3,1,5,7689.04,0.4,16,2
17373.0,3,1,5,9481.42,0.4,41,2
15835.0,3,1,5,9752.2,0.4,45,2
14233.0,3,1,5,14571.05,0.4,50,2
16206.0,3,1,5,8279.43,0.4,55,2
14970.0,3,1,5,11499.88,0.4,69,2
15062.0,3,1,5,15074.68,0.4,72,2
16122.0,3,1,5,7729.74,0.4,74,2
12348.0,3,1,5,13230.0,0.4,76,2
15312.0,3,1,5,11624.47,0.4,76,2
16624.0,3,1,5,15782.98,0.4,81,2
13240.0,3,1,5,10449.4,0.4,97,2
16309.0,3,1,5,13337.03,0.4,107,2
14323.0,3,1,5,8835.36,0.4,115,2
17931.0,3,1,5,12385.74,0.4,135,2
13821.0,3,1,5,10715.84,0.4,145,2
16859.0,3,1,5,16834.75,0.4,145,2
15182.0,3,1,5,8752.12,0.4,155,2
14481.0,3,1,5,9640.02,0.4,165,2
16567.0,3,1,5,17268.92,0.4,195,2
14320.0,3,1,5,8319.66,0.4,207,2
17604.0,3,1,5,9332.56,0.4,218,2
15246.0,3,1,5,7846.5,0.4,239,2
13221.0,3,1,5,15176.32,0.4,241,2
17135.0,3,1,5,10309.52,0.42,17,2
15605.0,3,1,5,14670.86,0.42,37,2
17579.0,3,1,5,7580.58,0.43,5,2
13258.0,3,1,5,10820.54,0.43,12,2
13546.0,3,1,5,17723.12,0.43,13,2
13282.0,3,1,5,8730.74,0.43,19,2
16139.0,3,1,5,7602.57,0.43,19,2
15489.0,3,1,5,15002.6,0.43,23,2
15582.0,3,1,5,10419.71,0.43,25,2
17521.0,3,1,5,11435.3,0.43,30,2
18170.0,3,1,5,9103.39,0.43,34,2
16357.0,3,1,5,7729.72,0.43,34,2
16099.0,3,1,5,10585.7,0.43,51,2
17734.0,3,1,5,12376.62,0.43,54,2
14818.0,3,1,5,7898.67,0.43,74,2
15026.0,3,1,5,9734.74,0.43,81,2
13662.0,3,1,5,11832.76,0.43,86,2
14223.0,3,1,5,16956.31,0.43,93,2
15797.0,3,1,5,8173.2,0.43,114,2
14127.0,3,1,5,11393.2,0.43,123,2
15133.0,3,1,5,9012.94,0.43,128,2
17980.0,3,1,5,7951.65,0.43,166,2
17897.0,3,1,5,15702.71,0.43,173,2
15145.0,3,1,5,14193.72,0.44,5,2
14931.0,3,1,5,7821.09,0.44,5,2
17096.0,3,1,5,8548.41,0.44,16,2
14790.0,3,1,5,8470.18,0.44,17,2
15421.0,3,1,5,16669.66,0.44,59,2
14959.0,3,1,5,11490.52,0.44,65,2
15841.0,3,1,5,14120.18,0.44,73,2
12924.0,3,1,5,7648.18,0.44,89,2
17692.0,3,1,5,11365.26,0.44,128,2
14553.0,3,1,5,14306.51,0.45,20,2
15227.0,3,1,5,11856.9,0.45,37,2
16086.0,3,1,5,7719.5,0.45,60,2
13026.0,3,1,5,8889.48,0.5,2,2
14129.0,3,1,5,14304.89,0.5,2,2
14794.0,3,1,5,14617.09,0.5,3,2
17266.0,3,1,5,10410.31,0.5,3,2
16949.0,3,1,5,8895.14,0.5,4,2
16600.0,3,1,5,9085.46,0.5,5,2
12925.0,3,1,5,14353.36,0.5,5,2
12951.0,3,1,5,11401.25,0.5,9,2
15712.0,3,1,5,12498.89,0.5,10,2
13203.0,3,1,5,14207.78,0.5,10,2
12798.0,3,1,5,15012.24,0.5,11,2
14741.0,3,1,5,13643.74,0.5,12,2
17236.0,3,1,5,16343.24,0.5,13,2
17302.0,3,1,5,16051.61,0.5,15,2
13831.0,3,1,5,17699.32,0.5,17,2
12775.0,3,1,5,14458.6,0.5,18,2
15745.0,3,1,5,13676.07,0.5,20,2
13138.0,3,1,5,10721.02,0.5,23,2
13131.0,3,1,5,9304.1,0.5,24,2
12991.0,3,1,5,8480.12,0.5,24,2
13236.0,3,1,5,10567.11,0.5,25,2
13892.0,3,1,5,7742.25,0.5,27,2
14035.0,3,1,5,17096.1,0.5,29,2
12697.0,3,1,5,9980.17,0.5,29,2
15238.0,3,1,5,15739.77,0.5,30,2
12844.0,3,1,5,8522.56,0.5,30,2
16996.0,3,1,5,11443.74,0.5,31,2
14108.0,3,1,5,8435.43,0.5,31,2
17637.0,3,1,5,8305.59,0.5,32,2
13824.0,3,1,5,17348.98,0.5,33,2
16637.0,3,1,5,17001.14,0.5,33,2
15952.0,3,1,5,15837.48,0.5,34,2
13636.0,3,1,5,9720.29,0.5,37,2
13461.0,3,1,5,14063.8,0.5,39,2
14716.0,3,1,5,8852.72,0.5,44,2
14690.0,3,1,5,9539.38,0.5,45,2
16444.0,3,1,5,13007.9,0.5,47,2
14504.0,3,1,5,14466.58,0.5,48,2
13750.0,3,1,5,7871.45,0.5,54,2
16389.0,3,1,5,10506.74,0.5,54,2
18171.0,3,1,5,10786.96,0.5,59,2
12694.0,3,1,5,7478.04,0.5,71,2
12516.0,3,1,5,14232.72,0.5,78,2
17873.0,3,1,5,15461.98,0.5,81,2
12379.0,3,1,5,14767.56,0.5,82,2
12535.0,3,1,5,9131.4,0.5,92,2
13376.0,3,1,5,13651.18,0.5,100,2
16092.0,3,1,5,12134.84,0.5,115,2
15734.0,3,1,5,9824.85,0.5,115,2
13888.0,3,1,5,10214.61,0.5,120,2
16572.0,3,1,5,17164.04,0.5,128,2
13414.0,3,1,5,12449.1,0.5,134,2
12507.0,3,1,5,7484.67,0.5,135,2
14656.0,3,1,5,9723.5,0.5,170,2
17749.0,3,1,5,9011.3,0.5,179,2
17795.0,3,1,5,7540.57,0.5,180,2
14867.0,3,1,5,8202.62,0.5,186,2
17375.0,3,1,5,8130.24,0.5,200,2
15079.0,3,1,5,13776.83,0.5,213,2
17646.0,3,1,5,14785.09,0.5,220,2
16402.0,3,1,5,9937.5,0.5,265,2
16954.0,3,1,5,11752.98,0.54,1,2
17412.0,3,1,5,11524.58,0.54,3,2
13953.0,3,1,5,8464.12,0.54,8,2
17937.0,3,1,5,17540.76,0.54,9,2
14289.0,3,1,5,8410.44,0.55,9,2
13509.0,3,1,5,9324.84,0.55,9,2
12528.0,3,1,5,16442.1,0.55,10,2
13782.0,3,1,5,14572.67,0.55,13,2
17007.0,3,1,5,8040.63,0.55,51,2
15038.0,3,1,5,10433.37,0.55,59,2
17214.0,3,1,5,12091.75,0.55,61,2
13499.0,3,1,5,8973.93,0.56,18,2
15132.0,3,1,5,15470.61,0.56,19,2
15681.0,3,1,5,17760.96,0.56,26,2
17966.0,3,1,5,11188.78,0.56,38,2
13397.0,3,1,5,9564.65,0.56,73,2
16094.0,3,1,5,15296.14,0.57,12,2
17345.0,3,1,5,16074.51,0.57,16,2
15116.0,3,1,5,15142.3,0.57,18,2
13835.0,3,1,5,12035.05,0.57,26,2
13301.0,3,1,5,10589.23,0.57,104,2
14692.0,3,1,5,11513.45,0.57,138,2
15658.0,3,1,5,8375.25,0.57,191,2
12494.0,3,1,5,13496.49,0.58,16,2
16531.0,3,1,5,12880.9,0.58,23,2
17287.0,3,1,5,15490.89,0.58,27,2
14466.0,3,1,5,14289.15,0.58,30,2
15467.0,3,1,5,10956.28,0.6,10,2
15901.0,3,1,5,12111.65,0.6,17,2
17779.0,3,1,5,17350.03,0.6,22,2
14034.0,3,1,5,16514.22,0.6,23,2
14332.0,3,1,5,9575.98,0.6,23,2
12676.0,3,1,5,8745.3,0.6,25,2
17703.0,3,1,5,14717.78,0.6,36,2
13728.0,3,1,5,10131.01,0.6,37,2
16969.0,3,1,5,11888.71,0.6,40,2
15329.0,3,1,5,17207.1,0.6,40,2
13617.0,3,1,5,7665.87,0.6,41,2
14976.0,3,1,5,8641.22,0.6,58,2
17819.0,3,1,5,17428.23,0.6,72,2
17588.0,3,1,5,8884.28,0.6,101,2
13037.0,3,1,5,12051.0,0.6,139,2
14803.0,3,1,5,9407.6,0.6,163,2
13951.0,3,1,5,8037.97,0.6,177,2
14231.0,3,1,5,12479.86,0.6,184,2
14828.0,3,1,5,11814.48,0.6,197,2
16010.0,3,1,5,12880.1,0.6,246,2
15434.0,3,1,5,13516.4,0.63,9,2
13719.0,3,1,5,12806.81,0.63,16,2
17054.0,3,1,5,15747.31,0.63,29,2
17930.0,3,1,5,13548.96,0.63,36,2
15569.0,3,1,5,9459.84,0.63,104,2
15812.0,3,1,5,9353.54,0.63,108,2
17119.0,3,1,5,12025.74,0.67,4,2
17114.0,3,1,5,9172.73,0.67,6,2
12719.0,3,1,5,8512.7,0.67,6,2
16561.0,3,1,5,7447.6,0.67,6,2
16103.0,3,1,5,12428.42,0.67,8,2
18158.0,3,1,5,9347.2,0.67,10,2
17101.0,3,1,5,17348.66,0.67,11,2
17466.0,3,1,5,9631.02,0.67,11,2
17299.0,3,1,5,12585.58,0.67,12,2
18001.0,3,1,5,10462.2,0.67,13,2
15743.0,3,1,5,13869.5,0.67,17,2
14335.0,3,1,5,15639.21,0.67,17,2
14020.0,3,1,5,10327.05,0.67,17,2
13350.0,3,1,5,10914.36,0.67,17,2
13430.0,3,1,5,14705.51,0.67,19,2
13117.0,3,1,5,8984.52,0.67,22,2
14285.0,3,1,5,11844.38,0.67,22,2
15429.0,3,1,5,15543.92,0.67,27,2
15492.0,3,1,5,9181.66,0.67,29,2
18217.0,3,1,5,9686.3,0.67,30,2
14284.0,3,1,5,8131.65,0.67,31,2
15103.0,3,1,5,9815.76,0.67,32,2
15763.0,3,1,5,17423.76,0.67,32,2
15522.0,3,1,5,12999.9,0.67,33,2
13759.0,3,1,5,11429.22,0.67,34,2
12571.0,3,1,5,8902.1,0.67,40,2
16232.0,3,1,5,9349.0,0.67,44,2
14145.0,3,1,5,11167.2,0.67,47,2
17527.0,3,1,5,8687.51,0.67,54,2
13023.0,3,1,5,10783.6,0.67,65,2
15315.0,3,1,5,10812.8,0.67,65,2
13515.0,3,1,5,14758.52,0.67,73,2
18265.0,3,1,5,13538.93,0.67,73,2
16906.0,3,1,5,11524.58,0.67,82,2
13563.0,3,1,5,10823.75,0.67,85,2
16175.0,3,1,5,12197.33,0.67,95,2
15829.0,3,1,5,15266.0,0.67,100,2
14078.0,3,1,5,11234.91,0.67,102,2
12624.0,3,1,5,9722.4,0.67,107,2
13720.0,3,1,5,9225.3,0.67,117,2
12399.0,3,1,5,17257.99,0.67,120,2
17642.0,3,1,5,14715.66,0.67,120,2
18248.0,3,1,5,15491.04,0.67,123,2
13248.0,3,1,5,7885.45,0.67,125,2
13791.0,3,1,5,8875.0,0.67,128,2
12815.0,3,1,5,16105.62,0.67,148,2
15402.0,3,1,5,13970.35,0.67,149,2
14338.0,3,1,5,12795.99,0.67,162,2
17704.0,3,1,5,12174.85,0.67,169,2
14998.0,3,1,5,12973.36,0.67,171,2
15535.0,3,1,5,10164.69,0.67,174,2
13900.0,3,1,5,13402.53,0.67,193,2
16449.0,3,1,5,11176.3,0.67,198,2
15433.0,3,1,5,12946.46,0.67,214,2
13368.0,3,1,5,13142.0,0.67,257,2
13707.0,3,1,5,17617.6,0.67,268,2
15057.0,3,1,5,17791.8,0.67,276,2
16546.0,3,1,5,9859.5,0.67,291,2
17358.0,3,1,5,11513.4,0.67,304,2
17392.0,3,1,5,11820.54,0.67,307,2
16817.0,3,1,5,13820.19,0.69,3,2
15602.0,3,1,5,9918.32,0.69,9,2
13743.0,3,1,5,8271.36,0.7,3,2
15270.0,3,1,5,11781.99,0.7,16,2
12599.0,3,1,5,7643.06,0.7,30,2
12352.0,3,1,5,12528.2,0.7,37,2
14738.0,3,1,5,10533.06,0.7,43,2
16098.0,3,1,5,12862.61,0.7,88,2
16892.0,3,1,5,9748.07,0.71,2,2
17410.0,3,1,5,15108.03,0.71,17,2
18221.0,3,1,5,12434.98,0.71,23,2
16750.0,3,1,5,10032.88,0.71,45,2
15860.0,3,1,5,14714.93,0.73,41,2
15399.0,3,1,5,13524.39,0.75,2,2
15568.0,3,1,5,12678.94,0.75,3,2
12664.0,3,1,5,15247.92,0.75,9,2
14901.0,3,1,5,12598.51,0.75,12,2
14834.0,3,1,5,17546.4,0.75,18,2
18167.0,3,1,5,15055.98,0.75,24,2
12642.0,3,1,5,12037.14,0.75,26,2
18236.0,3,1,5,7407.66,0.75,30,2
12649.0,3,1,5,8021.82,0.75,108,2
12643.0,3,1,5,11532.88,0.75,129,2
14403.0,3,1,5,9753.83,0.75,142,2
16146.0,3,1,5,9864.07,0.75,158,2
14267.0,3,1,5,16033.5,0.75,163,2
16214.0,3,1,5,13207.8,0.75,171,2
13533.0,3,1,5,9291.0,0.75,183,2
16431.0,3,1,5,17485.04,0.75,214,2
16037.0,3,1,5,8476.68,0.75,270,2
15456.0,3,1,5,10915.31,0.75,284,2
13305.0,3,1,5,17540.34,0.77,5,2
16966.0,3,1,5,10128.49,0.78,9,2
12680.0,3,1,5,10467.65,0.8,1,2
14141.0,3,1,5,9174.99,0.8,3,2
12584.0,3,1,5,15579.8,0.8,4,2
13681.0,3,1,5,12883.56,0.8,18,2
13940.0,3,1,5,9828.04,0.8,18,2
13167.0,3,1,5,9715.68,0.8,19,2
15618.0,3,1,5,10645.39,0.8,33,2
16806.0,3,1,5,17772.12,0.8,104,2
14758.0,3,1,5,9563.53,0.8,145,2
14352.0,3,1,5,14475.96,0.8,158,2
15483.0,3,1,5,7613.94,0.8,162,2
14532.0,3,1,5,15234.9,0.8,237,2
17800.0,3,1,5,13178.65,0.82,38,2
18237.0,3,1,5,11255.53,0.83,3,2
15253.0,3,1,5,14389.5,0.83,17,2
18061.0,3,1,5,9842.43,0.83,22,2
12600.0,3,1,5,14546.58,0.83,29,2
16209.0,3,1,5,12740.36,0.83,89,2
12919.0,3,1,5,12326.4,0.86,9,2
13456.0,3,1,5,16384.58,0.86,18,2
14883.0,3,1,5,10053.43,0.86,19,2
14948.0,3,1,5,12761.83,0.86,24,2
16681.0,3,1,5,15324.38,0.86,73,2
15737.0,3,1,5,16712.83,0.88,15,2
13491.0,3,1,5,10535.32,0.91,52,2
18144.0,3,1,5,8672.65,0.92,8,2
17490.0,3,1,5,17335.24,1.0,1,2
17503.0,3,1,5,9652.08,1.0,3,2
15883.0,3,1,5,8541.24,1.0,3,2
16368.0,3,1,5,15540.65,1.0,3,2
17232.0,3,1,5,7592.8,1.0,3,2
14087.0,3,1,5,13414.98,1.0,3,2
12478.0,3,1,5,17407.66,1.0,4,2
15318.0,3,1,5,10316.46,1.0,4,2
17006.0,3,1,5,7816.82,1.0,5,2
12628.0,3,1,5,9042.3,1.0,5,2
15274.0,3,1,5,16916.51,1.0,5,2
16811.0,3,1,5,7531.56,1.0,5,2
17254.0,3,1,5,14329.65,1.0,5,2
13790.0,3,1,5,15696.0,1.0,5,2
17383.0,3,1,5,10163.79,1.0,5,2
16535.0,3,1,5,12579.0,1.0,6,2
17221.0,3,1,5,10059.6,1.0,8,2
14788.0,3,1,5,8819.35,1.0,8,2
15500.0,3,1,5,14831.67,1.0,9,2
17014.0,3,1,5,11637.21,1.0,9,2
13040.0,3,1,5,14590.53,1.0,9,2
13784.0,3,1,5,7815.84,1.0,10,2
17911.0,3,1,5,12947.74,1.0,10,2
13014.0,3,1,5,17561.71,1.0,11,2
14550.0,3,1,5,17364.07,1.0,11,2
13428.0,3,1,5,13700.87,1.0,11,2
12657.0,3,1,5,12519.22,1.0,12,2
12479.0,3,1,5,11937.8,1.0,12,2
15054.0,3,1,5,17567.1,1.0,13,2
16024.0,3,1,5,16079.36,1.0,13,2
14954.0,3,1,5,15410.52,1.0,13,2
17885.0,3,1,5,11446.47,1.0,13,2
15134.0,3,1,5,13733.71,1.0,15,2
17385.0,3,1,5,11553.36,1.0,15,2
14539.0,3,1,5,11265.31,1.0,16,2
17458.0,3,1,5,17091.0,1.0,16,2
15725.0,3,1,5,13288.0,1.0,16,2
17247.0,3,1,5,10817.0,1.0,16,2
16311.0,3,1,5,11861.13,1.0,18,2
12658.0,3,1,5,16539.0,1.0,19,2
16406.0,3,1,5,10110.34,1.0,19,2
12523.0,3,1,5,11487.85,1.0,20,2
13200.0,3,1,5,10053.94,1.0,20,2
14359.0,3,1,5,14842.5,1.0,20,2
14052.0,3,1,5,10714.14,1.0,20,2
18110.0,3,1,5,9609.6,1.0,20,2
17301.0,3,1,5,10485.09,1.0,22,2
13028.0,3,1,5,14955.54,1.0,23,2
17985.0,3,1,5,12262.95,1.0,23,2
12500.0,3,1,5,15516.71,1.0,24,2
18006.0,3,1,5,9782.96,1.0,24,2
18181.0,3,1,5,13954.35,1.0,25,2
16936.0,3,1,5,14208.88,1.0,26,2
17793.0,3,1,5,13519.77,1.0,26,2
14953.0,3,1,5,14575.68,1.0,26,2
12374.0,3,1,5,16905.9,1.0,26,2
13810.0,3,1,5,9734.72,1.0,29,2
13732.0,3,1,5,16231.38,1.0,29,2
17197.0,3,1,5,11025.21,1.0,30,2
16025.0,3,1,5,12310.48,1.0,30,2
12617.0,3,1,5,13425.2,1.0,30,2
15450.0,3,1,5,11740.36,1.0,31,2
16732.0,3,1,5,16905.0,1.0,32,2
15957.0,3,1,5,15961.6,1.0,32,2
18216.0,3,1,5,7924.35,1.0,32,2
17761.0,3,1,5,7646.08,1.0,33,2
17623.0,3,1,5,16100.8,1.0,33,2
13532.0,3,1,5,13880.46,1.0,34,2
16445.0,3,1,5,12691.66,1.0,34,2
17653.0,3,1,5,15003.5,1.0,37,2
15551.0,3,1,5,7838.64,1.0,37,2
13721.0,3,1,5,13590.18,1.0,37,2
17403.0,3,1,5,8693.44,1.0,37,2
16602.0,3,1,5,14311.64,1.0,37,2
16747.0,3,1,5,16885.94,1.0,38,2
18164.0,3,1,5,8898.7,1.0,38,2
16830.0,3,1,5,7495.93,1.0,39,2
12491.0,3,1,5,9541.2,1.0,39,2
13813.0,3,1,5,17478.02,1.0,40,2
17447.0,3,1,5,11781.84,1.0,41,2
14158.0,3,1,5,16486.68,1.0,41,2
18067.0,3,1,5,11166.05,1.0,41,2
14412.0,3,1,5,15555.96,1.0,43,2
17878.0,3,1,5,8629.2,1.0,44,2
16026.0,3,1,5,7554.88,1.0,44,2
14357.0,3,1,5,8632.8,1.0,44,2
17712.0,3,1,5,10483.46,1.0,45,2
14598.0,3,1,5,11098.5,1.0,45,2
15320.0,3,1,5,9052.05,1.0,45,2
16415.0,3,1,5,10621.2,1.0,45,2
16345.0,3,1,5,14620.34,1.0,45,2
16708.0,3,1,5,15070.75,1.0,46,2
18045.0,3,1,5,8321.4,1.0,46,2
15592.0,3,1,5,9325.92,1.0,47,2
15142.0,3,1,5,12967.24,1.0,47,2
14474.0,3,1,5,8532.92,1.0,47,2
14139.0,3,1,5,9798.0,1.0,47,2
17940.0,3,1,5,7444.18,1.0,50,2
17832.0,3,1,5,9477.57,1.0,50,2
13974.0,3,1,5,11580.52,1.0,50,2
16260.0,3,1,5,12156.75,1.0,51,2
15468.0,3,1,5,9389.82,1.0,52,2
16734.0,3,1,5,12736.64,1.0,53,2
13594.0,3,1,5,10321.22,1.0,53,2
14381.0,3,1,5,11350.08,1.0,53,2
16563.0,3,1,5,15551.04,1.0,54,2
17201.0,3,1,5,13705.2,1.0,54,2
17520.0,3,1,5,11835.46,1.0,54,2
16932.0,3,1,5,8582.82,1.0,54,2
14830.0,3,1,5,7885.2,1.0,54,2
16674.0,3,1,5,15871.62,1.0,55,2
15994.0,3,1,5,13205.61,1.0,55,2
16052.0,3,1,5,10312.32,1.0,55,2
18228.0,3,1,5,11204.41,1.0,57,2
16413.0,3,1,5,7417.5,1.0,57,2
15272.0,3,1,5,15955.57,1.0,58,2
12631.0,3,1,5,10725.0,1.0,58,2
13853.0,3,1,5,15906.8,1.0,58,2
12667.0,3,1,5,12783.9,1.0,59,2
12824.0,3,1,5,9928.0,1.0,60,2
18126.0,3,1,5,11582.48,1.0,61,2
16982.0,3,1,5,8449.32,1.0,61,2
13352.0,3,1,5,8003.54,1.0,61,2
14801.0,3,1,5,10709.12,1.0,62,2
16921.0,3,1,5,10187.4,1.0,62,2
13276.0,3,1,5,9713.99,1.0,64,2
14067.0,3,1,5,8586.87,1.0,64,2
16354.0,3,1,5,12913.1,1.0,64,2
12420.0,3,1,5,11379.36,1.0,64,2
13359.0,3,1,5,8570.32,1.0,64,2
12740.0,3,1,5,10675.6,1.0,64,2
16184.0,3,1,5,10172.15,1.0,65,2
15706.0,3,1,5,15976.92,1.0,65,2
14317.0,3,1,5,10077.76,1.0,65,2
13602.0,3,1,5,9864.47,1.0,65,2
16895.0,3,1,5,13416.08,1.0,65,2
15264.0,3,1,5,9056.02,1.0,65,2
15300.0,3,1,5,11815.44,1.0,65,2
16160.0,3,1,5,13146.6,1.0,66,2
15762.0,3,1,5,7943.57,1.0,66,2
17222.0,3,1,5,9916.2,1.0,66,2
16803.0,3,1,5,7975.2,1.0,66,2
15091.0,3,1,5,12954.59,1.0,68,2
15930.0,3,1,5,8959.23,1.0,68,2
17724.0,3,1,5,10948.2,1.0,72,2
16650.0,3,1,5,11532.66,1.0,72,2
16574.0,3,1,5,12640.32,1.0,72,2
12612.0,3,1,5,12024.72,1.0,75,2
17154.0,3,1,5,7574.82,1.0,76,2
13670.0,3,1,5,8742.5,1.0,76,2
17480.0,3,1,5,14842.78,1.0,78,2
15075.0,3,1,5,15961.92,1.0,78,2
16978.0,3,1,5,11171.88,1.0,78,2
15475.0,3,1,5,11376.68,1.0,78,2
16485.0,3,1,5,11514.75,1.0,78,2
16236.0,3,1,5,8644.0,1.0,79,2
12579.0,3,1,5,9383.92,1.0,79,2
17731.0,3,1,5,11601.42,1.0,80,2
12390.0,3,1,5,11640.78,1.0,80,2
14887.0,3,1,5,11172.0,1.0,80,2
13325.0,3,1,5,8103.6,1.0,82,2
12497.0,3,1,5,12390.3,1.0,82,2
15099.0,3,1,5,9441.04,1.0,85,2
15975.0,3,1,5,8904.24,1.0,85,2
15205.0,3,1,5,7860.57,1.0,86,2
17333.0,3,1,5,13839.0,1.0,86,2
14894.0,3,1,5,15082.25,1.0,86,2
15417.0,3,1,5,14246.4,1.0,86,2
14557.0,3,1,5,12614.08,1.0,86,2
14753.0,3,1,5,15754.25,1.0,88,2
16141.0,3,1,5,14253.3,1.0,89,2
17433.0,3,1,5,14729.52,1.0,89,2
14212.0,3,1,5,9634.32,1.0,90,2
13210.0,3,1,5,7776.56,1.0,94,2
16400.0,3,1,5,8035.44,1.0,95,2
16820.0,3,1,5,9456.92,1.0,96,2
14171.0,3,1,5,16964.2,1.0,99,2
14420.0,3,1,5,11238.08,1.0,100,2
15866.0,3,1,5,7546.56,1.0,102,2
15325.0,3,1,5,7952.21,1.0,104,2
14687.0,3,1,5,9425.7,1.0,107,2
16723.0,3,1,5,12282.15,1.0,108,2
16536.0,3,1,5,16788.62,1.0,111,2
12513.0,3,1,5,17161.32,1.0,113,2
12418.0,3,1,5,14870.4,1.0,113,2
15232.0,3,1,5,9508.58,1.0,114,2
12729.0,3,1,5,8675.83,1.0,114,2
16272.0,3,1,5,10292.5,1.0,117,2
14301.0,3,1,5,8321.82,1.0,118,2
13355.0,3,1,5,17753.7,1.0,123,2
14331.0,3,1,5,8568.18,1.0,125,2
17514.0,3,1,5,7805.85,1.0,129,2
15342.0,3,1,5,8996.22,1.0,130,2
12644.0,3,1,5,12072.48,1.0,130,2
17695.0,3,1,5,13364.38,1.0,132,2
14885.0,3,1,5,11479.8,1.0,132,2
16447.0,3,1,5,7791.44,1.0,136,2
15855.0,3,1,5,12565.9,1.0,137,2
16305.0,3,1,5,7946.84,1.0,139,2
13116.0,3,1,5,8913.36,1.0,139,2
17660.0,3,1,5,8186.2,1.0,142,2
14891.0,3,1,5,12763.26,1.0,149,2
14400.0,3,1,5,14367.5,1.0,150,2
14552.0,3,1,5,9574.06,1.0,152,2
13291.0,3,1,5,13536.4,1.0,156,2
17046.0,3,1,5,14124.44,1.0,158,2
13833.0,3,1,5,8382.4,1.0,160,2
12922.0,3,1,5,11350.64,1.0,162,2
13745.0,3,1,5,7501.0,1.0,163,2
13300.0,3,1,5,7437.8,1.0,170,2
15041.0,3,1,5,11114.4,1.0,171,2
15507.0,3,1,5,16212.42,1.0,172,2
13568.0,3,1,5,7864.7,1.0,174,2
15585.0,3,1,5,14114.3,1.0,177,2
12809.0,3,1,5,7918.02,1.0,178,2
13936.0,3,1,5,9791.08,1.0,180,2
16614.0,3,1,5,12017.25,1.0,183,2
17124.0,3,1,5,9564.48,1.0,186,2
12802.0,3,1,5,9541.92,1.0,187,2
15386.0,3,1,5,12218.34,1.0,187,2
16230.0,3,1,5,8765.34,1.0,190,2
13885.0,3,1,5,7473.5,1.0,190,2
16529.0,3,1,5,13657.5,1.0,191,2
13398.0,3,1,5,9507.97,1.0,193,2
17152.0,3,1,5,7585.6,1.0,195,2
12426.0,3,1,5,13825.84,1.0,195,2
17051.0,3,1,5,9961.98,1.0,195,2
16275.0,3,1,5,13278.16,1.0,197,2
15314.0,3,1,5,7871.28,1.0,200,2
13737.0,3,1,5,8159.2,1.0,201,2
14489.0,3,1,5,13901.4,1.0,208,2
14888.0,3,1,5,7384.0,1.0,208,2
15333.0,3,1,5,16456.96,1.0,209,2
12770.0,3,1,5,12995.4,1.0,211,2
14873.0,3,1,5,8358.46,1.0,211,2
12976.0,3,1,5,16249.2,1.0,212,2
16116.0,3,1,5,12960.64,1.0,212,2
14988.0,3,1,5,12549.81,1.0,212,2
14000.0,3,1,5,9534.9,1.0,212,2
17970.0,3,1,5,15867.06,1.0,212,2
16306.0,3,1,5,8934.81,1.0,214,2
13642.0,3,1,5,16590.0,1.0,216,2
13731.0,3,1,5,8422.89,1.0,220,2
14149.0,3,1,5,11370.24,1.0,221,2
14022.0,3,1,5,12320.0,1.0,226,2
18183.0,3,1,5,9513.36,1.0,228,2
16834.0,3,1,5,9923.04,1.0,228,2
16823.0,3,1,5,11787.46,1.0,228,2
13485.0,3,1,5,9555.48,1.0,234,2
15225.0,3,1,5,8632.8,1.0,235,2
16947.0,3,1,5,7731.6,1.0,236,2
13474.0,3,1,5,11952.34,1.0,237,2
13740.0,3,1,5,8067.25,1.0,241,2
15147.0,3,1,5,12607.4,1.0,241,2
12982.0,3,1,5,10935.12,1.0,243,2
12447.0,3,1,5,9878.16,1.0,244,2
15655.0,3,1,5,15418.47,1.0,244,2
16643.0,3,1,5,11052.75,1.0,246,2
12580.0,3,1,5,8733.1,1.0,247,2
17140.0,3,1,5,8356.58,1.0,248,2
16142.0,3,1,5,14225.28,1.0,250,2
13439.0,3,1,5,15320.34,1.0,256,2
12792.0,3,1,5,7580.57,1.0,257,2
16769.0,3,1,5,8732.56,1.0,261,2
16063.0,3,1,5,7712.36,1.0,261,2
12818.0,3,1,5,11687.28,1.0,262,2
17486.0,3,1,5,8670.31,1.0,262,2
15437.0,3,1,5,8433.04,1.0,263,2
15457.0,3,1,5,12378.69,1.0,263,2
16721.0,3,1,5,10821.39,1.0,263,2
16256.0,3,1,5,9781.59,1.0,267,2
15019.0,3,1,5,16255.4,1.0,267,2
13358.0,3,1,5,10020.51,1.0,269,2
15047.0,3,1,5,7559.64,1.0,270,2
16392.0,3,1,5,9953.55,1.0,270,2
13121.0,3,1,5,14186.5,1.0,270,2
13708.0,3,1,5,14296.5,1.0,272,2
16625.0,3,1,5,7660.84,1.0,275,2
17508.0,3,1,5,8520.82,1.0,281,2
12866.0,3,1,5,8287.84,1.0,284,2
13166.0,3,1,5,15892.0,1.0,284,2
15303.0,3,1,5,11952.72,1.0,291,2
12707.0,3,1,5,13002.6,1.0,292,2
13044.0,3,1,5,10968.16,1.0,292,2
13893.0,3,1,5,8096.4,1.0,298,2
14935.0,3,1,5,17847.1,1.0,298,2
16084.0,3,1,5,14885.28,1.0,300,2
17226.0,3,1,5,7614.8,1.0,309,2
15090.0,3,1,5,8770.36,1.0,309,2
16030.0,3,1,5,9605.96,1.0,310,2
13800.0,3,1,5,15085.22,1.0,310,2
14497.0,3,1,5,9197.28,1.0,310,2
14411.0,3,1,5,8238.0,1.0,311,2
14549.0,3,1,5,11859.54,1.0,312,2
15448.0,3,1,5,9720.96,1.0,313,2
17619.0,3,1,5,16826.04,1.0,313,2
17431.0,3,1,5,17341.9,1.0,314,2
12591.0,3,1,5,7797.0,1.0,318,2
13615.0,3,1,5,9606.87,1.0,319,2
12872.0,3,1,5,17842.86,1.0,327,2
18212.0,3,1,5,8846.57,1.0,327,2
13385.0,3,1,5,13480.97,1.0,330,2
18106.0,3,1,5,13460.4,1.0,330,2
18085.0,3,1,5,10456.1,1.0,331,2
14270.0,3,1,5,8589.35,1.0,332,2
15326.0,3,1,5,9039.59,1.0,334,2
15460.0,3,1,5,10205.8,1.0,355,2
15789.0,3,1,5,8782.5,1.0,359,2
18176.0,3,1,5,12178.6,1.0,359,2
17551.0,3,1,5,12530.28,1.0,360,2
17303.0,3,1,5,10804.5,1.0,362,2
15503.0,3,1,5,8747.52,1.0,363,2
17251.0,3,1,5,8974.08,1.0,363,2
17880.0,3,1,5,11931.92,1.0,365,2
16727.0,3,1,5,12549.72,1.0,365,2
17860.0,3,1,5,14662.4,1.0,369,2
12725.0,3,1,5,8551.4,1.0,372,2
17908.0,3,1,5,14110.24,1.0,374,2
15165.0,3,1,5,10231.2,1.0,374,2
16274.0,3,1,5,12400.35,1.0,374,2
16929.0,3,1,5,15288.78,1.17,4,2
17562.0,3,1,5,12238.56,1.17,15,2
16107.0,3,1,5,11657.9,1.17,18,2
17193.0,3,1,5,13536.08,1.17,36,2
12828.0,3,1,5,10064.7,1.2,3,2
13991.0,3,1,5,14921.75,1.2,13,2
15971.0,3,1,5,13078.1,1.2,18,2
13752.0,3,1,5,14377.0,1.2,125,2
14116.0,3,1,5,17238.14,1.25,20,2
15581.0,3,1,5,15765.06,1.25,157,2
14217.0,3,1,5,7876.61,1.31,2,2
12723.0,3,1,5,14733.36,1.33,4,2
16513.0,3,1,5,17180.7,1.33,5,2
14824.0,3,1,5,10524.55,1.33,11,2
15571.0,3,1,5,10116.85,1.33,12,2
14543.0,3,1,5,9988.61,1.33,29,2
15827.0,3,1,5,14720.56,1.4,74,2
15156.0,3,1,5,14672.67,1.5,2,2
12950.0,3,1,5,17678.0,1.5,3,2
16759.0,3,1,5,11041.16,1.5,8,2
15297.0,3,1,5,8244.84,1.5,11,2
16020.0,3,1,5,17738.28,1.5,17,2
16079.0,3,1,5,8388.78,1.5,17,2
16164.0,3,1,5,8627.54,1.5,18,2
15465.0,3,1,5,16176.49,1.5,20,2
16930.0,3,1,5,7901.83,1.5,27,2
17295.0,3,1,5,10449.52,1.5,29,2
18035.0,3,1,5,11416.54,1.5,36,2
15215.0,3,1,5,7551.68,1.5,47,2
17317.0,3,1,5,14767.98,1.5,47,2
13016.0,3,1,5,14887.9,1.5,74,2
15334.0,3,1,5,11264.13,1.5,157,2
17874.0,3,1,5,9735.26,1.5,186,2
13819.0,3,1,5,13071.2,1.5,302,2
13882.0,3,1,5,16707.84,1.67,3,2
12912.0,3,1,5,10029.3,1.67,3,2
16362.0,3,1,5,17354.25,1.67,33,2
15060.0,3,1,5,14664.84,2.0,9,2
12882.0,3,1,5,10288.8,2.0,10,2
15654.0,3,1,5,8792.79,2.0,10,2
13914.0,3,1,5,9823.2,2.0,12,2
17595.0,3,1,5,16195.96,2.0,13,2
17432.0,3,1,5,8904.06,2.0,19,2
13673.0,3,1,5,8985.83,2.0,19,2
16070.0,3,1,5,15364.35,2.0,23,2
13066.0,3,1,5,8000.15,2.0,25,2
18123.0,3,1,5,10437.36,2.0,25,2
17357.0,3,1,5,14166.89,2.0,25,2
12508.0,3,1,5,16402.24,2.0,27,2
17608.0,3,1,5,10887.76,2.0,34,2
17078.0,3,1,5,10008.6,2.0,37,2
15821.0,3,1,5,12126.15,2.0,45,2
17934.0,3,1,5,10484.6,2.0,52,2
16685.0,3,1,5,13873.2,2.0,62,2
16629.0,3,1,5,12503.89,2.0,74,2
16603.0,3,1,5,8294.99,2.0,75,2
14356.0,3,1,5,8025.37,2.0,80,2
17298.0,3,1,5,10590.84,2.0,102,2
17267.0,3,1,5,11514.34,2.0,128,2
13388.0,3,1,5,16099.25,2.0,132,2
14002.0,3,1,5,11694.42,2.0,135,2
13730.0,3,1,5,10410.3,2.0,136,2
15508.0,3,1,5,14416.98,2.0,190,2
14009.0,3,1,5,14202.74,2.0,199,2
15230.0,3,1,5,8203.8,2.0,240,2
14154.0,3,1,5,14588.28,2.0,240,2
17062.0,3,1,5,9030.19,2.0,314,2
12967.0,3,1,5,12561.6,2.0,359,2
14180.0,3,1,5,14308.59,2.08,11,2
16168.0,3,1,5,14193.71,2.25,11,2
13685.0,3,1,5,13194.2,2.33,3,2
16725.0,3,1,5,17305.43,2.33,303,2
14397.0,3,1,5,14071.8,2.38,3,2
18241.0,3,1,5,16663.51,2.43,10,2
15881.0,3,1,5,7636.48,2.5,313,2
12569.0,3,1,5,17883.62,3.11,3,2
17961.0,3,1,5,14772.03,3.17,22,2
13030.0,4,1,5,27414.11,0.17,12,2
15919.0,4,1,5,45200.1,0.17,20,2
16916.0,4,1,5,43792.98,0.17,24,2
12838.0,4,1,5,35667.21,0.17,34,2
17555.0,4,1,5,25378.77,0.18,20,2
13396.0,4,1,5,27754.55,0.18,30,2
13165.0,4,1,5,23948.68,0.18,47,2
15012.0,4,1,5,23221.02,0.18,54,2
16495.0,4,1,5,23561.7,0.2,4,2
12462.0,4,1,5,20247.81,0.2,19,2
17537.0,4,1,5,39774.08,0.2,30,2
15339.0,4,1,5,23863.65,0.2,67,2
16386.0,4,1,5,19502.1,0.22,29,2
12849.0,4,1,5,26519.47,0.22,32,2
17311.0,4,1,5,30661.34,0.22,79,2
16083.0,4,1,5,19460.62,0.22,101,2
16442.0,4,1,5,33196.56,0.23,2,2
15525.0,4,1,5,37622.24,0.23,3,2
17618.0,4,1,5,18190.4,0.23,6,2
16496.0,4,1,5,43547.04,0.25,9,2
15680.0,4,1,5,36191.87,0.25,10,2
13211.0,4,1,5,37470.56,0.25,11,2
18043.0,4,1,5,22100.52,0.25,25,2
18259.0,4,1,5,36349.6,0.25,25,2
13692.0,4,1,5,33951.6,0.25,25,2
16898.0,4,1,5,26503.42,0.25,27,2
17041.0,4,1,5,24090.75,0.25,27,2
14240.0,4,1,5,20351.25,0.25,31,2
17158.0,4,1,5,27839.88,0.25,33,2
12577.0,4,1,5,33574.65,0.25,36,2
16221.0,4,1,5,36320.13,0.25,37,2
15068.0,4,1,5,24206.0,0.25,47,2
13918.0,4,1,5,22475.14,0.25,50,2
16374.0,4,1,5,27251.99,0.25,67,2
13744.0,4,1,5,46821.0,0.25,96,2
18196.0,4,1,5,43029.95,0.25,96,2
17259.0,4,1,5,38951.91,0.25,149,2
15889.0,4,1,5,20201.38,0.25,157,2
17095.0,4,1,5,34912.92,0.27,23,2
13310.0,4,1,5,22895.77,0.27,29,2
14001.0,4,1,5,24843.6,0.27,46,2
13652.0,4,1,5,23568.2,0.27,46,2
16950.0,4,1,5,19258.68,0.27,57,2
15620.0,4,1,5,44990.84,0.27,57,2
14775.0,4,1,5,20238.0,0.27,59,2
15599.0,4,1,5,18512.09,0.29,27,2
13989.0,4,1,5,23860.49,0.29,66,2
16383.0,4,1,5,33220.58,0.29,75,2
12545.0,4,1,5,18102.42,0.29,76,2
18189.0,4,1,5,35029.54,0.29,78,2
12434.0,4,1,5,21079.67,0.29,85,2
17594.0,4,1,5,28824.48,0.29,86,2
16036.0,4,1,5,27164.39,0.29,88,2
13931.0,4,1,5,29924.04,0.29,96,2
14346.0,4,1,5,29770.64,0.29,121,2
16805.0,4,1,5,22382.61,0.29,174,2
14540.0,4,1,5,26384.43,0.3,10,2
16014.0,4,1,5,33635.1,0.3,38,2
16554.0,4,1,5,19217.77,0.3,43,2
16730.0,4,1,5,21176.09,0.3,53,2
15831.0,4,1,5,18029.3,0.3,59,2
14514.0,4,1,5,24043.24,0.3,62,2
15164.0,4,1,5,29951.8,0.3,69,2
13611.0,4,1,5,32691.3,0.3,90,2
13077.0,4,1,5,23305.55,0.31,2,2
17884.0,4,1,5,20103.74,0.31,4,2
15392.0,4,1,5,31486.5,0.31,5,2
13838.0,4,1,5,26033.56,0.31,6,2
15862.0,4,1,5,30345.1,0.31,9,2
12716.0,4,1,5,33068.98,0.33,4,2
14759.0,4,1,5,41230.89,0.33,5,2
12970.0,4,1,5,42635.12,0.33,8,2
15394.0,4,1,5,36576.3,0.33,10,2
14597.0,4,1,5,37833.9,0.33,12,2
17812.0,4,1,5,23108.72,0.33,13,2
14577.0,4,1,5,28121.79,0.33,13,2
17864.0,4,1,5,23648.21,0.33,13,2
16511.0,4,1,5,44620.27,0.33,22,2
15983.0,4,1,5,38306.26,0.33,23,2
16245.0,4,1,5,39997.09,0.33,24,2
12933.0,4,1,5,23511.2,0.33,25,2
16571.0,4,1,5,39740.22,0.33,27,2
15449.0,4,1,5,18839.1,0.33,27,2
15950.0,4,1,5,44275.53,0.33,32,2
13155.0,4,1,5,23858.8,0.33,34,2
14913.0,4,1,5,25859.32,0.33,36,2
13601.0,4,1,5,33921.24,0.33,46,2
15630.0,4,1,5,31244.44,0.33,46,2
17764.0,4,1,5,30479.79,0.33,51,2
14451.0,4,1,5,34740.63,0.33,61,2
12886.0,4,1,5,44023.3,0.33,68,2
14651.0,4,1,5,29093.86,0.33,68,2
15799.0,4,1,5,28170.06,0.33,76,2
12854.0,4,1,5,44897.41,0.33,79,2
12609.0,4,1,5,19413.67,0.33,79,2
12701.0,4,1,5,17972.77,0.33,80,2
13330.0,4,1,5,19903.26,0.33,93,2
16031.0,4,1,5,21228.76,0.33,93,2
13122.0,4,1,5,42849.54,0.33,95,2
13548.0,4,1,5,33982.27,0.33,97,2
17320.0,4,1,5,25694.28,0.33,101,2
14875.0,4,1,5,32544.79,0.33,108,2
16788.0,4,1,5,44165.66,0.33,124,2
12653.0,4,1,5,37147.6,0.33,149,2
17105.0,4,1,5,27687.3,0.33,160,2
14625.0,4,1,5,20050.28,0.33,197,2
14657.0,4,1,5,28502.22,0.36,18,2
14662.0,4,1,5,33594.9,0.36,29,2
16676.0,4,1,5,23817.16,0.36,34,2
12645.0,4,1,5,28553.18,0.36,34,2
16470.0,4,1,5,34142.34,0.36,52,2
14443.0,4,1,5,32545.39,0.36,54,2
17552.0,4,1,5,24469.97,0.36,61,2
16891.0,4,1,5,29109.19,0.38,2,2
15898.0,4,1,5,26892.62,0.38,2,2
14621.0,4,1,5,28181.26,0.38,2,2
14673.0,4,1,5,25663.92,0.38,4,2
12913.0,4,1,5,33058.1,0.38,5,2
12782.0,4,1,5,38450.81,0.38,5,2
13495.0,4,1,5,22691.34,0.38,8,2
14440.0,4,1,5,22328.16,0.38,9,2
13516.0,4,1,5,18649.3,0.38,22,2
18263.0,4,1,5,26156.16,0.38,26,2
15289.0,4,1,5,18904.92,0.38,30,2
17886.0,4,1,5,31291.79,0.38,32,2
16639.0,4,1,5,19698.72,0.38,32,2
16023.0,4,1,5,18845.46,0.38,47,2
12759.0,4,1,5,39567.77,0.38,53,2
16040.0,4,1,5,21239.01,0.38,66,2
12372.0,4,1,5,19773.22,0.38,72,2
14276.0,4,1,5,22821.24,0.38,99,2
13280.0,4,1,5,24581.4,0.38,123,2
14869.0,4,1,5,22451.13,0.4,9,2
13149.0,4,1,5,32094.62,0.4,15,2
17147.0,4,1,5,26106.95,0.4,23,2
14862.0,4,1,5,19729.3,0.4,26,2
14044.0,4,1,5,29561.04,0.4,27,2
16612.0,4,1,5,19896.59,0.4,33,2
15407.0,4,1,5,33519.64,0.4,34,2
13107.0,4,1,5,26773.74,0.4,45,2
13761.0,4,1,5,37734.44,0.4,51,2
18252.0,4,1,5,34297.8,0.4,51,2
17180.0,4,1,5,26108.33,0.4,57,2
17169.0,4,1,5,21705.2,0.4,58,2
12530.0,4,1,5,21237.47,0.4,60,2
14389.0,4,1,5,24415.84,0.4,66,2
16229.0,4,1,5,23930.0,0.4,88,2
13192.0,4,1,5,26678.62,0.4,96,2
15800.0,4,1,5,46144.26,0.4,108,2
13655.0,4,1,5,21898.38,0.4,115,2
15985.0,4,1,5,24826.64,0.4,124,2
14442.0,4,1,5,19430.76,0.4,205,2
14428.0,4,1,5,36876.16,0.42,8,2
15858.0,4,1,5,47274.27,0.42,16,2
13941.0,4,1,5,44106.7,0.42,22,2
14748.0,4,1,5,30343.55,0.42,30,2
16907.0,4,1,5,21575.68,0.42,30,2
16003.0,4,1,5,43965.74,0.42,30,2
18016.0,4,1,5,36526.0,0.42,33,2
12928.0,4,1,5,33373.24,0.42,36,2
12620.0,4,1,5,37014.05,0.43,15,2
14593.0,4,1,5,29695.44,0.43,22,2
13308.0,4,1,5,26285.19,0.43,23,2
17932.0,4,1,5,36908.78,0.43,30,2
13867.0,4,1,5,21274.71,0.43,32,2
16418.0,4,1,5,18722.12,0.43,45,2
13637.0,4,1,5,31996.85,0.43,53,2
15067.0,4,1,5,39900.73,0.43,79,2
15980.0,4,1,5,43787.02,0.43,89,2
16842.0,4,1,5,20025.92,0.43,101,2
13425.0,4,1,5,38089.77,0.43,109,2
17083.0,4,1,5,25468.12,0.43,110,2
15122.0,4,1,5,37875.12,0.43,115,2
16317.0,4,1,5,25458.22,0.43,120,2
17179.0,4,1,5,18496.76,0.43,179,2
16520.0,4,1,5,47227.6,0.43,187,2
17883.0,4,1,5,21531.8,0.44,4,2
16657.0,4,1,5,45460.98,0.44,10,2
16005.0,4,1,5,32899.52,0.44,13,2
14336.0,4,1,5,39086.33,0.44,17,2
14297.0,4,1,5,27941.73,0.44,18,2
17738.0,4,1,5,37054.0,0.44,20,2
14226.0,4,1,5,39489.76,0.44,30,2
17043.0,4,1,5,42263.59,0.44,33,2
17979.0,4,1,5,30117.48,0.44,36,2
17175.0,4,1,5,21354.46,0.44,45,2
13157.0,4,1,5,46733.22,0.44,50,2
14916.0,4,1,5,23718.36,0.44,71,2
12393.0,4,1,5,29523.2,0.44,73,2
16493.0,4,1,5,22803.54,0.44,80,2
13158.0,4,1,5,23847.44,0.44,95,2
16503.0,4,1,5,24960.68,0.44,107,2
15002.0,4,1,5,49668.37,0.44,116,2
18178.0,4,1,5,39971.61,0.44,129,2
13309.0,4,1,5,33913.11,0.45,8,2
14321.0,4,1,5,36395.68,0.45,11,2
18161.0,4,1,5,22829.84,0.45,16,2
16748.0,4,1,5,22705.5,0.45,18,2
13313.0,4,1,5,24286.48,0.45,23,2
16042.0,4,1,5,23194.29,0.45,23,2
16085.0,4,1,5,31219.53,0.45,24,2
16150.0,4,1,5,44896.04,0.45,43,2
15288.0,4,1,5,42871.09,0.45,44,2
17470.0,4,1,5,18857.14,0.45,45,2
16153.0,4,1,5,38905.14,0.45,50,2
16770.0,4,1,5,22389.66,0.45,58,2
13627.0,4,1,5,26593.45,0.45,60,2
16143.0,4,1,5,41177.82,0.46,4,2
17676.0,4,1,5,21680.66,0.46,5,2
16899.0,4,1,5,24649.63,0.46,8,2
17754.0,4,1,5,32307.68,0.5,1,2
17405.0,4,1,5,22775.56,0.5,2,2
17144.0,4,1,5,18404.26,0.5,2,2
13956.0,4,1,5,28029.82,0.5,6,2
14655.0,4,1,5,23960.07,0.5,9,2
13647.0,4,1,5,28125.94,0.5,10,2
15073.0,4,1,5,20777.62,0.5,10,2
17682.0,4,1,5,47030.1,0.5,11,2
14419.0,4,1,5,38099.62,0.5,11,2
16992.0,4,1,5,24549.71,0.5,11,2
14215.0,4,1,5,38924.5,0.5,12,2
15747.0,4,1,5,28467.12,0.5,13,2
17516.0,4,1,5,26262.05,0.5,16,2
17519.0,4,1,5,23086.75,0.5,18,2
16261.0,4,1,5,19065.91,0.5,18,2
17360.0,4,1,5,25843.45,0.5,18,2
13118.0,4,1,5,20990.91,0.5,20,2
15530.0,4,1,5,38639.81,0.5,22,2
17797.0,4,1,5,31687.54,0.5,23,2
14898.0,4,1,5,32574.63,0.5,24,2
16469.0,4,1,5,28786.03,0.5,24,2
13577.0,4,1,5,34162.75,0.5,26,2
12689.0,4,1,5,33966.43,0.5,26,2
14487.0,4,1,5,32951.89,0.5,27,2
17289.0,4,1,5,36764.38,0.5,32,2
14050.0,4,1,5,22407.72,0.5,32,2
15785.0,4,1,5,35896.89,0.5,33,2
14404.0,4,1,5,20058.87,0.5,34,2
12576.0,4,1,5,22837.63,0.5,36,2
15722.0,4,1,5,30059.09,0.5,36,2
14383.0,4,1,5,22659.72,0.5,39,2
13726.0,4,1,5,21684.26,0.5,39,2
15376.0,4,1,5,49398.99,0.5,41,2
12556.0,4,1,5,32768.97,0.5,51,2
15826.0,4,1,5,43134.73,0.5,57,2
12679.0,4,1,5,24543.64,0.5,59,2
13109.0,4,1,5,18460.27,0.5,60,2
14857.0,4,1,5,27706.98,0.5,60,2
17921.0,4,1,5,30013.92,0.5,65,2
15730.0,4,1,5,24605.37,0.5,66,2
16182.0,4,1,5,47179.0,0.5,73,2
15810.0,4,1,5,35047.26,0.5,79,2
13562.0,4,1,5,49164.22,0.5,82,2
17058.0,4,1,5,21696.7,0.5,82,2
18093.0,4,1,5,27336.12,0.5,94,2
17774.0,4,1,5,39797.99,0.5,97,2
16456.0,4,1,5,47956.25,0.5,100,2
14224.0,4,1,5,19553.43,0.5,111,2
13162.0,4,1,5,45027.92,0.5,123,2
15716.0,4,1,5,36088.97,0.5,146,2
12717.0,4,1,5,20066.64,0.5,152,2
15265.0,4,1,5,49565.77,0.5,152,2
13476.0,4,1,5,18878.63,0.5,179,2
12857.0,4,1,5,19582.3,0.5,211,2
14161.0,4,1,5,37549.34,0.5,216,2
17277.0,4,1,5,38265.88,0.5,228,2
14770.0,4,1,5,19458.77,0.5,233,2
14672.0,4,1,5,18776.12,0.5,235,2
15353.0,4,1,5,18669.69,0.5,255,2
14256.0,4,1,5,20499.3,0.5,261,2
12826.0,4,1,5,21786.98,0.54,3,2
13225.0,4,1,5,33347.48,0.54,4,2
14696.0,4,1,5,35007.44,0.54,5,2
14739.0,4,1,5,35935.76,0.54,5,2
17090.0,4,1,5,31808.76,0.54,5,2
16979.0,4,1,5,24971.53,0.55,4,2
18179.0,4,1,5,23554.76,0.55,10,2
14209.0,4,1,5,20537.66,0.55,11,2
13246.0,4,1,5,46473.12,0.55,19,2
13520.0,4,1,5,46622.84,0.55,59,2
16059.0,4,1,5,45040.92,0.55,66,2
17042.0,4,1,5,22237.41,0.56,3,2
15172.0,4,1,5,35221.04,0.56,9,2
16128.0,4,1,5,41404.7,0.56,18,2
15106.0,4,1,5,28070.83,0.56,18,2
14447.0,4,1,5,19876.46,0.56,19,2
16809.0,4,1,5,29655.06,0.56,24,2
14064.0,4,1,5,20495.32,0.56,30,2
14214.0,4,1,5,24199.9,0.56,31,2
15240.0,4,1,5,25396.51,0.56,45,2
16515.0,4,1,5,31475.27,0.56,53,2
13875.0,4,1,5,34224.0,0.56,54,2
16394.0,4,1,5,25784.14,0.56,57,2
14665.0,4,1,5,30018.0,0.56,61,2
15596.0,4,1,5,19561.92,0.56,101,2
14859.0,4,1,5,23056.6,0.57,13,2
16463.0,4,1,5,28560.19,0.57,22,2
17702.0,4,1,5,34228.3,0.57,31,2
17867.0,4,1,5,18009.78,0.57,31,2
12674.0,4,1,5,31189.46,0.57,39,2
16188.0,4,1,5,18061.53,0.57,45,2
12463.0,4,1,5,22253.06,0.57,54,2
16224.0,4,1,5,31156.14,0.57,58,2
17648.0,4,1,5,32986.14,0.57,61,2
15756.0,4,1,5,24128.0,0.57,62,2
18173.0,4,1,5,19016.88,0.57,87,2
16045.0,4,1,5,30781.25,0.57,120,2
17994.0,4,1,5,19445.96,0.57,122,2
15574.0,4,1,5,39492.0,0.57,178,2
12935.0,4,1,5,43152.6,0.58,3,2
17655.0,4,1,5,26050.22,0.58,11,2
17924.0,4,1,5,30979.92,0.58,12,2
17188.0,4,1,5,24640.91,0.58,12,2
17739.0,4,1,5,18868.94,0.58,12,2
16983.0,4,1,5,38501.71,0.58,13,2
15987.0,4,1,5,27932.86,0.58,13,2
16719.0,4,1,5,36660.99,0.58,15,2
15916.0,4,1,5,27980.2,0.58,17,2
14533.0,4,1,5,20942.2,0.58,25,2
16218.0,4,1,5,44329.56,0.58,30,2
13590.0,4,1,5,29871.69,0.6,12,2
17422.0,4,1,5,39177.84,0.6,17,2
16762.0,4,1,5,47194.7,0.6,20,2
15203.0,4,1,5,46978.08,0.6,26,2
13379.0,4,1,5,19846.15,0.6,27,2
14188.0,4,1,5,21635.86,0.6,31,2
13717.0,4,1,5,21118.35,0.6,33,2
15839.0,4,1,5,23583.51,0.6,34,2
16012.0,4,1,5,32308.94,0.6,36,2
17442.0,4,1,5,49108.64,0.6,37,2
16841.0,4,1,5,36228.9,0.6,37,2
13477.0,4,1,5,22070.24,0.6,38,2
14312.0,4,1,5,24540.43,0.6,47,2
16918.0,4,1,5,28829.54,0.6,50,2
15370.0,4,1,5,31413.14,0.6,60,2
14409.0,4,1,5,28862.62,0.6,72,2
13055.0,4,1,5,43164.4,0.6,79,2
17047.0,4,1,5,21417.12,0.6,86,2
15996.0,4,1,5,21060.84,0.6,89,2
12710.0,4,1,5,32801.08,0.6,97,2
14246.0,4,1,5,32658.64,0.6,111,2
16807.0,4,1,5,25564.1,0.6,143,2
17472.0,4,1,5,40854.6,0.6,192,2
12423.0,4,1,5,24254.74,0.62,1,2
17097.0,4,1,5,25963.45,0.62,3,2
13126.0,4,1,5,38666.91,0.62,5,2
17629.0,4,1,5,32581.0,0.62,6,2
12963.0,4,1,5,24491.91,0.62,9,2
17293.0,4,1,5,32176.32,0.62,9,2
17522.0,4,1,5,25006.65,0.63,2,2
12670.0,4,1,5,46921.41,0.63,11,2
13995.0,4,1,5,25518.95,0.63,16,2
15594.0,4,1,5,49186.86,0.63,16,2
14623.0,4,1,5,21203.87,0.63,33,2
12909.0,4,1,5,21793.8,0.63,40,2
16225.0,4,1,5,40410.81,0.63,45,2
12407.0,4,1,5,25211.72,0.63,50,2
13265.0,4,1,5,39210.28,0.63,54,2
15815.0,4,1,5,20717.44,0.63,64,2
12502.0,4,1,5,46113.32,0.63,96,2
13593.0,4,1,5,46375.57,0.63,109,2
13630.0,4,1,5,24471.62,0.64,6,2
17396.0,4,1,5,25210.2,0.64,40,2
14107.0,4,1,5,47613.29,0.64,52,2
16455.0,4,1,5,32184.28,0.64,64,2
15910.0,4,1,5,41179.87,0.67,1,2
14138.0,4,1,5,25879.31,0.67,2,2
12646.0,4,1,5,27300.96,0.67,5,2
13822.0,4,1,5,37278.06,0.67,6,2
14732.0,4,1,5,43269.12,0.67,9,2
12572.0,4,1,5,20085.26,0.67,9,2
15948.0,4,1,5,31989.6,0.67,9,2
15239.0,4,1,5,18956.11,0.67,11,2
15953.0,4,1,5,19645.92,0.67,16,2
14334.0,4,1,5,48393.0,0.67,17,2
13650.0,4,1,5,27350.87,0.67,17,2
15398.0,4,1,5,46169.83,0.67,17,2
15527.0,4,1,5,30757.28,0.67,19,2
13823.0,4,1,5,20463.04,0.67,19,2
17828.0,4,1,5,27119.71,0.67,23,2
16869.0,4,1,5,25222.42,0.67,23,2
14507.0,4,1,5,20207.6,0.67,24,2
15584.0,4,1,5,19425.94,0.67,24,2
15679.0,4,1,5,43091.3,0.67,25,2
15411.0,4,1,5,34693.18,0.67,27,2
16205.0,4,1,5,20529.18,0.67,31,2
14676.0,4,1,5,18501.24,0.67,32,2
18177.0,4,1,5,19610.39,0.67,32,2
15573.0,4,1,5,24704.3,0.67,32,2
17696.0,4,1,5,35657.21,0.67,39,2
17612.0,4,1,5,43621.29,0.67,54,2
14567.0,4,1,5,20403.96,0.67,57,2
13208.0,4,1,5,36043.99,0.67,59,2
15128.0,4,1,5,35505.56,0.67,61,2
14101.0,4,1,5,35893.92,0.67,74,2
17027.0,4,1,5,29845.46,0.67,79,2
14163.0,4,1,5,26010.39,0.67,88,2
13814.0,4,1,5,36467.58,0.67,93,2
14210.0,4,1,5,27270.04,0.67,106,2
17242.0,4,1,5,25255.36,0.67,109,2
13027.0,4,1,5,34176.0,0.67,114,2
17252.0,4,1,5,25917.03,0.67,117,2
17505.0,4,1,5,24633.65,0.67,162,2
13294.0,4,1,5,19704.9,0.67,190,2
15104.0,4,1,5,19760.97,0.67,197,2
14817.0,4,1,5,29775.88,0.67,201,2
12417.0,4,1,5,44973.31,0.69,4,2
14083.0,4,1,5,49446.83,0.69,5,2
13021.0,4,1,5,37234.19,0.69,5,2
14309.0,4,1,5,29369.78,0.69,9,2
18230.0,4,1,5,35417.46,0.7,10,2
15903.0,4,1,5,49188.96,0.7,10,2
13610.0,4,1,5,35019.51,0.7,13,2
17323.0,4,1,5,32144.1,0.7,16,2
17063.0,4,1,5,21754.76,0.7,22,2
17663.0,4,1,5,20805.18,0.7,26,2
16332.0,4,1,5,38218.83,0.7,29,2
16434.0,4,1,5,20516.51,0.7,30,2
13110.0,4,1,5,26567.58,0.7,32,2
16466.0,4,1,5,32986.36,0.7,34,2
17591.0,4,1,5,36050.87,0.7,74,2
14414.0,4,1,5,22023.62,0.7,92,2
15117.0,4,1,5,30660.43,0.71,15,2
17469.0,4,1,5,31001.16,0.71,17,2
14691.0,4,1,5,36418.3,0.71,31,2
16249.0,4,1,5,24944.37,0.71,53,2
16709.0,4,1,5,40810.06,0.71,85,2
14745.0,4,1,5,21348.93,0.71,113,2
12383.0,4,1,5,38040.68,0.71,185,2
13394.0,4,1,5,47975.05,0.73,2,2
15796.0,4,1,5,32681.54,0.73,2,2
13870.0,4,1,5,43288.81,0.73,3,2
15932.0,4,1,5,35183.1,0.73,5,2
12483.0,4,1,5,20842.77,0.73,18,2
13862.0,4,1,5,41280.46,0.73,19,2
17368.0,4,1,5,22538.04,0.73,24,2
17372.0,4,1,5,41332.82,0.73,41,2
12526.0,4,1,5,27990.04,0.75,1,2
13314.0,4,1,5,18297.78,0.75,2,2
16987.0,4,1,5,32019.71,0.75,4,2
13183.0,4,1,5,40524.82,0.75,8,2
12684.0,4,1,5,38003.16,0.75,8,2
15687.0,4,1,5,44742.35,0.75,9,2
15024.0,4,1,5,41704.85,0.75,10,2
14878.0,4,1,5,20010.73,0.75,13,2
14482.0,4,1,5,48677.35,0.75,19,2
13500.0,4,1,5,23822.12,0.75,24,2
14640.0,4,1,5,31152.38,0.75,25,2
17777.0,4,1,5,41350.72,0.75,25,2
15660.0,4,1,5,24208.43,0.75,26,2
17069.0,4,1,5,49438.82,0.75,29,2
17109.0,4,1,5,28491.11,0.75,30,2
14524.0,4,1,5,33834.7,0.75,32,2
16706.0,4,1,5,18924.32,0.75,38,2
14019.0,4,1,5,28920.55,0.75,47,2
15220.0,4,1,5,37184.78,0.75,52,2
15306.0,4,1,5,19876.7,0.75,65,2
15036.0,4,1,5,24526.48,0.75,73,2
12412.0,4,1,5,23243.44,0.75,75,2
14561.0,4,1,5,26178.79,0.75,76,2
15108.0,4,1,5,22380.1,0.75,142,2
12947.0,4,1,5,26477.34,0.75,144,2
18202.0,4,1,5,24247.57,0.75,200,2
17491.0,4,1,5,39721.0,0.77,2,2
13890.0,4,1,5,22781.59,0.77,2,2
18219.0,4,1,5,21296.45,0.77,3,2
13769.0,4,1,5,37308.45,0.77,3,2
17218.0,4,1,5,48677.3,0.77,5,2
18044.0,4,1,5,19687.78,0.77,5,2
15373.0,4,1,5,18801.87,0.77,9,2
14243.0,4,1,5,33255.43,0.77,9,2
17133.0,4,1,5,26957.32,0.78,16,2
12948.0,4,1,5,38756.26,0.78,17,2
15671.0,4,1,5,26226.09,0.78,19,2
15906.0,4,1,5,46413.92,0.78,20,2
13725.0,4,1,5,22748.34,0.78,50,2
15260.0,4,1,5,19677.59,0.78,101,2
12364.0,4,1,5,31218.02,0.8,8,2
13159.0,4,1,5,39786.17,0.8,9,2
13012.0,4,1,5,21354.8,0.8,10,2
16009.0,4,1,5,26075.36,0.8,23,2
15981.0,4,1,5,44244.8,0.8,25,2
14541.0,4,1,5,27608.56,0.8,59,2
17894.0,4,1,5,23190.8,0.8,72,2
13320.0,4,1,5,46439.2,0.8,79,2
14837.0,4,1,5,46223.02,0.8,90,2
15625.0,4,1,5,32818.9,0.8,104,2
13475.0,4,1,5,31692.54,0.8,192,2
17705.0,4,1,5,18247.52,0.82,4,2
16156.0,4,1,5,46948.74,0.82,9,2
17554.0,4,1,5,36701.52,0.83,2,2
16293.0,4,1,5,25017.33,0.83,22,2
16638.0,4,1,5,22413.81,0.83,23,2
18075.0,4,1,5,31719.74,0.83,24,2
12708.0,4,1,5,31327.05,0.83,30,2
13983.0,4,1,5,22710.89,0.83,30,2
13213.0,4,1,5,34220.48,0.83,57,2
15201.0,4,1,5,20274.97,0.83,88,2
16172.0,4,1,5,18373.79,0.83,96,2
14407.0,4,1,5,24703.38,0.83,108,2
18239.0,4,1,5,32303.45,0.83,219,2
12747.0,4,1,5,32540.99,0.85,3,2
14032.0,4,1,5,36126.88,0.85,3,2
17386.0,4,1,5,21328.58,0.86,8,2
16877.0,4,1,5,23671.89,0.86,13,2
14515.0,4,1,5,44802.21,0.86,18,2
13450.0,4,1,5,24863.76,0.86,27,2
16170.0,4,1,5,36798.11,0.86,51,2
12457.0,4,1,5,30802.99,0.86,67,2
12853.0,4,1,5,30069.6,0.86,135,2
18168.0,4,1,5,19299.58,0.86,177,2
12868.0,4,1,5,28810.7,0.86,186,2
13232.0,4,1,5,33118.1,0.88,13,2
16348.0,4,1,5,38096.44,0.88,33,2
15140.0,4,1,5,29402.77,0.88,53,2
18094.0,4,1,5,34690.44,0.88,82,2
15214.0,4,1,5,28585.23,0.89,2,2
12619.0,4,1,5,31792.88,0.89,17,2
18257.0,4,1,5,43281.22,0.89,40,2
17071.0,4,1,5,36784.38,0.9,29,2
15059.0,4,1,5,30844.71,0.9,41,2
13993.0,4,1,5,35227.91,0.9,43,2
15606.0,4,1,5,23337.14,0.9,62,2
16407.0,4,1,5,42052.54,0.91,13,2
14825.0,4,1,5,22354.28,0.92,4,2
12877.0,4,1,5,27919.58,0.92,4,2
15854.0,4,1,5,29021.48,0.92,5,2
16775.0,4,1,5,19351.14,0.92,11,2
15694.0,4,1,5,31742.31,1.0,1,2
12518.0,4,1,5,41264.65,1.0,1,2
12713.0,4,1,5,26022.6,1.0,1,2
15877.0,4,1,5,30341.5,1.0,2,2
15136.0,4,1,5,30077.5,1.0,3,2
12783.0,4,1,5,22348.5,1.0,3,2
14904.0,4,1,5,38271.68,1.0,3,2
15471.0,4,1,5,35034.48,1.0,3,2
17481.0,4,1,5,25336.02,1.0,4,2
16015.0,4,1,5,44780.67,1.0,4,2
14140.0,4,1,5,30846.92,1.0,4,2
17290.0,4,1,5,23649.36,1.0,4,2
17914.0,4,1,5,24689.34,1.0,4,2
18180.0,4,1,5,35931.13,1.0,5,2
12952.0,4,1,5,30437.77,1.0,6,2
17936.0,4,1,5,26787.26,1.0,6,2
13868.0,4,1,5,18023.49,1.0,8,2
15539.0,4,1,5,22076.86,1.0,8,2
16169.0,4,1,5,40499.76,1.0,9,2
15782.0,4,1,5,27276.54,1.0,10,2
12488.0,4,1,5,21199.79,1.0,10,2
12630.0,4,1,5,26214.94,1.0,10,2
14511.0,4,1,5,18002.06,1.0,12,2
15721.0,4,1,5,44872.2,1.0,12,2
17379.0,4,1,5,33586.78,1.0,12,2
17806.0,4,1,5,23479.72,1.0,12,2
14093.0,4,1,5,46499.25,1.0,13,2
13184.0,4,1,5,37955.85,1.0,15,2
12784.0,4,1,5,27835.92,1.0,16,2
14756.0,4,1,5,20062.68,1.0,16,2
17809.0,4,1,5,49120.04,1.0,17,2
17073.0,4,1,5,46786.83,1.0,18,2
13363.0,4,1,5,26933.79,1.0,18,2
15977.0,4,1,5,28939.72,1.0,18,2
15645.0,4,1,5,31824.52,1.0,19,2
12395.0,4,1,5,27938.95,1.0,20,2
15533.0,4,1,5,18789.17,1.0,20,2
17425.0,4,1,5,29006.94,1.0,20,2
15933.0,4,1,5,26759.49,1.0,22,2
16924.0,4,1,5,23876.1,1.0,22,2
15088.0,4,1,5,33996.36,1.0,22,2
12391.0,4,1,5,42531.02,1.0,22,2
12647.0,4,1,5,22349.51,1.0,23,2
12610.0,4,1,5,43977.68,1.0,23,2
13629.0,4,1,5,34629.18,1.0,24,2
12910.0,4,1,5,40613.6,1.0,24,2
12640.0,4,1,5,19220.08,1.0,24,2
15900.0,4,1,5,17906.61,1.0,24,2
16204.0,4,1,5,23125.47,1.0,24,2
14725.0,4,1,5,23803.78,1.0,25,2
12890.0,4,1,5,31198.54,1.0,25,2
15058.0,4,1,5,44445.3,1.0,26,2
18082.0,4,1,5,46126.57,1.0,26,2
18117.0,4,1,5,23733.28,1.0,26,2
16504.0,4,1,5,41656.68,1.0,26,2
16912.0,4,1,5,24804.47,1.0,29,2
17162.0,4,1,5,23252.31,1.0,29,2
17512.0,4,1,5,42574.29,1.0,29,2
15608.0,4,1,5,23937.6,1.0,29,2
16460.0,4,1,5,33394.57,1.0,29,2
17052.0,4,1,5,35217.0,1.0,29,2
16903.0,4,1,5,20493.72,1.0,30,2
16751.0,4,1,5,44118.0,1.0,31,2
17633.0,4,1,5,22652.75,1.0,32,2
16284.0,4,1,5,44136.39,1.0,32,2
15870.0,4,1,5,25919.25,1.0,33,2
12638.0,4,1,5,19444.22,1.0,34,2
15025.0,4,1,5,25919.26,1.0,34,2
14815.0,4,1,5,24688.5,1.0,37,2
15830.0,4,1,5,20054.0,1.0,38,2
15275.0,4,1,5,19706.04,1.0,38,2
15576.0,4,1,5,33168.33,1.0,38,2
18104.0,4,1,5,28676.32,1.0,38,2
13271.0,4,1,5,20868.48,1.0,38,2
16127.0,4,1,5,26250.0,1.0,40,2
13278.0,4,1,5,23750.1,1.0,41,2
17669.0,4,1,5,35717.12,1.0,43,2
16102.0,4,1,5,33558.68,1.0,43,2
17839.0,4,1,5,18972.8,1.0,43,2
16056.0,4,1,5,32343.0,1.0,46,2
15801.0,4,1,5,41269.02,1.0,47,2
17004.0,4,1,5,31702.0,1.0,47,2
12546.0,4,1,5,35990.8,1.0,47,2
16491.0,4,1,5,25980.6,1.0,47,2
13176.0,4,1,5,31118.31,1.0,47,2
15000.0,4,1,5,37770.04,1.0,48,2
15677.0,4,1,5,18520.33,1.0,50,2
14261.0,4,1,5,27919.4,1.0,51,2
17354.0,4,1,5,22288.96,1.0,51,2
14923.0,4,1,5,26227.5,1.0,51,2
14306.0,4,1,5,38914.64,1.0,52,2
13032.0,4,1,5,30524.85,1.0,53,2
17679.0,4,1,5,33352.32,1.0,53,2
14015.0,4,1,5,18346.8,1.0,53,2
14211.0,4,1,5,32264.36,1.0,54,2
12794.0,4,1,5,18904.24,1.0,54,2
12475.0,4,1,5,23428.3,1.0,54,2
15066.0,4,1,5,29757.42,1.0,54,2
17244.0,4,1,5,29601.9,1.0,54,2
12940.0,4,1,5,34703.49,1.0,55,2
13878.0,4,1,5,31793.4,1.0,55,2
14937.0,4,1,5,18807.16,1.0,57,2
12454.0,4,1,5,35885.72,1.0,57,2
13911.0,4,1,5,43080.18,1.0,58,2
12446.0,4,1,5,37625.28,1.0,58,2
17614.0,4,1,5,34766.74,1.0,58,2
13464.0,4,1,5,22449.01,1.0,59,2
12772.0,4,1,5,27689.4,1.0,60,2
14529.0,4,1,5,47306.64,1.0,61,2
16776.0,4,1,5,27999.75,1.0,61,2
15553.0,4,1,5,21140.64,1.0,61,2
13259.0,4,1,5,21957.2,1.0,62,2
16595.0,4,1,5,29417.64,1.0,62,2
12885.0,4,1,5,29503.58,1.0,64,2
13763.0,4,1,5,25724.4,1.0,64,2
15241.0,4,1,5,26417.19,1.0,67,2
15255.0,4,1,5,39806.1,1.0,67,2
13431.0,4,1,5,28949.0,1.0,68,2
14488.0,4,1,5,42543.34,1.0,68,2
16613.0,4,1,5,18557.7,1.0,71,2
18192.0,4,1,5,38692.26,1.0,72,2
13354.0,4,1,5,37920.03,1.0,72,2
16281.0,4,1,5,35055.02,1.0,73,2
13979.0,4,1,5,46972.98,1.0,74,2
13639.0,4,1,5,41333.6,1.0,75,2
16480.0,4,1,5,29130.13,1.0,76,2
15154.0,4,1,5,17937.6,1.0,76,2
14014.0,4,1,5,19702.02,1.0,78,2
13336.0,4,1,5,39131.0,1.0,78,2
13486.0,4,1,5,24913.64,1.0,79,2
12425.0,4,1,5,24979.8,1.0,79,2
12550.0,4,1,5,44818.4,1.0,80,2
15341.0,4,1,5,34348.84,1.0,81,2
13356.0,4,1,5,22038.84,1.0,81,2
15947.0,4,1,5,34087.68,1.0,83,2
16108.0,4,1,5,38798.5,1.0,85,2
12722.0,4,1,5,20995.16,1.0,86,2
15322.0,4,1,5,25435.2,1.0,86,2
13518.0,4,1,5,19775.76,1.0,86,2
15466.0,4,1,5,18176.48,1.0,86,2
13375.0,4,1,5,25476.5,1.0,89,2
17919.0,4,1,5,23435.28,1.0,89,2
12739.0,4,1,5,18263.52,1.0,100,2
15095.0,4,1,5,24113.3,1.0,104,2
15074.0,4,1,5,31452.54,1.0,106,2
15472.0,4,1,5,26022.84,1.0,114,2
17070.0,4,1,5,18411.12,1.0,115,2
14918.0,4,1,5,32751.0,1.0,116,2
18143.0,4,1,5,29767.15,1.0,117,2
16902.0,4,1,5,45369.34,1.0,117,2
15480.0,4,1,5,23830.95,1.0,117,2
17248.0,4,1,5,21986.85,1.0,121,2
13082.0,4,1,5,35542.34,1.0,127,2
16324.0,4,1,5,22105.65,1.0,129,2
13075.0,4,1,5,20231.42,1.0,130,2
12453.0,4,1,5,30404.87,1.0,135,2
13492.0,4,1,5,22482.18,1.0,137,2
17265.0,4,1,5,36172.25,1.0,139,2
17649.0,4,1,5,39851.21,1.0,139,2
12521.0,4,1,5,19106.28,1.0,143,2
16054.0,4,1,5,41521.4,1.0,146,2
15795.0,4,1,5,18084.96,1.0,150,2
13667.0,4,1,5,21169.94,1.0,150,2
12461.0,4,1,5,20126.04,1.0,155,2
13583.0,4,1,5,39578.76,1.0,156,2
15349.0,4,1,5,19320.56,1.0,159,2
16801.0,4,1,5,32458.54,1.0,164,2
15976.0,4,1,5,19164.25,1.0,166,2
16320.0,4,1,5,36755.56,1.0,173,2
15076.0,4,1,5,36942.6,1.0,173,2
17204.0,4,1,5,26023.24,1.0,176,2
16644.0,4,1,5,38123.99,1.0,178,2
14222.0,4,1,5,26928.8,1.0,178,2
14375.0,4,1,5,19326.0,1.0,186,2
14740.0,4,1,5,36700.5,1.0,198,2
13339.0,4,1,5,29253.76,1.0,201,2
13243.0,4,1,5,24481.02,1.0,204,2
13572.0,4,1,5,35051.8,1.0,206,2
15813.0,4,1,5,18509.35,1.0,208,2
15891.0,4,1,5,26602.86,1.0,227,2
12354.0,4,1,5,45371.55,1.0,233,2
12754.0,4,1,5,43166.37,1.0,236,2
12878.0,4,1,5,21103.1,1.0,237,2
12769.0,4,1,5,30020.4,1.0,239,2
14465.0,4,1,5,27761.04,1.0,247,2
15832.0,4,1,5,45186.66,1.0,255,2
13357.0,4,1,5,44767.8,1.0,258,2
13341.0,4,1,5,21124.25,1.0,261,2
16022.0,4,1,5,39016.6,1.0,261,2
17507.0,4,1,5,24458.32,1.0,262,2
13934.0,4,1,5,22922.2,1.0,264,2
16216.0,4,1,5,18782.28,1.0,268,2
12514.0,4,1,5,38059.48,1.0,268,2
16152.0,4,1,5,24032.52,1.0,269,2
14036.0,4,1,5,20245.75,1.0,285,2
13753.0,4,1,5,25944.1,1.0,288,2
17499.0,4,1,5,21400.84,1.0,290,2
12988.0,4,1,5,25461.59,1.0,293,2
13151.0,4,1,5,49445.79,1.0,296,2
16494.0,4,1,5,41326.5,1.0,297,2
17829.0,4,1,5,26677.2,1.0,299,2
14048.0,4,1,5,34844.05,1.0,306,2
15415.0,4,1,5,25567.26,1.0,314,2
12764.0,4,1,5,33479.12,1.0,317,2
13328.0,4,1,5,22244.16,1.0,317,2
14439.0,4,1,5,44551.2,1.0,320,2
14130.0,4,1,5,28922.24,1.0,320,2
17890.0,4,1,5,30715.16,1.0,323,2
12652.0,4,1,5,35147.68,1.0,332,2
16270.0,4,1,5,41054.03,1.0,354,2
16065.0,4,1,5,26542.07,1.0,366,2
16795.0,4,1,5,25099.52,1.0,366,2
15880.0,4,1,5,31562.29,1.0,370,2
16718.0,4,1,5,25201.0,1.0,370,2
13370.0,4,1,5,20416.11,1.0,372,2
17976.0,4,1,5,19156.44,1.0,373,2
17968.0,4,1,5,23574.75,1.0,374,2
14729.0,4,1,5,20064.51,1.0,374,2
18065.0,4,1,5,35427.25,1.08,6,2
16782.0,4,1,5,32337.63,1.08,11,2
16607.0,4,1,5,40539.63,1.08,18,2
13880.0,4,1,5,41266.66,1.08,22,2
12712.0,4,1,5,29770.76,1.08,29,2
14239.0,4,1,5,26613.47,1.1,44,2
14776.0,4,1,5,38529.06,1.1,52,2
14462.0,4,1,5,44270.85,1.1,67,2
14410.0,4,1,5,30677.77,1.13,93,2
12704.0,4,1,5,18588.58,1.14,8,2
15410.0,4,1,5,46776.3,1.14,85,2
14282.0,4,1,5,46300.86,1.15,4,2
12989.0,4,1,5,19719.17,1.15,4,2
16744.0,4,1,5,41141.63,1.17,12,2
15291.0,4,1,5,27514.84,1.17,26,2
17790.0,4,1,5,32867.98,1.17,27,2
16880.0,4,1,5,34817.09,1.17,31,2
16678.0,4,1,5,44539.04,1.2,3,2
17183.0,4,1,5,37192.44,1.2,8,2
13552.0,4,1,5,33148.68,1.2,67,2
15129.0,4,1,5,28002.48,1.22,51,2
16011.0,4,1,5,46299.53,1.23,9,2
13860.0,4,1,5,19909.27,1.25,2,2
16076.0,4,1,5,38074.02,1.25,4,2
13808.0,4,1,5,23307.3,1.25,6,2
16438.0,4,1,5,20010.41,1.25,6,2
16066.0,4,1,5,27660.98,1.25,17,2
16656.0,4,1,5,47892.36,1.25,23,2
18231.0,4,1,5,47489.96,1.25,193,2
13715.0,4,1,5,34503.33,1.25,282,2
17750.0,4,1,5,45430.55,1.29,6,2
14573.0,4,1,5,32197.0,1.29,180,2
16688.0,4,1,5,27675.54,1.33,2,2
17173.0,4,1,5,40411.74,1.33,6,2
13558.0,4,1,5,24930.35,1.33,6,2
17350.0,4,1,5,26948.06,1.33,9,2
16361.0,4,1,5,21770.82,1.33,10,2
13429.0,4,1,5,17939.43,1.33,11,2
12936.0,4,1,5,28685.58,1.33,18,2
15707.0,4,1,5,47481.28,1.33,36,2
16458.0,4,1,5,39910.88,1.38,3,2
17451.0,4,1,5,34256.17,1.4,2,2
15105.0,4,1,5,47478.37,1.4,19,2
12843.0,4,1,5,26537.86,1.4,160,2
18198.0,4,1,5,48976.64,1.42,5,2
16794.0,4,1,5,47002.02,1.43,2,2
12437.0,4,1,5,47349.64,1.5,2,2
13924.0,4,1,5,41748.74,1.5,2,2
13576.0,4,1,5,45715.58,1.5,11,2
15022.0,4,1,5,36995.41,1.5,12,2
18130.0,4,1,5,23023.22,1.5,16,2
13212.0,4,1,5,35703.96,1.5,20,2
16416.0,4,1,5,19684.4,1.5,27,2
14592.0,4,1,5,31542.22,1.5,36,2
14856.0,4,1,5,38691.74,1.5,37,2
15807.0,4,1,5,25015.3,1.5,51,2
15939.0,4,1,5,48791.21,1.56,90,2
17306.0,4,1,5,35081.79,1.58,11,2
17837.0,4,1,5,29271.33,1.6,43,2
15187.0,4,1,5,25453.0,1.63,2,2
14102.0,4,1,5,25119.47,1.67,6,2
18229.0,4,1,5,39609.0,1.67,12,2
15511.0,4,1,5,21370.32,1.67,12,2
13695.0,4,1,5,19613.86,1.67,32,2
16928.0,4,1,5,38856.68,1.7,81,2
16553.0,4,1,5,47099.12,1.71,164,2
17434.0,4,1,5,38056.89,1.75,3,2
16353.0,4,1,5,40192.51,1.77,4,2
17061.0,4,1,5,46780.85,1.83,74,2
13854.0,4,1,5,19226.16,1.92,9,2
14216.0,4,1,5,23498.98,2.0,4,2
17086.0,4,1,5,31276.64,2.0,8,2
16295.0,4,1,5,20729.22,2.0,10,2
14893.0,4,1,5,42005.58,2.0,10,2
16347.0,4,1,5,35957.2,2.0,12,2
14710.0,4,1,5,23879.67,2.0,15,2
15872.0,4,1,5,38018.94,2.0,15,2
16173.0,4,1,5,18503.17,2.0,16,2
15814.0,4,1,5,30418.71,2.0,17,2
17387.0,4,1,5,26811.32,2.0,20,2
14664.0,4,1,5,29140.36,2.0,20,2
18034.0,4,1,5,24951.12,2.0,22,2
17397.0,4,1,5,29964.57,2.0,23,2
16372.0,4,1,5,28752.06,2.0,34,2
15478.0,4,1,5,23817.99,2.0,41,2
17459.0,4,1,5,30354.33,2.0,44,2
16934.0,4,1,5,36702.94,2.0,55,2
12822.0,4,1,5,24861.82,2.0,71,2
14164.0,4,1,5,36023.56,2.0,71,2
16268.0,4,1,5,18362.94,2.0,72,2
17997.0,4,1,5,37621.04,2.0,75,2
14965.0,4,1,5,37213.5,2.0,97,2
14364.0,4,1,5,27518.4,2.0,109,2
12743.0,4,1,5,28851.37,2.0,135,2
18121.0,4,1,5,19542.0,2.0,150,2
12424.0,4,1,5,35787.84,2.0,163,2
14584.0,4,1,5,20903.27,2.0,170,2
14920.0,4,1,5,24022.18,2.0,213,2
15235.0,4,1,5,38082.39,2.0,218,2
17230.0,4,1,5,45220.9,2.0,265,2
16766.0,4,1,5,19475.2,2.0,274,2
14670.0,4,1,5,31407.98,2.0,281,2
13564.0,4,1,5,34892.26,2.0,355,2
13704.0,4,1,5,29655.48,2.25,6,2
14735.0,4,1,5,42437.58,2.38,4,2
17656.0,4,1,5,32915.4,2.5,74,2
13468.0,4,1,5,42983.1,2.85,2,2
13199.0,4,1,5,33862.08,2.85,4,2
16790.0,4,1,5,36853.79,3.0,4,2
17461.0,4,1,5,38288.36,3.0,23,2
13447.0,4,1,5,20967.88,3.0,24,2
17545.0,4,1,5,29146.38,3.0,44,2
18073.0,4,1,5,34007.68,3.0,115,2
16120.0,4,1,5,22733.28,4.0,60,2
15332.0,4,1,5,32208.5,4.0,367,2
12971.0,4,1,5,41519.33,6.62,4,2
18156.0,5,1,5,52200.23,0.17,13,3
14544.0,5,1,5,106194.0,0.17,25,3
16367.0,5,1,5,57335.51,0.17,38,3
12578.0,5,1,5,135082.84,0.18,22,3
17082.0,5,1,5,79742.76,0.18,34,3
13736.0,5,1,5,52238.36,0.2,6,3
13421.0,5,1,5,92215.87,0.22,41,3
17672.0,5,1,5,134222.64,0.22,51,3
15157.0,5,1,5,82312.12,0.23,4,3
16446.0,5,1,5,168475.4,0.25,1,3
15123.0,5,1,5,100751.49,0.25,8,3
13174.0,5,1,5,268328.97,0.25,17,3
15111.0,5,1,5,51530.88,0.25,30,3
15485.0,5,1,5,56246.55,0.25,31,3
16253.0,5,1,5,228963.4,0.25,67,3
16303.0,5,1,5,343182.05,0.27,26,3
16200.0,5,1,5,85281.15,0.29,5,3
14921.0,5,1,5,58186.03,0.29,31,3
13365.0,5,1,5,122344.04,0.29,34,3
12435.0,5,1,5,103245.56,0.29,80,3
14934.0,5,1,5,65508.45,0.29,82,3
18188.0,5,1,5,59756.84,0.3,16,3
14175.0,5,1,5,155491.36,0.3,60,3
17802.0,5,1,5,71456.92,0.3,83,3
13124.0,5,1,5,239379.54,0.3,90,3
13680.0,5,1,5,155868.32,0.33,2,3
12560.0,5,1,5,107513.18,0.33,6,3
12429.0,5,1,5,75857.08,0.33,10,3
17019.0,5,1,5,63481.19,0.33,12,3
12668.0,5,1,5,120382.87,0.33,12,3
16271.0,5,1,5,56245.52,0.33,16,3
15965.0,5,1,5,50192.4,0.33,18,3
14449.0,5,1,5,60670.52,0.33,19,3
15676.0,5,1,5,307651.96,0.33,19,3
15563.0,5,1,5,49777.47,0.33,23,3
12406.0,5,1,5,166791.9,0.33,23,3
15532.0,5,1,5,72029.71,0.33,26,3
14499.0,5,1,5,63424.4,0.33,27,3
15791.0,5,1,5,59204.11,0.33,44,3
16110.0,5,1,5,156691.27,0.33,46,3
16940.0,5,1,5,311519.06,0.33,53,3
16121.0,5,1,5,97187.78,0.33,58,3
12876.0,5,1,5,78920.65,0.33,58,3
13764.0,5,1,5,94055.43,0.33,71,3
15549.0,5,1,5,72537.4,0.33,78,3
12758.0,5,1,5,138008.04,0.33,117,3
16244.0,5,1,5,79619.05,0.33,212,3
16938.0,5,1,5,423214.38,0.36,9,3
18145.0,5,1,5,171773.49,0.36,13,3
13048.0,5,1,5,61035.95,0.36,15,3
14049.0,5,1,5,812665.95,0.36,17,3
12539.0,5,1,5,285704.92,0.36,23,3
13815.0,5,1,5,210796.87,0.36,23,3
13614.0,5,1,5,74728.25,0.36,25,3
12480.0,5,1,5,101950.37,0.36,29,3
18125.0,5,1,5,63867.72,0.36,30,3
16618.0,5,1,5,58478.68,0.36,32,3
12484.0,5,1,5,309265.75,0.36,36,3
13168.0,5,1,5,52905.35,0.36,37,3
13982.0,5,1,5,54875.2,0.36,40,3
12370.0,5,1,5,190508.16,0.36,52,3
17593.0,5,1,5,159921.07,0.38,4,3
15907.0,5,1,5,81188.94,0.38,4,3
17827.0,5,1,5,120237.83,0.38,6,3
14146.0,5,1,5,173964.71,0.38,9,3
15436.0,5,1,5,113891.53,0.38,13,3
14286.0,5,1,5,479892.39,0.38,24,3
14700.0,5,1,5,78790.75,0.38,33,3
13772.0,5,1,5,65459.29,0.38,34,3
12456.0,5,1,5,88547.34,0.38,45,3
13373.0,5,1,5,156410.01,0.38,61,3
13344.0,5,1,5,78733.6,0.38,68,3
15321.0,5,1,5,93894.32,0.38,71,3
13334.0,5,1,5,322515.42,0.38,83,3
13851.0,5,1,5,69990.56,0.38,96,3
16755.0,5,1,5,85723.38,0.38,115,3
17341.0,5,1,5,82788.55,0.38,157,3
13362.0,5,1,5,112355.79,0.4,10,3
12438.0,5,1,5,91848.04,0.4,15,3
13285.0,5,1,5,126437.1,0.4,24,3
16126.0,5,1,5,190452.36,0.4,30,3
12397.0,5,1,5,99472.55,0.4,36,3
15065.0,5,1,5,95807.32,0.4,38,3
13849.0,5,1,5,67145.63,0.4,52,3
12744.0,5,1,5,478115.91,0.4,57,3
12359.0,5,1,5,229789.61,0.4,58,3
14565.0,5,1,5,97055.04,0.4,96,3
17722.0,5,1,5,60995.66,0.4,97,3
12669.0,5,1,5,72551.12,0.4,151,3
16398.0,5,1,5,53449.9,0.4,155,3
15146.0,5,1,5,63696.22,0.4,165,3
13659.0,5,1,5,68389.55,0.4,206,3
12625.0,5,1,5,87309.18,0.4,212,3
12585.0,5,1,5,70915.0,0.4,235,3
14290.0,5,1,5,51024.74,0.42,12,3
12557.0,5,1,5,95011.08,0.42,17,3
14506.0,5,1,5,145352.03,0.42,18,3
15426.0,5,1,5,86272.4,0.42,20,3
14684.0,5,1,5,114471.9,0.42,26,3
17838.0,5,1,5,62134.48,0.42,27,3
16726.0,5,1,5,79794.15,0.42,27,3
17059.0,5,1,5,308746.82,0.42,30,3
13523.0,5,1,5,92405.3,0.42,34,3
15998.0,5,1,5,311861.7,0.42,37,3
17768.0,5,1,5,77701.51,0.43,9,3
14277.0,5,1,5,283375.39,0.43,16,3
16369.0,5,1,5,61327.97,0.43,19,3
17974.0,5,1,5,58519.08,0.43,25,3
14535.0,5,1,5,304545.32,0.43,61,3
15834.0,5,1,5,166032.47,0.43,71,3
17282.0,5,1,5,60961.05,0.43,131,3
14446.0,5,1,5,80652.24,0.44,1,3
15237.0,5,1,5,59886.14,0.44,2,3
13196.0,5,1,5,80615.47,0.44,12,3
12937.0,5,1,5,55942.04,0.44,16,3
17700.0,5,1,5,88302.38,0.44,17,3
17625.0,5,1,5,164782.88,0.44,19,3
12597.0,5,1,5,206606.85,0.44,20,3
17088.0,5,1,5,53602.9,0.44,29,3
13316.0,5,1,5,135778.9,0.44,38,3
14842.0,5,1,5,140796.72,0.44,44,3
17571.0,5,1,5,159434.34,0.44,51,3
12633.0,5,1,5,55879.93,0.44,59,3
12836.0,5,1,5,76807.89,0.44,60,3
15228.0,5,1,5,107195.09,0.44,67,3
15673.0,5,1,5,93130.12,0.44,89,3
15641.0,5,1,5,58602.05,0.44,106,3
13869.0,5,1,5,295136.54,0.44,124,3
12451.0,5,1,5,722818.03,0.45,11,3
17463.0,5,1,5,96014.73,0.45,17,3
15179.0,5,1,5,68208.69,0.45,19,3
13451.0,5,1,5,251504.31,0.45,27,3
18069.0,5,1,5,198383.09,0.45,27,3
16771.0,5,1,5,112470.09,0.45,34,3
13634.0,5,1,5,57806.78,0.45,34,3
16409.0,5,1,5,93319.54,0.45,37,3
14498.0,5,1,5,88306.31,0.45,43,3
16081.0,5,1,5,172853.56,0.45,57,3
17744.0,5,1,5,63669.88,0.46,4,3
16873.0,5,1,5,318226.36,0.46,5,3
18097.0,5,1,5,54421.24,0.46,8,3
14766.0,5,1,5,60914.96,0.46,9,3
17673.0,5,1,5,69228.17,0.5,2,3
17602.0,5,1,5,530309.39,0.5,3,3
14649.0,5,1,5,70762.1,0.5,5,3
12700.0,5,1,5,281527.13,0.5,8,3
12714.0,5,1,5,221286.79,0.5,10,3
14723.0,5,1,5,54887.57,0.5,11,3
13198.0,5,1,5,141925.14,0.5,11,3
16327.0,5,1,5,193889.87,0.5,15,3
17348.0,5,1,5,51260.25,0.5,15,3
13448.0,5,1,5,143847.36,0.5,17,3
17759.0,5,1,5,49958.2,0.5,18,3
15093.0,5,1,5,64864.11,0.5,19,3
16279.0,5,1,5,54497.78,0.5,22,3
17159.0,5,1,5,50126.76,0.5,22,3
15494.0,5,1,5,98364.93,0.5,22,3
15811.0,5,1,5,50766.56,0.5,23,3
12753.0,5,1,5,794789.7,0.5,23,3
16717.0,5,1,5,203553.04,0.5,24,3
14626.0,5,1,5,68272.16,0.5,24,3
13735.0,5,1,5,93572.25,0.5,25,3
12865.0,5,1,5,64839.52,0.5,27,3
17015.0,5,1,5,141386.68,0.5,29,3
12721.0,5,1,5,56648.83,0.5,32,3
16053.0,5,1,5,67693.82,0.5,33,3
17609.0,5,1,5,66536.55,0.5,41,3
17272.0,5,1,5,74547.78,0.5,43,3
18287.0,5,1,5,58738.04,0.5,43,3
16728.0,5,1,5,68833.93,0.5,47,3
15819.0,5,1,5,59605.08,0.5,50,3
17092.0,5,1,5,66493.44,0.5,51,3
12360.0,5,1,5,82183.76,0.5,53,3
15367.0,5,1,5,53518.45,0.5,58,3
12613.0,5,1,5,169464.21,0.5,58,3
16395.0,5,1,5,64818.34,0.5,61,3
13224.0,5,1,5,103295.01,0.5,61,3
14257.0,5,1,5,82477.0,0.5,65,3
15416.0,5,1,5,154411.29,0.5,65,3
16875.0,5,1,5,60733.68,0.5,68,3
14930.0,5,1,5,81976.19,0.5,109,3
17585.0,5,1,5,57857.52,0.5,110,3
16951.0,5,1,5,68846.92,0.5,135,3
13802.0,5,1,5,77474.64,0.5,139,3
17787.0,5,1,5,61644.5,0.5,153,3
14016.0,5,1,5,124114.24,0.5,162,3
12356.0,5,1,5,54613.48,0.5,246,3
12433.0,5,1,5,892967.84,0.54,1,3
12347.0,5,1,5,122083.23,0.54,3,3
17449.0,5,1,5,106644.55,0.54,3,3
14907.0,5,1,5,89350.73,0.54,4,3
12766.0,5,1,5,296885.38,0.54,4,3
16905.0,5,1,5,102169.28,0.54,6,3
18245.0,5,1,5,79066.97,0.54,8,3
12388.0,5,1,5,59905.9,0.55,16,3
16655.0,5,1,5,166568.25,0.55,18,3
14595.0,5,1,5,74114.47,0.55,20,3
14639.0,5,1,5,84516.76,0.55,53,3
14841.0,5,1,5,68083.16,0.55,54,3
17863.0,5,1,5,83222.92,0.55,60,3
13317.0,5,1,5,68215.11,0.55,67,3
14719.0,5,1,5,69772.45,0.56,2,3
14546.0,5,1,5,207806.5,0.56,6,3
13883.0,5,1,5,79727.58,0.56,11,3
14903.0,5,1,5,172671.2,0.56,22,3
15493.0,5,1,5,89977.24,0.56,33,3
12408.0,5,1,5,55350.49,0.56,33,3
17667.0,5,1,5,57735.48,0.56,67,3
14978.0,5,1,5,77961.36,0.56,73,3
13901.0,5,1,5,127992.47,0.56,73,3
16735.0,5,1,5,69615.5,0.56,79,3
13141.0,5,1,5,76307.16,0.56,85,3
16550.0,5,1,5,93435.37,0.56,109,3
17085.0,5,1,5,56301.99,0.56,124,3
17400.0,5,1,5,114134.88,0.56,127,3
16358.0,5,1,5,53914.4,0.57,2,3
13510.0,5,1,5,51712.72,0.57,2,3
12615.0,5,1,5,53031.5,0.57,3,3
14591.0,5,1,5,64582.49,0.57,16,3
16341.0,5,1,5,51210.14,0.57,25,3
18079.0,5,1,5,124054.54,0.57,46,3
17589.0,5,1,5,145093.22,0.57,61,3
14844.0,5,1,5,98419.16,0.57,64,3
13771.0,5,1,5,85270.0,0.57,65,3
15674.0,5,1,5,68698.77,0.57,74,3
13908.0,5,1,5,74604.38,0.57,80,3
12916.0,5,1,5,60777.5,0.57,139,3
14653.0,5,1,5,63560.57,0.58,2,3
15443.0,5,1,5,166347.52,0.58,2,3
14572.0,5,1,5,117066.25,0.58,4,3
17288.0,5,1,5,52220.57,0.58,10,3
13758.0,5,1,5,59475.74,0.58,12,3
15351.0,5,1,5,70760.64,0.58,13,3
17685.0,5,1,5,101146.93,0.58,17,3
15727.0,5,1,5,206754.29,0.58,17,3
17596.0,5,1,5,109031.65,0.58,24,3
12867.0,5,1,5,331674.51,0.58,27,3
17191.0,5,1,5,78897.1,0.58,29,3
12726.0,5,1,5,50763.86,0.58,29,3
16743.0,5,1,5,67052.35,0.58,30,3
12472.0,5,1,5,321075.1,0.58,33,3
14422.0,5,1,5,179021.81,0.6,1,3
18210.0,5,1,5,81255.99,0.6,2,3
14418.0,5,1,5,90100.74,0.6,4,3
17426.0,5,1,5,278601.61,0.6,9,3
15755.0,5,1,5,51645.01,0.6,11,3
15382.0,5,1,5,430315.02,0.6,15,3
16464.0,5,1,5,91626.6,0.6,20,3
12477.0,5,1,5,571413.42,0.6,23,3
15506.0,5,1,5,55290.79,0.6,23,3
15051.0,5,1,5,73562.07,0.6,24,3
14530.0,5,1,5,80450.68,0.6,26,3
13381.0,5,1,5,83520.23,0.6,32,3
16497.0,5,1,5,85641.96,0.6,50,3
15296.0,5,1,5,131087.15,0.6,51,3
12473.0,5,1,5,180818.81,0.6,54,3
13517.0,5,1,5,108372.35,0.6,60,3
17284.0,5,1,5,123948.6,0.6,61,3
18235.0,5,1,5,67795.02,0.6,72,3
18204.0,5,1,5,115063.24,0.6,72,3
14038.0,5,1,5,52433.32,0.6,79,3
14307.0,5,1,5,102737.15,0.6,89,3
13722.0,5,1,5,72092.24,0.6,132,3
15245.0,5,1,5,84893.76,0.6,135,3
14461.0,5,1,5,109822.39,0.6,149,3
16889.0,5,1,5,55456.74,0.6,195,3
15750.0,5,1,5,109561.34,0.62,3,3
14769.0,5,1,5,2480490.21,0.62,3,3
16016.0,5,1,5,49996.06,0.62,4,3
17567.0,5,1,5,90854.4,0.62,8,3
14299.0,5,1,5,61318.46,0.62,9,3
12749.0,5,1,5,133472.36,0.63,4,3
16283.0,5,1,5,71602.39,0.63,6,3
14583.0,5,1,5,67923.71,0.63,6,3
16440.0,5,1,5,227873.2,0.63,8,3
12656.0,5,1,5,69123.0,0.63,18,3
13632.0,5,1,5,63991.61,0.63,25,3
16628.0,5,1,5,52699.65,0.63,30,3
14232.0,5,1,5,54193.73,0.63,43,3
13481.0,5,1,5,52135.38,0.63,46,3
12455.0,5,1,5,73465.04,0.63,74,3
17126.0,5,1,5,64375.35,0.63,153,3
17686.0,5,1,5,227305.7,0.64,8,3
12727.0,5,1,5,78031.02,0.64,11,3
14329.0,5,1,5,232901.16,0.64,18,3
15365.0,5,1,5,51117.02,0.64,26,3
16791.0,5,1,5,93068.5,0.64,30,3
13527.0,5,1,5,78732.3,0.64,34,3
15752.0,5,1,5,160061.76,0.64,40,3
15708.0,5,1,5,111364.14,0.64,41,3
17213.0,5,1,5,59343.11,0.64,41,3
16686.0,5,1,5,238744.47,0.64,48,3
16477.0,5,1,5,55363.41,0.64,64,3
16316.0,5,1,5,55056.12,0.64,65,3
16556.0,5,1,5,90401.11,0.64,67,3
18272.0,5,1,5,90669.31,0.67,3,3
17861.0,5,1,5,76672.45,0.67,4,3
13507.0,5,1,5,109511.4,0.67,4,3
14629.0,5,1,5,50168.85,0.67,5,3
17321.0,5,1,5,52928.04,0.67,9,3
14388.0,5,1,5,66958.98,0.67,11,3
13115.0,5,1,5,91596.24,0.67,12,3
17228.0,5,1,5,55647.02,0.67,16,3
12705.0,5,1,5,273699.13,0.67,16,3
15034.0,5,1,5,237522.36,0.67,16,3
16255.0,5,1,5,80922.15,0.67,17,3
16653.0,5,1,5,56160.18,0.67,17,3
14505.0,5,1,5,601914.97,0.67,18,3
17338.0,5,1,5,656968.67,0.67,18,3
14030.0,5,1,5,62988.41,0.67,19,3
13988.0,5,1,5,151085.53,0.67,20,3
12380.0,5,1,5,53842.1,0.67,22,3
16871.0,5,1,5,66540.14,0.67,23,3
12449.0,5,1,5,117026.31,0.67,23,3
16240.0,5,1,5,185767.92,0.67,25,3
17211.0,5,1,5,60377.95,0.67,27,3
12517.0,5,1,5,179289.95,0.67,29,3
13895.0,5,1,5,78287.51,0.67,29,3
13209.0,5,1,5,374891.55,0.67,31,3
13975.0,5,1,5,185351.3,0.67,32,3
17107.0,5,1,5,871719.59,0.67,34,3
12779.0,5,1,5,70832.6,0.67,38,3
13327.0,5,1,5,59209.72,0.67,39,3
16007.0,5,1,5,186811.28,0.67,48,3
13505.0,5,1,5,194751.34,0.67,73,3
16370.0,5,1,5,58719.19,0.67,83,3
13134.0,5,1,5,61249.64,0.67,86,3
12635.0,5,1,5,70016.2,0.67,90,3
17337.0,5,1,5,336501.38,0.67,152,3
15665.0,5,1,5,137507.1,0.67,169,3
14245.0,5,1,5,84971.3,0.67,220,3
14081.0,5,1,5,56472.65,0.67,303,3
14395.0,5,1,5,136503.02,0.69,3,3
17091.0,5,1,5,105110.95,0.69,3,3
15628.0,5,1,5,51125.94,0.69,5,3
15021.0,5,1,5,95974.38,0.69,9,3
15572.0,5,1,5,73337.54,0.7,5,3
16242.0,5,1,5,173791.79,0.7,9,3
12598.0,5,1,5,52401.59,0.7,10,3
16057.0,5,1,5,52213.89,0.7,17,3
13804.0,5,1,5,59838.3,0.7,31,3
14005.0,5,1,5,57880.0,0.71,10,3
13658.0,5,1,5,56878.3,0.71,10,3
16131.0,5,1,5,56069.7,0.71,52,3
13015.0,5,1,5,144466.31,0.71,54,3
14235.0,5,1,5,54007.17,0.71,76,3
12520.0,5,1,5,74856.15,0.71,80,3
12957.0,5,1,5,139830.61,0.73,10,3
12524.0,5,1,5,74533.79,0.73,10,3
17365.0,5,1,5,321906.61,0.73,13,3
15845.0,5,1,5,62356.09,0.73,18,3
17314.0,5,1,5,60494.35,0.73,25,3
15696.0,5,1,5,60591.1,0.73,34,3
18116.0,5,1,5,76288.83,0.73,68,3
17728.0,5,1,5,199721.95,0.75,4,3
14250.0,5,1,5,99201.06,0.75,8,3
14659.0,5,1,5,79566.33,0.75,9,3
15544.0,5,1,5,105050.92,0.75,10,3
16265.0,5,1,5,136997.52,0.75,10,3
14390.0,5,1,5,167817.77,0.75,11,3
14961.0,5,1,5,246430.9,0.75,11,3
15502.0,5,1,5,265890.1,0.75,16,3
16633.0,5,1,5,59619.28,0.75,18,3
14525.0,5,1,5,154091.18,0.75,20,3
17160.0,5,1,5,134631.31,0.75,32,3
14387.0,5,1,5,78211.86,0.75,33,3
13654.0,5,1,5,82575.84,0.75,44,3
14315.0,5,1,5,53057.03,0.75,45,3
16652.0,5,1,5,151390.7,0.75,59,3
12409.0,5,1,5,494628.67,0.75,79,3
17050.0,5,1,5,163437.06,0.75,97,3
15749.0,5,1,5,168837.2,0.75,236,3
14669.0,5,1,5,61440.63,0.75,242,3
15032.0,5,1,5,127826.6,0.75,257,3
13426.0,5,1,5,56117.88,0.77,1,3
17530.0,5,1,5,110742.06,0.77,2,3
15984.0,5,1,5,119884.85,0.77,3,3
18055.0,5,1,5,241729.26,0.77,8,3
14408.0,5,1,5,51557.76,0.78,11,3
15861.0,5,1,5,248869.53,0.78,13,3
13139.0,5,1,5,179843.64,0.78,17,3
14112.0,5,1,5,91049.52,0.78,23,3
17416.0,5,1,5,347425.36,0.78,30,3
17164.0,5,1,5,71727.92,0.78,33,3
15974.0,5,1,5,81660.93,0.78,40,3
14004.0,5,1,5,94057.4,0.78,44,3
15874.0,5,1,5,117900.16,0.78,64,3
14730.0,5,1,5,126950.13,0.8,2,3
15701.0,5,1,5,107092.3,0.8,3,3
14071.0,5,1,5,54879.27,0.8,4,3
16201.0,5,1,5,50754.48,0.8,4,3
16115.0,5,1,5,58249.4,0.8,10,3
13137.0,5,1,5,341405.6,0.8,11,3
13971.0,5,1,5,50315.92,0.8,19,3
12432.0,5,1,5,167414.32,0.8,43,3
14341.0,5,1,5,50283.15,0.8,46,3
12939.0,5,1,5,91864.32,0.8,65,3
15518.0,5,1,5,63958.84,0.8,65,3
12637.0,5,1,5,317500.41,0.8,68,3
18242.0,5,1,5,59122.78,0.8,73,3
13555.0,5,1,5,143334.37,0.8,74,3
14258.0,5,1,5,176858.14,0.82,10,3
14701.0,5,1,5,96313.37,0.82,11,3
14587.0,5,1,5,63799.94,0.82,19,3
14502.0,5,1,5,163566.22,0.82,20,3
12626.0,5,1,5,218322.85,0.82,24,3
14426.0,5,1,5,119294.81,0.82,24,3
17634.0,5,1,5,74247.96,0.82,37,3
12594.0,5,1,5,56947.9,0.82,38,3
12678.0,5,1,5,666896.41,0.82,43,3
16019.0,5,1,5,69079.52,0.82,47,3
13842.0,5,1,5,64785.94,0.82,59,3
15033.0,5,1,5,136653.38,0.83,5,3
12490.0,5,1,5,128652.53,0.83,6,3
14493.0,5,1,5,53443.45,0.83,8,3
12553.0,5,1,5,67847.78,0.83,9,3
14963.0,5,1,5,55016.68,0.83,10,3
17231.0,5,1,5,152946.69,0.83,13,3
12476.0,5,1,5,150945.27,0.83,16,3
16985.0,5,1,5,71831.54,0.83,18,3
16710.0,5,1,5,107058.69,0.83,20,3
12444.0,5,1,5,119518.35,0.83,22,3
12567.0,5,1,5,381722.78,0.83,23,3
12481.0,5,1,5,108272.16,0.83,23,3
17799.0,5,1,5,146027.47,0.83,23,3
13047.0,5,1,5,65233.12,0.83,32,3
15356.0,5,1,5,145467.08,0.83,32,3
13097.0,5,1,5,187027.88,0.83,33,3
13324.0,5,1,5,52634.15,0.83,37,3
16258.0,5,1,5,134686.78,0.83,46,3
13136.0,5,1,5,70399.89,0.83,57,3
12662.0,5,1,5,75935.73,0.85,1,3
17001.0,5,1,5,52643.95,0.85,1,3
18092.0,5,1,5,73444.7,0.85,3,3
15023.0,5,1,5,357283.52,0.85,4,3
17954.0,5,1,5,112347.64,0.85,6,3
17858.0,5,1,5,52332.83,0.85,6,3
18077.0,5,1,5,56768.36,0.85,9,3
16145.0,5,1,5,74759.78,0.85,9,3
14503.0,5,1,5,94681.93,0.86,4,3
14852.0,5,1,5,68025.3,0.86,59,3
15764.0,5,1,5,183473.32,0.86,89,3
18260.0,5,1,5,54997.41,0.86,173,3
12562.0,5,1,5,69511.63,0.88,9,3
16609.0,5,1,5,235187.28,0.88,16,3
15521.0,5,1,5,63955.53,0.88,41,3
13340.0,5,1,5,310022.42,0.88,46,3
14868.0,5,1,5,53424.04,0.89,4,3
14262.0,5,1,5,51919.54,0.89,9,3
15632.0,5,1,5,76844.04,0.89,16,3
12428.0,5,1,5,381794.34,0.89,26,3
14936.0,5,1,5,383440.61,0.89,34,3
14472.0,5,1,5,65776.56,0.89,104,3
17049.0,5,1,5,223023.92,0.9,3,3
14292.0,5,1,5,54983.61,0.9,8,3
14221.0,5,1,5,79999.22,0.9,43,3
15281.0,5,1,5,52817.59,0.9,59,3
12362.0,5,1,5,111543.7,0.91,4,3
16549.0,5,1,5,478275.36,0.91,11,3
17769.0,5,1,5,141088.98,0.91,13,3
13700.0,5,1,5,55467.36,0.91,27,3
17364.0,5,1,5,175958.07,0.92,1,3
17870.0,5,1,5,54547.88,0.92,3,3
15298.0,5,1,5,74111.36,0.92,3,3
18225.0,5,1,5,129534.91,0.92,4,3
15570.0,5,1,5,115307.27,0.92,8,3
14713.0,5,1,5,83081.61,0.92,10,3
14866.0,5,1,5,231582.28,0.92,11,3
13081.0,5,1,5,3742499.51,0.92,12,3
15514.0,5,1,5,92771.79,0.92,13,3
15482.0,5,1,5,88923.36,0.92,16,3
16670.0,5,1,5,117909.54,0.92,17,3
14099.0,5,1,5,68646.24,0.92,17,3
14159.0,5,1,5,580349.02,0.92,20,3
15529.0,5,1,5,305641.51,0.92,23,3
13178.0,5,1,5,152589.21,0.92,27,3
17340.0,5,1,5,780860.63,0.92,30,3
13148.0,5,1,5,88880.88,0.92,30,3
12985.0,5,1,5,50867.76,1.0,1,3
13013.0,5,1,5,84206.27,1.0,2,3
14415.0,5,1,5,340806.85,1.0,2,3
16401.0,5,1,5,70816.22,1.0,2,3
15453.0,5,1,5,55132.83,1.0,2,3
15484.0,5,1,5,215025.36,1.0,2,3
16393.0,5,1,5,85169.36,1.0,3,3
16191.0,5,1,5,67177.18,1.0,3,3
16426.0,5,1,5,71048.72,1.0,3,3
17590.0,5,1,5,112630.18,1.0,3,3
13994.0,5,1,5,85285.41,1.0,4,3
17404.0,5,1,5,664089.64,1.0,5,3
14401.0,5,1,5,57071.02,1.0,5,3
12381.0,5,1,5,54633.78,1.0,5,3
16379.0,5,1,5,61467.12,1.0,5,3
13435.0,5,1,5,54873.79,1.0,6,3
13596.0,5,1,5,56496.37,1.0,6,3
15547.0,5,1,5,242426.37,1.0,8,3
12762.0,5,1,5,69067.51,1.0,8,3
13090.0,5,1,5,65400.69,1.0,9,3
16700.0,5,1,5,121061.87,1.0,9,3
16701.0,5,1,5,73904.15,1.0,9,3
14178.0,5,1,5,75213.8,1.0,9,3
18122.0,5,1,5,122595.82,1.0,9,3
15531.0,5,1,5,264385.36,1.0,9,3
17566.0,5,1,5,59973.6,1.0,9,3
16376.0,5,1,5,87312.75,1.0,9,3
14062.0,5,1,5,114839.5,1.0,10,3
14755.0,5,1,5,87961.84,1.0,10,3
15444.0,5,1,5,159040.64,1.0,10,3
13999.0,5,1,5,62706.62,1.0,11,3
15218.0,5,1,5,88498.56,1.0,11,3
14125.0,5,1,5,154199.08,1.0,11,3
17419.0,5,1,5,62756.92,1.0,12,3
16800.0,5,1,5,141457.94,1.0,12,3
16570.0,5,1,5,56405.67,1.0,16,3
13588.0,5,1,5,63090.36,1.0,16,3
17727.0,5,1,5,59343.85,1.0,16,3
14733.0,5,1,5,172380.85,1.0,17,3
13644.0,5,1,5,83145.71,1.0,17,3
14675.0,5,1,5,55939.95,1.0,17,3
17659.0,5,1,5,50802.26,1.0,18,3
12349.0,5,1,5,84951.9,1.0,19,3
17758.0,5,1,5,222528.45,1.0,20,3
16186.0,5,1,5,90125.13,1.0,23,3
12847.0,5,1,5,79310.14,1.0,23,3
12731.0,5,1,5,427396.66,1.0,24,3
16669.0,5,1,5,90463.9,1.0,24,3
15720.0,5,1,5,59523.39,1.0,25,3
15050.0,5,1,5,79397.48,1.0,26,3
14227.0,5,1,5,92422.43,1.0,27,3
14382.0,5,1,5,79315.6,1.0,27,3
16767.0,5,1,5,154723.08,1.0,31,3
15114.0,5,1,5,61475.12,1.0,31,3
12949.0,5,1,5,176053.24,1.0,31,3
17313.0,5,1,5,55892.16,1.0,32,3
12357.0,5,1,5,619078.59,1.0,34,3
18022.0,5,1,5,120726.08,1.0,36,3
12830.0,5,1,5,60575.92,1.0,38,3
13186.0,5,1,5,57065.9,1.0,40,3
14810.0,5,1,5,49818.83,1.0,41,3
13566.0,5,1,5,82666.15,1.0,41,3
13607.0,5,1,5,57702.84,1.0,41,3
12398.0,5,1,5,120595.44,1.0,46,3
15786.0,5,1,5,575824.84,1.0,47,3
15006.0,5,1,5,63936.6,1.0,52,3
12611.0,5,1,5,66149.62,1.0,53,3
14952.0,5,1,5,103481.54,1.0,60,3
12371.0,5,1,5,86469.6,1.0,60,3
12536.0,5,1,5,943304.13,1.0,60,3
12607.0,5,1,5,156256.0,1.0,61,3
16380.0,5,1,5,56978.88,1.0,62,3
13422.0,5,1,5,297753.2,1.0,65,3
13635.0,5,1,5,63874.93,1.0,68,3
16101.0,5,1,5,95865.0,1.0,71,3
14305.0,5,1,5,94777.67,1.0,72,3
15978.0,5,1,5,50831.04,1.0,78,3
14854.0,5,1,5,61572.17,1.0,79,3
12752.0,5,1,5,201897.78,1.0,82,3
17037.0,5,1,5,82762.4,1.0,88,3
18251.0,5,1,5,69035.52,1.0,88,3
16984.0,5,1,5,840932.38,1.0,89,3
12965.0,5,1,5,64771.74,1.0,90,3
15491.0,5,1,5,73374.85,1.0,96,3
16340.0,5,1,5,74118.0,1.0,108,3
12688.0,5,1,5,642871.8,1.0,114,3
12378.0,5,1,5,789438.98,1.0,130,3
13850.0,5,1,5,134459.42,1.0,130,3
12534.0,5,1,5,50867.74,1.0,131,3
15372.0,5,1,5,54199.8,1.0,138,3
12840.0,5,1,5,82489.9,1.0,144,3
15004.0,5,1,5,138885.42,1.0,148,3
12405.0,5,1,5,69175.89,1.0,149,3
17444.0,5,1,5,134657.19,1.0,152,3
14459.0,5,1,5,51107.76,1.0,156,3
15644.0,5,1,5,66353.3,1.0,167,3
15379.0,5,1,5,129824.82,1.0,170,3
15069.0,5,1,5,60544.86,1.0,180,3
12590.0,5,1,5,625864.42,1.0,212,3
13235.0,5,1,5,52985.52,1.0,213,3
17597.0,5,1,5,86221.0,1.0,214,3
13952.0,5,1,5,171456.09,1.0,218,3
14105.0,5,1,5,77137.84,1.0,240,3
16980.0,5,1,5,58202.12,1.0,256,3
13501.0,5,1,5,58344.96,1.0,289,3
12377.0,5,1,5,58646.16,1.0,316,3
16714.0,5,1,5,79792.2,1.0,318,3
16222.0,5,1,5,88715.0,1.0,319,3
12346.0,5,1,5,77183.6,1.0,326,3
17406.0,5,1,5,74964.56,1.0,334,3
12501.0,5,1,5,271481.28,1.0,337,3
15464.0,5,1,5,109780.2,1.0,339,3
13756.0,5,1,5,53015.87,1.08,3,3
12839.0,5,1,5,128732.41,1.08,3,3
17730.0,5,1,5,91296.32,1.08,4,3
13709.0,5,1,5,176615.2,1.08,4,3
12683.0,5,1,5,189269.12,1.08,5,3
13230.0,5,1,5,138097.69,1.08,5,3
18223.0,5,1,5,160460.96,1.08,5,3
13001.0,5,1,5,366089.34,1.08,5,3
13458.0,5,1,5,295258.98,1.08,8,3
14092.0,5,1,5,70081.48,1.08,8,3
16241.0,5,1,5,154756.12,1.08,10,3
17975.0,5,1,5,98595.61,1.08,16,3
14709.0,5,1,5,79708.23,1.08,16,3
16722.0,5,1,5,81442.85,1.08,18,3
13488.0,5,1,5,278712.82,1.08,18,3
13742.0,5,1,5,81993.01,1.09,17,3
14800.0,5,1,5,167168.94,1.09,48,3
15301.0,5,1,5,109822.81,1.09,51,3
14291.0,5,1,5,116615.73,1.1,2,3
12955.0,5,1,5,100567.74,1.1,2,3
17644.0,5,1,5,56558.44,1.1,2,3
18226.0,5,1,5,112660.66,1.1,45,3
15150.0,5,1,5,275476.62,1.11,18,3
16712.0,5,1,5,143146.57,1.11,19,3
16942.0,5,1,5,61122.85,1.13,13,3
16837.0,5,1,5,55462.24,1.13,32,3
15622.0,5,1,5,140421.84,1.13,44,3
12757.0,5,1,5,362472.45,1.14,16,3
14135.0,5,1,5,51456.37,1.15,2,3
13269.0,5,1,5,129861.16,1.15,2,3
12583.0,5,1,5,107430.13,1.15,3,3
14189.0,5,1,5,76056.42,1.15,3,3
17346.0,5,1,5,76498.88,1.15,4,3
15194.0,5,1,5,174136.78,1.15,4,3
15640.0,5,1,5,381800.69,1.15,5,3
16904.0,5,1,5,191529.5,1.15,5,3
15867.0,5,1,5,112524.16,1.15,6,3
15271.0,5,1,5,56169.18,1.15,8,3
17611.0,5,1,5,180706.53,1.15,8,3
16326.0,5,1,5,71941.31,1.17,6,3
16474.0,5,1,5,134167.89,1.17,8,3
15601.0,5,1,5,206202.0,1.17,12,3
13437.0,5,1,5,90600.45,1.17,15,3
14704.0,5,1,5,128052.25,1.17,20,3
15955.0,5,1,5,80577.06,1.17,25,3
17220.0,5,1,5,122826.51,1.17,25,3
13384.0,5,1,5,110172.92,1.17,31,3
17965.0,5,1,5,75630.85,1.17,38,3
14088.0,5,1,5,2723180.46,1.18,11,3
15719.0,5,1,5,378703.93,1.18,33,3
14110.0,5,1,5,99948.51,1.2,4,3
12627.0,5,1,5,156738.1,1.2,11,3
17139.0,5,1,5,537257.03,1.2,16,3
14944.0,5,1,5,98445.78,1.2,30,3
14040.0,5,1,5,93188.36,1.2,41,3
14711.0,5,1,5,68528.01,1.22,11,3
17725.0,5,1,5,52854.23,1.22,17,3
13268.0,5,1,5,171492.91,1.22,18,3
17716.0,5,1,5,161302.95,1.22,23,3
17131.0,5,1,5,77893.31,1.25,6,3
16813.0,5,1,5,79942.35,1.25,9,3
12709.0,5,1,5,121984.84,1.25,16,3
16713.0,5,1,5,249789.91,1.25,19,3
12931.0,5,1,5,701936.32,1.25,22,3
17690.0,5,1,5,71876.7,1.25,31,3
12431.0,5,1,5,95651.16,1.25,36,3
15505.0,5,1,5,76012.56,1.25,53,3
13871.0,5,1,5,137339.4,1.3,23,3
16210.0,5,1,5,138249.79,1.31,2,3
14796.0,5,1,5,514861.14,1.31,2,3
14702.0,5,1,5,61299.18,1.31,2,3
17238.0,5,1,5,129643.23,1.31,3,3
17920.0,5,1,5,176401.95,1.31,5,3
17706.0,5,1,5,348043.84,1.31,5,3
13471.0,5,1,5,194909.0,1.33,2,3
18283.0,5,1,5,124396.42,1.33,4,3
14121.0,5,1,5,122122.84,1.33,4,3
13297.0,5,1,5,56354.44,1.33,8,3
13266.0,5,1,5,58587.96,1.33,12,3
15555.0,5,1,5,282894.96,1.33,13,3
13571.0,5,1,5,62591.13,1.33,13,3
15738.0,5,1,5,54674.43,1.33,19,3
14680.0,5,1,5,534909.37,1.33,26,3
17652.0,5,1,5,113489.85,1.33,26,3
14360.0,5,1,5,81901.78,1.33,32,3
15704.0,5,1,5,73643.86,1.33,141,3
15808.0,5,1,5,155953.57,1.33,307,3
15046.0,5,1,5,76624.15,1.36,10,3
14085.0,5,1,5,120267.48,1.38,3,3
15290.0,5,1,5,99486.87,1.38,5,3
16746.0,5,1,5,163708.46,1.38,5,3
13969.0,5,1,5,410440.4,1.38,8,3
15251.0,5,1,5,158237.76,1.38,10,3
16919.0,5,1,5,80455.82,1.38,157,3
17613.0,5,1,5,121993.65,1.4,23,3
14808.0,5,1,5,82966.06,1.4,40,3
15144.0,5,1,5,102198.04,1.42,9,3
13050.0,5,1,5,140394.22,1.42,15,3
15044.0,5,1,5,218625.48,1.42,20,3
12540.0,5,1,5,270977.05,1.42,20,3
15805.0,5,1,5,182503.88,1.42,24,3
14057.0,5,1,5,130507.42,1.42,24,3
14607.0,5,1,5,125243.54,1.44,16,3
15249.0,5,1,5,202733.12,1.44,32,3
16592.0,5,1,5,103369.79,1.45,5,3
16161.0,5,1,5,119303.13,1.46,2,3
17735.0,5,1,5,480840.46,1.46,3,3
13267.0,5,1,5,52003.68,1.46,3,3
14060.0,5,1,5,73498.24,1.46,5,3
14031.0,5,1,5,188583.1,1.46,8,3
17576.0,5,1,5,71206.12,1.46,9,3
13521.0,5,1,5,151049.79,1.5,2,3
14534.0,5,1,5,123415.4,1.5,3,3
13949.0,5,1,5,69936.58,1.5,3,3
13985.0,5,1,5,188566.24,1.5,5,3
16360.0,5,1,5,404285.23,1.5,5,3
14456.0,5,1,5,419253.79,1.5,6,3
15113.0,5,1,5,192853.78,1.5,10,3
15089.0,5,1,5,78549.8,1.5,11,3
13418.0,5,1,5,119822.6,1.5,12,3
13004.0,5,1,5,135992.47,1.5,12,3
18096.0,5,1,5,63988.13,1.5,12,3
16900.0,5,1,5,49970.18,1.5,17,3
16533.0,5,1,5,66407.76,1.5,20,3
15787.0,5,1,5,59136.23,1.5,27,3
16187.0,5,1,5,169065.69,1.5,32,3
15427.0,5,1,5,143233.21,1.5,34,3
14971.0,5,1,5,68610.51,1.5,36,3
16049.0,5,1,5,130679.21,1.5,41,3
16558.0,5,1,5,203360.83,1.54,1,3
16705.0,5,1,5,319990.38,1.54,1,3
12621.0,5,1,5,282652.68,1.54,2,3
17017.0,5,1,5,146786.5,1.54,3,3
16033.0,5,1,5,574401.93,1.54,6,3
14132.0,5,1,5,63745.75,1.57,3,3
16818.0,5,1,5,77762.75,1.57,11,3
15838.0,5,1,5,607676.0,1.58,12,3
16923.0,5,1,5,267949.56,1.58,13,3
16945.0,5,1,5,67308.81,1.58,22,3
17865.0,5,1,5,201822.96,1.58,31,3
15513.0,5,1,5,304635.46,1.58,34,3
16626.0,5,1,5,54094.67,1.6,1,3
14367.0,5,1,5,349028.75,1.6,9,3
16843.0,5,1,5,405712.27,1.6,43,3
16180.0,5,1,5,219246.09,1.6,101,3
13599.0,5,1,5,80515.36,1.62,2,3
13668.0,5,1,5,140430.9,1.62,3,3
16931.0,5,1,5,201877.97,1.62,6,3
14688.0,5,1,5,100118.91,1.62,8,3
15804.0,5,1,5,84688.81,1.63,1,3
14191.0,5,1,5,103115.15,1.63,2,3
14562.0,5,1,5,106277.24,1.64,4,3
12474.0,5,1,5,195052.64,1.64,18,3
16523.0,5,1,5,149954.42,1.67,2,3
14251.0,5,1,5,62668.86,1.67,2,3
14698.0,5,1,5,54066.95,1.67,2,3
17651.0,5,1,5,120183.09,1.67,12,3
12906.0,5,1,5,56559.7,1.67,12,3
17813.0,5,1,5,213369.91,1.67,15,3
17377.0,5,1,5,83322.23,1.67,24,3
15125.0,5,1,5,193146.84,1.67,26,3
17719.0,5,1,5,69454.37,1.67,38,3
16779.0,5,1,5,162058.52,1.69,3,3
15358.0,5,1,5,264767.04,1.69,5,3
14895.0,5,1,5,434520.3,1.73,8,3
13536.0,5,1,5,86009.18,1.75,2,3
18041.0,5,1,5,97709.16,1.75,12,3
17068.0,5,1,5,72156.27,1.75,13,3
16814.0,5,1,5,95497.1,1.75,15,3
14051.0,5,1,5,131211.4,1.77,1,3
17857.0,5,1,5,92735.22,1.77,5,3
17504.0,5,1,5,55322.14,1.8,207,3
13881.0,5,1,5,170958.84,1.82,4,3
12415.0,5,1,5,9119035.62,1.82,25,3
12681.0,5,1,5,359464.2,1.83,15,3
17581.0,5,1,5,316718.08,1.85,1,3
13069.0,5,1,5,106503.85,1.85,1,3
13113.0,5,1,5,58552.06,1.85,1,3
13102.0,5,1,5,79681.67,1.85,2,3
18172.0,5,1,5,98893.3,1.9,15,3
14194.0,5,1,5,330867.36,1.91,5,3
12720.0,5,1,5,85876.36,1.92,3,3
13534.0,5,1,5,84226.26,1.92,3,3
12841.0,5,1,5,66877.34,1.92,5,3
15615.0,5,1,5,242128.46,1.92,11,3
17243.0,5,1,5,114422.3,2.0,2,3
18109.0,5,1,5,83905.09,2.0,2,3
17528.0,5,1,5,103900.97,2.0,2,3
16525.0,5,1,5,83881.12,2.0,3,3
15498.0,5,1,5,387068.99,2.0,3,3
16672.0,5,1,5,49984.92,2.0,3,3
16000.0,5,1,5,60462.4,2.0,3,3
13078.0,5,1,5,154211.99,2.0,4,3
16910.0,5,1,5,83241.22,2.0,5,3
13319.0,5,1,5,279454.73,2.0,6,3
15769.0,5,1,5,390047.52,2.0,8,3
16333.0,5,1,5,70657.36,2.0,8,3
12856.0,5,1,5,108572.19,2.0,8,3
14432.0,5,1,5,189004.31,2.0,10,3
14554.0,5,1,5,169528.36,2.0,11,3
13467.0,5,1,5,55110.36,2.0,11,3
17100.0,5,1,5,59276.77,2.0,19,3
14234.0,5,1,5,52874.22,2.0,23,3
12685.0,5,1,5,89235.18,2.0,29,3
17084.0,5,1,5,250627.05,2.0,36,3
14179.0,5,1,5,66955.38,2.0,41,3
15700.0,5,1,5,52158.36,2.0,173,3
13093.0,5,1,5,141325.67,2.0,276,3
17677.0,5,1,5,266250.09,2.08,2,3
12471.0,5,1,5,285615.33,2.08,3,3
15856.0,5,1,5,421954.16,2.08,5,3
14667.0,5,1,5,214449.98,2.08,11,3
14849.0,5,1,5,171652.54,2.08,22,3
14056.0,5,1,5,451965.89,2.09,2,3
16745.0,5,1,5,155080.12,2.13,87,3
17428.0,5,1,5,279410.9,2.15,1,3
15159.0,5,1,5,781398.3,2.15,2,3
16684.0,5,1,5,1289672.34,2.15,5,3
16764.0,5,1,5,146793.36,2.17,4,3
15152.0,5,1,5,89578.95,2.17,10,3
18118.0,5,1,5,275240.13,2.17,11,3
17381.0,5,1,5,104436.39,2.23,9,3
17757.0,5,1,5,124927.92,2.31,2,3
13098.0,5,1,5,639862.44,2.33,2,3
15993.0,5,1,5,256277.57,2.33,9,3
15005.0,5,1,5,240301.71,2.33,16,3
17675.0,5,1,5,474216.81,2.38,2,3
17511.0,5,1,5,3446318.64,2.38,3,3
12682.0,5,1,5,204690.91,2.38,4,3
15078.0,5,1,5,193607.96,2.46,8,3
13777.0,5,1,5,328689.05,2.54,1,3
17389.0,5,1,5,253448.82,2.58,1,3
16839.0,5,1,5,110648.11,2.62,9,3
16729.0,5,1,5,253887.7,2.63,39,3
14547.0,5,1,5,191775.13,2.67,4,3
16133.0,5,1,5,159388.73,2.75,4,3
17315.0,5,1,5,78665.88,2.77,2,3
12901.0,5,1,5,76905.83,2.8,9,3
13018.0,5,1,5,142080.11,2.8,17,3
13263.0,5,1,5,394474.92,2.83,2,3
13767.0,5,1,5,146748.68,2.85,3,3
13755.0,5,1,5,101895.49,3.0,4,3
15009.0,5,1,5,72392.72,3.0,13,3
17203.0,5,1,5,79424.36,3.0,36,3
12921.0,5,1,5,373792.26,3.08,10,3
17949.0,5,1,5,217429.14,3.17,2,3
17811.0,5,1,5,255023.53,3.25,5,3
14298.0,5,1,5,4285059.37,3.38,9,3
14096.0,5,1,5,16830944.5,3.4,5,3
15189.0,5,1,5,67083.7,3.42,2,3
17450.0,5,1,5,1855866.62,3.54,9,3
16013.0,5,1,5,134319.14,3.62,4,3
15061.0,5,1,5,565292.76,3.69,4,3
15039.0,5,1,5,678961.8,3.83,10,3
13694.0,5,1,5,1042908.55,3.85,4,3
14527.0,5,1,5,90968.56,4.15,3,3
16422.0,5,1,5,368217.0,4.25,18,3
14156.0,5,1,5,3218471.7,4.33,10,3
18102.0,5,1,5,1954076.77,4.38,1,3
13798.0,5,1,5,367877.25,4.38,2,3
13408.0,5,1,5,271967.06,4.69,2,3
16029.0,5,1,5,434629.17,5.17,39,3
14646.0,5,1,5,16349866.54,5.54,2,3
18139.0,5,1,5,258669.96,6.0,18,3
14606.0,5,1,5,303722.27,6.92,2,3
15311.0,5,1,5,2075694.29,7.0,1,3
13089.0,5,1,5,1731602.17,7.0,3,3
17509.0,5,1,5,297516.51,8.0,58,3
17841.0,5,1,5,2954547.17,9.54,2,3
14911.0,5,1,5,4356322.59,15.15,2,3
12748.0,5,1,5,1417821.13,15.69,1,3
17850.0,5,1,5,69018.88,34.0,373,3